{
  "exercise": {
    "f1_macro": 0.4476304283181162,
    "balanced_accuracy": 0.4990681026457251,
    "n": 252
  },
  "phase": {
    "f1_macro": 0.32230887580242984,
    "balanced_accuracy": 0.365057365057365,
    "n": 217
  },
  "fatigue": {
    "mae": 1.2161458333333333,
    "pearson_r": 0.12196260335800321,
    "n": 252
  },
  "reps": {
    "mae": 0.698125299762621,
    "n": 214
  },
  "val_total": 1.4298484325408936,
  "val_total_per_task": {
    "exercise": 1.1644597053527832,
    "phase": 0.3123527467250824,
    "fatigue": 1.2161458730697632,
    "reps": 0.31635475158691406
  }
}