{
  "exercise": {
    "f1_macro": 0.36559589260066117,
    "balanced_accuracy": 0.36158670198848775,
    "n": 304
  },
  "phase": {
    "f1_macro": 0.23849255661788948,
    "balanced_accuracy": 0.32727095895740127,
    "n": 229
  },
  "fatigue": {
    "mae": 1.253674958881579,
    "pearson_r": 0.253653218546803,
    "n": 304
  },
  "reps": {
    "mae": 0.42833213556992233,
    "n": 223
  },
  "val_total": 1.2067291736602783,
  "val_total_per_task": {
    "exercise": 1.30960214138031,
    "phase": 0.3307424062176755,
    "fatigue": 1.253674958881579,
    "reps": 0.1312097467874226
  }
}