{
  "exercise": {
    "f1_macro": 0.3833542922714533,
    "balanced_accuracy": 0.39517516561861044,
    "n": 755
  },
  "phase": {
    "f1_macro": 0.314261779573814,
    "balanced_accuracy": 0.3261547933895862,
    "n": 560
  },
  "fatigue": {
    "mae": 0.8465438741721855,
    "pearson_r": 0.4341989012009813,
    "n": 755
  },
  "reps": {
    "mae": 0.17107988605763266,
    "n": 554
  },
  "val_total": 0.9487540316897513,
  "val_total_per_task": {
    "exercise": 1.1549246437502223,
    "phase": 0.3967819660309924,
    "fatigue": 0.8465438720406286,
    "reps": 0.0318966874248342
  }
}