{
  "exercise": {
    "f1_macro": 0.24962969767254942,
    "balanced_accuracy": 0.3349119208494209,
    "n": 682
  },
  "phase": {
    "f1_macro": 0.27923547020927314,
    "balanced_accuracy": 0.3415733372629925,
    "n": 488
  },
  "fatigue": {
    "mae": 1.3795935667155426,
    "pearson_r": 0.2955902827840663,
    "n": 682
  },
  "reps": {
    "mae": 0.18335342077206032,
    "n": 482
  },
  "val_total": 0.8587356940392525,
  "val_total_per_task": {
    "exercise": 1.240995974135189,
    "phase": 0.35078442096710205,
    "fatigue": 1.3795935852436725,
    "reps": 0.029327617772469772
  }
}