{
  "exercise": {
    "f1_macro": 0.19215087483102655,
    "balanced_accuracy": 0.21993576443168575,
    "n": 557
  },
  "phase": {
    "f1_macro": 0.21319394947335077,
    "balanced_accuracy": 0.3330389144905274,
    "n": 477
  },
  "fatigue": {
    "mae": 1.0913375224416517,
    "pearson_r": -0.28318577676397216,
    "n": 557
  },
  "reps": {
    "mae": 0.23330872465182442,
    "n": 474
  },
  "val_total": 0.42319647884882544,
  "val_total_per_task": {
    "exercise": 1.6030930935587446,
    "phase": 0.40571918163308124,
    "fatigue": 1.0913375344267868,
    "reps": 0.04213716870230661
  }
}