{
  "lr": 0.0008022924978606568,
  "weight_decay": 6.274008857318827e-05,
  "batch_size": 128,
  "dropout": 0.377388199069685,
  "repr_dim": 64,
  "_patience": 50
}