{
  "exercise": {
    "f1_macro": 0.3887525562372188,
    "balanced_accuracy": 0.41560927788834634,
    "n": 626
  },
  "phase": {
    "f1_macro": 0.3317431609481621,
    "balanced_accuracy": 0.3638206627680312,
    "n": 533
  },
  "fatigue": {
    "mae": 1.072122104632588,
    "pearson_r": 0.3316506949144233,
    "n": 626
  },
  "reps": {
    "mae": 0.2445807150431791,
    "n": 531
  },
  "val_total": -0.0015956696610862073,
  "val_total_per_task": {
    "exercise": 1.2068911916531695,
    "phase": 0.27759649664068375,
    "fatigue": 1.072122100443124,
    "reps": 0.043222299571663805
  }
}