{
  "exercise": {
    "f1_macro": 0.6777698766538667,
    "balanced_accuracy": 0.6648003693804618,
    "n": 252
  },
  "phase": {
    "f1_macro": 0.328094483700891,
    "balanced_accuracy": 0.35046585046585044,
    "n": 217
  },
  "fatigue": {
    "mae": 1.2509300595238095,
    "pearson_r": 0.08755235883426851,
    "n": 252
  },
  "reps": {
    "mae": 0.5525430232356084,
    "n": 214
  },
  "val_total": 0.8095425963401794,
  "val_total_per_task": {
    "exercise": 0.7368726134300232,
    "phase": 0.2675647735595703,
    "fatigue": 1.2509301900863647,
    "reps": 0.20836913585662842
  }
}