{
  "lr": 0.0019901337925415296,
  "weight_decay": 0.0007234718883504227,
  "batch_size": 128,
  "dropout": 0.49804581915222995,
  "repr_dim": 128,
  "_patience": 50
}