{
  "arch": "cnn_lstm_raw",
  "summary": {
    "val_total": {
      "mean": 1.277888331915203,
      "std": 0.10006543942001067,
      "n": 5
    },
    "exercise": {
      "f1_macro": {
        "mean": 0.2908878955808372,
        "std": 0.07533633083430817,
        "n": 5
      },
      "balanced_accuracy": {
        "mean": 0.3692062423845341,
        "std": 0.06679360586932896,
        "n": 5
      }
    },
    "phase": {
      "f1_macro": {
        "mean": 0.244669909461709,
        "std": 0.03909945963749185,
        "n": 5
      },
      "balanced_accuracy": {
        "mean": 0.31529869898540785,
        "std": 0.020811862111130532,
        "n": 5
      }
    },
    "fatigue": {
      "mae": {
        "mean": 1.1054493478620584,
        "std": 0.12112808821405643,
        "n": 5
      },
      "pearson_r": {
        "mean": 0.19763531597206013,
        "std": 0.24964859446062637,
        "n": 5
      }
    },
    "reps": {
      "mae": {
        "mean": 0.5149275865445799,
        "std": 0.08163065762686343,
        "n": 5
      }
    }
  },
  "enabled_tasks": [
    "exercise",
    "phase",
    "fatigue",
    "reps"
  ],
  "all_results": [
    {
      "seed": 42,
      "fold": 0,
      "test_subjects": [
        "Tias",
        "sivert"
      ],
      "metrics": {
        "exercise": {
          "f1_macro": 0.3662603930461073,
          "balanced_accuracy": 0.42165868344394725,
          "n": 252
        },
        "phase": {
          "f1_macro": 0.272312285636736,
          "balanced_accuracy": 0.2913682913682914,
          "n": 217
        },
        "fatigue": {
          "mae": 1.0685298859126984,
          "pearson_r": 0.3376214493269454,
          "n": 252
        },
        "reps": {
          "mae": 0.6615307974829295,
          "n": 214
        },
        "val_total": 1.2854019403457642,
        "val_total_per_task": {
          "exercise": 1.150018572807312,
          "phase": 0.3236347734928131,
          "fatigue": 1.0685299634933472,
          "reps": 0.2909259498119354
        }
      }
    },
    {
      "seed": 42,
      "fold": 1,
      "test_subjects": [
        "Raghild",
        "michael"
      ],
      "metrics": {
        "exercise": {
          "f1_macro": 0.2541216807703531,
          "balanced_accuracy": 0.340884790163058,
          "n": 266
        },
        "phase": {
          "f1_macro": 0.3022031629342228,
          "balanced_accuracy": 0.34095418470418476,
          "n": 194
        },
        "fatigue": {
          "mae": 1.3365395911654134,
          "pearson_r": 0.40885647668497305,
          "n": 266
        },
        "reps": {
          "mae": 0.4776462352287675,
          "n": 189
        },
        "val_total": 1.4327118522242497,
        "val_total_per_task": {
          "exercise": 1.2824702451103611,
          "phase": 0.3793052049507772,
          "fatigue": 1.3365395929580344,
          "reps": 0.1624701220290105
        }
      }
    },
    {
      "seed": 42,
      "fold": 2,
      "test_subjects": [
        "Juile",
        "lucas 2"
      ],
      "metrics": {
        "exercise": {
          "f1_macro": 0.31324175824175826,
          "balanced_accuracy": 0.38807397959183676,
          "n": 304
        },
        "phase": {
          "f1_macro": 0.1983640081799591,
          "balanced_accuracy": 0.3333333333333333,
          "n": 229
        },
        "fatigue": {
          "mae": 1.069053248355263,
          "pearson_r": 0.29859236661602295,
          "n": 304
        },
        "reps": {
          "mae": 0.41362783007507503,
          "n": 223
        },
        "val_total": 1.2494094748246043,
        "val_total_per_task": {
          "exercise": 1.168077173985933,
          "phase": 0.35631961100979853,
          "fatigue": 1.0690532609036094,
          "reps": 0.14497984122288854
        }
      }
    },
    {
      "seed": 42,
      "fold": 3,
      "test_subjects": [
        "Hytten",
        "lucas"
      ],
      "metrics": {
        "exercise": {
          "f1_macro": 0.1629725085910653,
          "balanced_accuracy": 0.2542372881355932,
          "n": 218
        },
        "phase": {
          "f1_macro": 0.2069320657555952,
          "balanced_accuracy": 0.3198120444955888,
          "n": 187
        },
        "fatigue": {
          "mae": 1.0756701548165137,
          "pearson_r": -0.28824772621226585,
          "n": 218
        },
        "reps": {
          "mae": 0.5025021728614102,
          "n": 184
        },
        "val_total": 1.301149606704712,
        "val_total_per_task": {
          "exercise": 1.295414686203003,
          "phase": 0.3325779438018799,
          "fatigue": 1.0756701231002808,
          "reps": 0.18603982031345367
        }
      }
    },
    {
      "seed": 42,
      "fold": 4,
      "test_subjects": [
        "kiyomi"
      ],
      "metrics": {
        "exercise": {
          "f1_macro": 0.35784313725490197,
          "balanced_accuracy": 0.4411764705882353,
          "n": 149
        },
        "phase": {
          "f1_macro": 0.243538024802032,
          "balanced_accuracy": 0.29102564102564105,
          "n": 149
        },
        "fatigue": {
          "mae": 0.9774538590604027,
          "pearson_r": 0.23135401344462508,
          "n": 149
        },
        "reps": {
          "mae": 0.5193308970747178,
          "n": 149
        },
        "val_total": 1.1207687854766846,
        "val_total_per_task": {
          "exercise": 1.0477266311645508,
          "phase": 0.3113144636154175,
          "fatigue": 0.977453887462616,
          "reps": 0.19885313510894775
        }
      }
    }
  ]
}