{
  "exercise": {
    "f1_macro": 0.6874871760726391,
    "balanced_accuracy": 0.6802575294795018,
    "n": 252
  },
  "phase": {
    "f1_macro": 0.3690797940797941,
    "balanced_accuracy": 0.3734503734503734,
    "n": 217
  },
  "fatigue": {
    "mae": 1.2176959325396826,
    "pearson_r": 0.15305603923982045,
    "n": 252
  },
  "reps": {
    "mae": 0.4917253303541758,
    "n": 214
  },
  "val_total": 0.8658027648925781,
  "val_total_per_task": {
    "exercise": 0.6398194432258606,
    "phase": 0.26310256123542786,
    "fatigue": 1.217695951461792,
    "reps": 0.17520968616008759
  }
}