{
  "exercise": {
    "f1_macro": 0.12322946175637393,
    "balanced_accuracy": 0.25,
    "n": 266
  },
  "phase": {
    "f1_macro": 0.2206896551724138,
    "balanced_accuracy": 0.3333333333333333,
    "n": 194
  },
  "fatigue": {
    "mae": 1.2857142857142858,
    "pearson_r": 0.25138552009810783,
    "n": 266
  },
  "reps": {
    "mae": 0.3907254528569639,
    "n": 189
  },
  "val_total": 1.5235947370529175,
  "val_total_per_task": {
    "exercise": 1.3493009805679321,
    "phase": 0.3165934681892395,
    "fatigue": 1.2857142686843872,
    "reps": 0.1316194087266922
  }
}