{
  "exercise": {
    "f1_macro": 0.40909404295896823,
    "balanced_accuracy": 0.46290844735526526,
    "n": 1361
  },
  "phase": {
    "f1_macro": 0.3007943081279611,
    "balanced_accuracy": 0.35848967026445605,
    "n": 969
  },
  "fatigue": {
    "mae": 1.275739346069067,
    "pearson_r": 0.3312855210072146,
    "n": 1361
  },
  "reps": {
    "mae": 0.09733545533439368,
    "n": 964
  },
  "val_total": -0.16195095400000914,
  "val_total_per_task": {
    "exercise": 1.2901647991331775,
    "phase": 0.6878062466502978,
    "fatigue": 1.2757393447552245,
    "reps": 0.007696024137415665
  }
}