{
  "exercise": {
    "f1_macro": 0.35098400720319,
    "balanced_accuracy": 0.4257575757575758,
    "n": 746
  },
  "phase": {
    "f1_macro": 0.32711962727533633,
    "balanced_accuracy": 0.3296355698119932,
    "n": 746
  },
  "fatigue": {
    "mae": 0.761430755697051,
    "pearson_r": 0.3609532138109401,
    "n": 746
  },
  "reps": {
    "mae": 0.10952911703240616,
    "n": 746
  },
  "val_total": -0.15569301520851278,
  "val_total_per_task": {
    "exercise": 1.797814110968132,
    "phase": 0.4752866450008055,
    "fatigue": 0.7614307593724043,
    "reps": 0.011316841705415108
  }
}