{
  "exercise": {
    "f1_macro": 0.19550528789659224,
    "balanced_accuracy": 0.29545454545454547,
    "n": 218
  },
  "phase": {
    "f1_macro": 0.20452809601745772,
    "balanced_accuracy": 0.32868239355581125,
    "n": 187
  },
  "fatigue": {
    "mae": 1.2900838589449541,
    "pearson_r": -0.40143933458430775,
    "n": 218
  },
  "reps": {
    "mae": 0.47518959868213406,
    "n": 184
  },
  "val_total": 1.003098487854004,
  "val_total_per_task": {
    "exercise": 1.3155338764190674,
    "phase": 0.3193569779396057,
    "fatigue": 1.2900837659835815,
    "reps": 0.17127355933189392
  }
}