{
  "lr": 0.00343928202106488,
  "weight_decay": 1.4823627421420735e-05,
  "batch_size": 64,
  "dropout": 0.3205143652695685,
  "repr_dim": 128,
  "lstm_hidden": 64,
  "lstm_layers": 1,
  "_patience": 50
}