{
  "exercise": {
    "f1_macro": 0.23807383910476693,
    "balanced_accuracy": 0.2722977005940369,
    "n": 557
  },
  "phase": {
    "f1_macro": 0.21319394947335077,
    "balanced_accuracy": 0.3330389144905274,
    "n": 477
  },
  "fatigue": {
    "mae": 1.0803481261220826,
    "pearson_r": -0.20409429203220542,
    "n": 557
  },
  "reps": {
    "mae": 0.2268285061628656,
    "n": 474
  },
  "val_total": 0.4055282635149451,
  "val_total_per_task": {
    "exercise": 1.5239108818009683,
    "phase": 0.3999082678310319,
    "fatigue": 1.0803481291183663,
    "reps": 0.04280681257375267
  }
}