{
  "exercise": {
    "f1_macro": 0.260184547623101,
    "balanced_accuracy": 0.3207555130058271,
    "n": 682
  },
  "phase": {
    "f1_macro": 0.2978538372136254,
    "balanced_accuracy": 0.3367717850476471,
    "n": 488
  },
  "fatigue": {
    "mae": 1.2093738544721409,
    "pearson_r": 0.21656466966937363,
    "n": 682
  },
  "reps": {
    "mae": 0.19385168059145513,
    "n": 482
  },
  "val_total": 1.0614273974622799,
  "val_total_per_task": {
    "exercise": 1.2895862891876801,
    "phase": 0.5286770817820977,
    "fatigue": 1.2093738579680144,
    "reps": 0.0304912188885149
  }
}