{
  "arch": "cnn_lstm_raw",
  "summary": {
    "val_total": {
      "mean": 1.1902903210847897,
      "std": 0.07888311183931143,
      "n": 5
    },
    "exercise": {
      "f1_macro": {
        "mean": 0.31077690553580617,
        "std": 0.08262617234046513,
        "n": 5
      },
      "balanced_accuracy": {
        "mean": 0.39025633235665697,
        "std": 0.07185452714050226,
        "n": 5
      }
    },
    "phase": {
      "f1_macro": {
        "mean": 0.2281663505595292,
        "std": 0.04410664748890174,
        "n": 5
      },
      "balanced_accuracy": {
        "mean": 0.3271353061226479,
        "std": 0.02368207130370915,
        "n": 5
      }
    },
    "fatigue": {
      "mae": {
        "mean": 1.163686240160699,
        "std": 0.13381903368692388,
        "n": 5
      },
      "pearson_r": {
        "mean": 0.2059845780926061,
        "std": 0.2655860963040483,
        "n": 5
      }
    },
    "reps": {
      "mae": {
        "mean": 0.505977795464055,
        "std": 0.08153909950786199,
        "n": 5
      }
    }
  },
  "enabled_tasks": [
    "exercise",
    "phase",
    "fatigue",
    "reps"
  ],
  "all_results": [
    {
      "seed": 42,
      "fold": 0,
      "test_subjects": [
        "Tias",
        "sivert"
      ],
      "metrics": {
        "exercise": {
          "f1_macro": 0.37801095807568963,
          "balanced_accuracy": 0.45125228985855426,
          "n": 252
        },
        "phase": {
          "f1_macro": 0.18556850782583434,
          "balanced_accuracy": 0.30538230538230543,
          "n": 217
        },
        "fatigue": {
          "mae": 1.0925874255952381,
          "pearson_r": 0.2826392732226724,
          "n": 252
        },
        "reps": {
          "mae": 0.6555618736022544,
          "n": 214
        },
        "val_total": 1.1788043975830078,
        "val_total_per_task": {
          "exercise": 1.1016535758972168,
          "phase": 0.32352036237716675,
          "fatigue": 1.0925874710083008,
          "reps": 0.2863370180130005
        }
      }
    },
    {
      "seed": 42,
      "fold": 1,
      "test_subjects": [
        "Raghild",
        "michael"
      ],
      "metrics": {
        "exercise": {
          "f1_macro": 0.31472807428543104,
          "balanced_accuracy": 0.4021600559291016,
          "n": 266
        },
        "phase": {
          "f1_macro": 0.3026784090613878,
          "balanced_accuracy": 0.3670634920634921,
          "n": 194
        },
        "fatigue": {
          "mae": 1.347891212406015,
          "pearson_r": 0.37650248166541667,
          "n": 266
        },
        "reps": {
          "mae": 0.45253395067439195,
          "n": 189
        },
        "val_total": 1.3033368175191091,
        "val_total_per_task": {
          "exercise": 1.2482240146264099,
          "phase": 0.3773027685351838,
          "fatigue": 1.347891212406015,
          "reps": 0.15099746302554481
        }
      }
    },
    {
      "seed": 42,
      "fold": 2,
      "test_subjects": [
        "Juile",
        "lucas 2"
      ],
      "metrics": {
        "exercise": {
          "f1_macro": 0.3637073484634461,
          "balanced_accuracy": 0.4213987277603349,
          "n": 304
        },
        "phase": {
          "f1_macro": 0.1983640081799591,
          "balanced_accuracy": 0.3333333333333333,
          "n": 229
        },
        "fatigue": {
          "mae": 1.3001259251644737,
          "pearson_r": 0.1979815880920845,
          "n": 304
        },
        "reps": {
          "mae": 0.41835620720774735,
          "n": 223
        },
        "val_total": 1.2275133007451107,
        "val_total_per_task": {
          "exercise": 1.1196132396396838,
          "phase": 0.3547024711182243,
          "fatigue": 1.3001259314386469,
          "reps": 0.13713273955018898
        }
      }
    },
    {
      "seed": 42,
      "fold": 3,
      "test_subjects": [
        "Hytten",
        "lucas"
      ],
      "metrics": {
        "exercise": {
          "f1_macro": 0.15100671140939598,
          "balanced_accuracy": 0.25,
          "n": 218
        },
        "phase": {
          "f1_macro": 0.19999999999999998,
          "balanced_accuracy": 0.32911392405063294,
          "n": 187
        },
        "fatigue": {
          "mae": 1.058898365825688,
          "pearson_r": -0.293772868825997,
          "n": 218
        },
        "reps": {
          "mae": 0.4895189569696136,
          "n": 184
        },
        "val_total": 1.1808372735977173,
        "val_total_per_task": {
          "exercise": 1.2835772037506104,
          "phase": 0.3303649127483368,
          "fatigue": 1.0588983297348022,
          "reps": 0.18502061069011688
        }
      }
    },
    {
      "seed": 42,
      "fold": 4,
      "test_subjects": [
        "kiyomi"
      ],
      "metrics": {
        "exercise": {
          "f1_macro": 0.34643143544506816,
          "balanced_accuracy": 0.42647058823529416,
          "n": 149
        },
        "phase": {
          "f1_macro": 0.25422082773046467,
          "balanced_accuracy": 0.30078347578347575,
          "n": 149
        },
        "fatigue": {
          "mae": 1.0189282718120805,
          "pearson_r": 0.4665724163088539,
          "n": 149
        },
        "reps": {
          "mae": 0.5139179888662676,
          "n": 149
        },
        "val_total": 1.060959815979004,
        "val_total_per_task": {
          "exercise": 1.12635338306427,
          "phase": 0.3128684163093567,
          "fatigue": 1.0189282894134521,
          "reps": 0.19114738702774048
        }
      }
    }
  ]
}