{
  "lr": 0.000747599299995651,
  "weight_decay": 5.987474910461405e-05,
  "batch_size": 128,
  "dropout": 0.12602063719411183,
  "repr_dim": 128,
  "_patience": 50
}