{
  "exercise": {
    "f1_macro": 0.3097234012450481,
    "balanced_accuracy": 0.38577619266758706,
    "n": 755
  },
  "phase": {
    "f1_macro": 0.27297340340818604,
    "balanced_accuracy": 0.3365984262252261,
    "n": 560
  },
  "fatigue": {
    "mae": 0.919427773178808,
    "pearson_r": 0.515605590455227,
    "n": 755
  },
  "reps": {
    "mae": 0.16849723595046584,
    "n": 554
  },
  "val_total": 1.092147926936876,
  "val_total_per_task": {
    "exercise": 1.1531245206365521,
    "phase": 0.36860157527670956,
    "fatigue": 0.9194277585736963,
    "reps": 0.02671240797106004
  }
}