{
  "exercise": {
    "f1_macro": 0.3224586956476482,
    "balanced_accuracy": 0.31288856000880727,
    "n": 96301
  },
  "phase": {
    "f1_macro": 0.2329608241589504,
    "balanced_accuracy": 0.32280786482470464,
    "n": 55121
  },
  "fatigue": {
    "mae": 1.1183097659238663,
    "pearson_r": -0.016049133146785313,
    "n": 96301
  },
  "reps": {
    "mae": 2.794098621023722,
    "n": 96301
  }
}