{
  "arch": "cnn1d_raw",
  "summary": {
    "val_total": {
      "mean": 1.492136549949646,
      "std": 0.12590826367690347,
      "n": 5
    },
    "exercise": {
      "f1_macro": {
        "mean": 0.3539770297996616,
        "std": 0.09520493271932808,
        "n": 5
      },
      "balanced_accuracy": {
        "mean": 0.38252683161346446,
        "std": 0.11091873940548704,
        "n": 5
      }
    },
    "phase": {
      "f1_macro": {
        "mean": 0.30165369511890583,
        "std": 0.021025650283746138,
        "n": 5
      },
      "balanced_accuracy": {
        "mean": 0.33520462399365003,
        "std": 0.031908293492668355,
        "n": 5
      }
    },
    "fatigue": {
      "mae": {
        "mean": 1.1947388650520654,
        "std": 0.20898335112101457,
        "n": 5
      },
      "pearson_r": {
        "mean": 0.0951234717676911,
        "std": 0.25037868902198884,
        "n": 5
      }
    },
    "reps": {
      "mae": {
        "mean": 0.534453037621007,
        "std": 0.10766451871870061,
        "n": 5
      }
    }
  },
  "enabled_tasks": [
    "exercise",
    "phase",
    "fatigue",
    "reps"
  ],
  "all_results": [
    {
      "seed": 42,
      "fold": 0,
      "test_subjects": [
        "Tias",
        "sivert"
      ],
      "metrics": {
        "exercise": {
          "f1_macro": 0.3886637343381544,
          "balanced_accuracy": 0.4593869185260819,
          "n": 252
        },
        "phase": {
          "f1_macro": 0.32415607752534975,
          "balanced_accuracy": 0.36317086317086317,
          "n": 217
        },
        "fatigue": {
          "mae": 1.134827628968254,
          "pearson_r": 0.19611364792567548,
          "n": 252
        },
        "reps": {
          "mae": 0.6928463447664943,
          "n": 214
        },
        "val_total": 1.4164944887161255,
        "val_total_per_task": {
          "exercise": 1.181498646736145,
          "phase": 0.31135621666908264,
          "fatigue": 1.134827733039856,
          "reps": 0.3111690282821655
        }
      }
    },
    {
      "seed": 42,
      "fold": 1,
      "test_subjects": [
        "Raghild",
        "michael"
      ],
      "metrics": {
        "exercise": {
          "f1_macro": 0.4490625185419592,
          "balanced_accuracy": 0.5139205889005408,
          "n": 266
        },
        "phase": {
          "f1_macro": 0.31763719146896713,
          "balanced_accuracy": 0.36440295815295815,
          "n": 194
        },
        "fatigue": {
          "mae": 1.4102737312030076,
          "pearson_r": 0.1533233709407871,
          "n": 266
        },
        "reps": {
          "mae": 0.41246447277565795,
          "n": 189
        },
        "val_total": 1.5575004816055298,
        "val_total_per_task": {
          "exercise": 1.3826053142547607,
          "phase": 0.31734466552734375,
          "fatigue": 1.410273790359497,
          "reps": 0.13357162475585938
        }
      }
    },
    {
      "seed": 42,
      "fold": 2,
      "test_subjects": [
        "Juile",
        "lucas 2"
      ],
      "metrics": {
        "exercise": {
          "f1_macro": 0.45086396742362284,
          "balanced_accuracy": 0.4387959510727368,
          "n": 304
        },
        "phase": {
          "f1_macro": 0.2777444339649604,
          "balanced_accuracy": 0.295856837191208,
          "n": 229
        },
        "fatigue": {
          "mae": 1.1307308799342106,
          "pearson_r": 0.20720929921118814,
          "n": 304
        },
        "reps": {
          "mae": 0.4317902644862308,
          "n": 223
        },
        "val_total": 1.388835072517395,
        "val_total_per_task": {
          "exercise": 1.263744592666626,
          "phase": 0.3520679771900177,
          "fatigue": 1.1307308673858643,
          "reps": 0.1445058435201645
        }
      }
    },
    {
      "seed": 42,
      "fold": 3,
      "test_subjects": [
        "Hytten",
        "lucas"
      ],
      "metrics": {
        "exercise": {
          "f1_macro": 0.24142814864921996,
          "balanced_accuracy": 0.2600282485875706,
          "n": 218
        },
        "phase": {
          "f1_macro": 0.3139953228998021,
          "balanced_accuracy": 0.35586881472957427,
          "n": 187
        },
        "fatigue": {
          "mae": 1.431801892201835,
          "pearson_r": -0.39442312264127866,
          "n": 218
        },
        "reps": {
          "mae": 0.5163283461461896,
          "n": 184
        },
        "val_total": 1.710402250289917,
        "val_total_per_task": {
          "exercise": 1.587845802307129,
          "phase": 0.315201997756958,
          "fatigue": 1.4318017959594727,
          "reps": 0.2069256454706192
        }
      }
    },
    {
      "seed": 42,
      "fold": 4,
      "test_subjects": [
        "kiyomi"
      ],
      "metrics": {
        "exercise": {
          "f1_macro": 0.23986678004535147,
          "balanced_accuracy": 0.24050245098039216,
          "n": 149
        },
        "phase": {
          "f1_macro": 0.2747354497354497,
          "balanced_accuracy": 0.29672364672364676,
          "n": 149
        },
        "fatigue": {
          "mae": 0.8660601929530202,
          "pearson_r": 0.3133941634020834,
          "n": 149
        },
        "reps": {
          "mae": 0.6188357599304627,
          "n": 149
        },
        "val_total": 1.3874504566192627,
        "val_total_per_task": {
          "exercise": 1.4339771270751953,
          "phase": 0.3543141782283783,
          "fatigue": 0.866060197353363,
          "reps": 0.24562884867191315
        }
      }
    }
  ]
}