{
  "exercise": {
    "f1_macro": 0.3224844922355202,
    "balanced_accuracy": 0.322358630952381,
    "n": 304
  },
  "phase": {
    "f1_macro": 0.24226190476190476,
    "balanced_accuracy": 0.33793684756532455,
    "n": 229
  },
  "fatigue": {
    "mae": 1.110364412006579,
    "pearson_r": 0.2826673008151827,
    "n": 304
  },
  "reps": {
    "mae": 0.43698655358294336,
    "n": 223
  },
  "val_total": 1.1331302805950767,
  "val_total_per_task": {
    "exercise": 1.307307199427956,
    "phase": 0.3424151233936611,
    "fatigue": 1.110364412006579,
    "reps": 0.13876328970256605
  }
}