{
  "exercise": {
    "f1_macro": 0.8748759920634921,
    "balanced_accuracy": 0.8727161319073083,
    "n": 149
  },
  "phase": {
    "f1_macro": 0.416175216052817,
    "balanced_accuracy": 0.5485754985754986,
    "n": 149
  },
  "fatigue": {
    "mae": 0.9370281040268457,
    "pearson_r": 0.2747460614718903,
    "n": 149
  },
  "reps": {
    "mae": 0.31609571728880376,
    "n": 149
  },
  "val_total": 1.7358943303959482,
  "val_total_per_task": {
    "exercise": 0.29788654132577397,
    "phase": 0.24717583382289682,
    "fatigue": 0.9370281072270951,
    "reps": 0.08942377178510963
  }
}