{
  "exercise": {
    "f1_macro": 0.2483911502253648,
    "balanced_accuracy": 0.2850016520377527,
    "n": 1106
  },
  "phase": {
    "f1_macro": 0.3258686629819652,
    "balanced_accuracy": 0.3314967085998079,
    "n": 944
  },
  "fatigue": {
    "mae": 1.0788560974231465,
    "pearson_r": -0.23514348575730282,
    "n": 1106
  },
  "reps": {
    "mae": 0.11676598517308319,
    "n": 941
  },
  "val_total": -0.2666111843926566,
  "val_total_per_task": {
    "exercise": 1.4698718072708434,
    "phase": 0.5029522429538679,
    "fatigue": 1.0788560974231465,
    "reps": 0.012073973064086859
  }
}