{
  "exercise": {
    "f1_macro": 0.27147631502470215,
    "balanced_accuracy": 0.28402818364828886,
    "n": 218
  },
  "phase": {
    "f1_macro": 0.1962264150943396,
    "balanced_accuracy": 0.32911392405063294,
    "n": 187
  },
  "fatigue": {
    "mae": 1.3603067660550459,
    "pearson_r": -0.29862103479313884,
    "n": 218
  },
  "reps": {
    "mae": 0.4218517784839091,
    "n": 184
  },
  "val_total": 3.134630115754014,
  "val_total_per_task": {
    "exercise": 1.37448300352884,
    "phase": 0.3149736898207883,
    "fatigue": 1.3603067901156365,
    "reps": 0.16581633604994608
  }
}