{
  "exercise": {
    "f1_macro": 0.45799661578389866,
    "balanced_accuracy": 0.44344011643118786,
    "n": 304
  },
  "phase": {
    "f1_macro": 0.4951192474923587,
    "balanced_accuracy": 0.48917450959855163,
    "n": 229
  },
  "fatigue": {
    "mae": 1.1205412212171053,
    "pearson_r": 0.34280118823637734,
    "n": 304
  },
  "reps": {
    "mae": 0.35765256290428443,
    "n": 223
  },
  "val_total": 1.3555359212975753,
  "val_total_per_task": {
    "exercise": 1.5339852006811845,
    "phase": 0.273824774905255,
    "fatigue": 1.1205412212171053,
    "reps": 0.08797865321761683
  }
}