{
  "exercise": {
    "f1_macro": 0.47532581107560395,
    "balanced_accuracy": 0.4972426470588235,
    "n": 149
  },
  "phase": {
    "f1_macro": 0.4136473429951691,
    "balanced_accuracy": 0.3811965811965812,
    "n": 149
  },
  "fatigue": {
    "mae": 0.7985528523489933,
    "pearson_r": 0.44510868818885224,
    "n": 149
  },
  "reps": {
    "mae": 0.3730690594162517,
    "n": 149
  },
  "val_total": 0.6620552363811724,
  "val_total_per_task": {
    "exercise": 1.2660918731817463,
    "phase": 0.28077149261164186,
    "fatigue": 0.7985528619497414,
    "reps": 0.102693922367672
  }
}