{
  "exercise": {
    "f1_macro": 0.3559633984365461,
    "balanced_accuracy": 0.3349379415227629,
    "n": 304
  },
  "phase": {
    "f1_macro": 0.33169538632573653,
    "balanced_accuracy": 0.35956039680995916,
    "n": 229
  },
  "fatigue": {
    "mae": 1.277112458881579,
    "pearson_r": 0.3782651556636256,
    "n": 304
  },
  "reps": {
    "mae": 0.43111898521621267,
    "n": 223
  },
  "val_total": 1.3719294698614823,
  "val_total_per_task": {
    "exercise": 1.3035984980432611,
    "phase": 0.33892550044938136,
    "fatigue": 1.2771124651557522,
    "reps": 0.1338577992037723
  }
}