{
  "exercise": {
    "f1_macro": 0.3428201207630792,
    "balanced_accuracy": 0.397138372444591,
    "n": 682
  },
  "phase": {
    "f1_macro": 0.28948279774059876,
    "balanced_accuracy": 0.3029030356616564,
    "n": 488
  },
  "fatigue": {
    "mae": 1.2100038947947214,
    "pearson_r": 0.32562443896539833,
    "n": 682
  },
  "reps": {
    "mae": 0.18838385443871694,
    "n": 482
  },
  "val_total": 0.8278084919949081,
  "val_total_per_task": {
    "exercise": 1.287629227484426,
    "phase": 0.5187880825087472,
    "fatigue": 1.2100038996889444,
    "reps": 0.030006262913477386
  }
}