{
  "arch": "cnn_lstm_raw",
  "summary": {
    "val_total": {
      "mean": 1.2274761057192463,
      "std": 0.14188592935852457,
      "n": 5
    },
    "exercise": {
      "f1_macro": {
        "mean": 0.3263483418066776,
        "std": 0.05113829469965652,
        "n": 5
      },
      "balanced_accuracy": {
        "mean": 0.39328197058371017,
        "std": 0.061957853758669336,
        "n": 5
      }
    },
    "phase": {
      "f1_macro": {
        "mean": 0.25496696871494184,
        "std": 0.041558177292601195,
        "n": 5
      },
      "balanced_accuracy": {
        "mean": 0.321689152830954,
        "std": 0.03441422425778091,
        "n": 5
      }
    },
    "fatigue": {
      "mae": {
        "mean": 1.0251973094459612,
        "std": 0.1859851857187113,
        "n": 5
      },
      "pearson_r": {
        "mean": 0.2653604348668764,
        "std": 0.2685386740746436,
        "n": 5
      }
    },
    "reps": {
      "mae": {
        "mean": 0.5011186003137709,
        "std": 0.07927292366796171,
        "n": 5
      }
    }
  },
  "enabled_tasks": [
    "exercise",
    "phase",
    "fatigue",
    "reps"
  ],
  "all_results": [
    {
      "seed": 42,
      "fold": 0,
      "test_subjects": [
        "Tias",
        "sivert"
      ],
      "metrics": {
        "exercise": {
          "f1_macro": 0.3633380540651879,
          "balanced_accuracy": 0.39985525608618255,
          "n": 252
        },
        "phase": {
          "f1_macro": 0.30882790528023346,
          "balanced_accuracy": 0.34272734272734273,
          "n": 217
        },
        "fatigue": {
          "mae": 1.089750744047619,
          "pearson_r": 0.33568656716734147,
          "n": 252
        },
        "reps": {
          "mae": 0.641912989283555,
          "n": 214
        },
        "val_total": 1.3149116606939406,
        "val_total_per_task": {
          "exercise": 1.2481342667625064,
          "phase": 0.32560899711790536,
          "fatigue": 1.0897507062034002,
          "reps": 0.2746208617611537
        }
      }
    },
    {
      "seed": 42,
      "fold": 1,
      "test_subjects": [
        "Raghild",
        "michael"
      ],
      "metrics": {
        "exercise": {
          "f1_macro": 0.3553960574050932,
          "balanced_accuracy": 0.455809327000185,
          "n": 266
        },
        "phase": {
          "f1_macro": 0.2206896551724138,
          "balanced_accuracy": 0.3333333333333333,
          "n": 194
        },
        "fatigue": {
          "mae": 1.2911184210526316,
          "pearson_r": 0.35377389581559837,
          "n": 266
        },
        "reps": {
          "mae": 0.49235311681749644,
          "n": 189
        },
        "val_total": 1.3644718227529884,
        "val_total_per_task": {
          "exercise": 1.196405625881109,
          "phase": 0.375872384336658,
          "fatigue": 1.2911184210526316,
          "reps": 0.18882956540674195
        }
      }
    },
    {
      "seed": 42,
      "fold": 2,
      "test_subjects": [
        "Juile",
        "lucas 2"
      ],
      "metrics": {
        "exercise": {
          "f1_macro": 0.31806776738466996,
          "balanced_accuracy": 0.37831755298273156,
          "n": 304
        },
        "phase": {
          "f1_macro": 0.30192952260168493,
          "balanced_accuracy": 0.34549050119950725,
          "n": 229
        },
        "fatigue": {
          "mae": 0.9373201069078947,
          "pearson_r": 0.39358474202673044,
          "n": 304
        },
        "reps": {
          "mae": 0.4013478299101706,
          "n": 223
        },
        "val_total": 1.1808481279172396,
        "val_total_per_task": {
          "exercise": 1.2111005343888934,
          "phase": 0.37319593131542206,
          "fatigue": 0.9373201131820679,
          "reps": 0.14340390029706454
        }
      }
    },
    {
      "seed": 42,
      "fold": 3,
      "test_subjects": [
        "Hytten",
        "lucas"
      ],
      "metrics": {
        "exercise": {
          "f1_macro": 0.22991577991830148,
          "balanced_accuracy": 0.2838983050847458,
          "n": 218
        },
        "phase": {
          "f1_macro": 0.21333333333333335,
          "balanced_accuracy": 0.3333333333333333,
          "n": 187
        },
        "fatigue": {
          "mae": 1.078429615825688,
          "pearson_r": -0.25903277757069704,
          "n": 218
        },
        "reps": {
          "mae": 0.5078651551967082,
          "n": 184
        },
        "val_total": 1.306300586516704,
        "val_total_per_task": {
          "exercise": 1.3487246386501768,
          "phase": 0.33280578665777083,
          "fatigue": 1.078429651916574,
          "reps": 0.1914172838313864
        }
      }
    },
    {
      "seed": 42,
      "fold": 4,
      "test_subjects": [
        "kiyomi"
      ],
      "metrics": {
        "exercise": {
          "f1_macro": 0.36502405026013546,
          "balanced_accuracy": 0.44852941176470584,
          "n": 149
        },
        "phase": {
          "f1_macro": 0.23005442718704364,
          "balanced_accuracy": 0.25356125356125353,
          "n": 149
        },
        "fatigue": {
          "mae": 0.7293676593959731,
          "pearson_r": 0.5027897468954085,
          "n": 149
        },
        "reps": {
          "mae": 0.46211391036092436,
          "n": 149
        },
        "val_total": 0.9708483307153587,
        "val_total_per_task": {
          "exercise": 1.0988501198339782,
          "phase": 0.3114818746611576,
          "fatigue": 0.7293676625962225,
          "reps": 0.17421072306448981
        }
      }
    }
  ]
}