{
  "exercise": {
    "f1_macro": 0.34890672686985247,
    "balanced_accuracy": 0.4228892932782268,
    "n": 266
  },
  "phase": {
    "f1_macro": 0.18942189421894218,
    "balanced_accuracy": 0.3333333333333333,
    "n": 194
  },
  "fatigue": {
    "mae": 1.375234962406015,
    "pearson_r": 0.07509295846910959,
    "n": 266
  },
  "reps": {
    "mae": 0.3928015110176549,
    "n": 189
  },
  "val_total": 1.1229303367155836,
  "val_total_per_task": {
    "exercise": 1.333760768847358,
    "phase": 0.38124532627880126,
    "fatigue": 1.3752349677838778,
    "reps": 0.12704065509308549
  }
}