{
  "exercise": {
    "f1_macro": 0.3625643147832874,
    "balanced_accuracy": 0.4261359755472832,
    "n": 1256
  },
  "phase": {
    "f1_macro": 0.27989763544675167,
    "balanced_accuracy": 0.3315621510661225,
    "n": 1069
  },
  "fatigue": {
    "mae": 1.0924188893312101,
    "pearson_r": 0.31705857197512677,
    "n": 1256
  },
  "reps": {
    "mae": 0.13729467230780013,
    "n": 1067
  },
  "val_total": -0.398348832586009,
  "val_total_per_task": {
    "exercise": 1.234019384262668,
    "phase": 0.42515110950561086,
    "fatigue": 1.0924188904701524,
    "reps": 0.013727577017608341
  }
}