{
  "exercise": {
    "f1_macro": 0.3783019577614598,
    "balanced_accuracy": 0.4123737379821689,
    "n": 1509
  },
  "phase": {
    "f1_macro": 0.28842481756909205,
    "balanced_accuracy": 0.32404371584699454,
    "n": 1113
  },
  "fatigue": {
    "mae": 1.0023504804506296,
    "pearson_r": 0.393368174100263,
    "n": 1509
  },
  "reps": {
    "mae": 0.08813294505131748,
    "n": 1107
  },
  "val_total": 0.44453383412402225,
  "val_total_per_task": {
    "exercise": 1.2072478463272136,
    "phase": 0.5169425219435657,
    "fatigue": 1.002350492063463,
    "reps": 0.0077097985746599415
  }
}