{
  "exercise": {
    "f1_macro": 0.2737480640165204,
    "balanced_accuracy": 0.28860294117647056,
    "n": 149
  },
  "phase": {
    "f1_macro": 0.26264877004969317,
    "balanced_accuracy": 0.31146723646723645,
    "n": 149
  },
  "fatigue": {
    "mae": 1.2512977139261745,
    "pearson_r": 0.15552607616827338,
    "n": 149
  },
  "reps": {
    "mae": 0.47774866312092185,
    "n": 149
  },
  "val_total": 2.2137134075164795,
  "val_total_per_task": {
    "exercise": 1.5005390644073486,
    "phase": 0.31071245670318604,
    "fatigue": 1.2512977123260498,
    "reps": 0.16950753331184387
  }
}