{
  "exercise": {
    "f1_macro": 0.26973045432478576,
    "balanced_accuracy": 0.31323533636925194,
    "n": 1106
  },
  "phase": {
    "f1_macro": 0.3260174781523096,
    "balanced_accuracy": 0.3356244289830628,
    "n": 944
  },
  "fatigue": {
    "mae": 1.0469597649186257,
    "pearson_r": -0.1698073045592424,
    "n": 1106
  },
  "reps": {
    "mae": 0.1115829020183866,
    "n": 941
  },
  "val_total": -0.24028647441760542,
  "val_total_per_task": {
    "exercise": 1.4778675247273436,
    "phase": 0.5046745357634146,
    "fatigue": 1.0469597610383956,
    "reps": 0.01205624335581878
  }
}