{
  "arch": "cnn1d_raw",
  "summary": {
    "val_total": {
      "mean": 1.45608520722927,
      "std": 0.12750238677625822,
      "n": 5
    },
    "exercise": {
      "f1_macro": {
        "mean": 0.3424173252574474,
        "std": 0.10369521957362315,
        "n": 5
      },
      "balanced_accuracy": {
        "mean": 0.3611771756587717,
        "std": 0.11208324658380009,
        "n": 5
      }
    },
    "phase": {
      "f1_macro": {
        "mean": 0.2944365476734584,
        "std": 0.016579763666789614,
        "n": 5
      },
      "balanced_accuracy": {
        "mean": 0.3217432866164366,
        "std": 0.025347222245506416,
        "n": 5
      }
    },
    "fatigue": {
      "mae": {
        "mean": 1.1902082341408284,
        "std": 0.16559296093127515,
        "n": 5
      },
      "pearson_r": {
        "mean": 0.10682923622195961,
        "std": 0.2594084082029116,
        "n": 5
      }
    },
    "reps": {
      "mae": {
        "mean": 0.5065405953614219,
        "std": 0.09418151058080607,
        "n": 5
      }
    }
  },
  "enabled_tasks": [
    "exercise",
    "phase",
    "fatigue",
    "reps"
  ],
  "all_results": [
    {
      "seed": 42,
      "fold": 0,
      "test_subjects": [
        "Tias",
        "sivert"
      ],
      "metrics": {
        "exercise": {
          "f1_macro": 0.3673136644546929,
          "balanced_accuracy": 0.3997379801195231,
          "n": 252
        },
        "phase": {
          "f1_macro": 0.3122412008281574,
          "balanced_accuracy": 0.3645568645568645,
          "n": 217
        },
        "fatigue": {
          "mae": 1.1037016369047619,
          "pearson_r": 0.2008947604752281,
          "n": 252
        },
        "reps": {
          "mae": 0.6615120582282543,
          "n": 214
        },
        "val_total": 1.3737809658050537,
        "val_total_per_task": {
          "exercise": 1.2105121612548828,
          "phase": 0.3094508647918701,
          "fatigue": 1.1037017107009888,
          "reps": 0.29578614234924316
        }
      }
    },
    {
      "seed": 42,
      "fold": 1,
      "test_subjects": [
        "Raghild",
        "michael"
      ],
      "metrics": {
        "exercise": {
          "f1_macro": 0.4620397412696422,
          "balanced_accuracy": 0.5145168918224251,
          "n": 266
        },
        "phase": {
          "f1_macro": 0.29511520737327185,
          "balanced_accuracy": 0.31479978354978355,
          "n": 194
        },
        "fatigue": {
          "mae": 1.356687617481203,
          "pearson_r": 0.2024506935622065,
          "n": 266
        },
        "reps": {
          "mae": 0.40850101114699133,
          "n": 189
        },
        "val_total": 1.5527988466105067,
        "val_total_per_task": {
          "exercise": 1.3806712215108083,
          "phase": 0.4129306499223064,
          "fatigue": 1.356687617481203,
          "reps": 0.12577555950422933
        }
      }
    },
    {
      "seed": 42,
      "fold": 2,
      "test_subjects": [
        "Juile",
        "lucas 2"
      ],
      "metrics": {
        "exercise": {
          "f1_macro": 0.4371558143268818,
          "balanced_accuracy": 0.4250044969911041,
          "n": 304
        },
        "phase": {
          "f1_macro": 0.270860884080907,
          "balanced_accuracy": 0.2897944628152759,
          "n": 229
        },
        "fatigue": {
          "mae": 1.1165064761513157,
          "pearson_r": 0.17567107816740052,
          "n": 304
        },
        "reps": {
          "mae": 0.4084390046559441,
          "n": 223
        },
        "val_total": 1.3397296980807656,
        "val_total_per_task": {
          "exercise": 1.2364690617511147,
          "phase": 0.3547833883448651,
          "fatigue": 1.1165064761513157,
          "reps": 0.1360380194689098
        }
      }
    },
    {
      "seed": 42,
      "fold": 3,
      "test_subjects": [
        "Hytten",
        "lucas"
      ],
      "metrics": {
        "exercise": {
          "f1_macro": 0.19792158715162966,
          "balanced_accuracy": 0.21049905838041433,
          "n": 218
        },
        "phase": {
          "f1_macro": 0.3126064010895471,
          "balanced_accuracy": 0.3320866896816264,
          "n": 187
        },
        "fatigue": {
          "mae": 1.4066800458715596,
          "pearson_r": -0.3968106887506845,
          "n": 218
        },
        "reps": {
          "mae": 0.5159121644885644,
          "n": 184
        },
        "val_total": 1.6594092845916748,
        "val_total_per_task": {
          "exercise": 1.488986849784851,
          "phase": 0.35492458939552307,
          "fatigue": 1.4066799879074097,
          "reps": 0.22460104525089264
        }
      }
    },
    {
      "seed": 42,
      "fold": 4,
      "test_subjects": [
        "kiyomi"
      ],
      "metrics": {
        "exercise": {
          "f1_macro": 0.24765581908439052,
          "balanced_accuracy": 0.25612745098039214,
          "n": 149
        },
        "phase": {
          "f1_macro": 0.28135904499540865,
          "balanced_accuracy": 0.3074786324786325,
          "n": 149
        },
        "fatigue": {
          "mae": 0.967465394295302,
          "pearson_r": 0.35194033765564753,
          "n": 149
        },
        "reps": {
          "mae": 0.5383387382873552,
          "n": 149
        },
        "val_total": 1.3547072410583496,
        "val_total_per_task": {
          "exercise": 1.3962188959121704,
          "phase": 0.33566105365753174,
          "fatigue": 0.9674654006958008,
          "reps": 0.1926257163286209
        }
      }
    }
  ]
}