{
  "arch": "cnn_lstm_raw",
  "summary": {
    "val_total": {
      "mean": 0.7083771547864808,
      "std": 0.12414817360687003,
      "n": 5
    },
    "exercise": {
      "f1_macro": {
        "mean": 0.36006530288603733,
        "std": 0.08068522546472198,
        "n": 5
      },
      "balanced_accuracy": {
        "mean": 0.37032584114236144,
        "std": 0.08213393713838794,
        "n": 5
      }
    },
    "phase": {
      "f1_macro": {
        "mean": 0.30211161504701506,
        "std": 0.028412613135934437,
        "n": 5
      },
      "balanced_accuracy": {
        "mean": 0.3224893049037492,
        "std": 0.022421565970577016,
        "n": 5
      }
    },
    "fatigue": {
      "mae": {
        "mean": 1.055988803958629,
        "std": 0.15609069992860497,
        "n": 5
      },
      "pearson_r": {
        "mean": 0.12419109748261344,
        "std": 0.27009287751354555,
        "n": 5
      }
    },
    "reps": {
      "mae": {
        "mean": 0.4274950501626953,
        "std": 0.03583554423969578,
        "n": 5
      }
    }
  },
  "enabled_tasks": [
    "exercise",
    "phase",
    "fatigue",
    "reps"
  ],
  "all_results": [
    {
      "seed": 42,
      "fold": 0,
      "test_subjects": [
        "Tias",
        "sivert"
      ],
      "metrics": {
        "exercise": {
          "f1_macro": 0.49469705098628325,
          "balanced_accuracy": 0.49515463211590693,
          "n": 252
        },
        "phase": {
          "f1_macro": 0.2839995080555897,
          "balanced_accuracy": 0.3048818048818049,
          "n": 217
        },
        "fatigue": {
          "mae": 1.0974082341269842,
          "pearson_r": 0.27938301784012926,
          "n": 252
        },
        "reps": {
          "mae": 0.4914477660068285,
          "n": 214
        },
        "val_total": 0.7398212580453782,
        "val_total_per_task": {
          "exercise": 1.1727065945428514,
          "phase": 0.29404433710234507,
          "fatigue": 1.0974082152048747,
          "reps": 0.18378891310994588
        }
      }
    },
    {
      "seed": 42,
      "fold": 1,
      "test_subjects": [
        "Raghild",
        "michael"
      ],
      "metrics": {
        "exercise": {
          "f1_macro": 0.3761613799357063,
          "balanced_accuracy": 0.3800120288692863,
          "n": 266
        },
        "phase": {
          "f1_macro": 0.3142857142857143,
          "balanced_accuracy": 0.34361471861471865,
          "n": 194
        },
        "fatigue": {
          "mae": 1.2235814144736843,
          "pearson_r": 0.21775823029630925,
          "n": 266
        },
        "reps": {
          "mae": 0.38458236605520285,
          "n": 189
        },
        "val_total": 0.6183216840700996,
        "val_total_per_task": {
          "exercise": 1.112951638107013,
          "phase": 0.29846362870438653,
          "fatigue": 1.2235814144736843,
          "reps": 0.11370532674000676
        }
      }
    },
    {
      "seed": 42,
      "fold": 2,
      "test_subjects": [
        "Juile",
        "lucas 2"
      ],
      "metrics": {
        "exercise": {
          "f1_macro": 0.3536880483449931,
          "balanced_accuracy": 0.34085761708529566,
          "n": 304
        },
        "phase": {
          "f1_macro": 0.2605650175114931,
          "balanced_accuracy": 0.2897296245866563,
          "n": 229
        },
        "fatigue": {
          "mae": 0.9310880962171053,
          "pearson_r": 0.3818128644367088,
          "n": 304
        },
        "reps": {
          "mae": 0.40883369431851824,
          "n": 223
        },
        "val_total": 0.8709436153110705,
        "val_total_per_task": {
          "exercise": 1.4113263581928455,
          "phase": 0.36801562575917496,
          "fatigue": 0.9310880993541918,
          "reps": 0.15233185181492254
        }
      }
    },
    {
      "seed": 42,
      "fold": 3,
      "test_subjects": [
        "Hytten",
        "lucas"
      ],
      "metrics": {
        "exercise": {
          "f1_macro": 0.33093954577595974,
          "balanced_accuracy": 0.3941833590138675,
          "n": 218
        },
        "phase": {
          "f1_macro": 0.344650355886311,
          "balanced_accuracy": 0.3484369006520905,
          "n": 187
        },
        "fatigue": {
          "mae": 1.204827264908257,
          "pearson_r": -0.39104103600072626,
          "n": 218
        },
        "reps": {
          "mae": 0.41798683061547903,
          "n": 184
        },
        "val_total": 0.7908130392022089,
        "val_total_per_task": {
          "exercise": 1.292048179775203,
          "phase": 0.33802586247067934,
          "fatigue": 1.204827286781521,
          "reps": 0.1472418367042454
        }
      }
    },
    {
      "seed": 42,
      "fold": 4,
      "test_subjects": [
        "kiyomi"
      ],
      "metrics": {
        "exercise": {
          "f1_macro": 0.2448404893872443,
          "balanced_accuracy": 0.24142156862745096,
          "n": 149
        },
        "phase": {
          "f1_macro": 0.30705747949596734,
          "balanced_accuracy": 0.3257834757834758,
          "n": 149
        },
        "fatigue": {
          "mae": 0.8230390100671141,
          "pearson_r": 0.13304241084064622,
          "n": 149
        },
        "reps": {
          "mae": 0.43462459381744767,
          "n": 149
        },
        "val_total": 0.521986177303647,
        "val_total_per_task": {
          "exercise": 1.3176253145973154,
          "phase": 0.2883377433223212,
          "fatigue": 0.8230390112672076,
          "reps": 0.13079969389926668
        }
      }
    }
  ]
}