{
  "exercise": {
    "f1_macro": 0.365696850822709,
    "balanced_accuracy": 0.36979984301412877,
    "n": 304
  },
  "phase": {
    "f1_macro": 0.3310273261847112,
    "balanced_accuracy": 0.35800427932308887,
    "n": 229
  },
  "fatigue": {
    "mae": 1.0906789679276316,
    "pearson_r": 0.42133645899196237,
    "n": 304
  },
  "reps": {
    "mae": 0.40753246024000406,
    "n": 223
  },
  "val_total": 1.145788588021931,
  "val_total_per_task": {
    "exercise": 1.2961075494163914,
    "phase": 0.32897251216988815,
    "fatigue": 1.0906789742018048,
    "reps": 0.12637217499707876
  }
}