{
  "exercise": {
    "f1_macro": 0.3633380540651879,
    "balanced_accuracy": 0.39985525608618255,
    "n": 252
  },
  "phase": {
    "f1_macro": 0.30882790528023346,
    "balanced_accuracy": 0.34272734272734273,
    "n": 217
  },
  "fatigue": {
    "mae": 1.089750744047619,
    "pearson_r": 0.33568656716734147,
    "n": 252
  },
  "reps": {
    "mae": 0.641912989283555,
    "n": 214
  },
  "val_total": 1.3149116606939406,
  "val_total_per_task": {
    "exercise": 1.2481342667625064,
    "phase": 0.32560899711790536,
    "fatigue": 1.0897507062034002,
    "reps": 0.2746208617611537
  }
}