{
  "exercise": {
    "f1_macro": 0.37330462077523907,
    "balanced_accuracy": 0.47214854111405835,
    "n": 266
  },
  "phase": {
    "f1_macro": 0.29434166396191713,
    "balanced_accuracy": 0.32530663780663777,
    "n": 194
  },
  "fatigue": {
    "mae": 2.176956062030075,
    "pearson_r": 0.02152011043906278,
    "n": 266
  },
  "reps": {
    "mae": 0.46911449954110795,
    "n": 189
  },
  "val_total": 1.9834589348699814,
  "val_total_per_task": {
    "exercise": 1.3370398005148523,
    "phase": 0.41324165172146676,
    "fatigue": 2.176956063822696,
    "reps": 0.16128891392758019
  }
}