{
  "exercise": {
    "f1_macro": 0.3111688634238599,
    "balanced_accuracy": 0.3571684273720635,
    "n": 626
  },
  "phase": {
    "f1_macro": 0.26388957506491223,
    "balanced_accuracy": 0.3392592592592593,
    "n": 533
  },
  "fatigue": {
    "mae": 1.0818502895367412,
    "pearson_r": 0.2643096901428765,
    "n": 626
  },
  "reps": {
    "mae": 0.2711526264257645,
    "n": 531
  },
  "val_total": 0.14432455594547258,
  "val_total_per_task": {
    "exercise": 1.156895058604475,
    "phase": 0.2619217520895096,
    "fatigue": 1.0818502878228697,
    "reps": 0.0515073175652149
  }
}