{
  "exercise": {
    "f1_macro": 0.3883862624071419,
    "balanced_accuracy": 0.38554141650284257,
    "n": 218
  },
  "phase": {
    "f1_macro": 0.2730602730602731,
    "balanced_accuracy": 0.33107978519370923,
    "n": 187
  },
  "fatigue": {
    "mae": 1.4669223050458715,
    "pearson_r": -0.43692295298065376,
    "n": 218
  },
  "reps": {
    "mae": 0.4195330969017485,
    "n": 184
  },
  "val_total": 1.8654224063278337,
  "val_total_per_task": {
    "exercise": 1.3325865695235926,
    "phase": 0.31647232393605995,
    "fatigue": 1.4669223028585452,
    "reps": 0.1377021075662123
  }
}