{
  "exercise": {
    "f1_macro": 0.3434160327397863,
    "balanced_accuracy": 0.40136247930937274,
    "n": 1509
  },
  "phase": {
    "f1_macro": 0.2914355930408326,
    "balanced_accuracy": 0.3241145517101801,
    "n": 1113
  },
  "fatigue": {
    "mae": 1.0707836315440689,
    "pearson_r": 0.4356676743436316,
    "n": 1509
  },
  "reps": {
    "mae": 0.08745433717870171,
    "n": 1107
  },
  "val_total": -0.3587660660721594,
  "val_total_per_task": {
    "exercise": 1.16621090056013,
    "phase": 0.5318964448016238,
    "fatigue": 1.0707836376269817,
    "reps": 0.00853528071014671
  }
}