{
  "exercise": {
    "f1_macro": 0.2433466193732402,
    "balanced_accuracy": 0.2859051246340562,
    "n": 557
  },
  "phase": {
    "f1_macro": 0.2920324519441378,
    "balanced_accuracy": 0.32128136200716845,
    "n": 477
  },
  "fatigue": {
    "mae": 1.018268907091562,
    "pearson_r": -0.2817027391731155,
    "n": 557
  },
  "reps": {
    "mae": 0.22122884067197876,
    "n": 474
  },
  "val_total": 0.7797878056069036,
  "val_total_per_task": {
    "exercise": 1.4871512752033007,
    "phase": 0.4013416964019008,
    "fatigue": 1.0182689160804133,
    "reps": 0.04133353932113579
  }
}