{
  "exercise": {
    "f1_macro": 0.3652106840072433,
    "balanced_accuracy": 0.40563826872054987,
    "n": 1361
  },
  "phase": {
    "f1_macro": 0.3207025442216571,
    "balanced_accuracy": 0.32713178294573647,
    "n": 969
  },
  "fatigue": {
    "mae": 1.2312738220977222,
    "pearson_r": 0.3300985977568587,
    "n": 1361
  },
  "reps": {
    "mae": 0.09391761778880885,
    "n": 964
  },
  "val_total": 0.18096777939078215,
  "val_total_per_task": {
    "exercise": 1.6823425659092799,
    "phase": 0.702886685126849,
    "fatigue": 1.2312738199079851,
    "reps": 0.0073908526918451895
  }
}