{
  "arch": "cnn1d_raw",
  "summary": {
    "val_total": {
      "mean": 1.1015429812266415,
      "std": 0.30504578204889654,
      "n": 5
    },
    "exercise": {
      "f1_macro": {
        "mean": 0.4453286719258857,
        "std": 0.1588466687425161,
        "n": 5
      },
      "balanced_accuracy": {
        "mean": 0.4590457806547194,
        "std": 0.15381018122417886,
        "n": 5
      }
    },
    "phase": {
      "f1_macro": {
        "mean": 0.28167283674655186,
        "std": 0.03513235708294133,
        "n": 5
      },
      "balanced_accuracy": {
        "mean": 0.3339195760246588,
        "std": 0.019586168472050216,
        "n": 5
      }
    },
    "fatigue": {
      "mae": {
        "mean": 1.2543496183161547,
        "std": 0.12480409508263911,
        "n": 5
      },
      "pearson_r": {
        "mean": 0.07028862761961632,
        "std": 0.25353589323849246,
        "n": 5
      }
    },
    "reps": {
      "mae": {
        "mean": 0.47175190526396416,
        "std": 0.04034014171256206,
        "n": 5
      }
    }
  },
  "enabled_tasks": [
    "exercise",
    "phase",
    "fatigue",
    "reps"
  ],
  "all_results": [
    {
      "seed": 42,
      "fold": 0,
      "test_subjects": [
        "Tias",
        "sivert"
      ],
      "metrics": {
        "exercise": {
          "f1_macro": 0.7434562427670028,
          "balanced_accuracy": 0.7331777269380565,
          "n": 252
        },
        "phase": {
          "f1_macro": 0.33763338111164193,
          "balanced_accuracy": 0.36066836066836067,
          "n": 217
        },
        "fatigue": {
          "mae": 1.2526351686507937,
          "pearson_r": 0.13169623754505796,
          "n": 252
        },
        "reps": {
          "mae": 0.5419499849395775,
          "n": 214
        },
        "val_total": 0.572182297706604,
        "val_total_per_task": {
          "exercise": 0.5395539402961731,
          "phase": 0.2708047926425934,
          "fatigue": 1.2526352405548096,
          "reps": 0.202948197722435
        }
      }
    },
    {
      "seed": 42,
      "fold": 1,
      "test_subjects": [
        "Raghild",
        "michael"
      ],
      "metrics": {
        "exercise": {
          "f1_macro": 0.443677010343677,
          "balanced_accuracy": 0.5107154606954125,
          "n": 266
        },
        "phase": {
          "f1_macro": 0.2909037279059742,
          "balanced_accuracy": 0.33229617604617606,
          "n": 194
        },
        "fatigue": {
          "mae": 1.4573249530075187,
          "pearson_r": 0.14231486731291265,
          "n": 266
        },
        "reps": {
          "mae": 0.4198743582225193,
          "n": 189
        },
        "val_total": 1.429944095754982,
        "val_total_per_task": {
          "exercise": 1.3877423544575398,
          "phase": 0.41750570526696684,
          "fatigue": 1.4573249530075187,
          "reps": 0.13849764658992453
        }
      }
    },
    {
      "seed": 42,
      "fold": 2,
      "test_subjects": [
        "Juile",
        "lucas 2"
      ],
      "metrics": {
        "exercise": {
          "f1_macro": 0.3640905985205332,
          "balanced_accuracy": 0.3670055762689691,
          "n": 304
        },
        "phase": {
          "f1_macro": 0.23285140562248996,
          "balanced_accuracy": 0.34364261168384874,
          "n": 229
        },
        "fatigue": {
          "mae": 1.0630782277960527,
          "pearson_r": 0.35650504422922413,
          "n": 304
        },
        "reps": {
          "mae": 0.4492510971675873,
          "n": 223
        },
        "val_total": 1.0085423996574001,
        "val_total_per_task": {
          "exercise": 1.175047428984391,
          "phase": 0.3414218739459389,
          "fatigue": 1.0630782277960527,
          "reps": 0.14750159100482338
        }
      }
    },
    {
      "seed": 42,
      "fold": 3,
      "test_subjects": [
        "Hytten",
        "lucas"
      ],
      "metrics": {
        "exercise": {
          "f1_macro": 0.39900925158795914,
          "balanced_accuracy": 0.3905188648613546,
          "n": 218
        },
        "phase": {
          "f1_macro": 0.2882712718114769,
          "balanced_accuracy": 0.3322784810126582,
          "n": 187
        },
        "fatigue": {
          "mae": 1.2540316800458715,
          "pearson_r": -0.4064358890930247,
          "n": 218
        },
        "reps": {
          "mae": 0.4749736730819163,
          "n": 184
        },
        "val_total": 1.1359636783599854,
        "val_total_per_task": {
          "exercise": 1.1705607175827026,
          "phase": 0.33349287509918213,
          "fatigue": 1.2540316581726074,
          "reps": 0.17060089111328125
        }
      }
    },
    {
      "seed": 42,
      "fold": 4,
      "test_subjects": [
        "kiyomi"
      ],
      "metrics": {
        "exercise": {
          "f1_macro": 0.2764102564102564,
          "balanced_accuracy": 0.29381127450980393,
          "n": 149
        },
        "phase": {
          "f1_macro": 0.2587043972811763,
          "balanced_accuracy": 0.3007122507122507,
          "n": 149
        },
        "fatigue": {
          "mae": 1.2446780620805369,
          "pearson_r": 0.12736287810391156,
          "n": 149
        },
        "reps": {
          "mae": 0.47271041290822047,
          "n": 149
        },
        "val_total": 1.3610824346542358,
        "val_total_per_task": {
          "exercise": 1.552322268486023,
          "phase": 0.31303301453590393,
          "fatigue": 1.244678020477295,
          "reps": 0.16873414814472198
        }
      }
    }
  ]
}