{
  "exercise": {
    "f1_macro": 0.31324175824175826,
    "balanced_accuracy": 0.38807397959183676,
    "n": 304
  },
  "phase": {
    "f1_macro": 0.1983640081799591,
    "balanced_accuracy": 0.3333333333333333,
    "n": 229
  },
  "fatigue": {
    "mae": 1.069053248355263,
    "pearson_r": 0.29859236661602295,
    "n": 304
  },
  "reps": {
    "mae": 0.41362783007507503,
    "n": 223
  },
  "val_total": 1.2494094748246043,
  "val_total_per_task": {
    "exercise": 1.168077173985933,
    "phase": 0.35631961100979853,
    "fatigue": 1.0690532609036094,
    "reps": 0.14497984122288854
  }
}