{
  "exercise": {
    "f1_macro": 0.30424836601307187,
    "balanced_accuracy": 0.40450414327719864,
    "n": 266
  },
  "phase": {
    "f1_macro": 0.2915944733217824,
    "balanced_accuracy": 0.3270652958152958,
    "n": 194
  },
  "fatigue": {
    "mae": 1.2419965930451127,
    "pearson_r": 0.237725971360464,
    "n": 266
  },
  "reps": {
    "mae": 0.44103850679541073,
    "n": 189
  },
  "val_total": 1.2700120918732836,
  "val_total_per_task": {
    "exercise": 1.2171497775199718,
    "phase": 0.37303660507488967,
    "fatigue": 1.241996591252492,
    "reps": 0.15292412894112722
  }
}