{
  "exercise": {
    "f1_macro": 0.15050558495002941,
    "balanced_accuracy": 0.1653240867104337,
    "n": 1106
  },
  "phase": {
    "f1_macro": 0.31893632462892424,
    "balanced_accuracy": 0.3288635884461311,
    "n": 944
  },
  "fatigue": {
    "mae": 1.0346335330018084,
    "pearson_r": -0.1758923426060344,
    "n": 1106
  },
  "reps": {
    "mae": 0.11967986547061531,
    "n": 941
  },
  "val_total": -0.1719910087464731,
  "val_total_per_task": {
    "exercise": 1.6320323982894098,
    "phase": 0.504973867918225,
    "fatigue": 1.0346335351574916,
    "reps": 0.01210646637316261
  }
}