{
  "lr": 0.0032389038812576866,
  "weight_decay": 2.076769807568631e-05,
  "batch_size": 64,
  "dropout": 0.33532078002088544,
  "repr_dim": 64,
  "lstm_hidden": 32,
  "lstm_layers": 1,
  "_patience": 50
}