{
  "exercise": {
    "f1_macro": 0.2745973606248317,
    "balanced_accuracy": 0.35402144634301813,
    "n": 266
  },
  "phase": {
    "f1_macro": 0.31555128359165363,
    "balanced_accuracy": 0.33468614718614714,
    "n": 194
  },
  "fatigue": {
    "mae": 1.6276433270676691,
    "pearson_r": 0.27275543929466073,
    "n": 266
  },
  "reps": {
    "mae": 0.4861226224848045,
    "n": 189
  },
  "val_total": 1.5342785577128704,
  "val_total_per_task": {
    "exercise": 1.3133618365553088,
    "phase": 0.3772499597162232,
    "fatigue": 1.6276433270676691,
    "reps": 0.15856787315884927
  }
}