{
  "arch": "cnn_lstm_raw",
  "summary": {
    "val_total": {
      "mean": 0.8083223810326142,
      "std": 0.1588338266227643,
      "n": 5
    },
    "exercise": {
      "f1_macro": {
        "mean": 0.28346779889500184,
        "std": 0.11910652064044548,
        "n": 5
      },
      "balanced_accuracy": {
        "mean": 0.3130678822975465,
        "std": 0.11437415238644014,
        "n": 5
      }
    },
    "phase": {
      "f1_macro": {
        "mean": 0.27910685561738535,
        "std": 0.03204887363209602,
        "n": 5
      },
      "balanced_accuracy": {
        "mean": 0.3122122697215923,
        "std": 0.02864291492443771,
        "n": 5
      }
    },
    "fatigue": {
      "mae": {
        "mean": 1.1429951367343958,
        "std": 0.080054836177185,
        "n": 5
      },
      "pearson_r": {
        "mean": 0.07103862496915407,
        "std": 0.2607396601382164,
        "n": 5
      }
    },
    "reps": {
      "mae": {
        "mean": 0.4452398489829544,
        "std": 0.07075254630408984,
        "n": 5
      }
    }
  },
  "enabled_tasks": [
    "exercise",
    "phase",
    "fatigue",
    "reps"
  ],
  "all_results": [
    {
      "seed": 42,
      "fold": 0,
      "test_subjects": [
        "Tias",
        "sivert"
      ],
      "metrics": {
        "exercise": {
          "f1_macro": 0.45628740649776134,
          "balanced_accuracy": 0.4769083815813046,
          "n": 252
        },
        "phase": {
          "f1_macro": 0.24729938271604937,
          "balanced_accuracy": 0.27115577115577116,
          "n": 217
        },
        "fatigue": {
          "mae": 1.1570405505952381,
          "pearson_r": 0.14584946360189885,
          "n": 252
        },
        "reps": {
          "mae": 0.570035921949371,
          "n": 214
        },
        "val_total": 0.9802188930057344,
        "val_total_per_task": {
          "exercise": 1.3224518904610285,
          "phase": 0.3134366500945318,
          "fatigue": 1.1570405297809176,
          "reps": 0.23803792515444377
        }
      }
    },
    {
      "seed": 42,
      "fold": 1,
      "test_subjects": [
        "Raghild",
        "michael"
      ],
      "metrics": {
        "exercise": {
          "f1_macro": 0.3598828996282528,
          "balanced_accuracy": 0.39375783932720576,
          "n": 266
        },
        "phase": {
          "f1_macro": 0.2904938271604938,
          "balanced_accuracy": 0.3439303751803752,
          "n": 194
        },
        "fatigue": {
          "mae": 1.192639802631579,
          "pearson_r": 0.36268962340034544,
          "n": 266
        },
        "reps": {
          "mae": 0.36499920577086786,
          "n": 189
        },
        "val_total": 0.5870167151429599,
        "val_total_per_task": {
          "exercise": 1.1380984657689144,
          "phase": 0.29053215962603574,
          "fatigue": 1.1926398062168206,
          "reps": 0.10762248003393188
        }
      }
    },
    {
      "seed": 42,
      "fold": 2,
      "test_subjects": [
        "Juile",
        "lucas 2"
      ],
      "metrics": {
        "exercise": {
          "f1_macro": 0.10237128704018311,
          "balanced_accuracy": 0.1423992673992674,
          "n": 304
        },
        "phase": {
          "f1_macro": 0.3051683262209578,
          "balanced_accuracy": 0.328113855929456,
          "n": 229
        },
        "fatigue": {
          "mae": 1.0071443256578947,
          "pearson_r": 0.11491846984544798,
          "n": 304
        },
        "reps": {
          "mae": 0.39496385705795123,
          "n": 223
        },
        "val_total": 0.927277828517713,
        "val_total_per_task": {
          "exercise": 1.5436770853243376,
          "phase": 0.3690315124235655,
          "fatigue": 1.0071443319320679,
          "reps": 0.14548539566366295
        }
      }
    },
    {
      "seed": 42,
      "fold": 3,
      "test_subjects": [
        "Hytten",
        "lucas"
      ],
      "metrics": {
        "exercise": {
          "f1_macro": 0.24203058055894028,
          "balanced_accuracy": 0.28606403013182674,
          "n": 218
        },
        "phase": {
          "f1_macro": 0.23567133353872136,
          "balanced_accuracy": 0.28509781357882624,
          "n": 187
        },
        "fatigue": {
          "mae": 1.243585149082569,
          "pearson_r": -0.41974847659109404,
          "n": 218
        },
        "reps": {
          "mae": 0.463477964958419,
          "n": 184
        },
        "val_total": 0.8981437201893657,
        "val_total_per_task": {
          "exercise": 1.3290477881737806,
          "phase": 0.33217309647743853,
          "fatigue": 1.2435851534572215,
          "reps": 0.1951293783997177
        }
      }
    },
    {
      "seed": 42,
      "fold": 4,
      "test_subjects": [
        "kiyomi"
      ],
      "metrics": {
        "exercise": {
          "f1_macro": 0.2567668207498716,
          "balanced_accuracy": 0.26620989304812837,
          "n": 149
        },
        "phase": {
          "f1_macro": 0.31690140845070425,
          "balanced_accuracy": 0.33276353276353277,
          "n": 149
        },
        "fatigue": {
          "mae": 1.114565855704698,
          "pearson_r": 0.15148404458917222,
          "n": 149
        },
        "reps": {
          "mae": 0.43272229517816296,
          "n": 149
        },
        "val_total": 0.6489547483072985,
        "val_total_per_task": {
          "exercise": 1.2287425570840003,
          "phase": 0.29509019151630017,
          "fatigue": 1.1145658613051344,
          "reps": 0.1462641378377108
        }
      }
    }
  ]
}