{
  "best_score": 1.1015429812266415,
  "best_hps": {
    "lr": 0.004102743945874444,
    "weight_decay": 0.00015092154331142709,
    "batch_size": 128,
    "dropout": 0.4986863284828928,
    "repr_dim": 64
  },
  "phase1_elapsed_s": 1937.4210674762726
}