{
  "arch": "lstm_raw",
  "summary": {
    "val_total": {
      "mean": 1.30006908499209,
      "std": 0.07304690556721782,
      "n": 5
    },
    "exercise": {
      "f1_macro": {
        "mean": 0.16059669584496042,
        "std": 0.07112517592346036,
        "n": 5
      },
      "balanced_accuracy": {
        "mean": 0.27742958062426937,
        "std": 0.05485916124853874,
        "n": 5
      }
    },
    "phase": {
      "f1_macro": {
        "mean": 0.2766802581741868,
        "std": 0.050682754299919905,
        "n": 5
      },
      "balanced_accuracy": {
        "mean": 0.3315457657911886,
        "std": 0.0028378870465533487,
        "n": 5
      }
    },
    "fatigue": {
      "mae": {
        "mean": 0.9801323677441902,
        "std": 0.1873683835934225,
        "n": 5
      },
      "pearson_r": {
        "mean": 0.13561455464794656,
        "std": 0.19867781110397637,
        "n": 5
      }
    },
    "reps": {
      "mae": {
        "mean": 0.11279419499556813,
        "std": 0.019382380215057105,
        "n": 5
      }
    }
  },
  "enabled_tasks": [
    "exercise",
    "phase",
    "fatigue",
    "reps"
  ],
  "all_results": [
    {
      "seed": 42,
      "fold": 0,
      "test_subjects": [
        "Tias",
        "sivert"
      ],
      "metrics": {
        "exercise": {
          "f1_macro": 0.11042183622828784,
          "balanced_accuracy": 0.25,
          "n": 1256
        },
        "phase": {
          "f1_macro": 0.3082122061941333,
          "balanced_accuracy": 0.32591094597955034,
          "n": 1069
        },
        "fatigue": {
          "mae": 1.1309495670780254,
          "pearson_r": 0.27516559022567666,
          "n": 1256
        },
        "reps": {
          "mae": 0.13728698682792367,
          "n": 1067
        },
        "val_total": 1.3536570406263801,
        "val_total_per_task": {
          "exercise": 1.3421343132189125,
          "phase": 0.41965030352021476,
          "fatigue": 1.130949566698378,
          "reps": 0.014059465734442328
        }
      }
    },
    {
      "seed": 42,
      "fold": 1,
      "test_subjects": [
        "Raghild",
        "michael"
      ],
      "metrics": {
        "exercise": {
          "f1_macro": 0.30082289583043725,
          "balanced_accuracy": 0.38714790312134684,
          "n": 1361
        },
        "phase": {
          "f1_macro": 0.3271242073417348,
          "balanced_accuracy": 0.3325262416082489,
          "n": 969
        },
        "fatigue": {
          "mae": 1.2463807632255695,
          "pearson_r": 0.3881126509709788,
          "n": 1361
        },
        "reps": {
          "mae": 0.09706565843415892,
          "n": 964
        },
        "val_total": 1.4010614689267094,
        "val_total_per_task": {
          "exercise": 1.2362432662044527,
          "phase": 0.49476201787404855,
          "fatigue": 1.246380763838696,
          "reps": 0.008289674470443374
        }
      }
    },
    {
      "seed": 42,
      "fold": 2,
      "test_subjects": [
        "Juile",
        "lucas 2"
      ],
      "metrics": {
        "exercise": {
          "f1_macro": 0.12293853073463268,
          "balanced_accuracy": 0.25,
          "n": 1509
        },
        "phase": {
          "f1_macro": 0.31789500108399227,
          "balanced_accuracy": 0.3326249747014774,
          "n": 1113
        },
        "fatigue": {
          "mae": 0.9601324345593109,
          "pearson_r": 0.1885172170399974,
          "n": 1509
        },
        "reps": {
          "mae": 0.08798670228242592,
          "n": 1107
        },
        "val_total": 1.3088391633757381,
        "val_total_per_task": {
          "exercise": 1.3065972730290265,
          "phase": 0.5150209446866596,
          "fatigue": 0.9601324365737819,
          "reps": 0.007515597484284991
        }
      }
    },
    {
      "seed": 42,
      "fold": 3,
      "test_subjects": [
        "Hytten",
        "lucas"
      ],
      "metrics": {
        "exercise": {
          "f1_macro": 0.14709636247606891,
          "balanced_accuracy": 0.25,
          "n": 1106
        },
        "phase": {
          "f1_macro": 0.218104062722737,
          "balanced_accuracy": 0.3333333333333333,
          "n": 944
        },
        "fatigue": {
          "mae": 0.8181368670886076,
          "pearson_r": -0.16542609807435454,
          "n": 1106
        },
        "reps": {
          "mae": 0.13279486149544537,
          "n": 941
        },
        "val_total": 1.2281285476943253,
        "val_total_per_task": {
          "exercise": 1.3003671348202723,
          "phase": 0.5098850363848654,
          "fatigue": 0.8181368683820176,
          "reps": 0.013025865821036466
        }
      }
    },
    {
      "seed": 42,
      "fold": 4,
      "test_subjects": [
        "kiyomi"
      ],
      "metrics": {
        "exercise": {
          "f1_macro": 0.12170385395537525,
          "balanced_accuracy": 0.25,
          "n": 746
        },
        "phase": {
          "f1_macro": 0.2120658135283364,
          "balanced_accuracy": 0.3333333333333333,
          "n": 746
        },
        "fatigue": {
          "mae": 0.745062206769437,
          "pearson_r": -0.008296586922565586,
          "n": 746
        },
        "reps": {
          "mae": 0.10883676593788667,
          "n": 746
        },
        "val_total": 1.2086592043372966,
        "val_total_per_task": {
          "exercise": 1.3876442771814463,
          "phase": 0.479678852948043,
          "fatigue": 0.7450622179552953,
          "reps": 0.010304315053126288
        }
      }
    }
  ]
}