{
  "exercise": {
    "f1_macro": 0.3115641799756799,
    "balanced_accuracy": 0.36439585396673607,
    "n": 1256
  },
  "phase": {
    "f1_macro": 0.3205583104562043,
    "balanced_accuracy": 0.3320156127339838,
    "n": 1069
  },
  "fatigue": {
    "mae": 1.0218016023089171,
    "pearson_r": 0.40787193641855773,
    "n": 1256
  },
  "reps": {
    "mae": 0.14296997364064035,
    "n": 1067
  },
  "val_total": 0.7197774306983705,
  "val_total_per_task": {
    "exercise": 1.102248670189244,
    "phase": 0.42713780312021826,
    "fatigue": 1.0218015973735008,
    "reps": 0.014636753275278648
  }
}