{
  "exercise": {
    "f1_macro": 0.6233142592019796,
    "balanced_accuracy": 0.6189474587912087,
    "n": 304
  },
  "phase": {
    "f1_macro": 0.5147982085257933,
    "balanced_accuracy": 0.5356261128484431,
    "n": 229
  },
  "fatigue": {
    "mae": 1.1195646587171053,
    "pearson_r": 0.0898886634205209,
    "n": 304
  },
  "reps": {
    "mae": 0.347000625924178,
    "n": 223
  },
  "val_total": 0.9772468428862723,
  "val_total_per_task": {
    "exercise": 1.1677279409609342,
    "phase": 0.2571193560173637,
    "fatigue": 1.1195646649912785,
    "reps": 0.1017052405758908
  }
}