{
  "exercise": {
    "f1_macro": 0.3618113912231559,
    "balanced_accuracy": 0.45180722891566266,
    "n": 374
  },
  "phase": {
    "f1_macro": 0.2174174174174174,
    "balanced_accuracy": 0.3333333333333333,
    "n": 374
  },
  "fatigue": {
    "mae": 1.1043720755347595,
    "pearson_r": 0.08869580984607811,
    "n": 374
  },
  "reps": {
    "mae": 0.2148018050764533,
    "n": 374
  },
  "val_total": 0.5869770477162325,
  "val_total_per_task": {
    "exercise": 1.0694919340113267,
    "phase": 0.3332681694132759,
    "fatigue": 1.1043720972091757,
    "reps": 0.035772237010340005
  }
}