{
  "arch": "lstm_raw",
  "summary": {
    "val_total": {
      "mean": -0.33372249919048286,
      "std": 0.2550770424625714,
      "n": 5
    },
    "exercise": {
      "f1_macro": {
        "mean": 0.32352674735998715,
        "std": 0.08981373341126767,
        "n": 5
      },
      "balanced_accuracy": {
        "mean": 0.36748890207841917,
        "std": 0.10255072769224913,
        "n": 5
      }
    },
    "phase": {
      "f1_macro": {
        "mean": 0.308329703733127,
        "std": 0.015128210994989618,
        "n": 5
      },
      "balanced_accuracy": {
        "mean": 0.3337531861002673,
        "std": 0.007846056653115597,
        "n": 5
      }
    },
    "fatigue": {
      "mae": {
        "mean": 1.034466260127307,
        "std": 0.16885847012866617,
        "n": 5
      },
      "pearson_r": {
        "mean": 0.23150865215444805,
        "std": 0.21476864649336977,
        "n": 5
      }
    },
    "reps": {
      "mae": {
        "mean": 0.10616944113172373,
        "std": 0.012505942044699113,
        "n": 5
      }
    }
  },
  "enabled_tasks": [
    "exercise",
    "phase",
    "fatigue",
    "reps"
  ],
  "all_results": [
    {
      "seed": 42,
      "fold": 0,
      "test_subjects": [
        "Tias",
        "sivert"
      ],
      "metrics": {
        "exercise": {
          "f1_macro": 0.350337268618607,
          "balanced_accuracy": 0.4186303974135674,
          "n": 1256
        },
        "phase": {
          "f1_macro": 0.28240596972706394,
          "balanced_accuracy": 0.32382282813802793,
          "n": 1069
        },
        "fatigue": {
          "mae": 1.076420680732484,
          "pearson_r": 0.3143348264572479,
          "n": 1256
        },
        "reps": {
          "mae": 0.11745654972140951,
          "n": 1067
        },
        "val_total": -0.5416326743022651,
        "val_total_per_task": {
          "exercise": 1.14836615969421,
          "phase": 0.42618568858523276,
          "fatigue": 1.0764206811121315,
          "reps": 0.011262604557452309
        }
      }
    },
    {
      "seed": 42,
      "fold": 1,
      "test_subjects": [
        "Raghild",
        "michael"
      ],
      "metrics": {
        "exercise": {
          "f1_macro": 0.33945590630586575,
          "balanced_accuracy": 0.3973190231064155,
          "n": 1361
        },
        "phase": {
          "f1_macro": 0.3032672960730514,
          "balanced_accuracy": 0.33923815882200214,
          "n": 969
        },
        "fatigue": {
          "mae": 1.2825013776634828,
          "pearson_r": 0.23527728391604566,
          "n": 1361
        },
        "reps": {
          "mae": 0.09725663752809044,
          "n": 964
        },
        "val_total": -0.10623192629509337,
        "val_total_per_task": {
          "exercise": 1.3509536272983704,
          "phase": 0.7041296725935309,
          "fatigue": 1.2825013778386618,
          "reps": 0.007890071218982503
        }
      }
    },
    {
      "seed": 42,
      "fold": 2,
      "test_subjects": [
        "Juile",
        "lucas 2"
      ],
      "metrics": {
        "exercise": {
          "f1_macro": 0.4103127702459443,
          "balanced_accuracy": 0.40730736679804275,
          "n": 1509
        },
        "phase": {
          "f1_macro": 0.326471917927317,
          "balanced_accuracy": 0.34589151993523576,
          "n": 1113
        },
        "fatigue": {
          "mae": 1.0257491509277668,
          "pearson_r": 0.335699630534075,
          "n": 1509
        },
        "reps": {
          "mae": 0.08668449952442943,
          "n": 1107
        },
        "val_total": -0.11798913957584449,
        "val_total_per_task": {
          "exercise": 1.1894900615520236,
          "phase": 0.8208053710248946,
          "fatigue": 1.0257491456348427,
          "reps": 0.007114201271258457
        }
      }
    },
    {
      "seed": 42,
      "fold": 3,
      "test_subjects": [
        "Hytten",
        "lucas"
      ],
      "metrics": {
        "exercise": {
          "f1_macro": 0.15050558495002941,
          "balanced_accuracy": 0.1653240867104337,
          "n": 1106
        },
        "phase": {
          "f1_macro": 0.31893632462892424,
          "balanced_accuracy": 0.3288635884461311,
          "n": 944
        },
        "fatigue": {
          "mae": 1.0346335330018084,
          "pearson_r": -0.1758923426060344,
          "n": 1106
        },
        "reps": {
          "mae": 0.11967986547061531,
          "n": 941
        },
        "val_total": -0.1719910087464731,
        "val_total_per_task": {
          "exercise": 1.6320323982894098,
          "phase": 0.504973867918225,
          "fatigue": 1.0346335351574916,
          "reps": 0.01210646637316261
        }
      }
    },
    {
      "seed": 42,
      "fold": 4,
      "test_subjects": [
        "kiyomi"
      ],
      "metrics": {
        "exercise": {
          "f1_macro": 0.36702220667948937,
          "balanced_accuracy": 0.44886363636363635,
          "n": 746
        },
        "phase": {
          "f1_macro": 0.31056701030927836,
          "balanced_accuracy": 0.3309498351599394,
          "n": 746
        },
        "fatigue": {
          "mae": 0.753026558310992,
          "pearson_r": 0.448123862470906,
          "n": 746
        },
        "reps": {
          "mae": 0.10976965341407396,
          "n": 746
        },
        "val_total": -0.7307677470327383,
        "val_total_per_task": {
          "exercise": 1.0749597632533423,
          "phase": 0.4776819851698888,
          "fatigue": 0.7530265547954365,
          "reps": 0.009704535514935253
        }
      }
    }
  ]
}