{
  "exercise": {
    "f1_macro": 0.4651434213379904,
    "balanced_accuracy": 0.5324882281578351,
    "n": 266
  },
  "phase": {
    "f1_macro": 0.25708172871202395,
    "balanced_accuracy": 0.35064935064935066,
    "n": 194
  },
  "fatigue": {
    "mae": 1.4570899906015038,
    "pearson_r": 0.13987191831970652,
    "n": 266
  },
  "reps": {
    "mae": 0.4036455902926348,
    "n": 189
  },
  "val_total": 1.4668309240412891,
  "val_total_per_task": {
    "exercise": 1.397132242532601,
    "phase": 0.4275516388111545,
    "fatigue": 1.4570899897051932,
    "reps": 0.11989664493646837
  }
}