{
  "exercise": {
    "f1_macro": 0.30322947037467135,
    "balanced_accuracy": 0.3444771202469674,
    "n": 1361
  },
  "phase": {
    "f1_macro": 0.31112159555808927,
    "balanced_accuracy": 0.31567226734913395,
    "n": 969
  },
  "fatigue": {
    "mae": 1.1683332567964733,
    "pearson_r": 0.38326984256947266,
    "n": 1361
  },
  "reps": {
    "mae": 0.0966067625831859,
    "n": 964
  },
  "val_total": 1.231788653822877,
  "val_total_per_task": {
    "exercise": 1.321852929271555,
    "phase": 0.7055081014331871,
    "fatigue": 1.168333254431557,
    "reps": 0.0077341230891365765
  }
}