{
  "exercise": {
    "f1_macro": 0.35376271144144567,
    "balanced_accuracy": 0.41754892250947717,
    "n": 1256
  },
  "phase": {
    "f1_macro": 0.30500172419198096,
    "balanced_accuracy": 0.3314475666661791,
    "n": 1069
  },
  "fatigue": {
    "mae": 1.091121989450637,
    "pearson_r": 0.3091833698402936,
    "n": 1256
  },
  "reps": {
    "mae": 0.1376043326821922,
    "n": 1067
  },
  "val_total": -0.4240108538585104,
  "val_total_per_task": {
    "exercise": 1.1621661353263126,
    "phase": 0.42626180561484805,
    "fatigue": 1.0911219909692267,
    "reps": 0.013760163027579618
  }
}