{
  "exercise": {
    "f1_macro": 0.30867014341590615,
    "balanced_accuracy": 0.38235294117647056,
    "n": 149
  },
  "phase": {
    "f1_macro": 0.20249221183800623,
    "balanced_accuracy": 0.3333333333333333,
    "n": 149
  },
  "fatigue": {
    "mae": 0.7753513003355704,
    "pearson_r": 0.44520156811569145,
    "n": 149
  },
  "reps": {
    "mae": 0.5377896602996843,
    "n": 149
  },
  "val_total": 1.0738904476165771,
  "val_total_per_task": {
    "exercise": 1.2538796663284302,
    "phase": 0.31990137696266174,
    "fatigue": 0.7753512859344482,
    "reps": 0.19764184951782227
  }
}