{
  "exercise": {
    "f1_macro": 0.27966215921301774,
    "balanced_accuracy": 0.3665633595748027,
    "n": 1361
  },
  "phase": {
    "f1_macro": 0.33606983571531934,
    "balanced_accuracy": 0.3404265420422092,
    "n": 969
  },
  "fatigue": {
    "mae": 1.2793069204628948,
    "pearson_r": 0.3306771540772271,
    "n": 1361
  },
  "reps": {
    "mae": 0.09633389635289791,
    "n": 964
  },
  "val_total": -0.13873472220752275,
  "val_total_per_task": {
    "exercise": 1.3180093930802916,
    "phase": 0.6845670920098029,
    "fatigue": 1.2793069181855683,
    "reps": 0.007735285949041351
  }
}