{
  "exercise": {
    "f1_macro": 0.3558991800061485,
    "balanced_accuracy": 0.39015139194412785,
    "n": 1509
  },
  "phase": {
    "f1_macro": 0.3168212114059637,
    "balanced_accuracy": 0.3267455980570734,
    "n": 1113
  },
  "fatigue": {
    "mae": 0.8833509360503645,
    "pearson_r": 0.2944854363770278,
    "n": 1509
  },
  "reps": {
    "mae": 0.0889113336837705,
    "n": 1107
  },
  "val_total": 1.1608879578042457,
  "val_total_per_task": {
    "exercise": 1.1776029398458694,
    "phase": 0.8292415635802242,
    "fatigue": 0.8833509364058594,
    "reps": 0.007414281054420275
  }
}