{
  "exercise": {
    "f1_macro": 0.36585868822323303,
    "balanced_accuracy": 0.4545454545454546,
    "n": 746
  },
  "phase": {
    "f1_macro": 0.21648611734770243,
    "balanced_accuracy": 0.33304374944310794,
    "n": 746
  },
  "fatigue": {
    "mae": 1.0963838388069704,
    "pearson_r": 0.03639954723829344,
    "n": 746
  },
  "reps": {
    "mae": 0.1177346188994499,
    "n": 746
  },
  "val_total": 1.1071398210269836,
  "val_total_per_task": {
    "exercise": 1.042705968301993,
    "phase": 0.4806222417878721,
    "fatigue": 1.0963838560651518,
    "reps": 0.010770860609995455
  }
}