{
  "exercise": {
    "f1_macro": 0.46826116716552874,
    "balanced_accuracy": 0.48935030743066454,
    "n": 304
  },
  "phase": {
    "f1_macro": 0.43776842206558086,
    "balanced_accuracy": 0.43397972059711015,
    "n": 229
  },
  "fatigue": {
    "mae": 1.2081106085526316,
    "pearson_r": -0.009270978377167824,
    "n": 304
  },
  "reps": {
    "mae": 0.29719975312144364,
    "n": 223
  },
  "val_total": 2.2629458025882117,
  "val_total_per_task": {
    "exercise": 1.1344893543343795,
    "phase": 0.2895481555085433,
    "fatigue": 1.2081106085526316,
    "reps": 0.07099229018939168
  }
}