{
  "lr": 0.0005595074635794797,
  "weight_decay": 2.3233503515390116e-06,
  "batch_size": 256,
  "dropout": 0.20351199264000677,
  "repr_dim": 64,
  "lstm_hidden": 128,
  "lstm_layers": 2,
  "_patience": 50
}