{
  "arch": "cnn_lstm_raw",
  "summary": {
    "val_total": {
      "mean": 0.8274637249561891,
      "std": 0.18046292346936155,
      "n": 5
    },
    "exercise": {
      "f1_macro": {
        "mean": 0.46449718766231873,
        "std": 0.11186013113370978,
        "n": 5
      },
      "balanced_accuracy": {
        "mean": 0.4928431542553165,
        "std": 0.10503706820983416,
        "n": 5
      }
    },
    "phase": {
      "f1_macro": {
        "mean": 0.30093931124324663,
        "std": 0.042619959085052304,
        "n": 5
      },
      "balanced_accuracy": {
        "mean": 0.3364722373800023,
        "std": 0.03071890631246472,
        "n": 5
      }
    },
    "fatigue": {
      "mae": {
        "mean": 1.136374520675,
        "std": 0.1354463043179379,
        "n": 5
      },
      "pearson_r": {
        "mean": 0.18030313141309948,
        "std": 0.27274878585700607,
        "n": 5
      }
    },
    "reps": {
      "mae": {
        "mean": 0.45824237856763206,
        "std": 0.0751450386588788,
        "n": 5
      }
    }
  },
  "enabled_tasks": [
    "exercise",
    "phase",
    "fatigue",
    "reps"
  ],
  "all_results": [
    {
      "seed": 42,
      "fold": 0,
      "test_subjects": [
        "Tias",
        "sivert"
      ],
      "metrics": {
        "exercise": {
          "f1_macro": 0.5616176506420409,
          "balanced_accuracy": 0.5723414405630903,
          "n": 252
        },
        "phase": {
          "f1_macro": 0.22973227059063972,
          "balanced_accuracy": 0.2924077924077924,
          "n": 217
        },
        "fatigue": {
          "mae": 1.0817212301587302,
          "pearson_r": 0.26457344461074284,
          "n": 252
        },
        "reps": {
          "mae": 0.6071818295831435,
          "n": 214
        },
        "val_total": 0.7754788663652208,
        "val_total_per_task": {
          "exercise": 0.8941340181562636,
          "phase": 0.30165438377667986,
          "fatigue": 1.0817211960989332,
          "reps": 0.2558231091215497
        }
      }
    },
    {
      "seed": 42,
      "fold": 1,
      "test_subjects": [
        "Raghild",
        "michael"
      ],
      "metrics": {
        "exercise": {
          "f1_macro": 0.385216240070609,
          "balanced_accuracy": 0.4555677215059733,
          "n": 266
        },
        "phase": {
          "f1_macro": 0.275646435140106,
          "balanced_accuracy": 0.30623196248196244,
          "n": 194
        },
        "fatigue": {
          "mae": 1.2965666118421053,
          "pearson_r": 0.2031299257949158,
          "n": 266
        },
        "reps": {
          "mae": 0.4277466470424933,
          "n": 189
        },
        "val_total": 1.0490480042938004,
        "val_total_per_task": {
          "exercise": 1.2896343604066318,
          "phase": 0.38532126218752755,
          "fatigue": 1.2965666118421053,
          "reps": 0.14186571952991917
        }
      }
    },
    {
      "seed": 42,
      "fold": 2,
      "test_subjects": [
        "Juile",
        "lucas 2"
      ],
      "metrics": {
        "exercise": {
          "f1_macro": 0.40430529904682294,
          "balanced_accuracy": 0.38535943223443225,
          "n": 304
        },
        "phase": {
          "f1_macro": 0.33585359566973105,
          "balanced_accuracy": 0.3599818452959865,
          "n": 229
        },
        "fatigue": {
          "mae": 1.211464329769737,
          "pearson_r": 0.22340841522704843,
          "n": 304
        },
        "reps": {
          "mae": 0.40293399343526015,
          "n": 223
        },
        "val_total": 1.008244144289117,
        "val_total_per_task": {
          "exercise": 1.3559863441868831,
          "phase": 0.3603923140387786,
          "fatigue": 1.211464329769737,
          "reps": 0.1311127265032969
        }
      }
    },
    {
      "seed": 42,
      "fold": 3,
      "test_subjects": [
        "Hytten",
        "lucas"
      ],
      "metrics": {
        "exercise": {
          "f1_macro": 0.631147884915757,
          "balanced_accuracy": 0.6554202161887726,
          "n": 218
        },
        "phase": {
          "f1_macro": 0.34306195596518174,
          "balanced_accuracy": 0.36497890295358654,
          "n": 187
        },
        "fatigue": {
          "mae": 1.189462084288991,
          "pearson_r": -0.3138437109745982,
          "n": 218
        },
        "reps": {
          "mae": 0.4325433473872102,
          "n": 184
        },
        "val_total": 0.7443817285222745,
        "val_total_per_task": {
          "exercise": 1.0629737245927162,
          "phase": 0.30734957276134317,
          "fatigue": 1.189462122567203,
          "reps": 0.1388398223650565
        }
      }
    },
    {
      "seed": 42,
      "fold": 4,
      "test_subjects": [
        "kiyomi"
      ],
      "metrics": {
        "exercise": {
          "f1_macro": 0.34019886363636365,
          "balanced_accuracy": 0.3955269607843137,
          "n": 149
        },
        "phase": {
          "f1_macro": 0.3204022988505747,
          "balanced_accuracy": 0.35876068376068376,
          "n": 149
        },
        "fatigue": {
          "mae": 0.9026583473154363,
          "pearson_r": 0.5242475824073886,
          "n": 149
        },
        "reps": {
          "mae": 0.42080607539005327,
          "n": 149
        },
        "val_total": 0.5601658813105334,
        "val_total_per_task": {
          "exercise": 1.006862008331606,
          "phase": 0.29008980585424693,
          "fatigue": 0.9026583473154363,
          "reps": 0.1375295303811963
        }
      }
    }
  ]
}