{
  "lr": 0.0014671548321121659,
  "weight_decay": 9.883836730313366e-05,
  "batch_size": 64,
  "dropout": 0.2652072858179096,
  "repr_dim": 128,
  "lstm_hidden": 32,
  "lstm_layers": 1,
  "_patience": 50
}