{
  "exercise": {
    "f1_macro": 0.2772743470956575,
    "balanced_accuracy": 0.38443845417443445,
    "n": 1361
  },
  "phase": {
    "f1_macro": 0.3236862984881241,
    "balanced_accuracy": 0.3283305515374059,
    "n": 969
  },
  "fatigue": {
    "mae": 1.268113404665687,
    "pearson_r": 0.3297397208962368,
    "n": 1361
  },
  "reps": {
    "mae": 0.09680417632003975,
    "n": 964
  },
  "val_total": 0.5700386206863735,
  "val_total_per_task": {
    "exercise": 1.278145059778969,
    "phase": 0.494867052710468,
    "fatigue": 1.268113398359244,
    "reps": 0.008243568819481538
  }
}