{
  "exercise": {
    "f1_macro": 0.40074278435835353,
    "balanced_accuracy": 0.4102003150789394,
    "n": 69958
  },
  "phase": {
    "f1_macro": 0.24376317373877152,
    "balanced_accuracy": 0.33150475940930707,
    "n": 40865
  },
  "fatigue": {
    "mae": 0.9675310557155565,
    "pearson_r": -0.020528452794100226,
    "n": 69958
  },
  "reps": {
    "mae": 2.3566962753118843,
    "n": 69958
  }
}