{
  "exercise": {
    "f1_macro": 0.32591768631813123,
    "balanced_accuracy": 0.40464411719588894,
    "n": 755
  },
  "phase": {
    "f1_macro": 0.2708243291152878,
    "balanced_accuracy": 0.3369529220249173,
    "n": 560
  },
  "fatigue": {
    "mae": 0.9309861341059603,
    "pearson_r": 0.45322683491025884,
    "n": 755
  },
  "reps": {
    "mae": 0.17122052440046592,
    "n": 554
  },
  "val_total": 0.8788091006657935,
  "val_total_per_task": {
    "exercise": 1.1371990300172212,
    "phase": 0.39548763088043165,
    "fatigue": 0.9309861299217932,
    "reps": 0.030222193213389408
  }
}