{
  "exercise": {
    "f1_macro": 0.2910331765935214,
    "balanced_accuracy": 0.32575060364597774,
    "n": 626
  },
  "phase": {
    "f1_macro": 0.30663768930153706,
    "balanced_accuracy": 0.3246003898635478,
    "n": 533
  },
  "fatigue": {
    "mae": 1.0890200678913737,
    "pearson_r": 0.2748720873215503,
    "n": 626
  },
  "reps": {
    "mae": 0.2664374412693392,
    "n": 531
  },
  "val_total": 0.07264309340772537,
  "val_total_per_task": {
    "exercise": 1.1354180924808637,
    "phase": 0.28507288509664447,
    "fatigue": 1.089020073604279,
    "reps": 0.05089365374951507
  }
}