{
  "exercise": {
    "f1_macro": 0.41320555658815183,
    "balanced_accuracy": 0.4097147272370487,
    "n": 304
  },
  "phase": {
    "f1_macro": 0.23542254846602673,
    "balanced_accuracy": 0.3345004214484861,
    "n": 229
  },
  "fatigue": {
    "mae": 1.2653294613486843,
    "pearson_r": -0.07860869057428854,
    "n": 304
  },
  "reps": {
    "mae": 0.40208176141312435,
    "n": 223
  },
  "val_total": 1.204221524690327,
  "val_total_per_task": {
    "exercise": 1.3823031312540959,
    "phase": 0.35396991356423024,
    "fatigue": 1.2653294676228573,
    "reps": 0.12555328991852308
  }
}