{
  "exercise": {
    "f1_macro": 0.3200203550905722,
    "balanced_accuracy": 0.36362434760675966,
    "n": 682
  },
  "phase": {
    "f1_macro": 0.2691795384103077,
    "balanced_accuracy": 0.30677129384025936,
    "n": 488
  },
  "fatigue": {
    "mae": 1.1615767045454546,
    "pearson_r": 0.33445819657330406,
    "n": 682
  },
  "reps": {
    "mae": 0.18017119012340224,
    "n": 482
  },
  "val_total": 0.49382543703677717,
  "val_total_per_task": {
    "exercise": 1.5090339344617558,
    "phase": 0.5147864965399689,
    "fatigue": 1.1615767080413282,
    "reps": 0.027968160917332445
  }
}