{
  "exercise": {
    "f1_macro": 0.17295972443031266,
    "balanced_accuracy": 0.18300376647834277,
    "n": 218
  },
  "phase": {
    "f1_macro": 0.34180790960451973,
    "balanced_accuracy": 0.38785001917913303,
    "n": 187
  },
  "fatigue": {
    "mae": 1.257149512614679,
    "pearson_r": -0.3166210354381151,
    "n": 218
  },
  "reps": {
    "mae": 0.4768821840053019,
    "n": 184
  },
  "val_total": 1.588480830192566,
  "val_total_per_task": {
    "exercise": 1.610641598701477,
    "phase": 0.32896026968955994,
    "fatigue": 1.2571494579315186,
    "reps": 0.1858864277601242
  }
}