{
  "exercise": {
    "f1_macro": 0.5405001388199038,
    "balanced_accuracy": 0.5468866042068847,
    "n": 218
  },
  "phase": {
    "f1_macro": 0.38310060142823893,
    "balanced_accuracy": 0.39527234369006514,
    "n": 187
  },
  "fatigue": {
    "mae": 1.212890625,
    "pearson_r": -0.37985706254832213,
    "n": 218
  },
  "reps": {
    "mae": 0.43567667998697446,
    "n": 184
  },
  "val_total": 1.2121398820789582,
  "val_total_per_task": {
    "exercise": 1.2800954930279234,
    "phase": 0.33823565796974603,
    "fatigue": 1.2128906217190103,
    "reps": 0.14552879456533205
  }
}