{
  "exercise": {
    "f1_macro": 0.3122646976873781,
    "balanced_accuracy": 0.3916238657764082,
    "n": 218
  },
  "phase": {
    "f1_macro": 0.20037620037620038,
    "balanced_accuracy": 0.3202435749904104,
    "n": 187
  },
  "fatigue": {
    "mae": 1.36143563646789,
    "pearson_r": -0.4436359329617429,
    "n": 218
  },
  "reps": {
    "mae": 0.4299734348188276,
    "n": 184
  },
  "val_total": 1.5681407451629639,
  "val_total_per_task": {
    "exercise": 1.6529988050460815,
    "phase": 0.3299480974674225,
    "fatigue": 1.3614355325698853,
    "reps": 0.1672801971435547
  }
}