{
  "exercise": {
    "f1_macro": 0.46810862773371786,
    "balanced_accuracy": 0.54004996607242,
    "n": 266
  },
  "phase": {
    "f1_macro": 0.29248366013071897,
    "balanced_accuracy": 0.3383838383838384,
    "n": 194
  },
  "fatigue": {
    "mae": 1.4083940319548873,
    "pearson_r": 0.11570595338145978,
    "n": 266
  },
  "reps": {
    "mae": 0.48960583845261857,
    "n": 189
  },
  "val_total": 1.7867237750748943,
  "val_total_per_task": {
    "exercise": 1.5072692713343112,
    "phase": 0.44896861126548365,
    "fatigue": 1.408394031506732,
    "reps": 0.16889448811237076
  }
}