{
  "exercise": {
    "f1_macro": 0.2539186507936508,
    "balanced_accuracy": 0.2980132450331126,
    "n": 557
  },
  "phase": {
    "f1_macro": 0.23990610328638495,
    "balanced_accuracy": 0.32315028161802356,
    "n": 477
  },
  "fatigue": {
    "mae": 1.0386417190305206,
    "pearson_r": -0.32660091755706694,
    "n": 557
  },
  "reps": {
    "mae": 0.22374689195625375,
    "n": 474
  },
  "val_total": 1.0399336459606725,
  "val_total_per_task": {
    "exercise": 1.438888576557221,
    "phase": 0.3996876773543161,
    "fatigue": 1.0386417318717367,
    "reps": 0.04272420540839915
  }
}