{
  "exercise": {
    "f1_macro": 0.35407856213402733,
    "balanced_accuracy": 0.4341856060606061,
    "n": 746
  },
  "phase": {
    "f1_macro": 0.2941325714537853,
    "balanced_accuracy": 0.3033502628530696,
    "n": 746
  },
  "fatigue": {
    "mae": 0.6020965985254692,
    "pearson_r": 0.6607409371152119,
    "n": 746
  },
  "reps": {
    "mae": 0.10632771129243015,
    "n": 746
  },
  "val_total": -0.7635521121702629,
  "val_total_per_task": {
    "exercise": 1.1855979304530986,
    "phase": 0.4786808663334987,
    "fatigue": 0.6020965977264793,
    "reps": 0.009971239941129736
  }
}