{
  "exercise": {
    "f1_macro": 0.5559549095306456,
    "balanced_accuracy": 0.544011234301413,
    "n": 304
  },
  "phase": {
    "f1_macro": 0.3821809425524596,
    "balanced_accuracy": 0.4094858328470466,
    "n": 229
  },
  "fatigue": {
    "mae": 1.1542069284539473,
    "pearson_r": 0.26921566909488803,
    "n": 304
  },
  "reps": {
    "mae": 0.40544545732755966,
    "n": 223
  },
  "val_total": 0.9344242058302227,
  "val_total_per_task": {
    "exercise": 1.2107716547815424,
    "phase": 0.35705938621571187,
    "fatigue": 1.1542069284539473,
    "reps": 0.12065998504036352
  }
}