{
  "arch": "cnn_lstm_raw",
  "summary": {
    "val_total": {
      "mean": 2.198465860114022,
      "std": 0.874604827303742,
      "n": 15
    },
    "exercise": {
      "f1_macro": {
        "mean": 0.4756342569610161,
        "std": 0.19311583788402348,
        "n": 15
      },
      "balanced_accuracy": {
        "mean": 0.49833301708242195,
        "std": 0.17758490953161313,
        "n": 15
      }
    },
    "phase": {
      "f1_macro": {
        "mean": 0.38343548400808225,
        "std": 0.08082357266145478,
        "n": 15
      },
      "balanced_accuracy": {
        "mean": 0.42427512836684944,
        "std": 0.06473773573378423,
        "n": 15
      }
    },
    "fatigue": {
      "mae": {
        "mean": 1.100420882522517,
        "std": 0.12130906273112492,
        "n": 15
      },
      "pearson_r": {
        "mean": 0.06704809476089443,
        "std": 0.2273398651363938,
        "n": 15
      }
    },
    "reps": {
      "mae": {
        "mean": 0.3932927967809718,
        "std": 0.07460799079031678,
        "n": 15
      }
    }
  },
  "enabled_tasks": [
    "exercise",
    "phase",
    "fatigue",
    "reps"
  ],
  "all_results": [
    {
      "seed": 42,
      "fold": 0,
      "test_subjects": [
        "Tias",
        "sivert"
      ],
      "metrics": {
        "exercise": {
          "f1_macro": 0.49743620414673045,
          "balanced_accuracy": 0.5066464794945691,
          "n": 252
        },
        "phase": {
          "f1_macro": 0.44264554468981365,
          "balanced_accuracy": 0.4521829521829523,
          "n": 217
        },
        "fatigue": {
          "mae": 1.1324094742063493,
          "pearson_r": 0.22002069286724746,
          "n": 252
        },
        "reps": {
          "mae": 0.49292427221330526,
          "n": 214
        },
        "val_total": 2.8227907211061507,
        "val_total_per_task": {
          "exercise": 1.0965331376545013,
          "phase": 0.26380231787288,
          "fatigue": 1.132409440146552,
          "reps": 0.19740201319966996
        }
      }
    },
    {
      "seed": 42,
      "fold": 1,
      "test_subjects": [
        "Raghild",
        "michael"
      ],
      "metrics": {
        "exercise": {
          "f1_macro": 0.4420833333333333,
          "balanced_accuracy": 0.4851669648181276,
          "n": 266
        },
        "phase": {
          "f1_macro": 0.3209683037269244,
          "balanced_accuracy": 0.36954365079365087,
          "n": 194
        },
        "fatigue": {
          "mae": 1.2250058740601504,
          "pearson_r": 0.2577400295330011,
          "n": 266
        },
        "reps": {
          "mae": 0.4162166097630111,
          "n": 189
        },
        "val_total": 2.6690389590155807,
        "val_total_per_task": {
          "exercise": 1.1643540805443786,
          "phase": 0.3254401450766657,
          "fatigue": 1.2250058740601504,
          "reps": 0.12457497317091863
        }
      }
    },
    {
      "seed": 42,
      "fold": 2,
      "test_subjects": [
        "Juile",
        "lucas 2"
      ],
      "metrics": {
        "exercise": {
          "f1_macro": 0.17804836104164845,
          "balanced_accuracy": 0.196835344714809,
          "n": 304
        },
        "phase": {
          "f1_macro": 0.3139751191721893,
          "balanced_accuracy": 0.34228100888283736,
          "n": 229
        },
        "fatigue": {
          "mae": 1.08642578125,
          "pearson_r": 0.13072292235563732,
          "n": 304
        },
        "reps": {
          "mae": 0.4146746693914046,
          "n": 223
        },
        "val_total": 2.958840194501375,
        "val_total_per_task": {
          "exercise": 1.4886988652379889,
          "phase": 0.3718452430085132,
          "fatigue": 1.08642578125,
          "reps": 0.13450587580078527
        }
      }
    },
    {
      "seed": 42,
      "fold": 3,
      "test_subjects": [
        "Hytten",
        "lucas"
      ],
      "metrics": {
        "exercise": {
          "f1_macro": 0.24398315282791816,
          "balanced_accuracy": 0.29806967984934085,
          "n": 218
        },
        "phase": {
          "f1_macro": 0.40317449985315434,
          "balanced_accuracy": 0.388156885308784,
          "n": 187
        },
        "fatigue": {
          "mae": 1.0747204701834863,
          "pearson_r": -0.41577492066938865,
          "n": 218
        },
        "reps": {
          "mae": 0.4469374052208403,
          "n": 184
        },
        "val_total": 1.0837831130815208,
        "val_total_per_task": {
          "exercise": 1.314968308177563,
          "phase": 0.3155137472743288,
          "fatigue": 1.0747205095553616,
          "reps": 0.17446869919332889
        }
      }
    },
    {
      "seed": 42,
      "fold": 4,
      "test_subjects": [
        "kiyomi"
      ],
      "metrics": {
        "exercise": {
          "f1_macro": 0.8748759920634921,
          "balanced_accuracy": 0.8727161319073083,
          "n": 149
        },
        "phase": {
          "f1_macro": 0.416175216052817,
          "balanced_accuracy": 0.5485754985754986,
          "n": 149
        },
        "fatigue": {
          "mae": 0.9370281040268457,
          "pearson_r": 0.2747460614718903,
          "n": 149
        },
        "reps": {
          "mae": 0.31609571728880376,
          "n": 149
        },
        "val_total": 1.7358943303959482,
        "val_total_per_task": {
          "exercise": 0.29788654132577397,
          "phase": 0.24717583382289682,
          "fatigue": 0.9370281072270951,
          "reps": 0.08942377178510963
        }
      }
    },
    {
      "seed": 1337,
      "fold": 0,
      "test_subjects": [
        "Tias",
        "sivert"
      ],
      "metrics": {
        "exercise": {
          "f1_macro": 0.5734603783384271,
          "balanced_accuracy": 0.5872607945666795,
          "n": 252
        },
        "phase": {
          "f1_macro": 0.47331154684095855,
          "balanced_accuracy": 0.4461769461769462,
          "n": 217
        },
        "fatigue": {
          "mae": 1.0326605902777777,
          "pearson_r": 0.3649505896779072,
          "n": 252
        },
        "reps": {
          "mae": 0.4240535612209378,
          "n": 214
        },
        "val_total": 2.173462504432315,
        "val_total_per_task": {
          "exercise": 1.0258355443439786,
          "phase": 0.2712521172232098,
          "fatigue": 1.0326605581101918,
          "reps": 0.13372412087425353
        }
      }
    },
    {
      "seed": 1337,
      "fold": 1,
      "test_subjects": [
        "Raghild",
        "michael"
      ],
      "metrics": {
        "exercise": {
          "f1_macro": 0.3391537138111058,
          "balanced_accuracy": 0.40295941027697246,
          "n": 266
        },
        "phase": {
          "f1_macro": 0.4016414571656128,
          "balanced_accuracy": 0.4411075036075036,
          "n": 194
        },
        "fatigue": {
          "mae": 1.3729881343984962,
          "pearson_r": -0.026833483599437727,
          "n": 266
        },
        "reps": {
          "mae": 0.36530127454174577,
          "n": 189
        },
        "val_total": 1.125412304598586,
        "val_total_per_task": {
          "exercise": 1.2527204223145219,
          "phase": 0.26193865304602715,
          "fatigue": 1.3729881343984962,
          "reps": 0.10757734183978318
        }
      }
    },
    {
      "seed": 1337,
      "fold": 2,
      "test_subjects": [
        "Juile",
        "lucas 2"
      ],
      "metrics": {
        "exercise": {
          "f1_macro": 0.7895569847013721,
          "balanced_accuracy": 0.7854996565934066,
          "n": 304
        },
        "phase": {
          "f1_macro": 0.5519368632379327,
          "balanced_accuracy": 0.5385164015780627,
          "n": 229
        },
        "fatigue": {
          "mae": 0.9648951480263158,
          "pearson_r": 0.23712490755927462,
          "n": 304
        },
        "reps": {
          "mae": 0.252673091128836,