{
  "exercise": {
    "f1_macro": 0.4148435242546058,
    "balanced_accuracy": 0.4275963991365777,
    "n": 304
  },
  "phase": {
    "f1_macro": 0.3240667309684564,
    "balanced_accuracy": 0.3456525967710562,
    "n": 229
  },
  "fatigue": {
    "mae": 1.212440892269737,
    "pearson_r": 0.1535843675512818,
    "n": 304
  },
  "reps": {
    "mae": 0.4142086583611476,
    "n": 223
  },
  "val_total": 1.1120417996456748,
  "val_total_per_task": {
    "exercise": 1.23372609364359,
    "phase": 0.3661665045901349,
    "fatigue": 1.21244089854391,
    "reps": 0.1419122062231365
  }
}