{
  "exercise": {
    "f1_macro": 0.23422815963588856,
    "balanced_accuracy": 0.26624922785191996,
    "n": 1106
  },
  "phase": {
    "f1_macro": 0.32890717475244696,
    "balanced_accuracy": 0.3524632792184974,
    "n": 944
  },
  "fatigue": {
    "mae": 1.1375628673146474,
    "pearson_r": -0.23728320052222016,
    "n": 1106
  },
  "reps": {
    "mae": 0.11551947754413863,
    "n": 941
  },
  "val_total": 0.6359844981653996,
  "val_total_per_task": {
    "exercise": 1.5361897639297015,
    "phase": 0.5114045365162827,
    "fatigue": 1.1375628617098708,
    "reps": 0.01115194237226819
  }
}