{
  "lr": 0.0037926226390586773,
  "weight_decay": 0.00013024571074254479,
  "batch_size": 64,
  "dropout": 0.4409727201711649,
  "repr_dim": 64,
  "lstm_hidden": 32,
  "lstm_layers": 2,
  "_patience": 50
}