{
  "exercise": {
    "f1_macro": 0.47212943071965624,
    "balanced_accuracy": 0.4673179781449799,
    "n": 218
  },
  "phase": {
    "f1_macro": 0.2862836548653805,
    "balanced_accuracy": 0.36752013808975836,
    "n": 187
  },
  "fatigue": {
    "mae": 1.285514621559633,
    "pearson_r": -0.4019824668553849,
    "n": 218
  },
  "reps": {
    "mae": 0.44782087951898575,
    "n": 184
  },
  "val_total": 1.2086005210876465,
  "val_total_per_task": {
    "exercise": 1.1992411613464355,
    "phase": 0.33282899856567383,
    "fatigue": 1.2855145931243896,
    "reps": 0.15806461870670319
  }
}