{
  "exercise": {
    "f1_macro": 0.34766687591546347,
    "balanced_accuracy": 0.41299019607843135,
    "n": 149
  },
  "phase": {
    "f1_macro": 0.24973544973544973,
    "balanced_accuracy": 0.3002849002849003,
    "n": 149
  },
  "fatigue": {
    "mae": 0.73828125,
    "pearson_r": 0.37757902472965754,
    "n": 149
  },
  "reps": {
    "mae": 0.4787340055051066,
    "n": 149
  },
  "val_total": 0.7451401352882385,
  "val_total_per_task": {
    "exercise": 1.0906637907028198,
    "phase": 0.30790096521377563,
    "fatigue": 0.73828125,
    "reps": 0.18080496788024902
  }
}