{
  "exercise": {
    "f1_macro": 0.4103127702459443,
    "balanced_accuracy": 0.40730736679804275,
    "n": 1509
  },
  "phase": {
    "f1_macro": 0.326471917927317,
    "balanced_accuracy": 0.34589151993523576,
    "n": 1113
  },
  "fatigue": {
    "mae": 1.0257491509277668,
    "pearson_r": 0.335699630534075,
    "n": 1509
  },
  "reps": {
    "mae": 0.08668449952442943,
    "n": 1107
  },
  "val_total": -0.11798913957584449,
  "val_total_per_task": {
    "exercise": 1.1894900615520236,
    "phase": 0.8208053710248946,
    "fatigue": 1.0257491456348427,
    "reps": 0.007114201271258457
  }
}