{
  "exercise": {
    "f1_macro": 0.322291773267383,
    "balanced_accuracy": 0.35459679039759234,
    "n": 626
  },
  "phase": {
    "f1_macro": 0.2957902001380262,
    "balanced_accuracy": 0.30276803118908385,
    "n": 533
  },
  "fatigue": {
    "mae": 1.164474341054313,
    "pearson_r": 0.20980454529289994,
    "n": 626
  },
  "reps": {
    "mae": 0.2631008994235901,
    "n": 531
  },
  "val_total": 0.9731896578694303,
  "val_total_per_task": {
    "exercise": 1.1113842836203285,
    "phase": 0.2844792024586528,
    "fatigue": 1.1644743378170002,
    "reps": 0.04964043125629235
  }
}