{
  "exercise": {
    "f1_macro": 0.6422638504128367,
    "balanced_accuracy": 0.654713309450113,
    "n": 252
  },
  "phase": {
    "f1_macro": 0.32409863444346204,
    "balanced_accuracy": 0.349002849002849,
    "n": 217
  },
  "fatigue": {
    "mae": 1.0334046378968254,
    "pearson_r": 0.3812854080399396,
    "n": 252
  },
  "reps": {
    "mae": 0.5303272218138815,
    "n": 214
  },
  "val_total": 0.6456912926265171,
  "val_total_per_task": {
    "exercise": 0.8476494001963782,
    "phase": 0.2944228072015066,
    "fatigue": 1.0334046360046145,
    "reps": 0.1976499514920371
  }
}