{
  "exercise": {
    "f1_macro": 0.3875045033450301,
    "balanced_accuracy": 0.4197941195709053,
    "n": 304
  },
  "phase": {
    "f1_macro": 0.27782791485989744,
    "balanced_accuracy": 0.30120599105232443,
    "n": 229
  },
  "fatigue": {
    "mae": 1.0575015419407894,
    "pearson_r": 0.2877435545543867,
    "n": 304
  },
  "reps": {
    "mae": 0.4020162390695359,
    "n": 223
  },
  "val_total": 1.2094954754176892,
  "val_total_per_task": {
    "exercise": 1.0874239269055819,
    "phase": 0.3628581048626649,
    "fatigue": 1.057501545077876,
    "reps": 0.13310425532491585
  }
}