{
  "arch": "lstm_raw",
  "summary": {
    "val_total": {
      "mean": 0.12774459268122337,
      "std": 0.2795944287926043,
      "n": 5
    },
    "exercise": {
      "f1_macro": {
        "mean": 0.3651071856096973,
        "std": 0.06570025394453051,
        "n": 5
      },
      "balanced_accuracy": {
        "mean": 0.4150516002301673,
        "std": 0.0698985631019587,
        "n": 5
      }
    },
    "phase": {
      "f1_macro": {
        "mean": 0.3149342003882414,
        "std": 0.016181814656123176,
        "n": 5
      },
      "balanced_accuracy": {
        "mean": 0.34194490144721057,
        "std": 0.015342130043370086,
        "n": 5
      }
    },
    "fatigue": {
      "mae": {
        "mean": 1.0264524729666498,
        "std": 0.10514481380175701,
        "n": 5
      },
      "pearson_r": {
        "mean": 0.22821590693643828,
        "std": 0.23283617779988192,
        "n": 5
      }
    },
    "reps": {
      "mae": {
        "mean": 0.2081126546738906,
        "std": 0.03105509927420115,
        "n": 5
      }
    }
  },
  "enabled_tasks": [
    "exercise",
    "phase",
    "fatigue",
    "reps"
  ],
  "all_results": [
    {
      "seed": 42,
      "fold": 0,
      "test_subjects": [
        "Tias",
        "sivert"
      ],
      "metrics": {
        "exercise": {
          "f1_macro": 0.3887525562372188,
          "balanced_accuracy": 0.41560927788834634,
          "n": 626
        },
        "phase": {
          "f1_macro": 0.3317431609481621,
          "balanced_accuracy": 0.3638206627680312,
          "n": 533
        },
        "fatigue": {
          "mae": 1.072122104632588,
          "pearson_r": 0.3316506949144233,
          "n": 626
        },
        "reps": {
          "mae": 0.2445807150431791,
          "n": 531
        },
        "val_total": -0.0015956696610862073,
        "val_total_per_task": {
          "exercise": 1.2068911916531695,
          "phase": 0.27759649664068375,
          "fatigue": 1.072122100443124,
          "reps": 0.043222299571663805
        }
      }
    },
    {
      "seed": 42,
      "fold": 1,
      "test_subjects": [
        "Raghild",
        "michael"
      ],
      "metrics": {
        "exercise": {
          "f1_macro": 0.4344749272853645,
          "balanced_accuracy": 0.49196614507544156,
          "n": 682
        },
        "phase": {
          "f1_macro": 0.3109873634611266,
          "balanced_accuracy": 0.3454047548875135,
          "n": 488
        },
        "fatigue": {
          "mae": 1.1753430855938416,
          "pearson_r": 0.37433819338167884,
          "n": 682
        },
        "reps": {
          "mae": 0.1826201322801504,
          "n": 482
        },
        "val_total": 0.46771258273082744,
        "val_total_per_task": {
          "exercise": 1.490555623409685,
          "phase": 0.5229000045407203,
          "fatigue": 1.1753430873417785,
          "reps": 0.0284446156269644
        }
      }
    },
    {
      "seed": 42,
      "fold": 2,
      "test_subjects": [
        "Juile",
        "lucas 2"
      ],
      "metrics": {
        "exercise": {
          "f1_macro": 0.3927446017464974,
          "balanced_accuracy": 0.42871677979751494,
          "n": 755
        },
        "phase": {
          "f1_macro": 0.3323780129335685,
          "balanced_accuracy": 0.3438329391899771,
          "n": 560
        },
        "fatigue": {
          "mae": 0.9649368791390729,
          "pearson_r": 0.39191596961627073,
          "n": 755
        },
        "reps": {
          "mae": 0.16544167247822758,
          "n": 554
        },
        "val_total": -0.053313772409956973,
        "val_total_per_task": {
          "exercise": 1.2007706741623532,
          "phase": 0.393499669926056,
          "fatigue": 0.9649368744812264,
          "reps": 0.028332752260743388
        }
      }
    },
    {
      "seed": 42,
      "fold": 3,
      "test_subjects": [
        "Hytten",
        "lucas"
      ],
      "metrics": {
        "exercise": {
          "f1_macro": 0.24086976320582879,
          "balanced_accuracy": 0.2853011397549953,
          "n": 557
        },
        "phase": {
          "f1_macro": 0.2886541151734689,
          "balanced_accuracy": 0.3408282130056324,
          "n": 477
        },
        "fatigue": {
          "mae": 1.0558165956014363,
          "pearson_r": -0.230230561393449,
          "n": 557
        },
        "reps": {
          "mae": 0.2400723989391778,
          "n": 474
        },
        "val_total": 0.4486225248453219,
        "val_total_per_task": {
          "exercise": 1.6580729428912835,
          "phase": 0.40614023002088606,
          "fatigue": 1.055816604162247,
          "reps": 0.04559929795309072
        }
      }
    },
    {
      "seed": 42,
      "fold": 4,
      "test_subjects": [
        "kiyomi"
      ],
      "metrics": {
        "exercise": {
          "f1_macro": 0.368694079573577,
          "balanced_accuracy": 0.45366465863453814,
          "n": 374
        },
        "phase": {
          "f1_macro": 0.3109083494248807,
          "balanced_accuracy": 0.31583793738489874,
          "n": 374
        },
        "fatigue": {
          "mae": 0.8640436998663101,
          "pearson_r": 0.2734052381632674,
          "n": 374
        },
        "reps": {
          "mae": 0.207848354628718,
          "n": 374
        },
        "val_total": -0.22270270209898924,
        "val_total_per_task": {
          "exercise": 1.1262554542266112,
          "phase": 0.32866141757863093,
          "fatigue": 0.864043700503793,
          "reps": 0.03373740089529338
        }
      }
    }
  ]
}