{
  "exercise": {
    "f1_macro": 0.3642817111899869,
    "balanced_accuracy": 0.4545454545454546,
    "n": 746
  },
  "phase": {
    "f1_macro": 0.2120658135283364,
    "balanced_accuracy": 0.3333333333333333,
    "n": 746
  },
  "fatigue": {
    "mae": 1.025238773458445,
    "pearson_r": 0.18221973565901187,
    "n": 746
  },
  "reps": {
    "mae": 0.10856172166285342,
    "n": 746
  },
  "val_total": -0.5991958654598001,
  "val_total_per_task": {
    "exercise": 1.0421875619376952,
    "phase": 0.47902276760451595,
    "fatigue": 1.0252387625921828,
    "reps": 0.01000418939100873
  }
}