{
  "arch": "cnn_lstm_raw",
  "summary": {
    "val_total": {
      "mean": 0.8124239239748553,
      "std": 0.07200386710119296,
      "n": 5
    },
    "exercise": {
      "f1_macro": {
        "mean": 0.19346378106606674,
        "std": 0.09325874572070661,
        "n": 5
      },
      "balanced_accuracy": {
        "mean": 0.26038920718572695,
        "std": 0.09113319742653304,
        "n": 5
      }
    },
    "phase": {
      "f1_macro": {
        "mean": 0.30232011818385535,
        "std": 0.045797578995274785,
        "n": 5
      },
      "balanced_accuracy": {
        "mean": 0.3366940173493472,
        "std": 0.02255227011278947,
        "n": 5
      }
    },
    "fatigue": {
      "mae": {
        "mean": 1.1419707269253139,
        "std": 0.12485042895212907,
        "n": 5
      },
      "pearson_r": {
        "mean": 0.012953792561685468,
        "std": 0.10736863426927008,
        "n": 5
      }
    },
    "reps": {
      "mae": {
        "mean": 0.4542128463897225,
        "std": 0.07223749990176288,
        "n": 5
      }
    }
  },
  "enabled_tasks": [
    "exercise",
    "phase",
    "fatigue",
    "reps"
  ],
  "all_results": [
    {
      "seed": 42,
      "fold": 0,
      "test_subjects": [
        "Tias",
        "sivert"
      ],
      "metrics": {
        "exercise": {
          "f1_macro": 0.37100408275914576,
          "balanced_accuracy": 0.4296440959187964,
          "n": 252
        },
        "phase": {
          "f1_macro": 0.2881914172236753,
          "balanced_accuracy": 0.31315931315931317,
          "n": 217
        },
        "fatigue": {
          "mae": 1.1966765873015872,
          "pearson_r": -0.04381089552251089,
          "n": 252
        },
        "reps": {
          "mae": 0.5840012055482263,
          "n": 214
        },
        "val_total": 0.8672488265567355,
        "val_total_per_task": {
          "exercise": 1.1212467976978846,
          "phase": 0.3098147998726557,
          "fatigue": 1.196676564595056,
          "reps": 0.2430338809887568
        }
      }
    },
    {
      "seed": 42,
      "fold": 1,
      "test_subjects": [
        "Raghild",
        "michael"
      ],
      "metrics": {
        "exercise": {
          "f1_macro": 0.12322946175637393,
          "balanced_accuracy": 0.25,
          "n": 266
        },
        "phase": {
          "f1_macro": 0.2206896551724138,
          "balanced_accuracy": 0.3333333333333333,
          "n": 194
        },
        "fatigue": {
          "mae": 1.3386836231203008,
          "pearson_r": 0.20989097435979598,
          "n": 266
        },
        "reps": {
          "mae": 0.39115999783906674,
          "n": 189
        },
        "val_total": 0.9003165216374218,
        "val_total_per_task": {
          "exercise": 1.3505125099554993,
          "phase": 0.3673132810377537,
          "fatigue": 1.3386836267055426,
          "reps": 0.1202026883462318
        }
      }
    },
    {
      "seed": 42,
      "fold": 2,
      "test_subjects": [
        "Juile",
        "lucas 2"
      ],
      "metrics": {
        "exercise": {
          "f1_macro": 0.11250022421122491,
          "balanced_accuracy": 0.1564625850340136,
          "n": 304
        },
        "phase": {
          "f1_macro": 0.3421870645486312,
          "balanced_accuracy": 0.36364520521299354,
          "n": 229
        },
        "fatigue": {
          "mae": 1.051526521381579,
          "pearson_r": 0.03906326463008515,
          "n": 304
        },
        "reps": {
          "mae": 0.3918948550604184,
          "n": 223
        },
        "val_total": 0.8396950458225451,
        "val_total_per_task": {
          "exercise": 1.4436276084498356,
          "phase": 0.3533133503637816,
          "fatigue": 1.0515265339299251,
          "reps": 0.13621427824622706
        }
      }
    },
    {
      "seed": 42,
      "fold": 3,
      "test_subjects": [
        "Hytten",
        "lucas"
      ],
      "metrics": {
        "exercise": {
          "f1_macro": 0.18837002776876194,
          "balanced_accuracy": 0.21773329436976427,
          "n": 218
        },
        "phase": {
          "f1_macro": 0.31489425379090186,
          "balanced_accuracy": 0.31165132336018414,
          "n": 187
        },
        "fatigue": {
          "mae": 0.974555619266055,
          "pearson_r": -0.09392623130059555,
          "n": 218
        },
        "reps": {
          "mae": 0.4782463503272637,
          "n": 184
        },
        "val_total": 0.7276804250314695,
        "val_total_per_task": {
          "exercise": 1.2909439452197573,
          "phase": 0.3139756868738647,
          "fatigue": 0.9745556466076353,
          "reps": 0.17180136994484368
        }
      }
    },
    {
      "seed": 42,
      "fold": 4,
      "test_subjects": [
        "kiyomi"
      ],
      "metrics": {
        "exercise": {
          "f1_macro": 0.17221510883482716,
          "balanced_accuracy": 0.2481060606060606,
          "n": 149
        },
        "phase": {
          "f1_macro": 0.3456382001836547,
          "balanced_accuracy": 0.36168091168091165,
          "n": 149
        },
        "fatigue": {
          "mae": 1.148411283557047,
          "pearson_r": -0.04644814935834734,
          "n": 149
        },
        "reps": {
          "mae": 0.42576182317363737,
          "n": 149
        },
        "val_total": 0.7271788008261046,
        "val_total_per_task": {
          "exercise": 1.3857683999426413,
          "phase": 0.30082480079375656,
          "fatigue": 1.148411285957234,
          "reps": 0.13584244486269534
        }
      }
    }
  ]
}