{
  "exercise": {
    "f1_macro": 0.1401880286756133,
    "balanced_accuracy": 0.174814541113606,
    "n": 557
  },
  "phase": {
    "f1_macro": 0.3390236259948612,
    "balanced_accuracy": 0.3587813620071685,
    "n": 477
  },
  "fatigue": {
    "mae": 1.0610693447037702,
    "pearson_r": -0.24955530498189252,
    "n": 557
  },
  "reps": {
    "mae": 0.21943258403118637,
    "n": 474
  },
  "val_total": 0.527496827354979,
  "val_total_per_task": {
    "exercise": 1.5586638783424076,
    "phase": 0.3990031260348308,
    "fatigue": 1.0610693536926215,
    "reps": 0.04119096030238715
  }
}