{
  "exercise": {
    "f1_macro": 0.1378006421946646,
    "balanced_accuracy": 0.13830805130772267,
    "n": 1106
  },
  "phase": {
    "f1_macro": 0.2445744161694635,
    "balanced_accuracy": 0.337095602876754,
    "n": 944
  },
  "fatigue": {
    "mae": 1.0542530797920433,
    "pearson_r": -0.3129884197625762,
    "n": 1106
  },
  "reps": {
    "mae": 0.1139417380363236,
    "n": 941
  },
  "val_total": -0.1608857071636814,
  "val_total_per_task": {
    "exercise": 1.6533234028876582,
    "phase": 0.5066566645129033,
    "fatigue": 1.0542530789297702,
    "reps": 0.011863578659958908
  }
}