{
  "exercise": {
    "f1_macro": 0.3292794270406211,
    "balanced_accuracy": 0.42721531596143114,
    "n": 626
  },
  "phase": {
    "f1_macro": 0.22786550535807015,
    "balanced_accuracy": 0.3393372319688109,
    "n": 533
  },
  "fatigue": {
    "mae": 1.0905114317092652,
    "pearson_r": 0.26609850183450134,
    "n": 626
  },
  "reps": {
    "mae": 0.27724643805539567,
    "n": 531
  },
  "val_total": 0.6872027583015613,
  "val_total_per_task": {
    "exercise": 1.226036775988131,
    "phase": 0.261893856354034,
    "fatigue": 1.0905114381838912,
    "reps": 0.05353674725197946
  }
}