{
  "exercise": {
    "f1_macro": 0.3267097028306462,
    "balanced_accuracy": 0.3837691961795476,
    "n": 1256
  },
  "phase": {
    "f1_macro": 0.3239934330762321,
    "balanced_accuracy": 0.3352215379664438,
    "n": 1069
  },
  "fatigue": {
    "mae": 1.0821090017914012,
    "pearson_r": 0.2247113046697223,
    "n": 1256
  },
  "reps": {
    "mae": 0.13851070197058218,
    "n": 1067
  },
  "val_total": 0.8773044514807926,
  "val_total_per_task": {
    "exercise": 1.1771794170331045,
    "phase": 0.4274612490538579,
    "fatigue": 1.0821090048285806,
    "reps": 0.01384106093934577
  }
}