{
  "lr": 0.0020353394945997224,
  "weight_decay": 0.00014570520890570034,
  "batch_size": 128,
  "dropout": 0.4034864195254672,
  "repr_dim": 64,
  "lstm_hidden": 32,
  "lstm_layers": 1,
  "_patience": 50
}