{
  "exercise": {
    "f1_macro": 0.12362030905077263,
    "balanced_accuracy": 0.25,
    "n": 682
  },
  "phase": {
    "f1_macro": 0.21606648199445985,
    "balanced_accuracy": 0.3333333333333333,
    "n": 488
  },
  "fatigue": {
    "mae": 1.2801502932551319,
    "pearson_r": 0.3401376077123384,
    "n": 682
  },
  "reps": {
    "mae": 0.17644891121977346,
    "n": 482
  },
  "val_total": 1.4518002869446607,
  "val_total_per_task": {
    "exercise": 1.3537461477990025,
    "phase": 0.35164197020866306,
    "fatigue": 1.2801503093361506,
    "reps": 0.028352365575053474
  }
}