{
  "exercise": {
    "f1_macro": 0.2618573622441073,
    "balanced_accuracy": 0.30581194064156525,
    "n": 1106
  },
  "phase": {
    "f1_macro": 0.31308516529511005,
    "balanced_accuracy": 0.3330990699744653,
    "n": 944
  },
  "fatigue": {
    "mae": 1.3089681283905967,
    "pearson_r": -0.3340294532200032,
    "n": 1106
  },
  "reps": {
    "mae": 0.11536122765565265,
    "n": 941
  },
  "val_total": 0.803095655027393,
  "val_total_per_task": {
    "exercise": 1.5463805381902518,
    "phase": 0.512318041613477,
    "fatigue": 1.3089681193367266,
    "reps": 0.011033862302076428
  }
}