{
  "exercise": {
    "f1_macro": 0.11042183622828784,
    "balanced_accuracy": 0.25,
    "n": 1256
  },
  "phase": {
    "f1_macro": 0.21215986394557826,
    "balanced_accuracy": 0.3333333333333333,
    "n": 1069
  },
  "fatigue": {
    "mae": 1.0781343302149682,
    "pearson_r": 0.2914698532964401,
    "n": 1256
  },
  "reps": {
    "mae": 0.14078698754563732,
    "n": 1067
  },
  "val_total": 0.8953906123045903,
  "val_total_per_task": {
    "exercise": 1.3944496053039648,
    "phase": 0.4176214238640609,
    "fatigue": 1.078134333631795,
    "reps": 0.014328726344878317
  }
}