{
  "exercise": {
    "f1_macro": 0.34832158794198037,
    "balanced_accuracy": 0.39707605946579483,
    "n": 266
  },
  "phase": {
    "f1_macro": 0.27642051989878075,
    "balanced_accuracy": 0.32016594516594515,
    "n": 194
  },
  "fatigue": {
    "mae": 1.2606320488721805,
    "pearson_r": 0.3501876334125039,
    "n": 266
  },
  "reps": {
    "mae": 0.41381369360658543,
    "n": 189
  },
  "val_total": 1.4045794279055488,
  "val_total_per_task": {
    "exercise": 1.2950374058314733,
    "phase": 0.37211818085577253,
    "fatigue": 1.2606320506648014,
    "reps": 0.13438584033707926
  }
}