{
  "exercise": {
    "f1_macro": 0.10990712074303406,
    "balanced_accuracy": 0.25,
    "n": 252
  },
  "phase": {
    "f1_macro": 0.2855512765653972,
    "balanced_accuracy": 0.3142373142373142,
    "n": 217
  },
  "fatigue": {
    "mae": 1.0849764384920635,
    "pearson_r": 0.09809280414363596,
    "n": 252
  },
  "reps": {
    "mae": 0.5942980126590929,
    "n": 214
  },
  "val_total": 0.9665195913541884,
  "val_total_per_task": {
    "exercise": 1.4003421919686454,
    "phase": 0.32374228229598395,
    "fatigue": 1.0849764157855322,
    "reps": 0.2462671162590148
  }
}