{
  "exercise": {
    "f1_macro": 0.4356336058519793,
    "balanced_accuracy": 0.4871949088067773,
    "n": 266
  },
  "phase": {
    "f1_macro": 0.35823961075217353,
    "balanced_accuracy": 0.391729797979798,
    "n": 194
  },
  "fatigue": {
    "mae": 1.2301016212406015,
    "pearson_r": 0.372932327600342,
    "n": 266
  },
  "reps": {
    "mae": 0.41478045003873015,
    "n": 189
  },
  "val_total": 1.3681602693141852,
  "val_total_per_task": {
    "exercise": 1.2911493975417059,
    "phase": 0.35881182125636507,
    "fatigue": 1.2301016248258434,
    "reps": 0.13123592577482524
  }
}