{
  "exercise": {
    "f1_macro": 0.22450381679389314,
    "balanced_accuracy": 0.24934086629001884,
    "n": 218
  },
  "phase": {
    "f1_macro": 0.3032128514056225,
    "balanced_accuracy": 0.3271001150747986,
    "n": 187
  },
  "fatigue": {
    "mae": 1.2851741685779816,
    "pearson_r": -0.3358060774029093,
    "n": 218
  },
  "reps": {
    "mae": 0.45898924865152524,
    "n": 184
  },
  "val_total": 1.3556448221206665,
  "val_total_per_task": {
    "exercise": 1.4046967029571533,
    "phase": 0.321623295545578,
    "fatigue": 1.2851741313934326,
    "reps": 0.16922138631343842
  }
}