{
  "exercise": {
    "f1_macro": 0.33286462199428657,
    "balanced_accuracy": 0.39991112141020696,
    "n": 626
  },
  "phase": {
    "f1_macro": 0.22131359984270407,
    "balanced_accuracy": 0.33730994152046784,
    "n": 533
  },
  "fatigue": {
    "mae": 1.0748739516773163,
    "pearson_r": 0.2790134076223112,
    "n": 626
  },
  "reps": {
    "mae": 0.27127492662585867,
    "n": 531
  },
  "val_total": 0.1623660977275227,
  "val_total_per_task": {
    "exercise": 1.1263295214016216,
    "phase": 0.2623268094496986,
    "fatigue": 1.0748739472974222,
    "reps": 0.05151221245979539
  }
}