{
  "exercise": {
    "f1_macro": 0.5158500970014946,
    "balanced_accuracy": 0.5354923594858094,
    "n": 75011
  },
  "phase": {
    "f1_macro": 0.2677630983085551,
    "balanced_accuracy": 0.32776669106125983,
    "n": 44914
  },
  "fatigue": {
    "mae": 1.1916119568800319,
    "pearson_r": 0.0683899986894884,
    "n": 75011
  },
  "reps": {
    "mae": 2.5634300921536077,
    "n": 75011
  }
}