{
  "lr": 0.002693015264524612,
  "weight_decay": 1.2791215258392652e-06,
  "batch_size": 64,
  "dropout": 0.3473802227767635,
  "repr_dim": 64,
  "lstm_hidden": 32,
  "lstm_layers": 1,
  "_patience": 50
}