{
  "exercise": {
    "f1_macro": 0.14746835443037976,
    "balanced_accuracy": 0.25,
    "n": 557
  },
  "phase": {
    "f1_macro": 0.2084534101825168,
    "balanced_accuracy": 0.3333333333333333,
    "n": 477
  },
  "fatigue": {
    "mae": 1.091856485637343,
    "pearson_r": -0.20320268124928412,
    "n": 557
  },
  "reps": {
    "mae": 0.22590249745550522,
    "n": 474
  },
  "val_total": 0.8813584995869033,
  "val_total_per_task": {
    "exercise": 1.332751840192497,
    "phase": 0.4012201552010096,
    "fatigue": 1.0918564980505185,
    "reps": 0.04001253758368201
  }
}