{
  "exercise": {
    "f1_macro": 0.3725974224695452,
    "balanced_accuracy": 0.43778496338294354,
    "n": 374
  },
  "phase": {
    "f1_macro": 0.31647217147010864,
    "balanced_accuracy": 0.3213627992633517,
    "n": 374
  },
  "fatigue": {
    "mae": 0.8258794284759359,
    "pearson_r": 0.3316988556361801,
    "n": 374
  },
  "reps": {
    "mae": 0.20366157584619474,
    "n": 374
  },
  "val_total": -0.24461757053028454,
  "val_total_per_task": {
    "exercise": 1.0946214683553115,
    "phase": 0.3287415751480164,
    "fatigue": 0.8258794374006955,
    "reps": 0.03369985716068808
  }
}