{
  "exercise": {
    "f1_macro": 0.36765523632993513,
    "balanced_accuracy": 0.4632352941176471,
    "n": 149
  },
  "phase": {
    "f1_macro": 0.2953346855983773,
    "balanced_accuracy": 0.3155270655270655,
    "n": 149
  },
  "fatigue": {
    "mae": 0.9770606124161074,
    "pearson_r": 0.3923865329653752,
    "n": 149
  },
  "reps": {
    "mae": 0.524466742092631,
    "n": 149
  },
  "val_total": 1.018254280090332,
  "val_total_per_task": {
    "exercise": 0.9943343997001648,
    "phase": 0.31688210368156433,
    "fatigue": 0.9770606160163879,
    "reps": 0.20521104335784912
  }
}