{
  "exercise": {
    "f1_macro": 0.2834039083810803,
    "balanced_accuracy": 0.3187281317358654,
    "n": 626
  },
  "phase": {
    "f1_macro": 0.307020731215966,
    "balanced_accuracy": 0.32732943469785575,
    "n": 533
  },
  "fatigue": {
    "mae": 1.0859000599041533,
    "pearson_r": 0.2695504116135649,
    "n": 626
  },
  "reps": {
    "mae": 0.2651785768037083,
    "n": 531
  },
  "val_total": 0.0786285811719803,
  "val_total_per_task": {
    "exercise": 1.138341929204167,
    "phase": 0.28464023278544126,
    "fatigue": 1.0859000591424326,
    "reps": 0.05047084952886112
  }
}