{
  "lr": 0.003996214591701343,
  "weight_decay": 8.227271469393642e-06,
  "batch_size": 256,
  "dropout": 0.28144508952464864,
  "repr_dim": 64,
  "lstm_hidden": 32,
  "lstm_layers": 1,
  "_patience": 50
}