{
  "exercise": {
    "f1_macro": 0.4559605488850772,
    "balanced_accuracy": 0.500810835160215,
    "n": 252
  },
  "phase": {
    "f1_macro": 0.384180790960452,
    "balanced_accuracy": 0.41306691306691307,
    "n": 217
  },
  "fatigue": {
    "mae": 1.1699373759920635,
    "pearson_r": 0.18024257520084697,
    "n": 252
  },
  "reps": {
    "mae": 0.6338901439350899,
    "n": 214
  },
  "val_total": 1.3563308715820312,
  "val_total_per_task": {
    "exercise": 1.1680264472961426,
    "phase": 0.305190771818161,
    "fatigue": 1.1699374914169312,
    "reps": 0.2731419503688812
  }
}