{
  "exercise": {
    "f1_macro": 0.37041773231031544,
    "balanced_accuracy": 0.45783132530120485,
    "n": 374
  },
  "phase": {
    "f1_macro": 0.26504945598417406,
    "balanced_accuracy": 0.27165927994657274,
    "n": 374
  },
  "fatigue": {
    "mae": 0.9270345922459893,
    "pearson_r": 0.24956240470147784,
    "n": 374
  },
  "reps": {
    "mae": 0.20709794298820397,
    "n": 374
  },
  "val_total": -0.2029896521950788,
  "val_total_per_task": {
    "exercise": 1.0565236271383929,
    "phase": 0.3300157669075033,
    "fatigue": 0.9270345960708863,
    "reps": 0.034064259021518065
  }
}