{
  "exercise": {
    "f1_macro": 0.28284313725490196,
    "balanced_accuracy": 0.2849264705882353,
    "n": 149
  },
  "phase": {
    "f1_macro": 0.2639521203130595,
    "balanced_accuracy": 0.29971509971509974,
    "n": 149
  },
  "fatigue": {
    "mae": 2.381226405201342,
    "pearson_r": 0.252388026929168,
    "n": 149
  },
  "reps": {
    "mae": 0.5705198028418642,
    "n": 149
  },
  "val_total": 2.0901690745513712,
  "val_total_per_task": {
    "exercise": 1.3921455664922726,
    "phase": 0.3376131723791161,
    "fatigue": 2.381226413201966,
    "reps": 0.21357548926900696
  }
}