{
  "arch": "lstm_raw",
  "summary": {
    "val_total": {
      "mean": 0.19677765223756655,
      "std": 0.19337236948175213,
      "n": 5
    },
    "exercise": {
      "f1_macro": {
        "mean": 0.31201522865181547,
        "std": 0.041372354224715496,
        "n": 5
      },
      "balanced_accuracy": {
        "mean": 0.376815948664578,
        "std": 0.06518048583256757,
        "n": 5
      }
    },
    "phase": {
      "f1_macro": {
        "mean": 0.29901400477541135,
        "std": 0.019409228991830403,
        "n": 5
      },
      "balanced_accuracy": {
        "mean": 0.31698488013785464,
        "std": 0.018530636309392105,
        "n": 5
      }
    },
    "fatigue": {
      "mae": {
        "mean": 1.1057800556257873,
        "std": 0.08223498290510453,
        "n": 5
      },
      "pearson_r": {
        "mean": 0.17532688805974347,
        "std": 0.21813985315081325,
        "n": 5
      }
    },
    "reps": {
      "mae": {
        "mean": 0.21008297007392374,
        "std": 0.03439091603492413,
        "n": 5
      }
    }
  },
  "enabled_tasks": [
    "exercise",
    "phase",
    "fatigue",
    "reps"
  ],
  "all_results": [
    {
      "seed": 42,
      "fold": 0,
      "test_subjects": [
        "Tias",
        "sivert"
      ],
      "metrics": {
        "exercise": {
          "f1_macro": 0.2856008002824526,
          "balanced_accuracy": 0.32013262611788784,
          "n": 626
        },
        "phase": {
          "f1_macro": 0.30526224982746725,
          "balanced_accuracy": 0.3234307992202729,
          "n": 533
        },
        "fatigue": {
          "mae": 1.086081020367412,
          "pearson_r": 0.27216543076738114,
          "n": 626
        },
        "reps": {
          "mae": 0.2650627134562507,
          "n": 531
        },
        "val_total": 0.0667651236628572,
        "val_total_per_task": {
          "exercise": 1.1385603362378982,
          "phase": 0.2847621517059521,
          "fatigue": 1.0860810211291327,
          "reps": 0.05046603272255427
        }
      }
    },
    {
      "seed": 42,
      "fold": 1,
      "test_subjects": [
        "Raghild",
        "michael"
      ],
      "metrics": {
        "exercise": {
          "f1_macro": 0.3385945798508334,
          "balanced_accuracy": 0.4238011061582041,
          "n": 682
        },
        "phase": {
          "f1_macro": 0.2984463326634465,
          "balanced_accuracy": 0.3060344827586207,
          "n": 488
        },
        "fatigue": {
          "mae": 1.261380819281525,
          "pearson_r": 0.30580668435965025,
          "n": 682
        },
        "reps": {
          "mae": 0.18401420701496088,
          "n": 482
        },
        "val_total": 0.47206087615832554,
        "val_total_per_task": {
          "exercise": 1.2661182709103804,
          "phase": 0.5156171377802874,
          "fatigue": 1.2613808231269859,
          "reps": 0.02811311067374221
        }
      }
    },
    {
      "seed": 42,
      "fold": 2,
      "test_subjects": [
        "Juile",
        "lucas 2"
      ],
      "metrics": {
        "exercise": {
          "f1_macro": 0.3223871104515582,
          "balanced_accuracy": 0.39910262310170275,
          "n": 755
        },
        "phase": {
          "f1_macro": 0.3210587085886846,
          "balanced_accuracy": 0.3291306923396256,
          "n": 560
        },
        "fatigue": {
          "mae": 1.0277524834437086,
          "pearson_r": 0.4040917499133575,
          "n": 755
        },
        "reps": {
          "mae": 0.16653098695447488,
          "n": 554
        },
        "val_total": 0.1419922029735237,
        "val_total_per_task": {
          "exercise": 1.15302216122482,
          "phase": 0.39489850172933366,
          "fatigue": 1.027752468285971,
          "reps": 0.029896987631719635
        }
      }
    },
    {
      "seed": 42,
      "fold": 3,
      "test_subjects": [
        "Hytten",
        "lucas"
      ],
      "metrics": {
        "exercise": {
          "f1_macro": 0.24762370701705338,
          "balanced_accuracy": 0.28321206264389054,
          "n": 557
        },
        "phase": {
          "f1_macro": 0.30721846385953083,
          "balanced_accuracy": 0.33942012288786483,
          "n": 477
        },
        "fatigue": {
          "mae": 1.1037716000897666,
          "pearson_r": -0.21882159361647324,
          "n": 557
        },
        "reps": {
          "mae": 0.2275860110304676,
          "n": 474
        },
        "val_total": 0.360323223434188,
        "val_total_per_task": {
          "exercise": 1.52836326915015,
          "phase": 0.3995836985496473,
          "fatigue": 1.1037716060823342,
          "reps": 0.042857029286331935
        }
      }
    },
    {
      "seed": 42,
      "fold": 4,
      "test_subjects": [
        "kiyomi"
      ],
      "metrics": {
        "exercise": {
          "f1_macro": 0.3658699456571797,
          "balanced_accuracy": 0.45783132530120485,
          "n": 374
        },
        "phase": {
          "f1_macro": 0.2630842689379275,
          "balanced_accuracy": 0.28690830348288915,
          "n": 374
        },
        "fatigue": {
          "mae": 1.049914354946524,
          "pearson_r": 0.11339216887480176,
          "n": 374
        },
        "reps": {
          "mae": 0.20722093191346463,
          "n": 374
        },
        "val_total": -0.05725316504106165,
        "val_total_per_task": {
          "exercise": 1.0266283138550538,
          "phase": 0.3325479835431206,
          "fatigue": 1.0499143715210777,
          "reps": 0.03532501828064893
        }
      }
    }
  ]
}