{
  "arch": "lstm_raw",
  "summary": {
    "val_total": {
      "mean": 0.6010292110021984,
      "std": 0.22280271542379393,
      "n": 5
    },
    "exercise": {
      "f1_macro": {
        "mean": 0.3316479523615605,
        "std": 0.04174729132422865,
        "n": 5
      },
      "balanced_accuracy": {
        "mean": 0.3969433103057659,
        "std": 0.05512543043916349,
        "n": 5
      }
    },
    "phase": {
      "f1_macro": {
        "mean": 0.2985630250043279,
        "std": 0.03745939901398665,
        "n": 5
      },
      "balanced_accuracy": {
        "mean": 0.330969837592115,
        "std": 0.007570028500210364,
        "n": 5
      }
    },
    "fatigue": {
      "mae": {
        "mean": 1.0705750441247064,
        "std": 0.18006120227634545,
        "n": 5
      },
      "pearson_r": {
        "mean": 0.21033052783501885,
        "std": 0.29700751966425526,
        "n": 5
      }
    },
    "reps": {
      "mae": {
        "mean": 0.10855847436443407,
        "std": 0.018228872735156294,
        "n": 5
      }
    }
  },
  "enabled_tasks": [
    "exercise",
    "phase",
    "fatigue",
    "reps"
  ],
  "all_results": [
    {
      "seed": 42,
      "fold": 0,
      "test_subjects": [
        "Tias",
        "sivert"
      ],
      "metrics": {
        "exercise": {
          "f1_macro": 0.38357063843018063,
          "balanced_accuracy": 0.45572427512721564,
          "n": 1256
        },
        "phase": {
          "f1_macro": 0.2999070079761092,
          "balanced_accuracy": 0.31676735466065953,
          "n": 1069
        },
        "fatigue": {
          "mae": 1.0883011544585988,
          "pearson_r": 0.32455747562600074,
          "n": 1256
        },
        "reps": {
          "mae": 0.1388386181248448,
          "n": 1067
        },
        "val_total": 0.45557387011825656,
        "val_total_per_task": {
          "exercise": 1.107792793565495,
          "phase": 0.4269518831353279,
          "fatigue": 1.0883011571161307,
          "reps": 0.013888722665275738
        }
      }
    },
    {
      "seed": 42,
      "fold": 1,
      "test_subjects": [
        "Raghild",
        "michael"
      ],
      "metrics": {
        "exercise": {
          "f1_macro": 0.32519718058620445,
          "balanced_accuracy": 0.3832759209971395,
          "n": 1361
        },
        "phase": {
          "f1_macro": 0.3333201669497439,
          "balanced_accuracy": 0.33953785096991956,
          "n": 969
        },
        "fatigue": {
          "mae": 1.2204003260470242,
          "pearson_r": 0.23526342661090058,
          "n": 1361
        },
        "reps": {
          "mae": 0.0966080910742623,
          "n": 964
        },
        "val_total": 0.9099964422832773,
        "val_total_per_task": {
          "exercise": 1.3292959693772752,
          "phase": 0.6958174088875394,
          "fatigue": 1.2204003235945187,
          "reps": 0.007836578875057492
        }
      }
    },
    {
      "seed": 42,
      "fold": 2,
      "test_subjects": [
        "Juile",
        "lucas 2"
      ],
      "metrics": {
        "exercise": {
          "f1_macro": 0.3236804622373187,
          "balanced_accuracy": 0.3868741117326059,
          "n": 1509
        },
        "phase": {
          "f1_macro": 0.31969446302028764,
          "balanced_accuracy": 0.3321190042501518,
          "n": 1113
        },
        "fatigue": {
          "mae": 0.8754012384029158,
          "pearson_r": 0.5694178552214463,
          "n": 1509
        },
        "reps": {
          "mae": 0.08504550193260611,
          "n": 1107
        },
        "val_total": 0.5276307122765826,
        "val_total_per_task": {
          "exercise": 1.1386676660193917,
          "phase": 0.5326925238447524,
          "fatigue": 0.875401237691926,
          "reps": 0.00812159782439727
        }
      }
    },
    {
      "seed": 42,
      "fold": 3,
      "test_subjects": [
        "Hytten",
        "lucas"
      ],
      "metrics": {
        "exercise": {
          "f1_macro": 0.2618573622441073,
          "balanced_accuracy": 0.30581194064156525,
          "n": 1106
        },
        "phase": {
          "f1_macro": 0.31308516529511005,
          "balanced_accuracy": 0.3330990699744653,
          "n": 944
        },
        "fatigue": {
          "mae": 1.3089681283905967,
          "pearson_r": -0.3340294532200032,
          "n": 1106
        },
        "reps": {
          "mae": 0.11536122765565265,
          "n": 941
        },
        "val_total": 0.803095655027393,
        "val_total_per_task": {
          "exercise": 1.5463805381902518,
          "phase": 0.512318041613477,
          "fatigue": 1.3089681193367266,
          "reps": 0.011033862302076428
        }
      }
    },
    {
      "seed": 42,
      "fold": 4,
      "test_subjects": [
        "kiyomi"
      ],
      "metrics": {
        "exercise": {
          "f1_macro": 0.36393411830999145,
          "balanced_accuracy": 0.453030303030303,
          "n": 746
        },
        "phase": {
          "f1_macro": 0.2268083217803888,
          "balanced_accuracy": 0.3333259081053788,
          "n": 746
        },
        "fatigue": {
          "mae": 0.8598043733243967,
          "pearson_r": 0.25644333493674987,
          "n": 746
        },
        "reps": {
          "mae": 0.10693893303480449,
          "n": 746
        },
        "val_total": 0.3088493753054826,
        "val_total_per_task": {
          "exercise": 1.034076200733236,
          "phase": 0.4793085749123755,
          "fatigue": 0.8598043742831847,
          "reps": 0.00996160108955632
        }
      }
    }
  ]
}