{
  "exercise": {
    "f1_macro": 0.37060982190316255,
    "balanced_accuracy": 0.3556649823390895,
    "n": 304
  },
  "phase": {
    "f1_macro": 0.32255667038275737,
    "balanced_accuracy": 0.3603708746677041,
    "n": 229
  },
  "fatigue": {
    "mae": 1.177695826480263,
    "pearson_r": 0.27095359009411324,
    "n": 304
  },
  "reps": {
    "mae": 0.38606547162087107,
    "n": 223
  },
  "val_total": 1.383803367614746,
  "val_total_per_task": {
    "exercise": 1.3399492000278674,
    "phase": 0.3325705355719516,
    "fatigue": 1.1776958390286094,
    "reps": 0.11358150996659931
  }
}