{
  "exercise": {
    "f1_macro": 0.19792158715162966,
    "balanced_accuracy": 0.21049905838041433,
    "n": 218
  },
  "phase": {
    "f1_macro": 0.3126064010895471,
    "balanced_accuracy": 0.3320866896816264,
    "n": 187
  },
  "fatigue": {
    "mae": 1.4066800458715596,
    "pearson_r": -0.3968106887506845,
    "n": 218
  },
  "reps": {
    "mae": 0.5159121644885644,
    "n": 184
  },
  "val_total": 1.6594092845916748,
  "val_total_per_task": {
    "exercise": 1.488986849784851,
    "phase": 0.35492458939552307,
    "fatigue": 1.4066799879074097,
    "reps": 0.22460104525089264
  }
}