{
  "exercise": {
    "f1_macro": 0.22955590620798055,
    "balanced_accuracy": 0.26637864877923995,
    "n": 557
  },
  "phase": {
    "f1_macro": 0.3369465247667849,
    "balanced_accuracy": 0.3583269329237071,
    "n": 477
  },
  "fatigue": {
    "mae": 1.041692381059246,
    "pearson_r": -0.204445448834845,
    "n": 557
  },
  "reps": {
    "mae": 0.22309647450363068,
    "n": 474
  },
  "val_total": 0.3964730561100602,
  "val_total_per_task": {
    "exercise": 1.6406302636144834,
    "phase": 0.40422349585022915,
    "fatigue": 1.0416923844835702,
    "reps": 0.043117712393964856
  }
}