{
  "exercise": {
    "f1_macro": 0.38811527250728706,
    "balanced_accuracy": 0.4002618092691622,
    "n": 149
  },
  "phase": {
    "f1_macro": 0.3283003468679861,
    "balanced_accuracy": 0.3367521367521367,
    "n": 149
  },
  "fatigue": {
    "mae": 1.242987101510067,
    "pearson_r": 0.39146040173860275,
    "n": 149
  },
  "reps": {
    "mae": 0.4377870034526459,
    "n": 149
  },
  "val_total": 1.4677679538726807,
  "val_total_per_task": {
    "exercise": 1.066425085067749,
    "phase": 0.2696918845176697,
    "fatigue": 1.2429871559143066,
    "reps": 0.138103187084198
  }
}