{
  "lr": 0.00010583314291974508,
  "weight_decay": 0.00011161162807841793,
  "batch_size": 64,
  "dropout": 0.35596956720052775,
  "repr_dim": 128,
  "lstm_hidden": 32,
  "lstm_layers": 1,
  "_patience": 50
}