{
  "exercise": {
    "f1_macro": 0.1318181818181818,
    "balanced_accuracy": 0.25,
    "n": 266
  },
  "phase": {
    "f1_macro": 0.18942189421894218,
    "balanced_accuracy": 0.3333333333333333,
    "n": 194
  },
  "fatigue": {
    "mae": 1.3150699013157894,
    "pearson_r": 0.3613643572205803,
    "n": 266
  },
  "reps": {
    "mae": 0.40992931251921666,
    "n": 189
  },
  "val_total": 0.9246771747904613,
  "val_total_per_task": {
    "exercise": 1.3476232084116542,
    "phase": 0.3738481012502111,
    "fatigue": 1.3150698995231687,
    "reps": 0.13326514394659744
  }
}