{
  "exercise": {
    "f1_macro": 0.3546759881252286,
    "balanced_accuracy": 0.41838920005008934,
    "n": 1256
  },
  "phase": {
    "f1_macro": 0.28356632494563533,
    "balanced_accuracy": 0.32790154518282305,
    "n": 1069
  },
  "fatigue": {
    "mae": 1.08812699044586,
    "pearson_r": 0.30671949783950314,
    "n": 1256
  },
  "reps": {
    "mae": 0.11274298380025172,
    "n": 1067
  },
  "val_total": -0.5638839127911124,
  "val_total_per_task": {
    "exercise": 1.1602665649098196,
    "phase": 0.42534422912415426,
    "fatigue": 1.0881269912051548,
    "reps": 0.01054561755080132
  }
}