{
  "exercise": {
    "f1_macro": 0.32128822972330184,
    "balanced_accuracy": 0.39992713606381347,
    "n": 755
  },
  "phase": {
    "f1_macro": 0.20519159456118666,
    "balanced_accuracy": 0.3333333333333333,
    "n": 560
  },
  "fatigue": {
    "mae": 1.159152524834437,
    "pearson_r": 0.33709233267891314,
    "n": 755
  },
  "reps": {
    "mae": 0.16620255567869743,
    "n": 554
  },
  "val_total": 0.29845547257669713,
  "val_total_per_task": {
    "exercise": 1.1699729810487356,
    "phase": 0.3676128053902001,
    "fatigue": 1.1591525112556307,
    "reps": 0.026741232207378014
  }
}