{
  "exercise": {
    "f1_macro": 0.2149311224894187,
    "balanced_accuracy": 0.25892476480118237,
    "n": 557
  },
  "phase": {
    "f1_macro": 0.330660685917204,
    "balanced_accuracy": 0.36087429595494114,
    "n": 477
  },
  "fatigue": {
    "mae": 1.0556903613105924,
    "pearson_r": -0.24460683065899932,
    "n": 557
  },
  "reps": {
    "mae": 0.21841450324940265,
    "n": 474
  },
  "val_total": 0.34464750148663614,
  "val_total_per_task": {
    "exercise": 1.5392816608213222,
    "phase": 0.40158342346682796,
    "fatigue": 1.0556903608825519,
    "reps": 0.04256419883622943
  }
}