{
  "exercise": {
    "f1_macro": 0.4526417690732207,
    "balanced_accuracy": 0.5129927209919191,
    "n": 266
  },
  "phase": {
    "f1_macro": 0.33410562585397735,
    "balanced_accuracy": 0.35714285714285715,
    "n": 194
  },
  "fatigue": {
    "mae": 1.6600828242481203,
    "pearson_r": 0.015538065499056836,
    "n": 266
  },
  "reps": {
    "mae": 0.3993877485768978,
    "n": 189
  },
  "val_total": 1.5260907832841228,
  "val_total_per_task": {
    "exercise": 1.3028605737184222,
    "phase": 0.42816474204672905,
    "fatigue": 1.660082823799965,
    "reps": 0.12947005078308566
  }
}