{
  "lr": 0.003254962635817469,
  "weight_decay": 7.041259173184851e-06,
  "batch_size": 64,
  "dropout": 0.26173547278855736,
  "repr_dim": 128,
  "lstm_hidden": 32,
  "lstm_layers": 1,
  "_patience": 50
}