{
  "exercise": {
    "f1_macro": 0.40721907817354475,
    "balanced_accuracy": 0.39312491823652534,
    "n": 304
  },
  "phase": {
    "f1_macro": 0.31736111111111115,
    "balanced_accuracy": 0.3454256629708876,
    "n": 229
  },
  "fatigue": {
    "mae": 1.1715537623355263,
    "pearson_r": 0.2611134587070653,
    "n": 304
  },
  "reps": {
    "mae": 0.4017370733653817,
    "n": 223
  },
  "val_total": 1.0677716982992072,
  "val_total_per_task": {
    "exercise": 1.3390302156147205,
    "phase": 0.35481314282668264,
    "fatigue": 1.1715537686096995,
    "reps": 0.12725744004312314
  }
}