{
  "exercise": {
    "f1_macro": 0.5008054452677911,
    "balanced_accuracy": 0.48397027080062793,
    "n": 304
  },
  "phase": {
    "f1_macro": 0.3142347736127314,
    "balanced_accuracy": 0.3465927510860403,
    "n": 229
  },
  "fatigue": {
    "mae": 1.2816097861842106,
    "pearson_r": 0.06873895647461459,
    "n": 304
  },
  "reps": {
    "mae": 0.40167004994697236,
    "n": 223
  },
  "val_total": 1.3074536323547363,
  "val_total_per_task": {
    "exercise": 1.3599680662155151,
    "phase": 0.3279990255832672,
    "fatigue": 1.2816097736358643,
    "reps": 0.12319905310869217
  }
}