{
  "exercise": {
    "f1_macro": 0.36158249321966135,
    "balanced_accuracy": 0.41474586575089084,
    "n": 682
  },
  "phase": {
    "f1_macro": 0.2661565318065467,
    "balanced_accuracy": 0.3435627271834168,
    "n": 488
  },
  "fatigue": {
    "mae": 1.273924349340176,
    "pearson_r": 0.3031883567293948,
    "n": 682
  },
  "reps": {
    "mae": 0.1875440467581833,
    "n": 482
  },
  "val_total": 0.44611811847630833,
  "val_total_per_task": {
    "exercise": 1.374702586456478,
    "phase": 0.5270238328189794,
    "fatigue": 1.2739243545839865,
    "reps": 0.028373903193431867
  }
}