{
  "exercise": {
    "f1_macro": 0.4852220360284876,
    "balanced_accuracy": 0.5103500247496301,
    "n": 252
  },
  "phase": {
    "f1_macro": 0.2745559038662487,
    "balanced_accuracy": 0.2946792946792947,
    "n": 217
  },
  "fatigue": {
    "mae": 1.0726996527777777,
    "pearson_r": 0.3400964971966601,
    "n": 252
  },
  "reps": {
    "mae": 0.5684471150216098,
    "n": 214
  },
  "val_total": 0.8987909886572096,
  "val_total_per_task": {
    "exercise": 1.2833402251440382,
    "phase": 0.3003632028897603,
    "fatigue": 1.0726996262868245,
    "reps": 0.23205943949638852
  }
}