{
  "exercise": {
    "f1_macro": 0.3873709798338546,
    "balanced_accuracy": 0.44596775851787884,
    "n": 266
  },
  "phase": {
    "f1_macro": 0.28113260808199253,
    "balanced_accuracy": 0.3131764069264069,
    "n": 194
  },
  "fatigue": {
    "mae": 1.4039003759398496,
    "pearson_r": 0.20795097718649821,
    "n": 266
  },
  "reps": {
    "mae": 0.43302355283900856,
    "n": 189
  },
  "val_total": 1.195179042959572,
  "val_total_per_task": {
    "exercise": 1.3615874706354356,
    "phase": 0.3850478857083428,
    "fatigue": 1.4039003741472287,
    "reps": 0.1438342395581697
  }
}