{
  "lr": 0.0006308569757017783,
  "weight_decay": 4.783613323036534e-06,
  "batch_size": 64,
  "dropout": 0.28264890581379165,
  "repr_dim": 128,
  "lstm_hidden": 32,
  "lstm_layers": 1,
  "_patience": 50
}