{
  "lr": 0.0020353394945997224,
  "weight_decay": 1.2774377156443334e-05,
  "batch_size": 128,
  "dropout": 0.4153048016480654,
  "repr_dim": 64,
  "lstm_hidden": 32,
  "lstm_layers": 1,
  "_patience": 50
}