{
  "exercise": {
    "f1_macro": 0.37980410483014193,
    "balanced_accuracy": 0.37275763670852957,
    "n": 304
  },
  "phase": {
    "f1_macro": 0.2866092123750459,
    "balanced_accuracy": 0.3651364844712443,
    "n": 229
  },
  "fatigue": {
    "mae": 1.068577816611842,
    "pearson_r": 0.2764983194929682,
    "n": 304
  },
  "reps": {
    "mae": 0.39657040697526635,
    "n": 223
  },
  "val_total": 2.1411830249585604,
  "val_total_per_task": {
    "exercise": 1.5007001036091854,
    "phase": 0.3082059213989659,
    "fatigue": 1.0685778291601884,
    "reps": 0.12550639831706098
  }
}