{
  "exercise": {
    "f1_macro": 0.45086396742362284,
    "balanced_accuracy": 0.4387959510727368,
    "n": 304
  },
  "phase": {
    "f1_macro": 0.2777444339649604,
    "balanced_accuracy": 0.295856837191208,
    "n": 229
  },
  "fatigue": {
    "mae": 1.1307308799342106,
    "pearson_r": 0.20720929921118814,
    "n": 304
  },
  "reps": {
    "mae": 0.4317902644862308,
    "n": 223
  },
  "val_total": 1.388835072517395,
  "val_total_per_task": {
    "exercise": 1.263744592666626,
    "phase": 0.3520679771900177,
    "fatigue": 1.1307308673858643,
    "reps": 0.1445058435201645
  }
}