{
  "exercise": {
    "f1_macro": 0.4216865317983324,
    "balanced_accuracy": 0.4497187138842642,
    "n": 1509
  },
  "phase": {
    "f1_macro": 0.34256046469786927,
    "balanced_accuracy": 0.34810767051204206,
    "n": 1113
  },
  "fatigue": {
    "mae": 1.0148691186216037,
    "pearson_r": 0.31750527855760546,
    "n": 1509
  },
  "reps": {
    "mae": 0.08514068731970836,
    "n": 1107
  },
  "val_total": -0.1536384213436827,
  "val_total_per_task": {
    "exercise": 1.1470578701943257,
    "phase": 0.8282820381930208,
    "fatigue": 1.0148691169626276,
    "reps": 0.006917659226296416
  }
}