{
  "exercise": {
    "f1_macro": 0.32010245777412155,
    "balanced_accuracy": 0.32686513231601083,
    "n": 96301
  },
  "phase": {
    "f1_macro": 0.2909800231085679,
    "balanced_accuracy": 0.3085812074070788,
    "n": 55121
  },
  "fatigue": {
    "mae": 1.0722817523911656,
    "pearson_r": -0.06677680540453686,
    "n": 96301
  },
  "reps": {
    "mae": 2.7894949822263384,
    "n": 96301
  }
}