{
  "arch": "cnn_lstm_raw",
  "summary": {
    "val_total": {
      "mean": 1.1629658823681794,
      "std": 0.5126845165900913,
      "n": 5
    },
    "exercise": {
      "f1_macro": {
        "mean": 0.4799993227391388,
        "std": 0.19004487757220465,
        "n": 5
      },
      "balanced_accuracy": {
        "mean": 0.48962038557705745,
        "std": 0.18702829663629253,
        "n": 5
      }
    },
    "phase": {
      "f1_macro": {
        "mean": 0.3569199211206845,
        "std": 0.05680476207420723,
        "n": 5
      },
      "balanced_accuracy": {
        "mean": 0.3858283535523686,
        "std": 0.042580359464634794,
        "n": 5
      }
    },
    "fatigue": {
      "mae": {
        "mean": 1.0738264384365657,
        "std": 0.15309167317416617,
        "n": 5
      },
      "pearson_r": {
        "mean": 0.18102237676546945,
        "std": 0.2896981498104079,
        "n": 5
      }
    },
    "reps": {
      "mae": {
        "mean": 0.4211867759243212,
        "std": 0.04500064488573677,
        "n": 5
      }
    }
  },
  "enabled_tasks": [
    "exercise",
    "phase",
    "fatigue",
    "reps"
  ],
  "all_results": [
    {
      "seed": 42,
      "fold": 0,
      "test_subjects": [
        "Tias",
        "sivert"
      ],
      "metrics": {
        "exercise": {
          "f1_macro": 0.756025901287403,
          "balanced_accuracy": 0.7554023963648075,
          "n": 252
        },
        "phase": {
          "f1_macro": 0.3596623559481327,
          "balanced_accuracy": 0.37576037576037574,
          "n": 217
        },
        "fatigue": {
          "mae": 1.1103515625,
          "pearson_r": 0.3273891636467151,
          "n": 252
        },
        "reps": {
          "mae": 0.4378065681694267,
          "n": 214
        },
        "val_total": 0.4923033799443926,
        "val_total_per_task": {
          "exercise": 0.6815610348232208,
          "phase": 0.3028158077171871,
          "fatigue": 1.1103515587155781,
          "reps": 0.15068277444631334
        }
      }
    },
    {
      "seed": 42,
      "fold": 1,
      "test_subjects": [
        "Raghild",
        "michael"
      ],
      "metrics": {
        "exercise": {
          "f1_macro": 0.4356336058519793,
          "balanced_accuracy": 0.4871949088067773,
          "n": 266
        },
        "phase": {
          "f1_macro": 0.35823961075217353,
          "balanced_accuracy": 0.391729797979798,
          "n": 194
        },
        "fatigue": {
          "mae": 1.2301016212406015,
          "pearson_r": 0.372932327600342,
          "n": 266
        },
        "reps": {
          "mae": 0.41478045003873015,
          "n": 189
        },
        "val_total": 1.3681602693141852,
        "val_total_per_task": {
          "exercise": 1.2911493975417059,
          "phase": 0.35881182125636507,
          "fatigue": 1.2301016248258434,
          "reps": 0.13123592577482524
        }
      }
    },
    {
      "seed": 42,
      "fold": 2,
      "test_subjects": [
        "Juile",
        "lucas 2"
      ],
      "metrics": {
        "exercise": {
          "f1_macro": 0.64007463962622,
          "balanced_accuracy": 0.634137068288854,
          "n": 304
        },
        "phase": {
          "f1_macro": 0.4592066711742168,
          "balanced_accuracy": 0.45876538037596193,
          "n": 229
        },
        "fatigue": {
          "mae": 1.057642886513158,
          "pearson_r": 0.1956531780659803,
          "n": 304
        },
        "reps": {
          "mae": 0.34296021896577333,
          "n": 223
        },
        "val_total": 0.7982781654910037,
        "val_total_per_task": {
          "exercise": 1.0450627960656818,
          "phase": 0.24739770042268852,
          "fatigue": 1.057642886513158,
          "reps": 0.08477914098062013
        }
      }
    },
    {
      "seed": 42,
      "fold": 3,
      "test_subjects": [
        "Hytten",
        "lucas"
      ],
      "metrics": {
        "exercise": {
          "f1_macro": 0.27806638849871934,
          "balanced_accuracy": 0.27602441716994613,
          "n": 218
        },
        "phase": {
          "f1_macro": 0.3056192034915439,
          "balanced_accuracy": 0.3763904871499808,
          "n": 187
        },
        "fatigue": {
          "mae": 1.1799025229357798,
          "pearson_r": -0.38201029710287526,
          "n": 218
        },
        "reps": {
          "mae": 0.4289659763807836,
          "n": 184
        },
        "val_total": 1.9932290917142816,
        "val_total_per_task": {
          "exercise": 1.5363383216595432,
          "phase": 0.3486707106642767,
          "fatigue": 1.179902518561127,
          "reps": 0.15506910450688197
        }
      }
    },
    {
      "seed": 42,
      "fold": 4,
      "test_subjects": [
        "kiyomi"
      ],
      "metrics": {
        "exercise": {
          "f1_macro": 0.2901960784313726,
          "balanced_accuracy": 0.29534313725490197,
          "n": 149
        },
        "phase": {
          "f1_macro": 0.3018717642373556,
          "balanced_accuracy": 0.3264957264957265,
          "n": 149
        },
        "fatigue": {
          "mae": 0.7911335989932886,
          "pearson_r": 0.39114751161718525,
          "n": 149
        },
        "reps": {
          "mae": 0.4814206660668922,
          "n": 149
        },
        "val_total": 1.1628585053770335,
        "val_total_per_task": {
          "exercise": 1.1654364118640055,
          "phase": 0.30837156908624125,
          "fatigue": 0.7911336061938498,
          "reps": 0.1739510025754071
        }
      }
    }
  ]
}