{
  "exercise": {
    "f1_macro": 0.1461038961038961,
    "balanced_accuracy": 0.25,
    "n": 218
  },
  "phase": {
    "f1_macro": 0.21333333333333335,
    "balanced_accuracy": 0.3333333333333333,
    "n": 187
  },
  "fatigue": {
    "mae": 0.8797484231651376,
    "pearson_r": -0.08671246894706111,
    "n": 218
  },
  "reps": {
    "mae": 0.4714333100811295,
    "n": 184
  },
  "val_total": 1.3247634172439575,
  "val_total_per_task": {
    "exercise": 1.3149055242538452,
    "phase": 0.33109018206596375,
    "fatigue": 0.8797484040260315,
    "reps": 0.19444683194160461
  }
}