{
  "exercise": {
    "f1_macro": 0.4549368498555759,
    "balanced_accuracy": 0.5290851890691506,
    "n": 266
  },
  "phase": {
    "f1_macro": 0.3294237940575003,
    "balanced_accuracy": 0.3494318181818182,
    "n": 194
  },
  "fatigue": {
    "mae": 1.6167910009398496,
    "pearson_r": -0.1147113269117917,
    "n": 266
  },
  "reps": {
    "mae": 0.40843626473434075,
    "n": 189
  },
  "val_total": 1.5699573423629416,
  "val_total_per_task": {
    "exercise": 1.4536465487085788,
    "phase": 0.41922643847931595,
    "fatigue": 1.6167910027324706,
    "reps": 0.13008176473746622
  }
}