{
  "exercise": {
    "f1_macro": 0.3253635428089372,
    "balanced_accuracy": 0.34052234220814365,
    "n": 75011
  },
  "phase": {
    "f1_macro": 0.29742224313429366,
    "balanced_accuracy": 0.29766622162103457,
    "n": 44914
  },
  "fatigue": {
    "mae": 1.2234463795900958,
    "pearson_r": 0.20812674038846066,
    "n": 75011
  },
  "reps": {
    "mae": 2.512522788072646,
    "n": 75011
  }
}