{
  "arch": "cnn_lstm_raw",
  "summary": {
    "val_total": {
      "mean": 0.8804038301058595,
      "std": 0.18368439519813368,
      "n": 5
    },
    "exercise": {
      "f1_macro": {
        "mean": 0.4573024197737798,
        "std": 0.11094665408088437,
        "n": 5
      },
      "balanced_accuracy": {
        "mean": 0.48800609550975016,
        "std": 0.10040603330310849,
        "n": 5
      }
    },
    "phase": {
      "f1_macro": {
        "mean": 0.30659913986827786,
        "std": 0.032303220647871986,
        "n": 5
      },
      "balanced_accuracy": {
        "mean": 0.3434276145182725,
        "std": 0.027982042614459312,
        "n": 5
      }
    },
    "fatigue": {
      "mae": {
        "mean": 1.1193043499268023,
        "std": 0.18846977927416406,
        "n": 5
      },
      "pearson_r": {
        "mean": 0.16340888661071123,
        "std": 0.21257376710483977,
        "n": 5
      }
    },
    "reps": {
      "mae": {
        "mean": 0.4584824462881465,
        "std": 0.0398581191017657,
        "n": 5
      }
    }
  },
  "enabled_tasks": [
    "exercise",
    "phase",
    "fatigue",
    "reps"
  ],
  "all_results": [
    {
      "seed": 42,
      "fold": 0,
      "test_subjects": [
        "Tias",
        "sivert"
      ],
      "metrics": {
        "exercise": {
          "f1_macro": 0.6673621742604967,
          "balanced_accuracy": 0.686404356400886,
          "n": 252
        },
        "phase": {
          "f1_macro": 0.3139233954451346,
          "balanced_accuracy": 0.3409178409178409,
          "n": 217
        },
        "fatigue": {
          "mae": 1.0933004712301588,
          "pearson_r": 0.253510490792114,
          "n": 252
        },
        "reps": {
          "mae": 0.5328976960730887,
          "n": 214
        },
        "val_total": 0.6388217608133951,
        "val_total_per_task": {
          "exercise": 0.7883442753837222,
          "phase": 0.2958085149053543,
          "fatigue": 1.093300465553526,
          "reps": 0.1997190872355113
        }
      }
    },
    {
      "seed": 42,
      "fold": 1,
      "test_subjects": [
        "Raghild",
        "michael"
      ],
      "metrics": {
        "exercise": {
          "f1_macro": 0.38135047236429725,
          "balanced_accuracy": 0.45998344745337527,
          "n": 266
        },
        "phase": {
          "f1_macro": 0.28513148810644573,
          "balanced_accuracy": 0.3096590909090909,
          "n": 194
        },
        "fatigue": {
          "mae": 1.375234962406015,
          "pearson_r": 0.3013426283192248,
          "n": 266
        },
        "reps": {
          "mae": 0.42216146980762165,
          "n": 189
        },
        "val_total": 1.1381031158275174,
        "val_total_per_task": {
          "exercise": 1.3106759992757238,
          "phase": 0.38290474827128246,
          "fatigue": 1.3752349659912568,
          "reps": 0.1479073933192662
        }
      }
    },
    {
      "seed": 42,
      "fold": 2,
      "test_subjects": [
        "Juile",
        "lucas 2"
      ],
      "metrics": {
        "exercise": {
          "f1_macro": 0.42639969867682187,
          "balanced_accuracy": 0.41297504578754574,
          "n": 304
        },
        "phase": {
          "f1_macro": 0.33037896195790933,
          "balanced_accuracy": 0.36289956558386827,
          "n": 229
        },
        "fatigue": {
          "mae": 1.2144711143092106,
          "pearson_r": 0.22267490830644904,
          "n": 304
        },
        "reps": {
          "mae": 0.4279969692973612,
          "n": 223
        },
        "val_total": 1.0076130973665338,
        "val_total_per_task": {
          "exercise": 1.2753030877364309,
          "phase": 0.3622818510783346,
          "fatigue": 1.2144711205833836,
          "reps": 0.14489050601658068
        }
      }
    },
    {
      "seed": 42,
      "fold": 3,
      "test_subjects": [
        "Hytten",
        "lucas"
      ],
      "metrics": {
        "exercise": {
          "f1_macro": 0.4575235124680953,
          "balanced_accuracy": 0.4468440984951797,
          "n": 218
        },
        "phase": {
          "f1_macro": 0.34700854700854705,
          "balanced_accuracy": 0.3853567318757192,
          "n": 187
        },
        "fatigue": {
          "mae": 1.1141234231651376,
          "pearson_r": -0.2577400105925871,
          "n": 218
        },
        "reps": {
          "mae": 0.44667197666738345,
          "n": 184
        },
        "val_total": 0.9022165985282408,
        "val_total_per_task": {
          "exercise": 1.2129779616627125,
          "phase": 0.30942369054216856,
          "fatigue": 1.1141234319144433,
          "reps": 0.1492545754400962
        }
      }
    },
    {
      "seed": 42,
      "fold": 4,
      "test_subjects": [
        "kiyomi"
      ],
      "metrics": {
        "exercise": {
          "f1_macro": 0.35387624109918764,
          "balanced_accuracy": 0.4338235294117647,
          "n": 149
        },
        "phase": {
          "f1_macro": 0.25655330682335253,
          "balanced_accuracy": 0.31830484330484327,
          "n": 149
        },
        "fatigue": {
          "mae": 0.79939177852349,
          "pearson_r": 0.2972564162283554,
          "n": 149
        },
        "reps": {
          "mae": 0.4626841195952772,
          "n": 149
        },
        "val_total": 0.7152645779936105,
        "val_total_per_task": {
          "exercise": 1.1253367142389286,
          "phase": 0.3100280241678225,
          "fatigue": 0.7993917813237081,
          "reps": 0.1723945302351209
        }
      }
    }
  ]
}