{
  "exercise": {
    "f1_macro": 0.4288942405434172,
    "balanced_accuracy": 0.4281948757539832,
    "n": 1509
  },
  "phase": {
    "f1_macro": 0.3173762613916161,
    "balanced_accuracy": 0.3212001619105444,
    "n": 1113
  },
  "fatigue": {
    "mae": 0.9624596172962226,
    "pearson_r": 0.4155828399839033,
    "n": 1509
  },
  "reps": {
    "mae": 0.08656599375275456,
    "n": 1107
  },
  "val_total": -0.11995664837346162,
  "val_total_per_task": {
    "exercise": 1.170605224201109,
    "phase": 0.8013470219886406,
    "fatigue": 0.9624596191131966,
    "reps": 0.007220206616200739
  }
}