{
  "exercise": {
    "f1_macro": 0.18664383561643835,
    "balanced_accuracy": 0.28515625,
    "n": 304
  },
  "phase": {
    "f1_macro": 0.2884188260179799,
    "balanced_accuracy": 0.3770667185372496,
    "n": 229
  },
  "fatigue": {
    "mae": 0.983873869243421,
    "pearson_r": 0.5414559733647468,
    "n": 304
  },
  "reps": {
    "mae": 0.4085569812252182,
    "n": 223
  },
  "val_total": 1.3811320442902415,
  "val_total_per_task": {
    "exercise": 1.3256514637093795,
    "phase": 0.3760131660260652,
    "fatigue": 0.983873869243421,
    "reps": 0.14672794781233134
  }
}