{
  "exercise": {
    "f1_macro": 0.29420640538712295,
    "balanced_accuracy": 0.33315479641456247,
    "n": 69958
  },
  "phase": {
    "f1_macro": 0.29927824983662066,
    "balanced_accuracy": 0.334135773780652,
    "n": 40865
  },
  "fatigue": {
    "mae": 1.093180378181536,
    "pearson_r": -0.1977322195005412,
    "n": 69958
  },
  "reps": {
    "mae": 2.3666210454563843,
    "n": 69958
  }
}