{
  "exercise": {
    "f1_macro": 0.3822810007055444,
    "balanced_accuracy": 0.37107126504447935,
    "n": 304
  },
  "phase": {
    "f1_macro": 0.3101135190918473,
    "balanced_accuracy": 0.3301562601309732,
    "n": 229
  },
  "fatigue": {
    "mae": 1.208753083881579,
    "pearson_r": 0.23455612790391195,
    "n": 304
  },
  "reps": {
    "mae": 0.415541836252695,
    "n": 223
  },
  "val_total": 0.9647361510678342,
  "val_total_per_task": {
    "exercise": 1.238306955287331,
    "phase": 0.3642255358005825,
    "fatigue": 1.2087530901557522,
    "reps": 0.13824692211653056
  }
}