{
  "exercise": {
    "f1_macro": 0.10612244897959183,
    "balanced_accuracy": 0.22033898305084745,
    "n": 218
  },
  "phase": {
    "f1_macro": 0.1979949874686717,
    "balanced_accuracy": 0.3333333333333333,
    "n": 187
  },
  "fatigue": {
    "mae": 0.9806658543577982,
    "pearson_r": -0.20372101671479848,
    "n": 218
  },
  "reps": {
    "mae": 0.4980161122005919,
    "n": 184
  },
  "val_total": 1.1701499223709106,
  "val_total_per_task": {
    "exercise": 1.265651822090149,
    "phase": 0.3292492926120758,
    "fatigue": 0.9806658029556274,
    "reps": 0.18757019937038422
  }
}