{
  "exercise": {
    "f1_macro": 0.35933209575743513,
    "balanced_accuracy": 0.45151515151515154,
    "n": 746
  },
  "phase": {
    "f1_macro": 0.2120658135283364,
    "balanced_accuracy": 0.3333333333333333,
    "n": 746
  },
  "fatigue": {
    "mae": 1.0419162617292226,
    "pearson_r": 0.18754226783277683,
    "n": 746
  },
  "reps": {
    "mae": 0.10821840322349251,
    "n": 746
  },
  "val_total": -0.5692167566544888,
  "val_total_per_task": {
    "exercise": 1.0477056183699949,
    "phase": 0.47895904440662496,
    "fatigue": 1.04191627770902,
    "reps": 0.010050729596263281
  }
}