{
  "exercise": {
    "f1_macro": 0.23241078452406494,
    "balanced_accuracy": 0.23919715008327677,
    "n": 266
  },
  "phase": {
    "f1_macro": 0.23081629815046587,
    "balanced_accuracy": 0.32463023088023085,
    "n": 194
  },
  "fatigue": {
    "mae": 1.3681860902255638,
    "pearson_r": 0.4100227800266466,
    "n": 266
  },
  "reps": {
    "mae": 0.473312789593976,
    "n": 189
  },
  "val_total": 2.904285416567236,
  "val_total_per_task": {
    "exercise": 1.4566604517456283,
    "phase": 0.37628525719606787,
    "fatigue": 1.3681860902255638,
    "reps": 0.1595076869304915
  }
}