{
  "exercise": {
    "f1_macro": 0.12293853073463268,
    "balanced_accuracy": 0.25,
    "n": 1509
  },
  "phase": {
    "f1_macro": 0.3301716794030878,
    "balanced_accuracy": 0.33987047156446065,
    "n": 1113
  },
  "fatigue": {
    "mae": 0.9245878893306826,
    "pearson_r": 0.26290323425159,
    "n": 1509
  },
  "reps": {
    "mae": 0.08680361211123222,
    "n": 1107
  },
  "val_total": 1.3267437464516236,
  "val_total_per_task": {
    "exercise": 1.3653579740985646,
    "phase": 0.514647368665086,
    "fatigue": 0.9245878975070653,
    "reps": 0.007474613902415164
  }
}