{
  "exercise": {
    "f1_macro": 0.23900300145525105,
    "balanced_accuracy": 0.2665757084517719,
    "n": 1361
  },
  "phase": {
    "f1_macro": 0.32375449521971755,
    "balanced_accuracy": 0.32969845332146436,
    "n": 969
  },
  "fatigue": {
    "mae": 1.1485006429096252,
    "pearson_r": 0.356115481253661,
    "n": 1361
  },
  "reps": {
    "mae": 0.09915110277769415,
    "n": 964
  },
  "val_total": 1.3087399004138103,
  "val_total_per_task": {
    "exercise": 1.4330284888038383,
    "phase": 0.7251503409750754,
    "fatigue": 1.1485006445738255,
    "reps": 0.008364531308040296
  }
}