{
  "exercise": {
    "f1_macro": 0.33981072083085573,
    "balanced_accuracy": 0.38225962134495156,
    "n": 218
  },
  "phase": {
    "f1_macro": 0.2959832012463592,
    "balanced_accuracy": 0.3683831990794016,
    "n": 187
  },
  "fatigue": {
    "mae": 1.202157396788991,
    "pearson_r": -0.34224574286344794,
    "n": 218
  },
  "reps": {
    "mae": 0.4514657139130261,
    "n": 184
  },
  "val_total": 1.3269436359405518,
  "val_total_per_task": {
    "exercise": 1.3990271091461182,
    "phase": 0.32838648557662964,
    "fatigue": 1.2021573781967163,
    "reps": 0.16638199985027313
  }
}