{
  "exercise": {
    "f1_macro": 0.3482194797427724,
    "balanced_accuracy": 0.41654776166134405,
    "n": 1361
  },
  "phase": {
    "f1_macro": 0.30509923864963084,
    "balanced_accuracy": 0.33366269797114345,
    "n": 969
  },
  "fatigue": {
    "mae": 1.3226889695077149,
    "pearson_r": 0.3640303997313004,
    "n": 1361
  },
  "reps": {
    "mae": 0.09633927276605331,
    "n": 964
  },
  "val_total": -0.096903170320061,
  "val_total_per_task": {
    "exercise": 1.2481640136741172,
    "phase": 0.6772958021843635,
    "fatigue": 1.3226889705587888,
    "reps": 0.007734887570164643
  }
}