{
  "arch": "cnn1d_raw",
  "summary": {
    "val_total": {
      "mean": 1.878915438886385,
      "std": 0.9329900182261814,
      "n": 5
    },
    "exercise": {
      "f1_macro": {
        "mean": 0.4497086381570776,
        "std": 0.21303332616162587,
        "n": 5
      },
      "balanced_accuracy": {
        "mean": 0.4763323769527947,
        "std": 0.19951846614135696,
        "n": 5
      }
    },
    "phase": {
      "f1_macro": {
        "mean": 0.3374605560036544,
        "std": 0.1400792131420845,
        "n": 5
      },
      "balanced_accuracy": {
        "mean": 0.39585644298352884,
        "std": 0.09726412061063523,
        "n": 5
      }
    },
    "fatigue": {
      "mae": {
        "mean": 1.1722079694664336,
        "std": 0.14966313920131197,
        "n": 5
      },
      "pearson_r": {
        "mean": 0.18209447439576937,
        "std": 0.18392884352733493,
        "n": 5
      }
    },
    "reps": {
      "mae": {
        "mean": 0.4186526575869417,
        "std": 0.04755491670167778,
        "n": 5
      }
    }
  },
  "enabled_tasks": [
    "exercise",
    "phase",
    "fatigue",
    "reps"
  ],
  "all_results": [
    {
      "seed": 42,
      "fold": 0,
      "test_subjects": [
        "Tias",
        "sivert"
      ],
      "metrics": {
        "exercise": {
          "f1_macro": 0.832052784491809,
          "balanced_accuracy": 0.829944476431414,
          "n": 252
        },
        "phase": {
          "f1_macro": 0.44416501653155954,
          "balanced_accuracy": 0.4417494417494418,
          "n": 217
        },
        "fatigue": {
          "mae": 1.2581690228174602,
          "pearson_r": 0.1474680480383751,
          "n": 252
        },
        "reps": {
          "mae": 0.46671983658849636,
          "n": 214
        },
        "val_total": 0.2763391198619964,
        "val_total_per_task": {
          "exercise": 0.39956170982784694,
          "phase": 0.31877119933801984,
          "fatigue": 1.2581690284940932,
          "reps": 0.1572127654438927
        }
      }
    },
    {
      "seed": 42,
      "fold": 1,
      "test_subjects": [
        "Raghild",
        "michael"
      ],
      "metrics": {
        "exercise": {
          "f1_macro": 0.37090604184257436,
          "balanced_accuracy": 0.4453329015277692,
          "n": 266
        },
        "phase": {
          "f1_macro": 0.21888515664449273,
          "balanced_accuracy": 0.294462481962482,
          "n": 194
        },
        "fatigue": {
          "mae": 1.403797579887218,
          "pearson_r": 0.24963007576821625,
          "n": 266
        },
        "reps": {
          "mae": 0.41357370575387326,
          "n": 189
        },
        "val_total": 2.7809264749512637,
        "val_total_per_task": {
          "exercise": 1.4890231351207073,
          "phase": 0.3942828142553344,
          "fatigue": 1.403797578094597,
          "reps": 0.12767625392827772
        }
      }
    },
    {
      "seed": 42,
      "fold": 2,
      "test_subjects": [
        "Juile",
        "lucas 2"
      ],
      "metrics": {
        "exercise": {
          "f1_macro": 0.5118278761803218,
          "balanced_accuracy": 0.5210663592360021,
          "n": 304
        },
        "phase": {
          "f1_macro": 0.5567073872039767,
          "balanced_accuracy": 0.5636885969506084,
          "n": 229
        },
        "fatigue": {
          "mae": 0.9768965871710527,
          "pearson_r": 0.39094514674605985,
          "n": 304
        },
        "reps": {
          "mae": 0.32991178930557497,
          "n": 223
        },
        "val_total": 1.4428336745814274,
        "val_total_per_task": {
          "exercise": 1.1324824847673114,
          "phase": 0.26424908010583176,
          "fatigue": 0.9768965903081392,
          "reps": 0.09435262844750755
        }
      }
    },
    {
      "seed": 42,
      "fold": 3,
      "test_subjects": [
        "Hytten",
        "lucas"
      ],
      "metrics": {
        "exercise": {
          "f1_macro": 0.223252625708709,
          "balanced_accuracy": 0.2504529514903565,
          "n": 218
        },
        "phase": {
          "f1_macro": 0.19444444444444445,
          "balanced_accuracy": 0.32489451476793246,
          "n": 187
        },
        "fatigue": {
          "mae": 1.0593463302752293,
          "pearson_r": -0.15156060680213795,
          "n": 218
        },
        "reps": {
          "mae": 0.4465042809429376,
          "n": 184
        },
        "val_total": 2.706397739025431,
        "val_total_per_task": {
          "exercise": 1.3482121376816285,
          "phase": 0.31413111145343253,
          "fatigue": 1.059346328087903,
          "reps": 0.18367647598369405
        }
      }
    },
    {
      "seed": 42,
      "fold": 4,
      "test_subjects": [
        "kiyomi"
      ],
      "metrics": {
        "exercise": {
          "f1_macro": 0.31050386256197393,
          "balanced_accuracy": 0.33486519607843135,
          "n": 149
        },
        "phase": {
          "f1_macro": 0.27310077519379844,
          "balanced_accuracy": 0.3544871794871795,
          "n": 149
        },
        "fatigue": {
          "mae": 1.1628303271812082,
          "pearson_r": 0.2739897082283336,
          "n": 149
        },
        "reps": {
          "mae": 0.43655367534382633,
          "n": 149
        },
        "val_total": 2.188080186011807,
        "val_total_per_task": {
          "exercise": 1.1890651979702431,
          "phase": 0.3646840033115157,
          "fatigue": 1.1628303263811457,
          "reps": 0.15495628643555928
        }
      }
    }
  ]
}