{
  "exercise": {
    "f1_macro": 0.11069651741293532,
    "balanced_accuracy": 0.25,
    "n": 626
  },
  "phase": {
    "f1_macro": 0.1978891820580475,
    "balanced_accuracy": 0.3333333333333333,
    "n": 533
  },
  "fatigue": {
    "mae": 1.0852386182108626,
    "pearson_r": 0.025132352006737694,
    "n": 626
  },
  "reps": {
    "mae": 0.27025897746639094,
    "n": 531
  },
  "val_total": 1.3425263985277365,
  "val_total_per_task": {
    "exercise": 1.3978665351105954,
    "phase": 0.25881742374203837,
    "fatigue": 1.0852386229716169,
    "reps": 0.05105960021575038
  }
}