{
  "exercise": {
    "f1_macro": 0.42383470252066535,
    "balanced_accuracy": 0.4612138332477316,
    "n": 218
  },
  "phase": {
    "f1_macro": 0.1979949874686717,
    "balanced_accuracy": 0.3333333333333333,
    "n": 187
  },
  "fatigue": {
    "mae": 0.9619588589449541,
    "pearson_r": -0.2818289551310325,
    "n": 218
  },
  "reps": {
    "mae": 0.5417348518967628,
    "n": 184
  },
  "val_total": 4.448016451039446,
  "val_total_per_task": {
    "exercise": 1.0093030853009006,
    "phase": 0.3190215314746997,
    "fatigue": 0.9619588786308918,
    "reps": 0.2042255557458335
  }
}