{
  "arch": "lstm_raw",
  "summary": {
    "val_total": {
      "mean": 0.12940443783812766,
      "std": 0.25179154578913476,
      "n": 5
    },
    "exercise": {
      "f1_macro": {
        "mean": 0.3460888848173953,
        "std": 0.08491283158079704,
        "n": 5
      },
      "balanced_accuracy": {
        "mean": 0.4004750983192852,
        "std": 0.0950863931245969,
        "n": 5
      }
    },
    "phase": {
      "f1_macro": {
        "mean": 0.27790076483008574,
        "std": 0.04132538227544148,
        "n": 5
      },
      "balanced_accuracy": {
        "mean": 0.3326377470754549,
        "std": 0.023595424659059488,
        "n": 5
      }
    },
    "fatigue": {
      "mae": {
        "mean": 1.01765882572774,
        "std": 0.1411677295792241,
        "n": 5
      },
      "pearson_r": {
        "mean": 0.23594451695483745,
        "std": 0.267607834792237,
        "n": 5
      }
    },
    "reps": {
      "mae": {
        "mean": 0.2070920958509804,
        "std": 0.032934272102761966,
        "n": 5
      }
    }
  },
  "enabled_tasks": [
    "exercise",
    "phase",
    "fatigue",
    "reps"
  ],
  "all_results": [
    {
      "seed": 42,
      "fold": 0,
      "test_subjects": [
        "Tias",
        "sivert"
      ],
      "metrics": {
        "exercise": {
          "f1_macro": 0.3375512153373593,
          "balanced_accuracy": 0.4068619111243435,
          "n": 626
        },
        "phase": {
          "f1_macro": 0.2557673407804216,
          "balanced_accuracy": 0.33458089668615987,
          "n": 533
        },
        "fatigue": {
          "mae": 1.1005640974440896,
          "pearson_r": 0.2519688333078006,
          "n": 626
        },
        "reps": {
          "mae": 0.2542979527456009,
          "n": 531
        },
        "val_total": 0.038443892527692994,
        "val_total_per_task": {
          "exercise": 1.2095089354834998,
          "phase": 0.28495609046171266,
          "fatigue": 1.1005641001101119,
          "reps": 0.04690985400051164
        }
      }
    },
    {
      "seed": 42,
      "fold": 1,
      "test_subjects": [
        "Raghild",
        "michael"
      ],
      "metrics": {
        "exercise": {
          "f1_macro": 0.4432760384787554,
          "balanced_accuracy": 0.4982034933354029,
          "n": 682
        },
        "phase": {
          "f1_macro": 0.33161826196652067,
          "balanced_accuracy": 0.36260929364377636,
          "n": 488
        },
        "fatigue": {
          "mae": 1.175477685117302,
          "pearson_r": 0.35957279533467523,
          "n": 682
        },
        "reps": {
          "mae": 0.17988725536004388,
          "n": 482
        },
        "val_total": 0.427193476657364,
        "val_total_per_task": {
          "exercise": 1.4885221730229443,
          "phase": 0.5065819888520451,
          "fatigue": 1.1754776833693652,
          "reps": 0.0279887215482874
        }
      }
    },
    {
      "seed": 42,
      "fold": 2,
      "test_subjects": [
        "Juile",
        "lucas 2"
      ],
      "metrics": {
        "exercise": {
          "f1_macro": 0.39750151843950204,
          "balanced_accuracy": 0.43159119017487346,
          "n": 755
        },
        "phase": {
          "f1_macro": 0.3090899888652698,
          "balanced_accuracy": 0.34255022412530495,
          "n": 560
        },
        "fatigue": {
          "mae": 0.941106167218543,
          "pearson_r": 0.4483892292454558,
          "n": 755
        },
        "reps": {
          "mae": 0.16528182766830635,
          "n": 554
        },
        "val_total": -0.05602687652537365,
        "val_total_per_task": {
          "exercise": 1.1903069560890955,
          "phase": 0.3936760347805276,
          "fatigue": 0.9411061632712155,
          "reps": 0.030098937032435904
        }
      }
    },
    {
      "seed": 42,
      "fold": 3,
      "test_subjects": [
        "Hytten",
        "lucas"
      ],
      "metrics": {
        "exercise": {
          "f1_macro": 0.19215087483102655,
          "balanced_accuracy": 0.21993576443168575,
          "n": 557
        },
        "phase": {
          "f1_macro": 0.21319394947335077,
          "balanced_accuracy": 0.3330389144905274,
          "n": 477
        },
        "fatigue": {
          "mae": 1.0913375224416517,
          "pearson_r": -0.28318577676397216,
          "n": 557
        },
        "reps": {
          "mae": 0.23330872465182442,
          "n": 474
        },
        "val_total": 0.42319647884882544,
        "val_total_per_task": {
          "exercise": 1.6030930935587446,
          "phase": 0.40571918163308124,
          "fatigue": 1.0913375344267868,
          "reps": 0.04213716870230661
        }
      }
    },
    {
      "seed": 42,
      "fold": 4,
      "test_subjects": [
        "kiyomi"
      ],
      "metrics": {
        "exercise": {
          "f1_macro": 0.3599647770003332,
          "balanced_accuracy": 0.4457831325301205,
          "n": 374
        },
        "phase": {
          "f1_macro": 0.2798342830648659,
          "balanced_accuracy": 0.29040940643150587,
          "n": 374
        },
        "fatigue": {
          "mae": 0.7798086564171123,
          "pearson_r": 0.4029775036502277,
          "n": 374
        },
        "reps": {
          "mae": 0.20268471882912645,
          "n": 374
        },
        "val_total": -0.18578478231787043,
        "val_total_per_task": {
          "exercise": 1.2395109977314178,
          "phase": 0.33476804858223,
          "fatigue": 0.7798086659793548,
          "reps": 0.034554213464738213
        }
      }
    }
  ]
}