{
  "exercise": {
    "f1_macro": 0.19323490573365737,
    "balanced_accuracy": 0.218649631924509,
    "n": 557
  },
  "phase": {
    "f1_macro": 0.34188130406978473,
    "balanced_accuracy": 0.3519905273937532,
    "n": 477
  },
  "fatigue": {
    "mae": 1.0667849528725315,
    "pearson_r": -0.23217862217715038,
    "n": 557
  },
  "reps": {
    "mae": 0.21732065088031147,
    "n": 474
  },
  "val_total": 0.6972042251532125,
  "val_total_per_task": {
    "exercise": 1.8036079327550782,
    "phase": 0.40199112014667776,
    "fatigue": 1.066784964429626,
    "reps": 0.04187651467802173
  }
}