{
  "arch": "lstm_raw",
  "summary": {
    "val_total": {
      "mean": 0.9485381012567347,
      "std": 0.16806011429658582,
      "n": 5
    },
    "exercise": {
      "f1_macro": {
        "mean": 0.31220647300225696,
        "std": 0.049626066105765775,
        "n": 5
      },
      "balanced_accuracy": {
        "mean": 0.36233243212712907,
        "std": 0.055551893902512126,
        "n": 5
      }
    },
    "phase": {
      "f1_macro": {
        "mean": 0.3070081519436086,
        "std": 0.023119119228523555,
        "n": 5
      },
      "balanced_accuracy": {
        "mean": 0.32525143257127753,
        "std": 0.011231095784793517,
        "n": 5
      }
    },
    "fatigue": {
      "mae": {
        "mean": 1.022493863461512,
        "std": 0.09492846739480314,
        "n": 5
      },
      "pearson_r": {
        "mean": 0.22215915072427825,
        "std": 0.25524391346363257,
        "n": 5
      }
    },
    "reps": {
      "mae": {
        "mean": 0.10956605992245746,
        "std": 0.018033543009577276,
        "n": 5
      }
    }
  },
  "enabled_tasks": [
    "exercise",
    "phase",
    "fatigue",
    "reps"
  ],
  "all_results": [
    {
      "seed": 42,
      "fold": 0,
      "test_subjects": [
        "Tias",
        "sivert"
      ],
      "metrics": {
        "exercise": {
          "f1_macro": 0.3380212622717231,
          "balanced_accuracy": 0.4036647769315711,
          "n": 1256
        },
        "phase": {
          "f1_macro": 0.29578488981774265,
          "balanced_accuracy": 0.33031269351354775,
          "n": 1069
        },
        "fatigue": {
          "mae": 1.0594894506369428,
          "pearson_r": 0.35523168075279077,
          "n": 1256
        },
        "reps": {
          "mae": 0.14092414146428883,
          "n": 1067
        },
        "val_total": 0.8312193314740612,
        "val_total_per_task": {
          "exercise": 1.1611019205895199,
          "phase": 0.4242416563307404,
          "fatigue": 1.0594894510165902,
          "reps": 0.014087983413012165
        }
      }
    },
    {
      "seed": 42,
      "fold": 1,
      "test_subjects": [
        "Raghild",
        "michael"
      ],
      "metrics": {
        "exercise": {
          "f1_macro": 0.30322947037467135,
          "balanced_accuracy": 0.3444771202469674,
          "n": 1361
        },
        "phase": {
          "f1_macro": 0.31112159555808927,
          "balanced_accuracy": 0.31567226734913395,
          "n": 969
        },
        "fatigue": {
          "mae": 1.1683332567964733,
          "pearson_r": 0.38326984256947266,
          "n": 1361
        },
        "reps": {
          "mae": 0.0966067625831859,
          "n": 964
        },
        "val_total": 1.231788653822877,
        "val_total_per_task": {
          "exercise": 1.321852929271555,
          "phase": 0.7055081014331871,
          "fatigue": 1.168333254431557,
          "reps": 0.0077341230891365765
        }
      }
    },
    {
      "seed": 42,
      "fold": 2,
      "test_subjects": [
        "Juile",
        "lucas 2"
      ],
      "metrics": {
        "exercise": {
          "f1_macro": 0.35456903169356785,
          "balanced_accuracy": 0.3968748920794552,
          "n": 1509
        },
        "phase": {
          "f1_macro": 0.3318648457420535,
          "balanced_accuracy": 0.33859542602712,
          "n": 1113
        },
        "fatigue": {
          "mae": 0.8749922340954275,
          "pearson_r": 0.39348727353813584,
          "n": 1509
        },
        "reps": {
          "mae": 0.08859759416345375,
          "n": 1107
        },
        "val_total": 0.8431325334835874,
        "val_total_per_task": {
          "exercise": 1.1311649603903728,
          "phase": 0.533113803193615,
          "fatigue": 0.8749922314489654,
          "reps": 0.008637219079263445
        }
      }
    },
    {
      "seed": 42,
      "fold": 3,
      "test_subjects": [
        "Hytten",
        "lucas"
      ],
      "metrics": {
        "exercise": {
          "f1_macro": 0.2192824681640087,
          "balanced_accuracy": 0.2607741592564394,
          "n": 1106
        },
        "phase": {
          "f1_macro": 0.3277510554024259,
          "balanced_accuracy": 0.33301004989809546,
          "n": 944
        },
        "fatigue": {
          "mae": 1.0092040574141048,
          "pearson_r": -0.27927717950428044,
          "n": 1106
        },
        "reps": {
          "mae": 0.1148379117329125,
          "n": 941
        },
        "val_total": 1.049203210239169,
        "val_total_per_task": {
          "exercise": 1.5383353783036657,
          "phase": 0.5130735229411134,
          "fatigue": 1.0092040552584216,
          "reps": 0.011193112675673168
        }
      }
    },
    {
      "seed": 42,
      "fold": 4,
      "test_subjects": [
        "kiyomi"
      ],
      "metrics": {
        "exercise": {
          "f1_macro": 0.34593013250731375,
          "balanced_accuracy": 0.40587121212121213,
          "n": 746
        },
        "phase": {
          "f1_macro": 0.2685183731977316,
          "balanced_accuracy": 0.3086667260684903,
          "n": 746
        },
        "fatigue": {
          "mae": 1.0004503183646112,
          "pearson_r": 0.2580841362652725,
          "n": 746
        },
        "reps": {
          "mae": 0.10686388966844644,
          "n": 746
        },
        "val_total": 0.7873467772639788,
        "val_total_per_task": {
          "exercise": 1.1148853832531231,
          "phase": 0.48408898399598477,
          "fatigue": 1.000450364706024,
          "reps": 0.009986738566978367
        }
      }
    }
  ]
}