{
  "exercise": {
    "f1_macro": 0.3879994033903884,
    "balanced_accuracy": 0.48430078341866634,
    "n": 266
  },
  "phase": {
    "f1_macro": 0.21914648212226065,
    "balanced_accuracy": 0.3298611111111111,
    "n": 194
  },
  "fatigue": {
    "mae": 1.4028871005639099,
    "pearson_r": 0.23354516978701537,
    "n": 266
  },
  "reps": {
    "mae": 0.42181635954510915,
    "n": 189
  },
  "val_total": 1.1307502438251238,
  "val_total_per_task": {
    "exercise": 1.3134216079138274,
    "phase": 0.38448450619116764,
    "fatigue": 1.4028871005639099,
    "reps": 0.14200779549161294
  }
}