{
  "exercise": {
    "f1_macro": 0.2757396859046574,
    "balanced_accuracy": 0.31957530162743636,
    "n": 626
  },
  "phase": {
    "f1_macro": 0.31570364266831463,
    "balanced_accuracy": 0.32849902534113057,
    "n": 533
  },
  "fatigue": {
    "mae": 1.0890887080670926,
    "pearson_r": 0.26398379450763665,
    "n": 626
  },
  "reps": {
    "mae": 0.26809304951656815,
    "n": 531
  },
  "val_total": 0.5339161462296312,
  "val_total_per_task": {
    "exercise": 1.1379562307851383,
    "phase": 0.2834668725062483,
    "fatigue": 1.0890887124469866,
    "reps": 0.05038530305146981
  }
}