{
  "exercise": {
    "f1_macro": 0.3865551312359823,
    "balanced_accuracy": 0.44080197769866425,
    "n": 1361
  },
  "phase": {
    "f1_macro": 0.3157719435736677,
    "balanced_accuracy": 0.3192700567486369,
    "n": 969
  },
  "fatigue": {
    "mae": 1.2443917615723732,
    "pearson_r": 0.3524226494105377,
    "n": 1361
  },
  "reps": {
    "mae": 0.09705291095448666,
    "n": 964
  },
  "val_total": -0.1324097337659714,
  "val_total_per_task": {
    "exercise": 1.3126547808685696,
    "phase": 0.6895159424270978,
    "fatigue": 1.2443917652511316,
    "reps": 0.007836758564886671
  }
}