{
  "exercise": {
    "f1_macro": 0.12142857142857144,
    "balanced_accuracy": 0.16980638409209836,
    "n": 304
  },
  "phase": {
    "f1_macro": 0.32288883491215287,
    "balanced_accuracy": 0.35259028723335284,
    "n": 229
  },
  "fatigue": {
    "mae": 1.2625411184210527,
    "pearson_r": -0.08747807376526803,
    "n": 304
  },
  "reps": {
    "mae": 0.378145286608738,
    "n": 223
  },
  "val_total": 0.8553622992415177,
  "val_total_per_task": {
    "exercise": 1.3825924459256624,
    "phase": 0.3378338154993559,
    "fatigue": 1.2625411246952258,
    "reps": 0.12743953968349256
  }
}