{
  "exercise": {
    "f1_macro": 0.36657930498932245,
    "balanced_accuracy": 0.4453313253012048,
    "n": 374
  },
  "phase": {
    "f1_macro": 0.28652744814134806,
    "balanced_accuracy": 0.29547892255074576,
    "n": 374
  },
  "fatigue": {
    "mae": 0.9446440508021391,
    "pearson_r": 0.16410995507966622,
    "n": 374
  },
  "reps": {
    "mae": 0.2069534205303672,
    "n": 374
  },
  "val_total": -0.17847419868816028,
  "val_total_per_task": {
    "exercise": 1.0649671777684422,
    "phase": 0.3287003043501135,
    "fatigue": 0.9446440425148622,
    "reps": 0.03494540207526263
  }
}