{
  "exercise": {
    "f1_macro": 0.16055995130858186,
    "balanced_accuracy": 0.26928736598696656,
    "n": 252
  },
  "phase": {
    "f1_macro": 0.22032242305813385,
    "balanced_accuracy": 0.27107877107877104,
    "n": 217
  },
  "fatigue": {
    "mae": 1.0886656746031746,
    "pearson_r": 0.34077506442739414,
    "n": 252
  },
  "reps": {
    "mae": 0.6055469053719088,
    "n": 214
  },
  "val_total": 0.9747440360841297,
  "val_total_per_task": {
    "exercise": 1.3307310853685652,
    "phase": 0.3264109482840886,
    "fatigue": 1.0886656310823228,
    "reps": 0.24954877368041448
  }
}