{
  "exercise": {
    "f1_macro": 0.3381322223760944,
    "balanced_accuracy": 0.4744900581909403,
    "n": 266
  },
  "phase": {
    "f1_macro": 0.2835433371515846,
    "balanced_accuracy": 0.34537337662337664,
    "n": 194
  },
  "fatigue": {
    "mae": 1.486577772556391,
    "pearson_r": 0.2574825213942618,
    "n": 266
  },
  "reps": {
    "mae": 0.4522959345054847,
    "n": 189
  },
  "val_total": 1.5136638870812897,
  "val_total_per_task": {
    "exercise": 1.3627596994988005,
    "phase": 0.4089819560373636,
    "fatigue": 1.4865777761416328,
    "reps": 0.1624580612756256
  }
}