{
  "arch": "lstm_raw",
  "summary": {
    "val_total": {
      "mean": 0.4152850898338836,
      "std": 0.20917478334515843,
      "n": 5
    },
    "exercise": {
      "f1_macro": {
        "mean": 0.333257434829343,
        "std": 0.076576412740892,
        "n": 5
      },
      "balanced_accuracy": {
        "mean": 0.3717622714926737,
        "std": 0.07686883920268958,
        "n": 5
      }
    },
    "phase": {
      "f1_macro": {
        "mean": 0.2860278294209585,
        "std": 0.042115671621984464,
        "n": 5
      },
      "balanced_accuracy": {
        "mean": 0.3303057519530495,
        "std": 0.016924222926225287,
        "n": 5
      }
    },
    "fatigue": {
      "mae": {
        "mean": 1.0170280220961445,
        "std": 0.12435497126816099,
        "n": 5
      },
      "pearson_r": {
        "mean": 0.24255760287283082,
        "std": 0.23487259515230022,
        "n": 5
      }
    },
    "reps": {
      "mae": {
        "mean": 0.21020999471832522,
        "std": 0.03541316414380867,
        "n": 5
      }
    }
  },
  "enabled_tasks": [
    "exercise",
    "phase",
    "fatigue",
    "reps"
  ],
  "all_results": [
    {
      "seed": 42,
      "fold": 0,
      "test_subjects": [
        "Tias",
        "sivert"
      ],
      "metrics": {
        "exercise": {
          "f1_macro": 0.3497224609374204,
          "balanced_accuracy": 0.42568982349924495,
          "n": 626
        },
        "phase": {
          "f1_macro": 0.3209771511910549,
          "balanced_accuracy": 0.34035087719298246,
          "n": 533
        },
        "fatigue": {
          "mae": 1.0785618011182108,
          "pearson_r": 0.37572228043200445,
          "n": 626
        },
        "reps": {
          "mae": 0.2755898004774839,
          "n": 531
        },
        "val_total": 0.3529569123880551,
        "val_total_per_task": {
          "exercise": 1.2710903795382467,
          "phase": 0.25705805154273303,
          "fatigue": 1.0785618005469204,
          "reps": 0.05083120095368011
        }
      }
    },
    {
      "seed": 42,
      "fold": 1,
      "test_subjects": [
        "Raghild",
        "michael"
      ],
      "metrics": {
        "exercise": {
          "f1_macro": 0.33922716939322106,
          "balanced_accuracy": 0.354919253199718,
          "n": 682
        },
        "phase": {
          "f1_macro": 0.336127815116142,
          "balanced_accuracy": 0.34598192356813046,
          "n": 488
        },
        "fatigue": {
          "mae": 1.217741935483871,
          "pearson_r": 0.3165331245438508,
          "n": 682
        },
        "reps": {
          "mae": 0.18762501261942863,
          "n": 482
        },
        "val_total": 0.5023223252590101,
        "val_total_per_task": {
          "exercise": 1.3722613721299382,
          "phase": 0.34911781811644255,
          "fatigue": 1.217741936532633,
          "reps": 0.03014141644004328
        }
      }
    },
    {
      "seed": 42,
      "fold": 2,
      "test_subjects": [
        "Juile",
        "lucas 2"
      ],
      "metrics": {
        "exercise": {
          "f1_macro": 0.4247638629714101,
          "balanced_accuracy": 0.41450673457430176,
          "n": 755
        },
        "phase": {
          "f1_macro": 0.27803414859252423,
          "balanced_accuracy": 0.3359733941573495,
          "n": 560
        },
        "fatigue": {
          "mae": 0.8959281870860927,
          "pearson_r": 0.47111852327428405,
          "n": 755
        },
        "reps": {
          "mae": 0.17302781921333973,
          "n": 554
        },
        "val_total": 0.3987848432648261,
        "val_total_per_task": {
          "exercise": 1.2938305884797052,
          "phase": 0.36479690710440377,
          "fatigue": 0.8959281846387497,
          "reps": 0.027726394441348827
        }
      }
    },
    {
      "seed": 42,
      "fold": 3,
      "test_subjects": [
        "Hytten",
        "lucas"
      ],
      "metrics": {
        "exercise": {
          "f1_macro": 0.19217894400255806,
          "balanced_accuracy": 0.2285549839411079,
          "n": 557
        },
        "phase": {
          "f1_macro": 0.2150616006771372,
          "balanced_accuracy": 0.3313556067588325,
          "n": 477
        },
        "fatigue": {
          "mae": 1.0121114789048473,
          "pearson_r": -0.2049259722664088,
          "n": 557
        },
        "reps": {
          "mae": 0.2140216563964844,
          "n": 474
        },
        "val_total": 0.7328981202851506,
        "val_total_per_task": {
          "exercise": 1.6388857734909605,
          "phase": 0.40525839396182256,
          "fatigue": 1.0121114763366041,
          "reps": 0.04072294434736511
        }
      }
    },
    {
      "seed": 42,
      "fold": 4,
      "test_subjects": [
        "kiyomi"
      ],
      "metrics": {
        "exercise": {
          "f1_macro": 0.36039473684210527,
          "balanced_accuracy": 0.435140562248996,
          "n": 374
        },
        "phase": {
          "f1_macro": 0.27993843152793435,
          "balanced_accuracy": 0.29786695808795255,
          "n": 374
        },
        "fatigue": {
          "mae": 0.8807967078877005,
          "pearson_r": 0.25434005838042334,
          "n": 374
        },
        "reps": {
          "mae": 0.2007856848848894,
          "n": 374
        },
        "val_total": 0.0894632479723762,
        "val_total_per_task": {
          "exercise": 1.0624590251535018,
          "phase": 0.3317348910844262,
          "fatigue": 0.8807967155374945,
          "reps": 0.03548887558281422
        }
      }
    }
  ]
}