{
  "exercise": {
    "f1_macro": 0.3749322152702099,
    "balanced_accuracy": 0.4503070647301416,
    "n": 746
  },
  "phase": {
    "f1_macro": 0.32846830739666383,
    "balanced_accuracy": 0.3327244646410645,
    "n": 746
  },
  "fatigue": {
    "mae": 0.852677823391421,
    "pearson_r": 0.27918620199875066,
    "n": 746
  },
  "reps": {
    "mae": 0.10945709376788171,
    "n": 746
  },
  "val_total": -0.6513794900265201,
  "val_total_per_task": {
    "exercise": 1.0996952775975655,
    "phase": 0.4795572883162358,
    "fatigue": 0.8526778326597034,
    "reps": 0.00982904283894131
  }
}