{
  "exercise": {
    "f1_macro": 0.36876456876456876,
    "balanced_accuracy": 0.4363226059654631,
    "n": 304
  },
  "phase": {
    "f1_macro": 0.2572396157301818,
    "balanced_accuracy": 0.29199896258834207,
    "n": 229
  },
  "fatigue": {
    "mae": 5.0814369603207235,
    "pearson_r": 0.04362519840688712,
    "n": 304
  },
  "reps": {
    "mae": 0.47902974982917174,
    "n": 223
  },
  "val_total": 3.3876736164093018,
  "val_total_per_task": {
    "exercise": 1.2127829790115356,
    "phase": 0.35992392897605896,
    "fatigue": 5.081437110900879,
    "reps": 0.16483142971992493
  }
}