{
  "exercise": {
    "f1_macro": 0.3565766634522662,
    "balanced_accuracy": 0.3971384275804078,
    "n": 252
  },
  "phase": {
    "f1_macro": 0.30766268771659605,
    "balanced_accuracy": 0.34561484561484557,
    "n": 217
  },
  "fatigue": {
    "mae": 1.1087859623015872,
    "pearson_r": 0.3465688377948729,
    "n": 252
  },
  "reps": {
    "mae": 0.6636671861546619,
    "n": 214
  },
  "val_total": 1.4386285429909116,
  "val_total_per_task": {
    "exercise": 1.3213374785014562,
    "phase": 0.3272382300051432,
    "fatigue": 1.1087859566249545,
    "reps": 0.29078671856532023
  }
}