{
  "arch": "lstm_raw",
  "summary": {
    "val_total": {
      "mean": -0.3565344081215251,
      "std": 0.2344476470971044,
      "n": 5
    },
    "exercise": {
      "f1_macro": {
        "mean": 0.3382910175604756,
        "std": 0.03478814760559026,
        "n": 5
      },
      "balanced_accuracy": {
        "mean": 0.39259970703432384,
        "std": 0.05010314445088835,
        "n": 5
      }
    },
    "phase": {
      "f1_macro": {
        "mean": 0.3122132473929359,
        "std": 0.01980565584663789,
        "n": 5
      },
      "balanced_accuracy": {
        "mean": 0.3380394542127902,
        "std": 0.007060438176564816,
        "n": 5
      }
    },
    "fatigue": {
      "mae": {
        "mean": 1.0189261940193874,
        "std": 0.14191276862360047,
        "n": 5
      },
      "pearson_r": {
        "mean": 0.2732040851909905,
        "std": 0.2254924109006928,
        "n": 5
      }
    },
    "reps": {
      "mae": {
        "mean": 0.10328897982517912,
        "std": 0.0112283494925805,
        "n": 5
      }
    }
  },
  "enabled_tasks": [
    "exercise",
    "phase",
    "fatigue",
    "reps"
  ],
  "all_results": [
    {
      "seed": 42,
      "fold": 0,
      "test_subjects": [
        "Tias",
        "sivert"
      ],
      "metrics": {
        "exercise": {
          "f1_macro": 0.36037835439853094,
          "balanced_accuracy": 0.43856866796443655,
          "n": 1256
        },
        "phase": {
          "f1_macro": 0.28006743381141525,
          "balanced_accuracy": 0.33271896591236,
          "n": 1069
        },
        "fatigue": {
          "mae": 1.0758142167595541,
          "pearson_r": 0.31743202003071797,
          "n": 1256
        },
        "reps": {
          "mae": 0.11605145719780428,
          "n": 1067
        },
        "val_total": -0.5325033072453396,
        "val_total_per_task": {
          "exercise": 1.1803357525236289,
          "phase": 0.42542696378792927,
          "fatigue": 1.0758142173290253,
          "reps": 0.010956381862852603
        }
      }
    },
    {
      "seed": 42,
      "fold": 1,
      "test_subjects": [
        "Raghild",
        "michael"
      ],
      "metrics": {
        "exercise": {
          "f1_macro": 0.3482902686276455,
          "balanced_accuracy": 0.39293760999606686,
          "n": 1361
        },
        "phase": {
          "f1_macro": 0.3015379007724552,
          "balanced_accuracy": 0.33018804940469565,
          "n": 969
        },
        "fatigue": {
          "mae": 1.2003782834313006,
          "pearson_r": 0.36315610374181645,
          "n": 1361
        },
        "reps": {
          "mae": 0.09640841001134628,
          "n": 964
        },
        "val_total": -0.16940307021578999,
        "val_total_per_task": {
          "exercise": 1.2981204889347937,
          "phase": 0.6885867770501221,
          "fatigue": 1.200378283694069,
          "reps": 0.008178612683994817
        }
      }
    },
    {
      "seed": 42,
      "fold": 2,
      "test_subjects": [
        "Juile",
        "lucas 2"
      ],
      "metrics": {
        "exercise": {
          "f1_macro": 0.34954537215354325,
          "balanced_accuracy": 0.3667417693267123,
          "n": 1509
        },
        "phase": {
          "f1_macro": 0.33678291923106146,
          "balanced_accuracy": 0.3418336369156041,
          "n": 1113
        },
        "fatigue": {
          "mae": 1.0046336563949636,
          "pearson_r": 0.41668496187552395,
          "n": 1509
        },
        "reps": {
          "mae": 0.08500084459281913,
          "n": 1107
        },
        "val_total": -0.11428614899841975,
        "val_total_per_task": {
          "exercise": 1.2376401385698514,
          "phase": 0.8273690043299936,
          "fatigue": 1.0046336574219488,
          "reps": 0.006941563210951879
        }
      }
    },
    {
      "seed": 42,
      "fold": 3,
      "test_subjects": [
        "Hytten",
        "lucas"
      ],
      "metrics": {
        "exercise": {
          "f1_macro": 0.26973045432478576,
          "balanced_accuracy": 0.31323533636925194,
          "n": 1106
        },
        "phase": {
          "f1_macro": 0.3260174781523096,
          "balanced_accuracy": 0.3356244289830628,
          "n": 944
        },
        "fatigue": {
          "mae": 1.0469597649186257,
          "pearson_r": -0.1698073045592424,
          "n": 1106
        },
        "reps": {
          "mae": 0.1115829020183866,
          "n": 941
        },
        "val_total": -0.24028647441760542,
        "val_total_per_task": {
          "exercise": 1.4778675247273436,
          "phase": 0.5046745357634146,
          "fatigue": 1.0469597610383956,
          "reps": 0.01205624335581878
        }
      }
    },
    {
      "seed": 42,
      "fold": 4,
      "test_subjects": [
        "kiyomi"
      ],
      "metrics": {
        "exercise": {
          "f1_macro": 0.36351063829787233,
          "balanced_accuracy": 0.45151515151515154,
          "n": 746
        },
        "phase": {
          "f1_macro": 0.31666050499743803,
          "balanced_accuracy": 0.34983218984822834,
          "n": 746
        },
        "fatigue": {
          "mae": 0.7668450485924933,
          "pearson_r": 0.43855464486613654,
          "n": 746
        },
        "reps": {
          "mae": 0.10740128530553934,
          "n": 746
        },
        "val_total": -0.7261930397304709,
        "val_total_per_task": {
          "exercise": 1.0955424363108166,
          "phase": 0.47765523259185916,
          "fatigue": 0.7668450466749176,
          "reps": 0.00972098423712375
        }
      }
    }
  ]
}