{
  "exercise": {
    "f1_macro": 0.42355861699518516,
    "balanced_accuracy": 0.4969439475253429,
    "n": 266
  },
  "phase": {
    "f1_macro": 0.3356664273749701,
    "balanced_accuracy": 0.35633116883116883,
    "n": 194
  },
  "fatigue": {
    "mae": 1.4953301221804511,
    "pearson_r": 0.2551088867987758,
    "n": 266
  },
  "reps": {
    "mae": 0.46263632488747436,
    "n": 189
  },
  "val_total": 1.6338506246867932,
  "val_total_per_task": {
    "exercise": 1.4991461961789239,
    "phase": 0.3963756632984133,
    "fatigue": 1.495330123973072,
    "reps": 0.1604638924276022
  }
}