{
  "exercise": {
    "f1_macro": 0.5488566420657464,
    "balanced_accuracy": 0.564813102334059,
    "n": 75011
  },
  "phase": {
    "f1_macro": 0.28105752814113005,
    "balanced_accuracy": 0.3351034406985216,
    "n": 44914
  },
  "fatigue": {
    "mae": 1.123664269673187,
    "pearson_r": 0.010779945673558167,
    "n": 75011
  },
  "reps": {
    "mae": 2.4947716855543205,
    "n": 75011
  }
}