{
  "exercise": {
    "f1_macro": 0.17947719038528964,
    "balanced_accuracy": 0.19759887005649718,
    "n": 218
  },
  "phase": {
    "f1_macro": 0.365437616387337,
    "balanced_accuracy": 0.38813770617568083,
    "n": 187
  },
  "fatigue": {
    "mae": 1.2957282110091743,
    "pearson_r": -0.317822153142552,
    "n": 218
  },
  "reps": {
    "mae": 0.4702563023437624,
    "n": 184
  },
  "val_total": 1.5531145334243774,
  "val_total_per_task": {
    "exercise": 1.517582654953003,
    "phase": 0.32415667176246643,
    "fatigue": 1.2957282066345215,
    "reps": 0.19042463600635529
  }
}