{
  "exercise": {
    "f1_macro": 0.10760663300442982,
    "balanced_accuracy": 0.11511470888221689,
    "n": 1106
  },
  "phase": {
    "f1_macro": 0.30657903538698245,
    "balanced_accuracy": 0.3403565488321971,
    "n": 944
  },
  "fatigue": {
    "mae": 1.2057668399638337,
    "pearson_r": -0.286315109165683,
    "n": 1106
  },
  "reps": {
    "mae": 0.12225769740958894,
    "n": 941
  },
  "val_total": 0.4787417115613306,
  "val_total_per_task": {
    "exercise": 1.934128606513439,
    "phase": 0.5042847717217899,
    "fatigue": 1.2057668240117767,
    "reps": 0.014920046793845959
  }
}