{
  "exercise": {
    "f1_macro": 0.22422330755664088,
    "balanced_accuracy": 0.22646590683000312,
    "n": 557
  },
  "phase": {
    "f1_macro": 0.337302345325268,
    "balanced_accuracy": 0.35723246287762417,
    "n": 477
  },
  "fatigue": {
    "mae": 1.0346372868043088,
    "pearson_r": -0.2024198698644563,
    "n": 557
  },
  "reps": {
    "mae": 0.266702268635638,
    "n": 474
  },
  "val_total": 0.7690482443496184,
  "val_total_per_task": {
    "exercise": 1.515575910385036,
    "phase": 0.39698714643877325,
    "fatigue": 1.0346372872323493,
    "reps": 0.05231419728677619
  }
}