{
  "exercise": {
    "f1_macro": 0.3027922054321771,
    "balanced_accuracy": 0.30616967453612687,
    "n": 218
  },
  "phase": {
    "f1_macro": 0.2810280253131861,
    "balanced_accuracy": 0.3670886075949367,
    "n": 187
  },
  "fatigue": {
    "mae": 1.2033400229357798,
    "pearson_r": -0.20562150222691358,
    "n": 218
  },
  "reps": {
    "mae": 0.42585687890000967,
    "n": 184
  },
  "val_total": 1.1803909540176392,
  "val_total_per_task": {
    "exercise": 1.2972842454910278,
    "phase": 0.32970568537712097,
    "fatigue": 1.20333993434906,
    "reps": 0.15533587336540222
  }
}