{
  "arch": "cnn_lstm_raw",
  "summary": {
    "val_total": {
      "mean": 0.8809272614694444,
      "std": 0.1578353769195828,
      "n": 5
    },
    "exercise": {
      "f1_macro": {
        "mean": 0.45523350716768995,
        "std": 0.08578895592485526,
        "n": 5
      },
      "balanced_accuracy": {
        "mean": 0.47115333317864805,
        "std": 0.07187453723724616,
        "n": 5
      }
    },
    "phase": {
      "f1_macro": {
        "mean": 0.29611345543270373,
        "std": 0.03998620518860492,
        "n": 5
      },
      "balanced_accuracy": {
        "mean": 0.324235651132434,
        "std": 0.04394999840864944,
        "n": 5
      }
    },
    "fatigue": {
      "mae": {
        "mean": 1.1369608532059368,
        "std": 0.13805940346542647,
        "n": 5
      },
      "pearson_r": {
        "mean": 0.20282680062969288,
        "std": 0.3033734773709975,
        "n": 5
      }
    },
    "reps": {
      "mae": {
        "mean": 0.45506590605039143,
        "std": 0.07246080201027255,
        "n": 5
      }
    }
  },
  "enabled_tasks": [
    "exercise",
    "phase",
    "fatigue",
    "reps"
  ],
  "all_results": [
    {
      "seed": 42,
      "fold": 0,
      "test_subjects": [
        "Tias",
        "sivert"
      ],
      "metrics": {
        "exercise": {
          "f1_macro": 0.5251191315804908,
          "balanced_accuracy": 0.5158011566568738,
          "n": 252
        },
        "phase": {
          "f1_macro": 0.26143790849673204,
          "balanced_accuracy": 0.2957957957957958,
          "n": 217
        },
        "fatigue": {
          "mae": 1.0512617807539681,
          "pearson_r": 0.3256263896317989,
          "n": 252
        },
        "reps": {
          "mae": 0.5976984231062582,
          "n": 214
        },
        "val_total": 0.8824374372996981,
        "val_total_per_task": {
          "exercise": 1.0838810792044988,
          "phase": 0.30598765658953836,
          "fatigue": 1.051261754263015,
          "reps": 0.24497135622160776
        }
      }
    },
    {
      "seed": 42,
      "fold": 1,
      "test_subjects": [
        "Raghild",
        "michael"
      ],
      "metrics": {
        "exercise": {
          "f1_macro": 0.38418822348216397,
          "balanced_accuracy": 0.43619301708716307,
          "n": 266
        },
        "phase": {
          "f1_macro": 0.30593354268004846,
          "balanced_accuracy": 0.32783189033189036,
          "n": 194
        },
        "fatigue": {
          "mae": 1.3062588110902256,
          "pearson_r": 0.40046727128878806,
          "n": 266
        },
        "reps": {
          "mae": 0.4344933516587372,
          "n": 189
        },
        "val_total": 1.0905276492126006,
        "val_total_per_task": {
          "exercise": 1.3134225239431052,
          "phase": 0.3794238011639817,
          "fatigue": 1.3062588128828465,
          "reps": 0.13810508412526065
        }
      }
    },
    {
      "seed": 42,
      "fold": 2,
      "test_subjects": [
        "Juile",
        "lucas 2"
      ],
      "metrics": {
        "exercise": {
          "f1_macro": 0.5001760091225108,
          "balanced_accuracy": 0.48338566195709054,
          "n": 304
        },
        "phase": {
          "f1_macro": 0.34570865129040557,
          "balanced_accuracy": 0.36854049147377294,
          "n": 229
        },
        "fatigue": {
          "mae": 1.225624486019737,
          "pearson_r": 0.13109552156937082,
          "n": 304
        },
        "reps": {
          "mae": 0.39672978498425854,
          "n": 223
        },
        "val_total": 0.9974655163915533,
        "val_total_per_task": {
          "exercise": 1.2782285527179116,
          "phase": 0.3562867327740318,
          "fatigue": 1.225624498568083,
          "reps": 0.12406361142271444
        }
      }
    },
    {
      "seed": 42,
      "fold": 3,
      "test_subjects": [
        "Hytten",
        "lucas"
      ],
      "metrics": {
        "exercise": {
          "f1_macro": 0.5426329702160507,
          "balanced_accuracy": 0.5656074184274067,
          "n": 218
        },
        "phase": {
          "f1_macro": 0.32807159561072136,
          "balanced_accuracy": 0.3723149213655543,
          "n": 187
        },
        "fatigue": {
          "mae": 1.186102350917431,
          "pearson_r": -0.3516220176687172,
          "n": 218
        },
        "reps": {
          "mae": 0.418099712094535,
          "n": 184
        },
        "val_total": 0.7988567171840493,
        "val_total_per_task": {
          "exercise": 1.0668044002777939,
          "phase": 0.31251767633158134,
          "fatigue": 1.1861023848209906,
          "reps": 0.13608462055888745
        }
      }
    },
    {
      "seed": 42,
      "fold": 4,
      "test_subjects": [
        "kiyomi"
      ],
      "metrics": {
        "exercise": {
          "f1_macro": 0.3240512014372333,
          "balanced_accuracy": 0.35477941176470584,
          "n": 149
        },
        "phase": {
          "f1_macro": 0.2394155790856111,
          "balanced_accuracy": 0.2566951566951567,
          "n": 149
        },
        "fatigue": {
          "mae": 0.9155568372483222,
          "pearson_r": 0.508566838327224,
          "n": 149
        },
        "reps": {
          "mae": 0.428308258408168,
          "n": 149
        },
        "val_total": 0.6353489872593208,
        "val_total_per_task": {
          "exercise": 1.0632060038163358,
          "phase": 0.30114453080916564,
          "fatigue": 0.9155568332480104,
          "reps": 0.14219701610155552
        }
      }
    }
  ]
}