{
  "exercise": {
    "f1_macro": 0.32272102293228344,
    "balanced_accuracy": 0.4020075931891394,
    "n": 1509
  },
  "phase": {
    "f1_macro": 0.30223649247771717,
    "balanced_accuracy": 0.326775956284153,
    "n": 1113
  },
  "fatigue": {
    "mae": 1.0318376201126573,
    "pearson_r": 0.4135484210368039,
    "n": 1509
  },
  "reps": {
    "mae": 0.08606782050083148,
    "n": 1107
  },
  "val_total": 1.2913347327843496,
  "val_total_per_task": {
    "exercise": 1.1370892466260076,
    "phase": 0.8395609720366296,
    "fatigue": 1.0318376170317016,
    "reps": 0.0072091055365564455
  }
}