{
  "arch": "lstm_raw",
  "summary": {
    "val_total": {
      "mean": 0.6651799608928022,
      "std": 0.17720383984916893,
      "n": 5
    },
    "exercise": {
      "f1_macro": {
        "mean": 0.29657415070970095,
        "std": 0.040421765123642726,
        "n": 5
      },
      "balanced_accuracy": {
        "mean": 0.37169151037174586,
        "std": 0.06027347426347573,
        "n": 5
      }
    },
    "phase": {
      "f1_macro": {
        "mean": 0.28344286819967335,
        "std": 0.042244276676406,
        "n": 5
      },
      "balanced_accuracy": {
        "mean": 0.3288995447691206,
        "std": 0.008423447395101293,
        "n": 5
      }
    },
    "fatigue": {
      "mae": {
        "mean": 1.0598890052559233,
        "std": 0.10341365705170037,
        "n": 5
      },
      "pearson_r": {
        "mean": 0.20270901087538679,
        "std": 0.26437320848289364,
        "n": 5
      }
    },
    "reps": {
      "mae": {
        "mean": 0.21117830787073633,
        "std": 0.034335117090923815,
        "n": 5
      }
    }
  },
  "enabled_tasks": [
    "exercise",
    "phase",
    "fatigue",
    "reps"
  ],
  "all_results": [
    {
      "seed": 42,
      "fold": 0,
      "test_subjects": [
        "Tias",
        "sivert"
      ],
      "metrics": {
        "exercise": {
          "f1_macro": 0.2757396859046574,
          "balanced_accuracy": 0.31957530162743636,
          "n": 626
        },
        "phase": {
          "f1_macro": 0.31570364266831463,
          "balanced_accuracy": 0.32849902534113057,
          "n": 533
        },
        "fatigue": {
          "mae": 1.0890887080670926,
          "pearson_r": 0.26398379450763665,
          "n": 626
        },
        "reps": {
          "mae": 0.26809304951656815,
          "n": 531
        },
        "val_total": 0.5339161462296312,
        "val_total_per_task": {
          "exercise": 1.1379562307851383,
          "phase": 0.2834668725062483,
          "fatigue": 1.0890887124469866,
          "reps": 0.05038530305146981
        }
      }
    },
    {
      "seed": 42,
      "fold": 1,
      "test_subjects": [
        "Raghild",
        "michael"
      ],
      "metrics": {
        "exercise": {
          "f1_macro": 0.2823273943195196,
          "balanced_accuracy": 0.40124276061776065,
          "n": 682
        },
        "phase": {
          "f1_macro": 0.3307232748868778,
          "balanced_accuracy": 0.340713724334414,
          "n": 488
        },
        "fatigue": {
          "mae": 1.2450112261730206,
          "pearson_r": 0.339858812011735,
          "n": 682
        },
        "reps": {
          "mae": 0.1854325675509901,
          "n": 482
        },
        "val_total": 0.9434260874549665,
        "val_total_per_task": {
          "exercise": 1.2460456925752925,
          "phase": 0.5256767524652117,
          "fatigue": 1.2450112293193067,
          "reps": 0.028372508689455272
        }
      }
    },
    {
      "seed": 42,
      "fold": 2,
      "test_subjects": [
        "Juile",
        "lucas 2"
      ],
      "metrics": {
        "exercise": {
          "f1_macro": 0.3207264957264957,
          "balanced_accuracy": 0.39992713606381347,
          "n": 755
        },
        "phase": {
          "f1_macro": 0.21031373406567963,
          "balanced_accuracy": 0.33565621370499416,
          "n": 560
        },
        "fatigue": {
          "mae": 0.944350165562914,
          "pearson_r": 0.5059402713868503,
          "n": 755
        },
        "reps": {
          "mae": 0.16774495475461526,
          "n": 554
        },
        "val_total": 0.6210025632618279,
        "val_total_per_task": {
          "exercise": 1.1462743568104623,
          "phase": 0.3947847278307605,
          "fatigue": 0.9443501554577556,
          "reps": 0.02994351965060692
        }
      }
    },
    {
      "seed": 42,
      "fold": 3,
      "test_subjects": [
        "Hytten",
        "lucas"
      ],
      "metrics": {
        "exercise": {
          "f1_macro": 0.2433466193732402,
          "balanced_accuracy": 0.2859051246340562,
          "n": 557
        },
        "phase": {
          "f1_macro": 0.2920324519441378,
          "balanced_accuracy": 0.32128136200716845,
          "n": 477
        },
        "fatigue": {
          "mae": 1.018268907091562,
          "pearson_r": -0.2817027391731155,
          "n": 557
        },
        "reps": {
          "mae": 0.22122884067197876,
          "n": 474
        },
        "val_total": 0.7797878056069036,
        "val_total_per_task": {
          "exercise": 1.4871512752033007,
          "phase": 0.4013416964019008,
          "fatigue": 1.0182689160804133,
          "reps": 0.04133353932113579
        }
      }
    },
    {
      "seed": 42,
      "fold": 4,
      "test_subjects": [
        "kiyomi"
      ],
      "metrics": {
        "exercise": {
          "f1_macro": 0.36073055822459166,
          "balanced_accuracy": 0.45180722891566266,
          "n": 374
        },
        "phase": {
          "f1_macro": 0.2684412374333566,
          "balanced_accuracy": 0.3183473984578957,
          "n": 374
        },
        "fatigue": {
          "mae": 1.0027260193850267,
          "pearson_r": 0.18546491564382753,
          "n": 374
        },
        "reps": {
          "mae": 0.2133921268595293,
          "n": 374
        },
        "val_total": 0.4477672019106819,
        "val_total_per_task": {
          "exercise": 1.0297081094374632,
          "phase": 0.3331554265902004,
          "fatigue": 1.0027260321346834,
          "reps": 0.03614889860232884
        }
      }
    }
  ]
}