{
  "exercise": {
    "f1_macro": 0.3759080509080509,
    "balanced_accuracy": 0.4044653135681774,
    "n": 218
  },
  "phase": {
    "f1_macro": 0.2899737532808399,
    "balanced_accuracy": 0.3536632144227081,
    "n": 187
  },
  "fatigue": {
    "mae": 1.307715739678899,
    "pearson_r": -0.3325725772722528,
    "n": 218
  },
  "reps": {
    "mae": 0.4312488031776055,
    "n": 184
  },
  "val_total": 1.2657718658447266,
  "val_total_per_task": {
    "exercise": 1.2957954406738281,
    "phase": 0.3302310109138489,
    "fatigue": 1.307715654373169,
    "reps": 0.1553705483675003
  }
}