{
  "exercise": {
    "f1_macro": 0.11042183622828784,
    "balanced_accuracy": 0.25,
    "n": 1256
  },
  "phase": {
    "f1_macro": 0.3082122061941333,
    "balanced_accuracy": 0.32591094597955034,
    "n": 1069
  },
  "fatigue": {
    "mae": 1.1309495670780254,
    "pearson_r": 0.27516559022567666,
    "n": 1256
  },
  "reps": {
    "mae": 0.13728698682792367,
    "n": 1067
  },
  "val_total": 1.3536570406263801,
  "val_total_per_task": {
    "exercise": 1.3421343132189125,
    "phase": 0.41965030352021476,
    "fatigue": 1.130949566698378,
    "reps": 0.014059465734442328
  }
}