{
  "exercise": {
    "f1_macro": 0.29718349840540403,
    "balanced_accuracy": 0.30462083166123055,
    "n": 132918
  },
  "phase": {
    "f1_macro": 0.25405688138792293,
    "balanced_accuracy": 0.31952127585950585,
    "n": 78741
  },
  "fatigue": {
    "mae": 0.9634833371643378,
    "pearson_r": 0.32090555976847707,
    "n": 132918
  },
  "reps": {
    "mae": 2.8420353776995073,
    "n": 132918
  }
}