{
  "exercise": {
    "f1_macro": 0.37297075805550384,
    "balanced_accuracy": 0.47424242424242424,
    "n": 746
  },
  "phase": {
    "f1_macro": 0.2524010730501643,
    "balanced_accuracy": 0.3128991060025543,
    "n": 746
  },
  "fatigue": {
    "mae": 1.0269955387064342,
    "pearson_r": 0.4393638684611495,
    "n": 746
  },
  "reps": {
    "mae": 0.10339472819888719,
    "n": 746
  },
  "val_total": -0.59517409814267,
  "val_total_per_task": {
    "exercise": 0.9954100981474562,
    "phase": 0.47859424136918605,
    "fatigue": 1.0269955847282513,
    "reps": 0.009659010300228008
  }
}