{
  "exercise": {
    "f1_macro": 0.37953016457388294,
    "balanced_accuracy": 0.41236181972789115,
    "n": 304
  },
  "phase": {
    "f1_macro": 0.28683350846718564,
    "balanced_accuracy": 0.30674965959929973,
    "n": 229
  },
  "fatigue": {
    "mae": 1.2462222450657894,
    "pearson_r": 0.10907986357771968,
    "n": 304
  },
  "reps": {
    "mae": 0.4457910667829249,
    "n": 223
  },
  "val_total": 1.247184772240488,
  "val_total_per_task": {
    "exercise": 1.185861493411817,
    "phase": 0.3459533335346925,
    "fatigue": 1.2462222576141357,
    "reps": 0.1420008736221414
  }
}