{
  "arch": "cnn1d_raw",
  "summary": {
    "val_total": {
      "mean": 1.2379663000429484,
      "std": 0.18964015743558382,
      "n": 5
    },
    "exercise": {
      "f1_macro": {
        "mean": 0.42589136434565117,
        "std": 0.13682826169127313,
        "n": 5
      },
      "balanced_accuracy": {
        "mean": 0.4486838786496804,
        "std": 0.1286500339054559,
        "n": 5
      }
    },
    "phase": {
      "f1_macro": {
        "mean": 0.32431317397065546,
        "std": 0.015522741469329656,
        "n": 5
      },
      "balanced_accuracy": {
        "mean": 0.352040391946434,
        "std": 0.007069788871954706,
        "n": 5
      }
    },
    "fatigue": {
      "mae": {
        "mean": 1.1843091976233482,
        "std": 0.24411298479845833,
        "n": 5
      },
      "pearson_r": {
        "mean": 0.16258893445730743,
        "std": 0.26940159244188044,
        "n": 5
      }
    },
    "reps": {
      "mae": {
        "mean": 0.4629058236646443,
        "std": 0.07101844136611894,
        "n": 5
      }
    }
  },
  "enabled_tasks": [
    "exercise",
    "phase",
    "fatigue",
    "reps"
  ],
  "all_results": [
    {
      "seed": 42,
      "fold": 0,
      "test_subjects": [
        "Tias",
        "sivert"
      ],
      "metrics": {
        "exercise": {
          "f1_macro": 0.6800367021079397,
          "balanced_accuracy": 0.6684754370277248,
          "n": 252
        },
        "phase": {
          "f1_macro": 0.3223454377817816,
          "balanced_accuracy": 0.3443058443058444,
          "n": 217
        },
        "fatigue": {
          "mae": 1.2158203125,
          "pearson_r": 0.10582031427950223,
          "n": 252
        },
        "reps": {
          "mae": 0.5940767184387301,
          "n": 214
        },
        "val_total": 0.8880813121795654,
        "val_total_per_task": {
          "exercise": 0.7192201614379883,
          "phase": 0.2718203365802765,
          "fatigue": 1.2158204317092896,
          "reps": 0.24420717358589172
        }
      }
    },
    {
      "seed": 42,
      "fold": 1,
      "test_subjects": [
        "Raghild",
        "michael"
      ],
      "metrics": {
        "exercise": {
          "f1_macro": 0.4552099946836789,
          "balanced_accuracy": 0.5209271482326815,
          "n": 266
        },
        "phase": {
          "f1_macro": 0.3302457997513934,
          "balanced_accuracy": 0.3502886002886003,
          "n": 194
        },
        "fatigue": {
          "mae": 1.5513319431390977,
          "pearson_r": 0.22444849851450144,
          "n": 266
        },
        "reps": {
          "mae": 0.38667565973465723,
          "n": 189
        },
        "val_total": 1.4232708672831829,
        "val_total_per_task": {
          "exercise": 1.3062948320144998,
          "phase": 0.39845497984635203,
          "fatigue": 1.5513319431390977,
          "reps": 0.1183503946863619
        }
      }
    },
    {
      "seed": 42,
      "fold": 2,
      "test_subjects": [
        "Juile",
        "lucas 2"
      ],
      "metrics": {
        "exercise": {
          "f1_macro": 0.361438679245283,
          "balanced_accuracy": 0.36654770081109367,
          "n": 304
        },
        "phase": {
          "f1_macro": 0.3271675061622548,
          "balanced_accuracy": 0.34879725085910646,
          "n": 229
        },
        "fatigue": {
          "mae": 1.1102744654605263,
          "pearson_r": 0.3864659244223655,
          "n": 304
        },
        "reps": {
          "mae": 0.41641380249067406,
          "n": 223
        },
        "val_total": 1.210446674572794,
        "val_total_per_task": {
          "exercise": 1.346580706144634,
          "phase": 0.3278742056143911,
          "fatigue": 1.1102744780088727,
          "reps": 0.12989686507927745
        }
      }
    },
    {
      "seed": 42,
      "fold": 3,
      "test_subjects": [
        "Hytten",
        "lucas"
      ],
      "metrics": {
        "exercise": {
          "f1_macro": 0.31297166816076494,
          "balanced_accuracy": 0.3287068522749411,
          "n": 218
        },
        "phase": {
          "f1_macro": 0.34471859377519753,
          "balanced_accuracy": 0.3653145377828922,
          "n": 187
        },
        "fatigue": {
          "mae": 1.2502329415137614,
          "pearson_r": -0.32572838046142305,
          "n": 218
        },
        "reps": {
          "mae": 0.45725753741419833,
          "n": 184
        },
        "val_total": 1.3778975009918213,
        "val_total_per_task": {
          "exercise": 1.4883158206939697,
          "phase": 0.32402122020721436,
          "fatigue": 1.2502329349517822,
          "reps": 0.1617746353149414
        }
      }
    },
    {
      "seed": 42,
      "fold": 4,
      "test_subjects": [
        "kiyomi"
      ],
      "metrics": {
        "exercise": {
          "f1_macro": 0.3197997775305895,
          "balanced_accuracy": 0.3587622549019608,
          "n": 149
        },
        "phase": {
          "f1_macro": 0.29708853238265004,
          "balanced_accuracy": 0.3514957264957265,
          "n": 149
        },
        "fatigue": {
          "mae": 0.7938863255033557,
          "pearson_r": 0.421938315531591,
          "n": 149
        },
        "reps": {
          "mae": 0.46010540024496166,
          "n": 149
        },
        "val_total": 1.290135145187378,
        "val_total_per_task": {
          "exercise": 1.6805366277694702,
          "phase": 0.3129490613937378,
          "fatigue": 0.7938863039016724,
          "reps": 0.16734853386878967
        }
      }
    }
  ]
}