{
  "exercise": {
    "f1_macro": 0.35647923127834025,
    "balanced_accuracy": 0.4287962615120157,
    "n": 1256
  },
  "phase": {
    "f1_macro": 0.2923242308267426,
    "balanced_accuracy": 0.32824895533158777,
    "n": 1069
  },
  "fatigue": {
    "mae": 1.0889698198646496,
    "pearson_r": 0.3195949295625929,
    "n": 1256
  },
  "reps": {
    "mae": 0.14553012100162704,
    "n": 1067
  },
  "val_total": 0.25255287414903094,
  "val_total_per_task": {
    "exercise": 1.1319700023930543,
    "phase": 0.416680543855497,
    "fatigue": 1.0889698141699384,
    "reps": 0.015057639088363025
  }
}