{
  "arch": "lstm_raw",
  "summary": {
    "val_total": {
      "mean": 1.0584165397928507,
      "std": 0.178261666820286,
      "n": 5
    },
    "exercise": {
      "f1_macro": {
        "mean": 0.28369362025377426,
        "std": 0.07255395476635497,
        "n": 5
      },
      "balanced_accuracy": {
        "mean": 0.36768796217082395,
        "std": 0.06688309491242378,
        "n": 5
      }
    },
    "phase": {
      "f1_macro": {
        "mean": 0.2929206667184373,
        "std": 0.03921658073068507,
        "n": 5
      },
      "balanced_accuracy": {
        "mean": 0.32831925460186345,
        "std": 0.010114337773093092,
        "n": 5
      }
    },
    "fatigue": {
      "mae": {
        "mean": 1.117556086670229,
        "std": 0.09659949031250185,
        "n": 5
      },
      "pearson_r": {
        "mean": 0.18939321712485319,
        "std": 0.2317711009331997,
        "n": 5
      }
    },
    "reps": {
      "mae": {
        "mean": 0.10940580097272412,
        "std": 0.017958826097491123,
        "n": 5
      }
    }
  },
  "enabled_tasks": [
    "exercise",
    "phase",
    "fatigue",
    "reps"
  ],
  "all_results": [
    {
      "seed": 42,
      "fold": 0,
      "test_subjects": [
        "Tias",
        "sivert"
      ],
      "metrics": {
        "exercise": {
          "f1_macro": 0.3267097028306462,
          "balanced_accuracy": 0.3837691961795476,
          "n": 1256
        },
        "phase": {
          "f1_macro": 0.3239934330762321,
          "balanced_accuracy": 0.3352215379664438,
          "n": 1069
        },
        "fatigue": {
          "mae": 1.0821090017914012,
          "pearson_r": 0.2247113046697223,
          "n": 1256
        },
        "reps": {
          "mae": 0.13851070197058218,
          "n": 1067
        },
        "val_total": 0.8773044514807926,
        "val_total_per_task": {
          "exercise": 1.1771794170331045,
          "phase": 0.4274612490538579,
          "fatigue": 1.0821090048285806,
          "reps": 0.01384106093934577
        }
      }
    },
    {
      "seed": 42,
      "fold": 1,
      "test_subjects": [
        "Raghild",
        "michael"
      ],
      "metrics": {
        "exercise": {
          "f1_macro": 0.2521567925541435,
          "balanced_accuracy": 0.35187685796342016,
          "n": 1361
        },
        "phase": {
          "f1_macro": 0.2192982456140351,
          "balanced_accuracy": 0.3333333333333333,
          "n": 969
        },
        "fatigue": {
          "mae": 1.2671777415503307,
          "pearson_r": 0.34362528718654944,
          "n": 1361
        },
        "reps": {
          "mae": 0.09626922568429988,
          "n": 964
        },
        "val_total": 1.2724150879080027,
        "val_total_per_task": {
          "exercise": 1.274334889050357,
          "phase": 0.722723171169665,
          "fatigue": 1.2671777440028362,
          "reps": 0.007759656037240235
        }
      }
    },
    {
      "seed": 42,
      "fold": 2,
      "test_subjects": [
        "Juile",
        "lucas 2"
      ],
      "metrics": {
        "exercise": {
          "f1_macro": 0.323680715830556,
          "balanced_accuracy": 0.40279375671115203,
          "n": 1509
        },
        "phase": {
          "f1_macro": 0.29608059723333496,
          "balanced_accuracy": 0.3224448492208055,
          "n": 1113
        },
        "fatigue": {
          "mae": 1.0710502609343937,
          "pearson_r": 0.4020402689083269,
          "n": 1509
        },
        "reps": {
          "mae": 0.08613179265306935,
          "n": 1107
        },
        "val_total": 1.2646716317252025,
        "val_total_per_task": {
          "exercise": 1.1531536708690222,
          "phase": 0.8344994481428322,
          "fatigue": 1.0710502568264526,
          "reps": 0.007281036949373974
        }
      }
    },
    {
      "seed": 42,
      "fold": 3,
      "test_subjects": [
        "Hytten",
        "lucas"
      ],
      "metrics": {
        "exercise": {
          "f1_macro": 0.1565896739130435,
          "balanced_accuracy": 0.25,
          "n": 1106
        },
        "phase": {
          "f1_macro": 0.3287115372563765,
          "balanced_accuracy": 0.33918991730503434,
          "n": 944
        },
        "fatigue": {
          "mae": 0.9873841546112115,
          "pearson_r": -0.25404218950378044,
          "n": 1106
        },
        "reps": {
          "mae": 0.11656337758396554,
          "n": 941
        },
        "val_total": 1.0064979565294483,
        "val_total_per_task": {
          "exercise": 1.4349716201182083,
          "phase": 0.5027359161411444,
          "fatigue": 0.9873841531022333,
          "reps": 0.012080680292645371
        }
      }
    },
    {
      "seed": 42,
      "fold": 4,
      "test_subjects": [
        "kiyomi"
      ],
      "metrics": {
        "exercise": {
          "f1_macro": 0.35933121614048197,
          "balanced_accuracy": 0.45,
          "n": 746
        },
        "phase": {
          "f1_macro": 0.2965195204122077,
          "balanced_accuracy": 0.31140663518370015,
          "n": 746
        },
        "fatigue": {
          "mae": 1.180059274463807,
          "pearson_r": 0.23063141436344783,
          "n": 746
        },
        "reps": {
          "mae": 0.10955390697170359,
          "n": 746
        },
        "val_total": 0.8711935713208073,
        "val_total_per_task": {
          "exercise": 1.0619416876069343,
          "phase": 0.48255007124778093,
          "fatigue": 1.1800592840516855,
          "reps": 0.010117578857026535
        }
      }
    }
  ]
}