{
  "exercise": {
    "f1_macro": 0.2631782945736434,
    "balanced_accuracy": 0.2536764705882353,
    "n": 149
  },
  "phase": {
    "f1_macro": 0.26985182532780877,
    "balanced_accuracy": 0.3043447293447294,
    "n": 149
  },
  "fatigue": {
    "mae": 0.6885486577181208,
    "pearson_r": 0.5912308087217565,
    "n": 149
  },
  "reps": {
    "mae": 0.4709107238649322,
    "n": 149
  },
  "val_total": 1.420487880706787,
  "val_total_per_task": {
    "exercise": 1.8338401317596436,
    "phase": 0.3312508463859558,
    "fatigue": 0.6885486841201782,
    "reps": 0.17846255004405975
  }
}