{
  "exercise": {
    "f1_macro": 0.3642817111899869,
    "balanced_accuracy": 0.4545454545454546,
    "n": 746
  },
  "phase": {
    "f1_macro": 0.2120658135283364,
    "balanced_accuracy": 0.3333333333333333,
    "n": 746
  },
  "fatigue": {
    "mae": 1.1083277479892761,
    "pearson_r": 0.09734677094348707,
    "n": 746
  },
  "reps": {
    "mae": 0.11167918656510738,
    "n": 746
  },
  "val_total": 0.5843043320939624,
  "val_total_per_task": {
    "exercise": 1.0614854691814801,
    "phase": 0.47890688746608295,
    "fatigue": 1.1083277678042252,
    "reps": 0.010035928710795759
  }
}