{
  "exercise": {
    "f1_macro": 0.3761613799357063,
    "balanced_accuracy": 0.3800120288692863,
    "n": 266
  },
  "phase": {
    "f1_macro": 0.3142857142857143,
    "balanced_accuracy": 0.34361471861471865,
    "n": 194
  },
  "fatigue": {
    "mae": 1.2235814144736843,
    "pearson_r": 0.21775823029630925,
    "n": 266
  },
  "reps": {
    "mae": 0.38458236605520285,
    "n": 189
  },
  "val_total": 0.6183216840700996,
  "val_total_per_task": {
    "exercise": 1.112951638107013,
    "phase": 0.29846362870438653,
    "fatigue": 1.2235814144736843,
    "reps": 0.11370532674000676
  }
}