{
  "exercise": {
    "f1_macro": 0.39294093519278095,
    "balanced_accuracy": 0.4561203298172023,
    "n": 266
  },
  "phase": {
    "f1_macro": 0.3289191820837391,
    "balanced_accuracy": 0.3599837662337662,
    "n": 194
  },
  "fatigue": {
    "mae": 1.4910126879699248,
    "pearson_r": 0.22691939906512557,
    "n": 266
  },
  "reps": {
    "mae": 0.43021776605022966,
    "n": 189
  },
  "val_total": 1.5903031413716482,
  "val_total_per_task": {
    "exercise": 1.3380383979108996,
    "phase": 0.3900683947971889,
    "fatigue": 1.4910126897625458,
    "reps": 0.13820987715756983
  }
}