{
  "exercise": {
    "f1_macro": 0.4130364940224095,
    "balanced_accuracy": 0.48343717229042005,
    "n": 266
  },
  "phase": {
    "f1_macro": 0.3469489167163586,
    "balanced_accuracy": 0.3684613997113997,
    "n": 194
  },
  "fatigue": {
    "mae": 1.5886909656954886,
    "pearson_r": 0.40092103602515095,
    "n": 266
  },
  "reps": {
    "mae": 0.4660033452270365,
    "n": 189
  },
  "val_total": 1.1569862867656506,
  "val_total_per_task": {
    "exercise": 1.2414738343174296,
    "phase": 0.35816228837895214,
    "fatigue": 1.5886909656954886,
    "reps": 0.15259058672682682
  }
}