{
  "exercise": {
    "f1_macro": 0.3534714717551191,
    "balanced_accuracy": 0.43086671675603067,
    "n": 1256
  },
  "phase": {
    "f1_macro": 0.2785660665454788,
    "balanced_accuracy": 0.3314426907342666,
    "n": 1069
  },
  "fatigue": {
    "mae": 1.0954387689092357,
    "pearson_r": 0.3089730391594454,
    "n": 1256
  },
  "reps": {
    "mae": 0.11756513100562595,
    "n": 1067
  },
  "val_total": -0.4944572228534966,
  "val_total_per_task": {
    "exercise": 1.2061625643140952,
    "phase": 0.4251004368256611,
    "fatigue": 1.09543877118712,
    "reps": 0.011204662068396997
  }
}