{
  "arch": "lstm_raw",
  "summary": {
    "val_total": {
      "mean": 0.12890957480454573,
      "std": 0.263789749135235,
      "n": 5
    },
    "exercise": {
      "f1_macro": {
        "mean": 0.344789973895676,
        "std": 0.08117025816386808,
        "n": 5
      },
      "balanced_accuracy": {
        "mean": 0.39522998759913797,
        "std": 0.09536162546612612,
        "n": 5
      }
    },
    "phase": {
      "f1_macro": {
        "mean": 0.2870220526874753,
        "std": 0.02302816219879897,
        "n": 5
      },
      "balanced_accuracy": {
        "mean": 0.32131636064933,
        "std": 0.025933687632105584,
        "n": 5
      }
    },
    "fatigue": {
      "mae": {
        "mean": 1.0435312673475101,
        "std": 0.12545594082463044,
        "n": 5
      },
      "pearson_r": {
        "mean": 0.2461315503640961,
        "std": 0.24566115488280532,
        "n": 5
      }
    },
    "reps": {
      "mae": {
        "mean": 0.20941500444315517,
        "std": 0.03244974485845005,
        "n": 5
      }
    }
  },
  "enabled_tasks": [
    "exercise",
    "phase",
    "fatigue",
    "reps"
  ],
  "all_results": [
    {
      "seed": 42,
      "fold": 0,
      "test_subjects": [
        "Tias",
        "sivert"
      ],
      "metrics": {
        "exercise": {
          "f1_macro": 0.42409661219348616,
          "balanced_accuracy": 0.4867637877923448,
          "n": 626
        },
        "phase": {
          "f1_macro": 0.28027716438603184,
          "balanced_accuracy": 0.3236647173489278,
          "n": 533
        },
        "fatigue": {
          "mae": 1.0319114416932906,
          "pearson_r": 0.4030942147224895,
          "n": 626
        },
        "reps": {
          "mae": 0.2619547786589242,
          "n": 531
        },
        "val_total": -0.02308061214300771,
        "val_total_per_task": {
          "exercise": 1.1586620666729375,
          "phase": 0.2777432168063264,
          "fatigue": 1.0319114475966262,
          "reps": 0.04858823221760055
        }
      }
    },
    {
      "seed": 42,
      "fold": 1,
      "test_subjects": [
        "Raghild",
        "michael"
      ],
      "metrics": {
        "exercise": {
          "f1_macro": 0.36158249321966135,
          "balanced_accuracy": 0.41474586575089084,
          "n": 682
        },
        "phase": {
          "f1_macro": 0.2661565318065467,
          "balanced_accuracy": 0.3435627271834168,
          "n": 488
        },
        "fatigue": {
          "mae": 1.273924349340176,
          "pearson_r": 0.3031883567293948,
          "n": 682
        },
        "reps": {
          "mae": 0.1875440467581833,
          "n": 482
        },
        "val_total": 0.44611811847630833,
        "val_total_per_task": {
          "exercise": 1.374702586456478,
          "phase": 0.5270238328189794,
          "fatigue": 1.2739243545839865,
          "reps": 0.028373903193431867
        }
      }
    },
    {
      "seed": 42,
      "fold": 2,
      "test_subjects": [
        "Juile",
        "lucas 2"
      ],
      "metrics": {
        "exercise": {
          "f1_macro": 0.3795978789475251,
          "balanced_accuracy": 0.4025151240604387,
          "n": 755
        },
        "phase": {
          "f1_macro": 0.32695597203629334,
          "balanced_accuracy": 0.340269323519397,
          "n": 560
        },
        "fatigue": {
          "mae": 0.9346078228476821,
          "pearson_r": 0.4911012883061329,
          "n": 755
        },
        "reps": {
          "mae": 0.1667884392117483,
          "n": 554
        },
        "val_total": -0.011529489226688613,
        "val_total_per_task": {
          "exercise": 1.1965150945233982,
          "phase": 0.3926772376559428,
          "fatigue": 0.9346078144793479,
          "reps": 0.02952453921616867
        }
      }
    },
    {
      "seed": 42,
      "fold": 3,
      "test_subjects": [
        "Hytten",
        "lucas"
      ],
      "metrics": {
        "exercise": {
          "f1_macro": 0.18825515280739163,
          "balanced_accuracy": 0.2142938350908109,
          "n": 557
        },
        "phase": {
          "f1_macro": 0.2966711392243307,
          "balanced_accuracy": 0.3274257552483359,
          "n": 477
        },
        "fatigue": {
          "mae": 1.050178130610413,
          "pearson_r": -0.2162885126390147,
          "n": 557
        },
        "reps": {
          "mae": 0.2236898145987161,
          "n": 474
        },
        "val_total": 0.43602950911119553,
        "val_total_per_task": {
          "exercise": 1.6335681527050436,
          "phase": 0.40739070400729427,
          "fatigue": 1.0501781357468993,
          "reps": 0.04071472032761445
        }
      }
    },
    {
      "seed": 42,
      "fold": 4,
      "test_subjects": [
        "kiyomi"
      ],
      "metrics": {
        "exercise": {
          "f1_macro": 0.37041773231031544,
          "balanced_accuracy": 0.45783132530120485,
          "n": 374
        },
        "phase": {
          "f1_macro": 0.26504945598417406,
          "balanced_accuracy": 0.27165927994657274,
          "n": 374
        },
        "fatigue": {
          "mae": 0.9270345922459893,
          "pearson_r": 0.24956240470147784,
          "n": 374
        },
        "reps": {
          "mae": 0.20709794298820397,
          "n": 374
        },
        "val_total": -0.2029896521950788,
        "val_total_per_task": {
          "exercise": 1.0565236271383929,
          "phase": 0.3300157669075033,
          "fatigue": 0.9270345960708863,
          "reps": 0.034064259021518065
        }
      }
    }
  ]
}