{
  "exercise": {
    "f1_macro": 0.340294299893823,
    "balanced_accuracy": 0.35666652656985043,
    "n": 75011
  },
  "phase": {
    "f1_macro": 0.2395698411524059,
    "balanced_accuracy": 0.31372028173919975,
    "n": 44914
  },
  "fatigue": {
    "mae": 1.2443671758764403,
    "pearson_r": 0.2700483958146429,
    "n": 75011
  },
  "reps": {
    "mae": 1.9866692181964425,
    "n": 75011
  }
}