{
  "exercise": {
    "f1_macro": 0.35306310798841894,
    "balanced_accuracy": 0.35558730703819985,
    "n": 304
  },
  "phase": {
    "f1_macro": 0.22950187135856773,
    "balanced_accuracy": 0.33420864941969786,
    "n": 229
  },
  "fatigue": {
    "mae": 1.0752595600328947,
    "pearson_r": 0.42590015523315206,
    "n": 304
  },
  "reps": {
    "mae": 0.4779930555975825,
    "n": 223
  },
  "val_total": 1.0704685135891563,
  "val_total_per_task": {
    "exercise": 1.2225315696314762,
    "phase": 0.343299515937504,
    "fatigue": 1.0752595600328947,
    "reps": 0.15764022500891434
  }
}