{
  "exercise": {
    "f1_macro": 0.12189054726368159,
    "balanced_accuracy": 0.25,
    "n": 304
  },
  "phase": {
    "f1_macro": 0.2109452736318408,
    "balanced_accuracy": 0.3333333333333333,
    "n": 229
  },
  "fatigue": {
    "mae": 1.1244346217105263,
    "pearson_r": 0.7112582429531538,
    "n": 304
  },
  "reps": {
    "mae": 0.39051721156929775,
    "n": 223
  },
  "val_total": 1.478424072265625,
  "val_total_per_task": {
    "exercise": 1.378029227256775,
    "phase": 0.35261300206184387,
    "fatigue": 1.1244345903396606,
    "reps": 0.1340034455060959
  }
}