{
  "exercise": {
    "f1_macro": 0.3391537138111058,
    "balanced_accuracy": 0.40295941027697246,
    "n": 266
  },
  "phase": {
    "f1_macro": 0.4016414571656128,
    "balanced_accuracy": 0.4411075036075036,
    "n": 194
  },
  "fatigue": {
    "mae": 1.3729881343984962,
    "pearson_r": -0.026833483599437727,
    "n": 266
  },
  "reps": {
    "mae": 0.36530127454174577,
    "n": 189
  },
  "val_total": 1.125412304598586,
  "val_total_per_task": {
    "exercise": 1.2527204223145219,
    "phase": 0.26193865304602715,
    "fatigue": 1.3729881343984962,
    "reps": 0.10757734183978318
  }
}