{
  "exercise": {
    "f1_macro": 0.3386121942573555,
    "balanced_accuracy": 0.3997210078232858,
    "n": 755
  },
  "phase": {
    "f1_macro": 0.29138631443236274,
    "balanced_accuracy": 0.3173530358367267,
    "n": 560
  },
  "fatigue": {
    "mae": 0.9516297599337749,
    "pearson_r": 0.35038690038645715,
    "n": 755
  },
  "reps": {
    "mae": 0.16727820648946246,
    "n": 554
  },
  "val_total": 0.009873785562073158,
  "val_total_per_task": {
    "exercise": 1.2050941756229527,
    "phase": 0.3957328864675484,
    "fatigue": 0.9516297558285542,
    "reps": 0.028161682647387713
  }
}