{
  "lr": 0.002923104563935318,
  "weight_decay": 3.302060420783072e-05,
  "batch_size": 128,
  "dropout": 0.4657339920764573,
  "repr_dim": 64,
  "_patience": 50
}