{
  "exercise": {
    "f1_macro": 0.1214574898785425,
    "balanced_accuracy": 0.25,
    "n": 374
  },
  "phase": {
    "f1_macro": 0.2174174174174174,
    "balanced_accuracy": 0.3333333333333333,
    "n": 374
  },
  "fatigue": {
    "mae": 1.0134212065508021,
    "pearson_r": 0.14843958264784984,
    "n": 374
  },
  "reps": {
    "mae": 0.22184509629841875,
    "n": 374
  },
  "val_total": 0.7700104050457797,
  "val_total_per_task": {
    "exercise": 1.3716786264735747,
    "phase": 0.33209889473762105,
    "fatigue": 1.013421195713594,
    "reps": 0.03656642011461411
  }
}