{
  "exercise": {
    "f1_macro": 0.17314976061980217,
    "balanced_accuracy": 0.27672955974842767,
    "n": 755
  },
  "phase": {
    "f1_macro": 0.20776035936927026,
    "balanced_accuracy": 0.33449477351916374,
    "n": 560
  },
  "fatigue": {
    "mae": 1.073540976821192,
    "pearson_r": 0.5342933634057219,
    "n": 755
  },
  "reps": {
    "mae": 0.16712340591088717,
    "n": 554
  },
  "val_total": 0.804214942928971,
  "val_total_per_task": {
    "exercise": 1.2788687502311555,
    "phase": 0.3679355491076084,
    "fatigue": 1.0735409645055303,
    "reps": 0.026728171268046295
  }
}