{
  "exercise": {
    "f1_macro": 0.29858423792815475,
    "balanced_accuracy": 0.34201846992362067,
    "n": 682
  },
  "phase": {
    "f1_macro": 0.27095083144175885,
    "balanced_accuracy": 0.29692258571568914,
    "n": 488
  },
  "fatigue": {
    "mae": 1.1718349065249267,
    "pearson_r": 0.3624678345398311,
    "n": 682
  },
  "reps": {
    "mae": 0.18442509151005892,
    "n": 482
  },
  "val_total": 0.6428499571389117,
  "val_total_per_task": {
    "exercise": 1.3290402116663644,
    "phase": 0.5202530591019437,
    "fatigue": 1.1718349079232762,
    "reps": 0.02830849994312633
  }
}