{
  "exercise": {
    "f1_macro": 0.3718510405257393,
    "balanced_accuracy": 0.4608433734939759,
    "n": 374
  },
  "phase": {
    "f1_macro": 0.2174174174174174,
    "balanced_accuracy": 0.3333333333333333,
    "n": 374
  },
  "fatigue": {
    "mae": 0.7516293449197861,
    "pearson_r": 0.43143877520762786,
    "n": 374
  },
  "reps": {
    "mae": 0.2162334047342566,
    "n": 374
  },
  "val_total": -0.10258925534824637,
  "val_total_per_task": {
    "exercise": 1.198732420722431,
    "phase": 0.33725701599197594,
    "fatigue": 0.751629364044271,
    "reps": 0.040967346373248226
  }
}