{
  "exercise": {
    "f1_macro": 0.327202245738275,
    "balanced_accuracy": 0.33934809071981575,
    "n": 132918
  },
  "phase": {
    "f1_macro": 0.2483795816140165,
    "balanced_accuracy": 0.3316634627690418,
    "n": 78741
  },
  "fatigue": {
    "mae": 0.9264496856543027,
    "pearson_r": 0.19219516632031866,
    "n": 132918
  },
  "reps": {
    "mae": 2.7387779331327096,
    "n": 132918
  }
}