{
  "arch": "cnn1d_raw",
  "summary": {
    "val_total": {
      "mean": 1.33579843044281,
      "std": 0.39216338295844533,
      "n": 5
    },
    "exercise": {
      "f1_macro": {
        "mean": 0.44169091179650033,
        "std": 0.14609890086862679,
        "n": 5
      },
      "balanced_accuracy": {
        "mean": 0.46416819178334734,
        "std": 0.13607702817155612,
        "n": 5
      }
    },
    "phase": {
      "f1_macro": {
        "mean": 0.3159852313745234,
        "std": 0.04764426903002489,
        "n": 5
      },
      "balanced_accuracy": {
        "mean": 0.3535059588387821,
        "std": 0.024565417246629535,
        "n": 5
      }
    },
    "fatigue": {
      "mae": {
        "mean": 1.1780940550484362,
        "std": 0.19964616242611297,
        "n": 5
      },
      "pearson_r": {
        "mean": 0.16685810655789174,
        "std": 0.2629417905392541,
        "n": 5
      }
    },
    "reps": {
      "mae": {
        "mean": 0.46530395284524334,
        "std": 0.03697638843943841,
        "n": 5
      }
    }
  },
  "enabled_tasks": [
    "exercise",
    "phase",
    "fatigue",
    "reps"
  ],
  "all_results": [
    {
      "seed": 42,
      "fold": 0,
      "test_subjects": [
        "Tias",
        "sivert"
      ],
      "metrics": {
        "exercise": {
          "f1_macro": 0.717891939126059,
          "balanced_accuracy": 0.7063724990188169,
          "n": 252
        },
        "phase": {
          "f1_macro": 0.39834297316859146,
          "balanced_accuracy": 0.392969892969893,
          "n": 217
        },
        "fatigue": {
          "mae": 1.2431485615079365,
          "pearson_r": 0.12096770460748842,
          "n": 252
        },
        "reps": {
          "mae": 0.5344138287843387,
          "n": 214
        },
        "val_total": 0.6515471935272217,
        "val_total_per_task": {
          "exercise": 0.6009318232536316,
          "phase": 0.27094292640686035,
          "fatigue": 1.243148684501648,
          "reps": 0.1914164423942566
        }
      }
    },
    {
      "seed": 42,
      "fold": 1,
      "test_subjects": [
        "Raghild",
        "michael"
      ],
      "metrics": {
        "exercise": {
          "f1_macro": 0.42355861699518516,
          "balanced_accuracy": 0.4969439475253429,
          "n": 266
        },
        "phase": {
          "f1_macro": 0.3356664273749701,
          "balanced_accuracy": 0.35633116883116883,
          "n": 194
        },
        "fatigue": {
          "mae": 1.4953301221804511,
          "pearson_r": 0.2551088867987758,
          "n": 266
        },
        "reps": {
          "mae": 0.46263632488747436,
          "n": 189
        },
        "val_total": 1.6338506246867932,
        "val_total_per_task": {
          "exercise": 1.4991461961789239,
          "phase": 0.3963756632984133,
          "fatigue": 1.495330123973072,
          "reps": 0.1604638924276022
        }
      }
    },
    {
      "seed": 42,
      "fold": 2,
      "test_subjects": [
        "Juile",
        "lucas 2"
      ],
      "metrics": {
        "exercise": {
          "f1_macro": 0.4011717543531577,
          "balanced_accuracy": 0.3771115417320775,
          "n": 304
        },
        "phase": {
          "f1_macro": 0.30368373764600176,
          "balanced_accuracy": 0.3529468974907606,
          "n": 229
        },
        "fatigue": {
          "mae": 0.9842336554276315,
          "pearson_r": 0.45442291597401163,
          "n": 304
        },
        "reps": {
          "mae": 0.459981147772027,
          "n": 223
        },
        "val_total": 1.2218998168644153,
        "val_total_per_task": {
          "exercise": 1.3834387189463566,
          "phase": 0.33734649419784546,
          "fatigue": 0.9842336617018047,
          "reps": 0.17259415513590762
        }
      }
    },
    {
      "seed": 42,
      "fold": 3,
      "test_subjects": [
        "Hytten",
        "lucas"
      ],
      "metrics": {
        "exercise": {
          "f1_macro": 0.38192094867323323,
          "balanced_accuracy": 0.4318958137777541,
          "n": 218
        },
        "phase": {
          "f1_macro": 0.27011561826376645,
          "balanced_accuracy": 0.3496835443037975,
          "n": 187
        },
        "fatigue": {
          "mae": 1.2236776089449541,
          "pearson_r": -0.3132861511810979,
          "n": 218
        },
        "reps": {
          "mae": 0.4258884447424308,
          "n": 184
        },
        "val_total": 1.3936182260513306,
        "val_total_per_task": {
          "exercise": 1.431435227394104,
          "phase": 0.33269014954566956,
          "fatigue": 1.2236775159835815,
          "reps": 0.15833579003810883
        }
      }
    },
    {
      "seed": 42,
      "fold": 4,
      "test_subjects": [
        "kiyomi"
      ],
      "metrics": {
        "exercise": {
          "f1_macro": 0.28391129983486674,
          "balanced_accuracy": 0.3085171568627451,
          "n": 149
        },
        "phase": {
          "f1_macro": 0.2721174004192872,
          "balanced_accuracy": 0.31559829059829064,
          "n": 149
        },
        "fatigue": {
          "mae": 0.944080327181208,
          "pearson_r": 0.3170771765902807,
          "n": 149
        },
        "reps": {
          "mae": 0.4436000180399458,
          "n": 149
        },
        "val_total": 1.7780762910842896,
        "val_total_per_task": {
          "exercise": 1.9975321292877197,
          "phase": 0.3178066313266754,
          "fatigue": 0.9440803527832031,
          "reps": 0.15716633200645447
        }
      }
    }
  ]
}