{
  "exercise": {
    "f1_macro": 0.3283749414363162,
    "balanced_accuracy": 0.40890090504678633,
    "n": 755
  },
  "phase": {
    "f1_macro": 0.3044294294294294,
    "balanced_accuracy": 0.31873836810657263,
    "n": 560
  },
  "fatigue": {
    "mae": 0.9146988824503312,
    "pearson_r": 0.4082122107833538,
    "n": 755
  },
  "reps": {
    "mae": 0.17385123586298945,
    "n": 554
  },
  "val_total": 0.9546303687506165,
  "val_total_per_task": {
    "exercise": 1.1324899389254337,
    "phase": 0.39640886278341936,
    "fatigue": 0.9146988811082398,
    "reps": 0.03071769137700267
  }
}