{
  "arch": "cnn_lstm_raw",
  "summary": {
    "val_total": {
      "mean": 1.436070632384077,
      "std": 0.06814857818474232,
      "n": 5
    },
    "exercise": {
      "f1_macro": {
        "mean": 0.2065295383112607,
        "std": 0.07086714693050422,
        "n": 5
      },
      "balanced_accuracy": {
        "mean": 0.304577172580932,
        "std": 0.05758323444485081,
        "n": 5
      }
    },
    "phase": {
      "f1_macro": {
        "mean": 0.2529949480875415,
        "std": 0.034423478059943724,
        "n": 5
      },
      "balanced_accuracy": {
        "mean": 0.3292302462585297,
        "std": 0.032015176892290075,
        "n": 5
      }
    },
    "fatigue": {
      "mae": {
        "mean": 1.090163794509192,
        "std": 0.1514615180388762,
        "n": 5
      },
      "pearson_r": {
        "mean": 0.2782580172430472,
        "std": 0.25753454087131483,
        "n": 5
      }
    },
    "reps": {
      "mae": {
        "mean": 0.5049817785635419,
        "std": 0.0801231553603193,
        "n": 5
      }
    }
  },
  "enabled_tasks": [
    "exercise",
    "phase",
    "fatigue",
    "reps"
  ],
  "all_results": [
    {
      "seed": 42,
      "fold": 0,
      "test_subjects": [
        "Tias",
        "sivert"
      ],
      "metrics": {
        "exercise": {
          "f1_macro": 0.32086260137771894,
          "balanced_accuracy": 0.40031982942430705,
          "n": 252
        },
        "phase": {
          "f1_macro": 0.2695975107899227,
          "balanced_accuracy": 0.34434434434434436,
          "n": 217
        },
        "fatigue": {
          "mae": 1.0369233630952381,
          "pearson_r": 0.42925267099010894,
          "n": 252
        },
        "reps": {
          "mae": 0.6441096588621072,
          "n": 214
        },
        "val_total": 1.4424502603591434,
        "val_total_per_task": {
          "exercise": 1.3069176768499708,
          "phase": 0.3304025909257314,
          "fatigue": 1.036923336604285,
          "reps": 0.28040092450285714
        }
      }
    },
    {
      "seed": 42,
      "fold": 1,
      "test_subjects": [
        "Raghild",
        "michael"
      ],
      "metrics": {
        "exercise": {
          "f1_macro": 0.24867466813690148,
          "balanced_accuracy": 0.33740978348035283,
          "n": 266
        },
        "phase": {
          "f1_macro": 0.2825868089025984,
          "balanced_accuracy": 0.3088023088023088,
          "n": 194
        },
        "fatigue": {
          "mae": 1.3769971804511278,
          "pearson_r": 0.33003841899764463,
          "n": 266
        },
        "reps": {
          "mae": 0.4504285405375182,
          "n": 189
        },
        "val_total": 1.559240298163622,
        "val_total_per_task": {
          "exercise": 1.2826065416622878,
          "phase": 0.37966570101286234,
          "fatigue": 1.3769971858289904,
          "reps": 0.15753410454083205
        }
      }
    },
    {
      "seed": 42,
      "fold": 2,
      "test_subjects": [
        "Juile",
        "lucas 2"
      ],
      "metrics": {
        "exercise": {
          "f1_macro": 0.18664383561643835,
          "balanced_accuracy": 0.28515625,
          "n": 304
        },
        "phase": {
          "f1_macro": 0.2884188260179799,
          "balanced_accuracy": 0.3770667185372496,
          "n": 229
        },
        "fatigue": {
          "mae": 0.983873869243421,
          "pearson_r": 0.5414559733647468,
          "n": 304
        },
        "reps": {
          "mae": 0.4085569812252182,
          "n": 223
        },
        "val_total": 1.3811320442902415,
        "val_total_per_task": {
          "exercise": 1.3256514637093795,
          "phase": 0.3760131660260652,
          "fatigue": 0.983873869243421,
          "reps": 0.14672794781233134
        }
      }
    },
    {
      "seed": 42,
      "fold": 3,
      "test_subjects": [
        "Hytten",
        "lucas"
      ],
      "metrics": {
        "exercise": {
          "f1_macro": 0.15463917525773196,
          "balanced_accuracy": 0.25,
          "n": 218
        },
        "phase": {
          "f1_macro": 0.22187938288920053,
          "balanced_accuracy": 0.2826045262754124,
          "n": 187
        },
        "fatigue": {
          "mae": 1.097907110091743,
          "pearson_r": -0.20800799361752137,
          "n": 218
        },
        "reps": {
          "mae": 0.5250139932917512,
          "n": 184
        },
        "val_total": 1.4319921524152843,
        "val_total_per_task": {
          "exercise": 1.3174768675357924,
          "phase": 0.3300217422870321,
          "fatigue": 1.0979071418079762,
          "reps": 0.19949842975773943
        }
      }
    },
    {
      "seed": 42,
      "fold": 4,
      "test_subjects": [
        "kiyomi"
      ],
      "metrics": {
        "exercise": {
          "f1_macro": 0.1218274111675127,
          "balanced_accuracy": 0.25,
          "n": 149
        },
        "phase": {
          "f1_macro": 0.20249221183800623,
          "balanced_accuracy": 0.3333333333333333,
          "n": 149
        },
        "fatigue": {
          "mae": 0.9551174496644296,
          "pearson_r": 0.29855101648025706,
          "n": 149
        },
        "reps": {
          "mae": 0.49679971890111496,
          "n": 149
        },
        "val_total": 1.3655384066920953,
        "val_total_per_task": {
          "exercise": 1.3582673480846739,
          "phase": 0.3120821700400154,
          "fatigue": 0.9551174568649906,
          "reps": 0.19098705863392593
        }
      }
    }
  ]
}