{
  "exercise": {
    "f1_macro": 0.3082962296324365,
    "balanced_accuracy": 0.4047965656791034,
    "n": 682
  },
  "phase": {
    "f1_macro": 0.3092684871437114,
    "balanced_accuracy": 0.31879359465566365,
    "n": 488
  },
  "fatigue": {
    "mae": 1.2898185483870968,
    "pearson_r": 0.27184135454676256,
    "n": 682
  },
  "reps": {
    "mae": 0.18350021662461066,
    "n": 482
  },
  "val_total": 0.476003589518259,
  "val_total_per_task": {
    "exercise": 1.2640595390649834,
    "phase": 0.5080041395953674,
    "fatigue": 1.2898185536309072,
    "reps": 0.028219115349554246
  }
}