{
  "exercise": {
    "f1_macro": 0.35738014590932776,
    "balanced_accuracy": 0.43744979919678717,
    "n": 374
  },
  "phase": {
    "f1_macro": 0.2750176180408738,
    "balanced_accuracy": 0.31089996559609817,
    "n": 374
  },
  "fatigue": {
    "mae": 0.8466953542780749,
    "pearson_r": 0.3849309420473423,
    "n": 374
  },
  "reps": {
    "mae": 0.20714120703555125,
    "n": 374
  },
  "val_total": 0.041294797219057135,
  "val_total_per_task": {
    "exercise": 1.1394081957199995,
    "phase": 0.328963588106441,
    "fatigue": 0.8466953530031092,
    "reps": 0.035196446619409925
  }
}