{
  "exercise": {
    "f1_macro": 0.3928002548582351,
    "balanced_accuracy": 0.4909577858655645,
    "n": 266
  },
  "phase": {
    "f1_macro": 0.3551580202742994,
    "balanced_accuracy": 0.37797619047619047,
    "n": 194
  },
  "fatigue": {
    "mae": 1.506343984962406,
    "pearson_r": 0.23324070692053664,
    "n": 266
  },
  "reps": {
    "mae": 0.4504232133329703,
    "n": 189
  },
  "val_total": 1.4918913841247559,
  "val_total_per_task": {
    "exercise": 1.4010140895843506,
    "phase": 0.33994555473327637,
    "fatigue": 1.5063440799713135,
    "reps": 0.1554669737815857
  }
}