{
  "exercise": {
    "f1_macro": 0.43973595094356377,
    "balanced_accuracy": 0.5237364546706968,
    "n": 266
  },
  "phase": {
    "f1_macro": 0.28709536827925036,
    "balanced_accuracy": 0.3085768398268398,
    "n": 194
  },
  "fatigue": {
    "mae": 1.3812999295112782,
    "pearson_r": 0.2835586677597459,
    "n": 266
  },
  "reps": {
    "mae": 0.44731083917357617,
    "n": 189
  },
  "val_total": 1.3471596240997314,
  "val_total_per_task": {
    "exercise": 1.3490736484527588,
    "phase": 0.3145879805088043,
    "fatigue": 1.3812999725341797,
    "reps": 0.15891112387180328
  }
}