{
  "exercise": {
    "f1_macro": 0.3593439091265178,
    "balanced_accuracy": 0.4484848484848485,
    "n": 746
  },
  "phase": {
    "f1_macro": 0.23748967201925497,
    "balanced_accuracy": 0.3184680269684279,
    "n": 746
  },
  "fatigue": {
    "mae": 1.1265918230563003,
    "pearson_r": 0.24966557846101417,
    "n": 746
  },
  "reps": {
    "mae": 0.11252610584666038,
    "n": 746
  },
  "val_total": 0.9394637707411124,
  "val_total_per_task": {
    "exercise": 1.0522856958430191,
    "phase": 0.4827715205602927,
    "fatigue": 1.1265918371185222,
    "reps": 0.010194783711970731
  }
}