{
  "exercise": {
    "f1_macro": 0.364377535430167,
    "balanced_accuracy": 0.41068516845840053,
    "n": 218
  },
  "phase": {
    "f1_macro": 0.29085917312661497,
    "balanced_accuracy": 0.360807441503644,
    "n": 187
  },
  "fatigue": {
    "mae": 1.3238962155963303,
    "pearson_r": -0.3636767171194742,
    "n": 218
  },
  "reps": {
    "mae": 0.4336511567234993,
    "n": 184
  },
  "val_total": 1.367748498916626,
  "val_total_per_task": {
    "exercise": 1.3904399871826172,
    "phase": 0.3432999849319458,
    "fatigue": 1.3238961696624756,
    "reps": 0.1572609841823578
  }
}