{
  "exercise": {
    "f1_macro": 0.4005796051763715,
    "balanced_accuracy": 0.43493390042316904,
    "n": 1509
  },
  "phase": {
    "f1_macro": 0.2962220209600207,
    "balanced_accuracy": 0.3272110908722931,
    "n": 1113
  },
  "fatigue": {
    "mae": 0.9935439446653412,
    "pearson_r": 0.4219845472606735,
    "n": 1509
  },
  "reps": {
    "mae": 0.08733806445439159,
    "n": 1107
  },
  "val_total": 0.15066044341656765,
  "val_total_per_task": {
    "exercise": 1.1827119374765,
    "phase": 0.8249985094967862,
    "fatigue": 0.9935439462453186,
    "reps": 0.007063550576184999
  }
}