{
  "arch": "lstm_raw",
  "summary": {
    "val_total": {
      "mean": 1.0604524425249737,
      "std": 0.20845858371279966,
      "n": 5
    },
    "exercise": {
      "f1_macro": {
        "mean": 0.29197592111911574,
        "std": 0.0915952808082502,
        "n": 5
      },
      "balanced_accuracy": {
        "mean": 0.3382660732121527,
        "std": 0.11075546758302778,
        "n": 5
      }
    },
    "phase": {
      "f1_macro": {
        "mean": 0.3299742202499469,
        "std": 0.012005172248474815,
        "n": 5
      },
      "balanced_accuracy": {
        "mean": 0.338306044440967,
        "std": 0.01090137704520988,
        "n": 5
      }
    },
    "fatigue": {
      "mae": {
        "mean": 1.0335561506292155,
        "std": 0.0940224561545353,
        "n": 5
      },
      "pearson_r": {
        "mean": 0.1788380033962726,
        "std": 0.2648606275195724,
        "n": 5
      }
    },
    "reps": {
      "mae": {
        "mean": 0.11227695470851387,
        "std": 0.019311869448090054,
        "n": 5
      }
    }
  },
  "enabled_tasks": [
    "exercise",
    "phase",
    "fatigue",
    "reps"
  ],
  "all_results": [
    {
      "seed": 42,
      "fold": 0,
      "test_subjects": [
        "Tias",
        "sivert"
      ],
      "metrics": {
        "exercise": {
          "f1_macro": 0.3791938261634755,
          "balanced_accuracy": 0.4638630852771422,
          "n": 1256
        },
        "phase": {
          "f1_macro": 0.35235428871491487,
          "balanced_accuracy": 0.3568036315940884,
          "n": 1069
        },
        "fatigue": {
          "mae": 1.0940454568073248,
          "pearson_r": 0.3833484550864661,
          "n": 1256
        },
        "reps": {
          "mae": 0.14428888265202355,
          "n": 1067
        },
        "val_total": 0.8188497131797159,
        "val_total_per_task": {
          "exercise": 1.0879787244614523,
          "phase": 0.4240235891311791,
          "fatigue": 1.0940454571869722,
          "reps": 0.014754578963539024
        }
      }
    },
    {
      "seed": 42,
      "fold": 1,
      "test_subjects": [
        "Raghild",
        "michael"
      ],
      "metrics": {
        "exercise": {
          "f1_macro": 0.23900300145525105,
          "balanced_accuracy": 0.2665757084517719,
          "n": 1361
        },
        "phase": {
          "f1_macro": 0.32375449521971755,
          "balanced_accuracy": 0.32969845332146436,
          "n": 969
        },
        "fatigue": {
          "mae": 1.1485006429096252,
          "pearson_r": 0.356115481253661,
          "n": 1361
        },
        "reps": {
          "mae": 0.09915110277769415,
          "n": 964
        },
        "val_total": 1.3087399004138103,
        "val_total_per_task": {
          "exercise": 1.4330284888038383,
          "phase": 0.7251503409750754,
          "fatigue": 1.1485006445738255,
          "reps": 0.008364531308040296
        }
      }
    },
    {
      "seed": 42,
      "fold": 2,
      "test_subjects": [
        "Juile",
        "lucas 2"
      ],
      "metrics": {
        "exercise": {
          "f1_macro": 0.3558991800061485,
          "balanced_accuracy": 0.39015139194412785,
          "n": 1509
        },
        "phase": {
          "f1_macro": 0.3168212114059637,
          "balanced_accuracy": 0.3267455980570734,
          "n": 1113
        },
        "fatigue": {
          "mae": 0.8833509360503645,
          "pearson_r": 0.2944854363770278,
          "n": 1509
        },
        "reps": {
          "mae": 0.0889113336837705,
          "n": 1107
        },
        "val_total": 1.1608879578042457,
        "val_total_per_task": {
          "exercise": 1.1776029398458694,
          "phase": 0.8292415635802242,
          "fatigue": 0.8833509364058594,
          "reps": 0.007414281054420275
        }
      }
    },
    {
      "seed": 42,
      "fold": 3,
      "test_subjects": [
        "Hytten",
        "lucas"
      ],
      "metrics": {
        "exercise": {
          "f1_macro": 0.13651816730050542,
          "balanced_accuracy": 0.15861896826650962,
          "n": 1106
        },
        "phase": {
          "f1_macro": 0.3298018469320883,
          "balanced_accuracy": 0.3345093353948509,
          "n": 944
        },
        "fatigue": {
          "mae": 1.0681121439873418,
          "pearson_r": -0.3348406489017609,
          "n": 1106
        },
        "reps": {
          "mae": 0.12199016620541599,
          "n": 941
        },
        "val_total": 1.2086740083332304,
        "val_total_per_task": {
          "exercise": 1.7649106793981348,
          "phase": 0.5055295796980694,
          "fatigue": 1.068112139675975,
          "reps": 0.012800729112736678
        }
      }
    },
    {
      "seed": 42,
      "fold": 4,
      "test_subjects": [
        "kiyomi"
      ],
      "metrics": {
        "exercise": {
          "f1_macro": 0.3492654306701981,
          "balanced_accuracy": 0.4121212121212121,
          "n": 746
        },
        "phase": {
          "f1_macro": 0.32713925897705015,
          "balanced_accuracy": 0.34377320383735777,
          "n": 746
        },
        "fatigue": {
          "mae": 0.973771573391421,
          "pearson_r": 0.19508129316596898,
          "n": 746
        },
        "reps": {
          "mae": 0.10704328822366514,
          "n": 746
        },
        "val_total": 0.8051106328938665,
        "val_total_per_task": {
          "exercise": 1.189708030255806,
          "phase": 0.48014476391968713,
          "fatigue": 0.9737715769069764,
          "reps": 0.010996583414740921
        }
      }
    }
  ]
}