{
  "exercise": {
    "f1_macro": 0.3637073484634461,
    "balanced_accuracy": 0.4213987277603349,
    "n": 304
  },
  "phase": {
    "f1_macro": 0.1983640081799591,
    "balanced_accuracy": 0.3333333333333333,
    "n": 229
  },
  "fatigue": {
    "mae": 1.3001259251644737,
    "pearson_r": 0.1979815880920845,
    "n": 304
  },
  "reps": {
    "mae": 0.41835620720774735,
    "n": 223
  },
  "val_total": 1.2275133007451107,
  "val_total_per_task": {
    "exercise": 1.1196132396396838,
    "phase": 0.3547024711182243,
    "fatigue": 1.3001259314386469,
    "reps": 0.13713273955018898
  }
}