{
  "exercise": {
    "f1_macro": 0.4490625185419592,
    "balanced_accuracy": 0.5139205889005408,
    "n": 266
  },
  "phase": {
    "f1_macro": 0.31763719146896713,
    "balanced_accuracy": 0.36440295815295815,
    "n": 194
  },
  "fatigue": {
    "mae": 1.4102737312030076,
    "pearson_r": 0.1533233709407871,
    "n": 266
  },
  "reps": {
    "mae": 0.41246447277565795,
    "n": 189
  },
  "val_total": 1.5575004816055298,
  "val_total_per_task": {
    "exercise": 1.3826053142547607,
    "phase": 0.31734466552734375,
    "fatigue": 1.410273790359497,
    "reps": 0.13357162475585938
  }
}