{
  "arch": "lstm_raw",
  "summary": {
    "val_total": {
      "mean": 0.45578626650925147,
      "std": 0.38141704636624985,
      "n": 5
    },
    "exercise": {
      "f1_macro": {
        "mean": 0.35200459741579665,
        "std": 0.11519435411059267,
        "n": 5
      },
      "balanced_accuracy": {
        "mean": 0.38907075805609476,
        "std": 0.11814103869186866,
        "n": 5
      }
    },
    "phase": {
      "f1_macro": {
        "mean": 0.2480931944409861,
        "std": 0.029793859372225943,
        "n": 5
      },
      "balanced_accuracy": {
        "mean": 0.3347381026477653,
        "std": 0.004572713778535695,
        "n": 5
      }
    },
    "fatigue": {
      "mae": {
        "mean": 1.040973496148453,
        "std": 0.1517803353815883,
        "n": 5
      },
      "pearson_r": {
        "mean": 0.2424077060191337,
        "std": 0.2576981186355495,
        "n": 5
      }
    },
    "reps": {
      "mae": {
        "mean": 0.11315523837122869,
        "std": 0.00953741669310015,
        "n": 5
      }
    }
  },
  "enabled_tasks": [
    "exercise",
    "phase",
    "fatigue",
    "reps"
  ],
  "all_results": [
    {
      "seed": 42,
      "fold": 0,
      "test_subjects": [
        "Tias",
        "sivert"
      ],
      "metrics": {
        "exercise": {
          "f1_macro": 0.40280635968935424,
          "balanced_accuracy": 0.4528058882142949,
          "n": 1256
        },
        "phase": {
          "f1_macro": 0.28169330669330667,
          "balanced_accuracy": 0.3277223546850392,
          "n": 1069
        },
        "fatigue": {
          "mae": 1.0440977060111465,
          "pearson_r": 0.39477954725032827,
          "n": 1256
        },
        "reps": {
          "mae": 0.12825171832098245,
          "n": 1067
        },
        "val_total": 0.23421183361369333,
        "val_total_per_task": {
          "exercise": 1.1582017590285867,
          "phase": 0.42647754652484965,
          "fatigue": 1.044097708289031,
          "reps": 0.013141557906463647
        }
      }
    },
    {
      "seed": 42,
      "fold": 1,
      "test_subjects": [
        "Raghild",
        "michael"
      ],
      "metrics": {
        "exercise": {
          "f1_macro": 0.45398010244968845,
          "balanced_accuracy": 0.47326093364579425,
          "n": 1361
        },
        "phase": {
          "f1_macro": 0.2828101941244699,
          "balanced_accuracy": 0.3408983346315047,
          "n": 969
        },
        "fatigue": {
          "mae": 1.317475374265246,
          "pearson_r": 0.3116519048403436,
          "n": 1361
        },
        "reps": {
          "mae": 0.09906985447452214,
          "n": 964
        },
        "val_total": 0.6852592710709414,
        "val_total_per_task": {
          "exercise": 1.612602458991696,
          "phase": 0.6386059782769555,
          "fatigue": 1.317475371725151,
          "reps": 0.008074856084729713
        }
      }
    },
    {
      "seed": 42,
      "fold": 2,
      "test_subjects": [
        "Juile",
        "lucas 2"
      ],
      "metrics": {
        "exercise": {
          "f1_macro": 0.3672534364174056,
          "balanced_accuracy": 0.4125894786805222,
          "n": 1509
        },
        "phase": {
          "f1_macro": 0.2438824633946585,
          "balanced_accuracy": 0.3384031572556163,
          "n": 1113
        },
        "fatigue": {
          "mae": 0.8688196342776673,
          "pearson_r": 0.5057034308372074,
          "n": 1509
        },
        "reps": {
          "mae": 0.10956741271072758,
          "n": 1107
        },
        "val_total": 0.6126033173561728,
        "val_total_per_task": {
          "exercise": 1.1902556849916381,
          "phase": 0.5434232134547274,
          "fatigue": 0.8688196380301135,
          "reps": 0.008575857113343228
        }
      }
    },
    {
      "seed": 42,
      "fold": 3,
      "test_subjects": [
        "Hytten",
        "lucas"
      ],
      "metrics": {
        "exercise": {
          "f1_macro": 0.12831341403649274,
          "balanced_accuracy": 0.15606209353201567,
          "n": 1106
        },
        "phase": {
          "f1_macro": 0.22001419446415896,
          "balanced_accuracy": 0.3333333333333333,
          "n": 944
        },
        "fatigue": {
          "mae": 1.0279265088155516,
          "pearson_r": -0.24205573426147245,
          "n": 1106
        },
        "reps": {
          "mae": 0.11196191234075673,
          "n": 941
        },
        "val_total": 0.915408400256207,
        "val_total_per_task": {
          "exercise": 1.4786008342049652,
          "phase": 0.5229057718142462,
          "fatigue": 1.0279265006239549,
          "reps": 0.01344116407852438
        }
      }
    },
    {
      "seed": 42,
      "fold": 4,
      "test_subjects": [
        "kiyomi"
      ],
      "metrics": {
        "exercise": {
          "f1_macro": 0.40766967448604224,
          "balanced_accuracy": 0.450635396207847,
          "n": 746
        },
        "phase": {
          "f1_macro": 0.2120658135283364,
          "balanced_accuracy": 0.3333333333333333,
          "n": 746
        },
        "fatigue": {
          "mae": 0.9465482573726541,
          "pearson_r": 0.2419593814292618,
          "n": 746
        },
        "reps": {
          "mae": 0.11692529400915466,
          "n": 746
        },
        "val_total": -0.1685514897507573,
        "val_total_per_task": {
          "exercise": 1.0850108571090902,
          "phase": 0.49475922213802387,
          "fatigue": 0.9465482890126533,
          "reps": 0.012511099466489723
        }
      }
    }
  ]
}