{
  "exercise": {
    "f1_macro": 0.42948151150464553,
    "balanced_accuracy": 0.49716756112104943,
    "n": 266
  },
  "phase": {
    "f1_macro": 0.2381522147147147,
    "balanced_accuracy": 0.34379509379509376,
    "n": 194
  },
  "fatigue": {
    "mae": 1.6006373355263157,
    "pearson_r": 0.2365741701348343,
    "n": 266
  },
  "reps": {
    "mae": 0.4608730971320439,
    "n": 189
  },
  "val_total": 1.7235458990685026,
  "val_total_per_task": {
    "exercise": 1.4021422845080382,
    "phase": 0.39500185242272856,
    "fatigue": 1.600637333733695,
    "reps": 0.15680968492550956
  }
}