{
  "arch": "lstm_raw",
  "summary": {
    "val_total": {
      "mean": -0.30373387967307625,
      "std": 0.18099849131499945,
      "n": 5
    },
    "exercise": {
      "f1_macro": {
        "mean": 0.3289154855958474,
        "std": 0.04786540482877232,
        "n": 5
      },
      "balanced_accuracy": {
        "mean": 0.39170569172798153,
        "std": 0.06500556606676963,
        "n": 5
      }
    },
    "phase": {
      "f1_macro": {
        "mean": 0.290306408884791,
        "std": 0.04057295967908817,
        "n": 5
      },
      "balanced_accuracy": {
        "mean": 0.3301826557635992,
        "std": 0.0071235095175304144,
        "n": 5
      }
    },
    "fatigue": {
      "mae": {
        "mean": 1.1455355707429493,
        "std": 0.0941798199152386,
        "n": 5
      },
      "pearson_r": {
        "mean": 0.20079201439693833,
        "std": 0.24570382599069618,
        "n": 5
      }
    },
    "reps": {
      "mae": {
        "mean": 0.1080449914316218,
        "std": 0.0157575750296851,
        "n": 5
      }
    }
  },
  "enabled_tasks": [
    "exercise",
    "phase",
    "fatigue",
    "reps"
  ],
  "all_results": [
    {
      "seed": 42,
      "fold": 0,
      "test_subjects": [
        "Tias",
        "sivert"
      ],
      "metrics": {
        "exercise": {
          "f1_macro": 0.35456639010194757,
          "balanced_accuracy": 0.4264120362464852,
          "n": 1256
        },
        "phase": {
          "f1_macro": 0.32084546498154376,
          "balanced_accuracy": 0.32426653794206417,
          "n": 1069
        },
        "fatigue": {
          "mae": 1.08179488455414,
          "pearson_r": 0.2875953724970043,
          "n": 1256
        },
        "reps": {
          "mae": 0.1319619141760847,
          "n": 1067
        },
        "val_total": -0.4044499116338742,
        "val_total_per_task": {
          "exercise": 1.183115567371344,
          "phase": 0.42402105973025034,
          "fatigue": 1.081794887970967,
          "reps": 0.012980959123107278
        }
      }
    },
    {
      "seed": 42,
      "fold": 1,
      "test_subjects": [
        "Raghild",
        "michael"
      ],
      "metrics": {
        "exercise": {
          "f1_macro": 0.3481540932749092,
          "balanced_accuracy": 0.40727331719899046,
          "n": 1361
        },
        "phase": {
          "f1_macro": 0.3068533954695044,
          "balanced_accuracy": 0.3427528652498053,
          "n": 969
        },
        "fatigue": {
          "mae": 1.3116461356539308,
          "pearson_r": 0.38339416812771565,
          "n": 1361
        },
        "reps": {
          "mae": 0.09506938820395665,
          "n": 964
        },
        "val_total": -0.015878749191542044,
        "val_total_per_task": {
          "exercise": 1.304719208707536,
          "phase": 0.6877478086974672,
          "fatigue": 1.3116461351283941,
          "reps": 0.007634426722361882
        }
      }
    },
    {
      "seed": 42,
      "fold": 2,
      "test_subjects": [
        "Juile",
        "lucas 2"
      ],
      "metrics": {
        "exercise": {
          "f1_macro": 0.3434160327397863,
          "balanced_accuracy": 0.40136247930937274,
          "n": 1509
        },
        "phase": {
          "f1_macro": 0.2914355930408326,
          "balanced_accuracy": 0.3241145517101801,
          "n": 1113
        },
        "fatigue": {
          "mae": 1.0707836315440689,
          "pearson_r": 0.4356676743436316,
          "n": 1509
        },
        "reps": {
          "mae": 0.08745433717870171,
          "n": 1107
        },
        "val_total": -0.3587660660721594,
        "val_total_per_task": {
          "exercise": 1.16621090056013,
          "phase": 0.5318964448016238,
          "fatigue": 1.0707836376269817,
          "reps": 0.00853528071014671
        }
      }
    },
    {
      "seed": 42,
      "fold": 3,
      "test_subjects": [
        "Hytten",
        "lucas"
      ],
      "metrics": {
        "exercise": {
          "f1_macro": 0.23420685532084495,
          "balanced_accuracy": 0.26742001982445307,
          "n": 1106
        },
        "phase": {
          "f1_macro": 0.3203317774037377,
          "balanced_accuracy": 0.326445990582613,
          "n": 944
        },
        "fatigue": {
          "mae": 1.1897109516274864,
          "pearson_r": -0.24966291195628995,
          "n": 1106
        },
        "reps": {
          "mae": 0.11678057355241103,
          "n": 941
        },
        "val_total": -0.19796866038393154,
        "val_total_per_task": {
          "exercise": 1.5158938673909275,
          "phase": 0.5065352174084613,
          "fatigue": 1.1897109382622497,
          "reps": 0.011364504802722827
        }
      }
    },
    {
      "seed": 42,
      "fold": 4,
      "test_subjects": [
        "kiyomi"
      ],
      "metrics": {
        "exercise": {
          "f1_macro": 0.36423405654174884,
          "balanced_accuracy": 0.45606060606060606,
          "n": 746
        },
        "phase": {
          "f1_macro": 0.2120658135283364,
          "balanced_accuracy": 0.3333333333333333,
          "n": 746
        },
        "fatigue": {
          "mae": 1.0737422503351206,
          "pearson_r": 0.14696576897263006,
          "n": 746
        },
        "reps": {
          "mae": 0.10895874404695494,
          "n": 746
        },
        "val_total": -0.541606011083874,
        "val_total_per_task": {
          "exercise": 1.0433218715657497,
          "phase": 0.47800336878037647,
          "fatigue": 1.0737423174502703,
          "reps": 0.009965742950704718
        }
      }
    }
  ]
}