{
  "exercise": {
    "f1_macro": 0.368694079573577,
    "balanced_accuracy": 0.45366465863453814,
    "n": 374
  },
  "phase": {
    "f1_macro": 0.3109083494248807,
    "balanced_accuracy": 0.31583793738489874,
    "n": 374
  },
  "fatigue": {
    "mae": 0.8640436998663101,
    "pearson_r": 0.2734052381632674,
    "n": 374
  },
  "reps": {
    "mae": 0.207848354628718,
    "n": 374
  },
  "val_total": -0.22270270209898924,
  "val_total_per_task": {
    "exercise": 1.1262554542266112,
    "phase": 0.32866141757863093,
    "fatigue": 0.864043700503793,
    "reps": 0.03373740089529338
  }
}