{
  "exercise": {
    "f1_macro": 0.6673621742604967,
    "balanced_accuracy": 0.686404356400886,
    "n": 252
  },
  "phase": {
    "f1_macro": 0.3139233954451346,
    "balanced_accuracy": 0.3409178409178409,
    "n": 217
  },
  "fatigue": {
    "mae": 1.0933004712301588,
    "pearson_r": 0.253510490792114,
    "n": 252
  },
  "reps": {
    "mae": 0.5328976960730887,
    "n": 214
  },
  "val_total": 0.6388217608133951,
  "val_total_per_task": {
    "exercise": 0.7883442753837222,
    "phase": 0.2958085149053543,
    "fatigue": 1.093300465553526,
    "reps": 0.1997190872355113
  }
}