{
  "exercise": {
    "f1_macro": 0.6772225342355188,
    "balanced_accuracy": 0.6681112796180066,
    "n": 252
  },
  "phase": {
    "f1_macro": 0.32593201754385964,
    "balanced_accuracy": 0.3483483483483483,
    "n": 217
  },
  "fatigue": {
    "mae": 1.211883060515873,
    "pearson_r": 0.14773484446076676,
    "n": 252
  },
  "reps": {
    "mae": 0.5950396153205466,
    "n": 214
  },
  "val_total": 0.8303830027580261,
  "val_total_per_task": {
    "exercise": 0.708975613117218,
    "phase": 0.26902854442596436,
    "fatigue": 1.2118831872940063,
    "reps": 0.24401965737342834
  }
}