{
  "exercise": {
    "f1_macro": 0.5899623397504794,
    "balanced_accuracy": 0.6179241273046066,
    "n": 218
  },
  "phase": {
    "f1_macro": 0.2794251409859923,
    "balanced_accuracy": 0.34795742232451093,
    "n": 187
  },
  "fatigue": {
    "mae": 1.1509819380733946,
    "pearson_r": -0.2989987162984744,
    "n": 218
  },
  "reps": {
    "mae": 0.40309151067681936,
    "n": 184
  },
  "val_total": 0.8473224771132163,
  "val_total_per_task": {
    "exercise": 1.186593992994466,
    "phase": 0.32419384674194757,
    "fatigue": 1.150981967602301,
    "reps": 0.12871563844724532
  }
}