{
  "arch": "cnn1d_raw",
  "summary": {
    "val_total": {
      "mean": 1.243511386025221,
      "std": 0.25102561601436124,
      "n": 5
    },
    "exercise": {
      "f1_macro": {
        "mean": 0.43472725910740717,
        "std": 0.12895082916646225,
        "n": 5
      },
      "balanced_accuracy": {
        "mean": 0.449148489802664,
        "std": 0.1264988574280115,
        "n": 5
      }
    },
    "phase": {
      "f1_macro": {
        "mean": 0.3039348513618929,
        "std": 0.04109066137239073,
        "n": 5
      },
      "balanced_accuracy": {
        "mean": 0.34724618501792076,
        "std": 0.008661610143638244,
        "n": 5
      }
    },
    "fatigue": {
      "mae": {
        "mean": 1.1914251955785466,
        "std": 0.21591293371017123,
        "n": 5
      },
      "pearson_r": {
        "mean": 0.11693134477995164,
        "std": 0.26217557770118616,
        "n": 5
      }
    },
    "reps": {
      "mae": {
        "mean": 0.46093913932649705,
        "std": 0.052778837989630574,
        "n": 5
      }
    }
  },
  "enabled_tasks": [
    "exercise",
    "phase",
    "fatigue",
    "reps"
  ],
  "all_results": [
    {
      "seed": 42,
      "fold": 0,
      "test_subjects": [
        "Tias",
        "sivert"
      ],
      "metrics": {
        "exercise": {
          "f1_macro": 0.6777698766538667,
          "balanced_accuracy": 0.6648003693804618,
          "n": 252
        },
        "phase": {
          "f1_macro": 0.328094483700891,
          "balanced_accuracy": 0.35046585046585044,
          "n": 217
        },
        "fatigue": {
          "mae": 1.2509300595238095,
          "pearson_r": 0.08755235883426851,
          "n": 252
        },
        "reps": {
          "mae": 0.5525430232356084,
          "n": 214
        },
        "val_total": 0.8095425963401794,
        "val_total_per_task": {
          "exercise": 0.7368726134300232,
          "phase": 0.2675647735595703,
          "fatigue": 1.2509301900863647,
          "reps": 0.20836913585662842
        }
      }
    },
    {
      "seed": 42,
      "fold": 1,
      "test_subjects": [
        "Raghild",
        "michael"
      ],
      "metrics": {
        "exercise": {
          "f1_macro": 0.4408107356417744,
          "balanced_accuracy": 0.5137226780169843,
          "n": 266
        },
        "phase": {
          "f1_macro": 0.3220125786163522,
          "balanced_accuracy": 0.3425324675324675,
          "n": 194
        },
        "fatigue": {
          "mae": 1.521513745300752,
          "pearson_r": 0.019530277798687087,
          "n": 266
        },
        "reps": {
          "mae": 0.3999630614385876,
          "n": 189
        },
        "val_total": 1.5504136981820702,
        "val_total_per_task": {
          "exercise": 1.4977926383341165,
          "phase": 0.4229463311962615,
          "fatigue": 1.5215137470933728,
          "reps": 0.1290403093610491
        }
      }
    },
    {
      "seed": 42,
      "fold": 2,
      "test_subjects": [
        "Juile",
        "lucas 2"
      ],
      "metrics": {
        "exercise": {
          "f1_macro": 0.3968528926233499,
          "balanced_accuracy": 0.3978447148090005,
          "n": 304
        },
        "phase": {
          "f1_macro": 0.33118242064876174,
          "balanced_accuracy": 0.36260779355508005,
          "n": 229
        },
        "fatigue": {
          "mae": 1.0857961554276316,
          "pearson_r": 0.4487328281399401,
          "n": 304
        },
        "reps": {
          "mae": 0.4294069115565296,
          "n": 223
        },
        "val_total": 1.1604496899404024,
        "val_total_per_task": {
          "exercise": 1.334027836197301,
          "phase": 0.32774911742461355,
          "fatigue": 1.0857961679759778,
          "reps": 0.13460009427447067
        }
      }
    },
    {
      "seed": 42,
      "fold": 3,
      "test_subjects": [
        "Hytten",
        "lucas"
      ],
      "metrics": {
        "exercise": {
          "f1_macro": 0.34107522594364703,
          "balanced_accuracy": 0.3188844907284416,
          "n": 218
        },
        "phase": {
          "f1_macro": 0.3159642401021711,
          "balanced_accuracy": 0.33803222094361335,
          "n": 187
        },
        "fatigue": {
          "mae": 1.235342603211009,
          "pearson_r": -0.3035581096803854,
          "n": 218
        },
        "reps": {
          "mae": 0.481688944865828,
          "n": 184
        },
        "val_total": 1.3062955141067505,
        "val_total_per_task": {
          "exercise": 1.376613974571228,
          "phase": 0.33726805448532104,
          "fatigue": 1.2353425025939941,
          "reps": 0.16763480007648468
        }
      }
    },
    {
      "seed": 42,
      "fold": 4,
      "test_subjects": [
        "kiyomi"
      ],
      "metrics": {
        "exercise": {
          "f1_macro": 0.31712756467439784,
          "balanced_accuracy": 0.35049019607843135,
          "n": 149
        },
        "phase": {
          "f1_macro": 0.22242053374128845,
          "balanced_accuracy": 0.34259259259259256,
          "n": 149
        },
        "fatigue": {
          "mae": 0.8635434144295302,
          "pearson_r": 0.33239936880724796,
          "n": 149
        },
        "reps": {
          "mae": 0.4410937555359314,
          "n": 149
        },
        "val_total": 1.3908554315567017,
        "val_total_per_task": {
          "exercise": 1.7513636350631714,
          "phase": 0.31514838337898254,
          "fatigue": 0.8635433912277222,
          "reps": 0.15834486484527588
        }
      }
    }
  ]
}