{
  "exercise": {
    "f1_macro": 0.3826267969772165,
    "balanced_accuracy": 0.4351836806296605,
    "n": 682
  },
  "phase": {
    "f1_macro": 0.32421097621241873,
    "balanced_accuracy": 0.3365261813537676,
    "n": 488
  },
  "fatigue": {
    "mae": 1.2380464167888563,
    "pearson_r": 0.2902619831802884,
    "n": 682
  },
  "reps": {
    "mae": 0.17936428371214025,
    "n": 482
  },
  "val_total": 1.1209722753843603,
  "val_total_per_task": {
    "exercise": 1.400693076097371,
    "phase": 0.5088913482654829,
    "fatigue": 1.238046419235968,
    "reps": 0.027040034445150157
  }
}