{
  "exercise": {
    "f1_macro": 0.28781426429947904,
    "balanced_accuracy": 0.32153712049991034,
    "n": 626
  },
  "phase": {
    "f1_macro": 0.30526224982746725,
    "balanced_accuracy": 0.3234307992202729,
    "n": 533
  },
  "fatigue": {
    "mae": 1.087634784345048,
    "pearson_r": 0.2701416413157345,
    "n": 626
  },
  "reps": {
    "mae": 0.26565950165069513,
    "n": 531
  },
  "val_total": 0.06472425605542363,
  "val_total_per_task": {
    "exercise": 1.1387873069165995,
    "phase": 0.28486694809727775,
    "fatigue": 1.0876347837737574,
    "reps": 0.050642601949290725
  }
}