{
  "exercise": {
    "f1_macro": 0.4552099946836789,
    "balanced_accuracy": 0.5209271482326815,
    "n": 266
  },
  "phase": {
    "f1_macro": 0.3302457997513934,
    "balanced_accuracy": 0.3502886002886003,
    "n": 194
  },
  "fatigue": {
    "mae": 1.5513319431390977,
    "pearson_r": 0.22444849851450144,
    "n": 266
  },
  "reps": {
    "mae": 0.38667565973465723,
    "n": 189
  },
  "val_total": 1.4232708672831829,
  "val_total_per_task": {
    "exercise": 1.3062948320144998,
    "phase": 0.39845497984635203,
    "fatigue": 1.5513319431390977,
    "reps": 0.1183503946863619
  }
}