{
  "exercise": {
    "f1_macro": 0.3637159789970795,
    "balanced_accuracy": 0.4545454545454546,
    "n": 746
  },
  "phase": {
    "f1_macro": 0.2120658135283364,
    "balanced_accuracy": 0.3333333333333333,
    "n": 746
  },
  "fatigue": {
    "mae": 1.130571380697051,
    "pearson_r": 0.13387242040960984,
    "n": 746
  },
  "reps": {
    "mae": 0.10885729150841607,
    "n": 746
  },
  "val_total": 0.3447251426949897,
  "val_total_per_task": {
    "exercise": 1.0571341367573266,
    "phase": 0.47857969240272974,
    "fatigue": 1.1305714113782621,
    "reps": 0.0099977503453279
  }
}