{
  "exercise": {
    "f1_macro": 0.3517944436377717,
    "balanced_accuracy": 0.400398021008265,
    "n": 1509
  },
  "phase": {
    "f1_macro": 0.2914716453680184,
    "balanced_accuracy": 0.3270997773730014,
    "n": 1113
  },
  "fatigue": {
    "mae": 1.0627252112326044,
    "pearson_r": 0.40483010184960605,
    "n": 1509
  },
  "reps": {
    "mae": 0.08703850400141948,
    "n": 1107
  },
  "val_total": -0.3548514726858727,
  "val_total_per_task": {
    "exercise": 1.1822648524764043,
    "phase": 0.5314248397778485,
    "fatigue": 1.0627252171575194,
    "reps": 0.008386424058805127
  }
}