{
  "exercise": {
    "f1_macro": 0.35387624109918764,
    "balanced_accuracy": 0.4338235294117647,
    "n": 149
  },
  "phase": {
    "f1_macro": 0.25655330682335253,
    "balanced_accuracy": 0.31830484330484327,
    "n": 149
  },
  "fatigue": {
    "mae": 0.79939177852349,
    "pearson_r": 0.2972564162283554,
    "n": 149
  },
  "reps": {
    "mae": 0.4626841195952772,
    "n": 149
  },
  "val_total": 0.7152645779936105,
  "val_total_per_task": {
    "exercise": 1.1253367142389286,
    "phase": 0.3100280241678225,
    "fatigue": 0.7993917813237081,
    "reps": 0.1723945302351209
  }
}