{
  "exercise": {
    "f1_macro": 0.539079698356303,
    "balanced_accuracy": 0.5414393204310785,
    "n": 252
  },
  "phase": {
    "f1_macro": 0.252434729811779,
    "balanced_accuracy": 0.31115731115731116,
    "n": 217
  },
  "fatigue": {
    "mae": 1.038054935515873,
    "pearson_r": 0.33916985816254813,
    "n": 252
  },
  "reps": {
    "mae": 0.5807713601981925,
    "n": 214
  },
  "val_total": 0.8502548705963862,
  "val_total_per_task": {
    "exercise": 0.96077219077519,
    "phase": 0.3076912136304946,
    "fatigue": 1.0380549071327088,
    "reps": 0.23900678091579014
  }
}