{
  "exercise": {
    "f1_macro": 0.12362030905077263,
    "balanced_accuracy": 0.25,
    "n": 682
  },
  "phase": {
    "f1_macro": 0.28749860599977695,
    "balanced_accuracy": 0.3139552018862364,
    "n": 488
  },
  "fatigue": {
    "mae": 1.3027286473607038,
    "pearson_r": 0.3354123616274793,
    "n": 682
  },
  "reps": {
    "mae": 0.17763053496750805,
    "n": 482
  },
  "val_total": 1.5173755251417411,
  "val_total_per_task": {
    "exercise": 1.3500618581548114,
    "phase": 0.5288345534081333,
    "fatigue": 1.302728652604514,
    "reps": 0.026588043509340707
  }
}