{
  "lr": 0.004507935987066663,
  "weight_decay": 0.0005322369877140564,
  "batch_size": 256,
  "dropout": 0.4992000029091515,
  "repr_dim": 128,
  "_patience": 50
}