{
  "exercise": {
    "f1_macro": 0.3342857142857143,
    "balanced_accuracy": 0.4028345029912563,
    "n": 755
  },
  "phase": {
    "f1_macro": 0.27435115178847774,
    "balanced_accuracy": 0.3333893063543372,
    "n": 560
  },
  "fatigue": {
    "mae": 1.0144194950331127,
    "pearson_r": 0.3661308827761272,
    "n": 755
  },
  "reps": {
    "mae": 0.16839725894950977,
    "n": 554
  },
  "val_total": 0.21510447682134362,
  "val_total_per_task": {
    "exercise": 1.1499097064630874,
    "phase": 0.39481253687119644,
    "fatigue": 1.014419486901618,
    "reps": 0.030348030332204522
  }
}