{
  "exercise": {
    "f1_macro": 0.11069651741293532,
    "balanced_accuracy": 0.25,
    "n": 626
  },
  "phase": {
    "f1_macro": 0.1978891820580475,
    "balanced_accuracy": 0.3333333333333333,
    "n": 533
  },
  "fatigue": {
    "mae": 1.0608401557507987,
    "pearson_r": 0.15989274796078454,
    "n": 626
  },
  "reps": {
    "mae": 0.26660504616295355,
    "n": 531
  },
  "val_total": 1.327845437458148,
  "val_total_per_task": {
    "exercise": 1.3988821091362462,
    "phase": 0.25880134857881565,
    "fatigue": 1.0608401532752065,
    "reps": 0.04997533688934657
  }
}