{
  "best_score": -0.2753864067299157,
  "best_hps": {
    "lr": 0.002800241448443584,
    "weight_decay": 0.0011226915616131066,
    "batch_size": 256,
    "dropout": 0.4877993774479405,
    "repr_dim": 8,
    "hidden_dim": 16
  },
  "phase1_elapsed_s": 5518.9518785476685
}