{
  "exercise": {
    "f1_macro": 0.2535695399259651,
    "balanced_accuracy": 0.24019607843137253,
    "n": 149
  },
  "phase": {
    "f1_macro": 0.26619812583668007,
    "balanced_accuracy": 0.2930911680911681,
    "n": 149
  },
  "fatigue": {
    "mae": 1.1265992030201342,
    "pearson_r": 0.290145260477784,
    "n": 149
  },
  "reps": {
    "mae": 0.47410061884196414,
    "n": 149
  },
  "val_total": 1.6064882886489766,
  "val_total_per_task": {
    "exercise": 1.6340831766192545,
    "phase": 0.31798154355695585,
    "fatigue": 1.1265992078205083,
    "reps": 0.1810858468681374
  }
}