{
  "lr": 0.0031474552361758484,
  "weight_decay": 0.0002197969549894719,
  "batch_size": 128,
  "dropout": 0.3869376343010884,
  "repr_dim": 64,
  "_patience": 50
}