{
  "exercise": {
    "f1_macro": 0.3497224609374204,
    "balanced_accuracy": 0.42568982349924495,
    "n": 626
  },
  "phase": {
    "f1_macro": 0.3209771511910549,
    "balanced_accuracy": 0.34035087719298246,
    "n": 533
  },
  "fatigue": {
    "mae": 1.0785618011182108,
    "pearson_r": 0.37572228043200445,
    "n": 626
  },
  "reps": {
    "mae": 0.2755898004774839,
    "n": 531
  },
  "val_total": 0.3529569123880551,
  "val_total_per_task": {
    "exercise": 1.2710903795382467,
    "phase": 0.25705805154273303,
    "fatigue": 1.0785618005469204,
    "reps": 0.05083120095368011
  }
}