{
  "exercise": {
    "f1_macro": 0.30407925407925407,
    "balanced_accuracy": 0.32138480392156865,
    "n": 149
  },
  "phase": {
    "f1_macro": 0.25986928104575163,
    "balanced_accuracy": 0.2752136752136752,
    "n": 149
  },
  "fatigue": {
    "mae": 1.2295249580536913,
    "pearson_r": 0.25649158505539815,
    "n": 149
  },
  "reps": {
    "mae": 0.5548104794708474,
    "n": 149
  },
  "val_total": 1.2818888425827026,
  "val_total_per_task": {
    "exercise": 1.2775055170059204,
    "phase": 0.3099577724933624,
    "fatigue": 1.2295249700546265,
    "reps": 0.22392569482326508
  }
}