{
  "exercise": {
    "f1_macro": 0.263416477702192,
    "balanced_accuracy": 0.2668504901960784,
    "n": 149
  },
  "phase": {
    "f1_macro": 0.27056878306878307,
    "balanced_accuracy": 0.2915954415954416,
    "n": 149
  },
  "fatigue": {
    "mae": 0.8296717701342282,
    "pearson_r": 0.46777976149940786,
    "n": 149
  },
  "reps": {
    "mae": 0.4635712367251215,
    "n": 149
  },
  "val_total": 2.197683572769165,
  "val_total_per_task": {
    "exercise": 1.6491305828094482,
    "phase": 0.3087158799171448,
    "fatigue": 0.8296718001365662,
    "reps": 0.17866618931293488
  }
}