{
  "arch": "cnn1d_raw",
  "summary": {
    "val_total": {
      "mean": 1.187052233326704,
      "std": 0.4173750999279841,
      "n": 5
    },
    "exercise": {
      "f1_macro": {
        "mean": 0.46538574626217766,
        "std": 0.14360759326846814,
        "n": 5
      },
      "balanced_accuracy": {
        "mean": 0.49863951770072623,
        "std": 0.12828910971846594,
        "n": 5
      }
    },
    "phase": {
      "f1_macro": {
        "mean": 0.30701108673685334,
        "std": 0.026688170967735524,
        "n": 5
      },
      "balanced_accuracy": {
        "mean": 0.3485668635627548,
        "std": 0.004540532936328056,
        "n": 5
      }
    },
    "fatigue": {
      "mae": {
        "mean": 1.2740859306618189,
        "std": 0.11800353447885162,
        "n": 5
      },
      "pearson_r": {
        "mean": 0.09199898304056268,
        "std": 0.15944396704940003,
        "n": 5
      }
    },
    "reps": {
      "mae": {
        "mean": 0.46840384226782505,
        "std": 0.050373204058315274,
        "n": 5
      }
    }
  },
  "enabled_tasks": [
    "exercise",
    "phase",
    "fatigue",
    "reps"
  ],
  "all_results": [
    {
      "seed": 42,
      "fold": 0,
      "test_subjects": [
        "Tias",
        "sivert"
      ],
      "metrics": {
        "exercise": {
          "f1_macro": 0.7336737203066682,
          "balanced_accuracy": 0.7254025309862262,
          "n": 252
        },
        "phase": {
          "f1_macro": 0.3260551678298438,
          "balanced_accuracy": 0.34642334642334643,
          "n": 217
        },
        "fatigue": {
          "mae": 1.2274925595238095,
          "pearson_r": 0.12452877140929713,
          "n": 252
        },
        "reps": {
          "mae": 0.5310211340748818,
          "n": 214
        },
        "val_total": 0.49801772832870483,
        "val_total_per_task": {
          "exercise": 0.5561535954475403,
          "phase": 0.2677798569202423,
          "fatigue": 1.2274925708770752,
          "reps": 0.19639983773231506
        }
      }
    },
    {
      "seed": 42,
      "fold": 1,
      "test_subjects": [
        "Raghild",
        "michael"
      ],
      "metrics": {
        "exercise": {
          "f1_macro": 0.3747664473143496,
          "balanced_accuracy": 0.46860670737976273,
          "n": 266
        },
        "phase": {
          "f1_macro": 0.32258895827138473,
          "balanced_accuracy": 0.3432990620490621,
          "n": 194
        },
        "fatigue": {
          "mae": 1.5025552161654134,
          "pearson_r": 0.22818276675088148,
          "n": 266
        },
        "reps": {
          "mae": 0.480897116706406,
          "n": 189
        },
        "val_total": 1.7587332617967648,
        "val_total_per_task": {
          "exercise": 1.626533339794417,
          "phase": 0.4401973351500088,
          "fatigue": 1.502555215269103,
          "reps": 0.1718234872459469
        }
      }
    },
    {
      "seed": 42,
      "fold": 2,
      "test_subjects": [
        "Juile",
        "lucas 2"
      ],
      "metrics": {
        "exercise": {
          "f1_macro": 0.42895062624507996,
          "balanced_accuracy": 0.4158735609628467,
          "n": 304
        },
        "phase": {
          "f1_macro": 0.3030006523157208,
          "balanced_accuracy": 0.3548920443493484,
          "n": 229
        },
        "fatigue": {
          "mae": 1.2505653782894737,
          "pearson_r": 0.13743812652881854,
          "n": 304
        },
        "reps": {
          "mae": 0.4057059921700123,
          "n": 223
        },
        "val_total": 1.1737365597172786,
        "val_total_per_task": {
          "exercise": 1.3623491588391756,
          "phase": 0.3173775829766926,
          "fatigue": 1.25056539083782,
          "reps": 0.12515198478573247
        }
      }
    },
    {
      "seed": 42,
      "fold": 3,
      "test_subjects": [
        "Hytten",
        "lucas"
      ],
      "metrics": {
        "exercise": {
          "f1_macro": 0.47100686399846303,
          "balanced_accuracy": 0.532824593096364,
          "n": 218
        },
        "phase": {
          "f1_macro": 0.32685734844396475,
          "balanced_accuracy": 0.35299194476409673,
          "n": 187
        },
        "fatigue": {
          "mae": 1.227798881880734,
          "pearson_r": -0.2181934431767642,
          "n": 218
        },
        "reps": {
          "mae": 0.414227529388407,
          "n": 184
        },
        "val_total": 1.0781633853912354,
        "val_total_per_task": {
          "exercise": 1.1610033512115479,
          "phase": 0.3367479145526886,
          "fatigue": 1.2277988195419312,
          "reps": 0.1451464295387268
        }
      }
    },
    {
      "seed": 42,
      "fold": 4,
      "test_subjects": [
        "kiyomi"
      ],
      "metrics": {
        "exercise": {
          "f1_macro": 0.3185310734463277,
          "balanced_accuracy": 0.35049019607843135,
          "n": 149
        },
        "phase": {
          "f1_macro": 0.25655330682335253,
          "balanced_accuracy": 0.34522792022792026,
          "n": 149
        },
        "fatigue": {
          "mae": 1.1620176174496644,
          "pearson_r": 0.1880386936905805,
          "n": 149
        },
        "reps": {
          "mae": 0.5101674389994184,
          "n": 149
        },
        "val_total": 1.4266102313995361,
        "val_total_per_task": {
          "exercise": 1.5800601243972778,
          "phase": 0.3191452920436859,
          "fatigue": 1.162017583847046,
          "reps": 0.1738416701555252
        }
      }
    }
  ]
}