{
  "exercise": {
    "f1_macro": 0.45641025641025645,
    "balanced_accuracy": 0.5564097423560134,
    "n": 266
  },
  "phase": {
    "f1_macro": 0.25402080057380894,
    "balanced_accuracy": 0.3437049062049062,
    "n": 194
  },
  "fatigue": {
    "mae": 1.513436912593985,
    "pearson_r": 0.0845007311770467,
    "n": 266
  },
  "reps": {
    "mae": 0.4902327241543582,
    "n": 189
  },
  "val_total": 1.8333823842213566,
  "val_total_per_task": {
    "exercise": 1.525431589972704,
    "phase": 0.47248135832019317,
    "fatigue": 1.5134369116976745,
    "reps": 0.1803144727434431
  }
}