{
  "exercise": {
    "f1_macro": 0.2633333333333333,
    "balanced_accuracy": 0.27910539215686275,
    "n": 149
  },
  "phase": {
    "f1_macro": 0.26791028646482784,
    "balanced_accuracy": 0.29259259259259257,
    "n": 149
  },
  "fatigue": {
    "mae": 1.360528523489933,
    "pearson_r": 0.38994101147938287,
    "n": 149
  },
  "reps": {
    "mae": 0.497392840320932,
    "n": 149
  },
  "val_total": 1.4360491037368774,
  "val_total_per_task": {
    "exercise": 1.372810959815979,
    "phase": 0.3195664584636688,
    "fatigue": 1.360528588294983,
    "reps": 0.1808735877275467
  }
}