{
  "exercise": {
    "f1_macro": 0.3655281821575215,
    "balanced_accuracy": 0.45606060606060606,
    "n": 746
  },
  "phase": {
    "f1_macro": 0.21691716172235653,
    "balanced_accuracy": 0.33400160384923816,
    "n": 746
  },
  "fatigue": {
    "mae": 0.830737893766756,
    "pearson_r": 0.4031401294029698,
    "n": 746
  },
  "reps": {
    "mae": 0.10812023948708264,
    "n": 746
  },
  "val_total": -0.6866693688461671,
  "val_total_per_task": {
    "exercise": 1.0455814743809022,
    "phase": 0.4787483745861309,
    "fatigue": 0.8307378991998872,
    "reps": 0.009935692327231889
  }
}