{
  "exercise": {
    "f1_macro": 0.4820383268165527,
    "balanced_accuracy": 0.47010549681502345,
    "n": 218
  },
  "phase": {
    "f1_macro": 0.2316010498687664,
    "balanced_accuracy": 0.3307441503644035,
    "n": 187
  },
  "fatigue": {
    "mae": 1.17881844896789,
    "pearson_r": -0.34773884613370193,
    "n": 218
  },
  "reps": {
    "mae": 0.39723602941502695,
    "n": 184
  },
  "val_total": 0.8426321296516909,
  "val_total_per_task": {
    "exercise": 1.1310167400115128,
    "phase": 0.31770584643433947,
    "fatigue": 1.178818455529869,
    "reps": 0.12550881060711835
  }
}