{
  "exercise": {
    "f1_macro": 0.29898877376267624,
    "balanced_accuracy": 0.38158939184509605,
    "n": 1361
  },
  "phase": {
    "f1_macro": 0.31420453220465466,
    "balanced_accuracy": 0.31917510478097993,
    "n": 969
  },
  "fatigue": {
    "mae": 1.2738335782512857,
    "pearson_r": 0.3026133395888217,
    "n": 1361
  },
  "reps": {
    "mae": 0.0964964762449852,
    "n": 964
  },
  "val_total": 0.07033697915900551,
  "val_total_per_task": {
    "exercise": 1.289063865432487,
    "phase": 0.6849719405962561,
    "fatigue": 1.2738335798278966,
    "reps": 0.007885389123043533
  }
}