{
  "arch": "lstm_raw",
  "summary": {
    "val_total": {
      "mean": 1.1508319753119465,
      "std": 0.07242081366017326,
      "n": 5
    },
    "exercise": {
      "f1_macro": {
        "mean": 0.28301900814090974,
        "std": 0.06553363213924052,
        "n": 5
      },
      "balanced_accuracy": {
        "mean": 0.36063428458239566,
        "std": 0.0797435621421473,
        "n": 5
      }
    },
    "phase": {
      "f1_macro": {
        "mean": 0.2851142419769964,
        "std": 0.009229315467459516,
        "n": 5
      },
      "balanced_accuracy": {
        "mean": 0.3195711945233728,
        "std": 0.010424289516473435,
        "n": 5
      }
    },
    "fatigue": {
      "mae": {
        "mean": 1.0616551910616476,
        "std": 0.11361283725401103,
        "n": 5
      },
      "pearson_r": {
        "mean": 0.18647978096857717,
        "std": 0.24304799111990968,
        "n": 5
      }
    },
    "reps": {
      "mae": {
        "mean": 0.2139710292925543,
        "std": 0.03468099372120302,
        "n": 5
      }
    }
  },
  "enabled_tasks": [
    "exercise",
    "phase",
    "fatigue",
    "reps"
  ],
  "all_results": [
    {
      "seed": 42,
      "fold": 0,
      "test_subjects": [
        "Tias",
        "sivert"
      ],
      "metrics": {
        "exercise": {
          "f1_macro": 0.2712637857086923,
          "balanced_accuracy": 0.2973618874136086,
          "n": 626
        },
        "phase": {
          "f1_macro": 0.29605517516618646,
          "balanced_accuracy": 0.3228070175438596,
          "n": 533
        },
        "fatigue": {
          "mae": 1.103515625,
          "pearson_r": 0.20770327211751624,
          "n": 626
        },
        "reps": {
          "mae": 0.27012658847860727,
          "n": 531
        },
        "val_total": 1.1260816489164822,
        "val_total_per_task": {
          "exercise": 1.183619881209474,
          "phase": 0.2595432430220107,
          "fatigue": 1.1035156251904301,
          "reps": 0.051397634259523296
        }
      }
    },
    {
      "seed": 42,
      "fold": 1,
      "test_subjects": [
        "Raghild",
        "michael"
      ],
      "metrics": {
        "exercise": {
          "f1_macro": 0.2799841286094614,
          "balanced_accuracy": 0.39111768018018017,
          "n": 682
        },
        "phase": {
          "f1_macro": 0.29460594241138005,
          "balanced_accuracy": 0.31674280381176934,
          "n": 488
        },
        "fatigue": {
          "mae": 1.2443353647360704,
          "pearson_r": 0.35643764043289333,
          "n": 682
        },
        "reps": {
          "mae": 0.1900862783456368,
          "n": 482
        },
        "val_total": 1.2505419027071194,
        "val_total_per_task": {
          "exercise": 1.2148174449495557,
          "phase": 0.35143246870935835,
          "fatigue": 1.2443353612401968,
          "reps": 0.030790655543246576
        }
      }
    },
    {
      "seed": 42,
      "fold": 2,
      "test_subjects": [
        "Juile",
        "lucas 2"
      ],
      "metrics": {
        "exercise": {
          "f1_macro": 0.3097234012450481,
          "balanced_accuracy": 0.38577619266758706,
          "n": 755
        },
        "phase": {
          "f1_macro": 0.27297340340818604,
          "balanced_accuracy": 0.3365984262252261,
          "n": 560
        },
        "fatigue": {
          "mae": 0.919427773178808,
          "pearson_r": 0.515605590455227,
          "n": 755
        },
        "reps": {
          "mae": 0.16849723595046584,
          "n": 554
        },
        "val_total": 1.092147926936876,
        "val_total_per_task": {
          "exercise": 1.1531245206365521,
          "phase": 0.36860157527670956,
          "fatigue": 0.9194277585736963,
          "reps": 0.02671240797106004
        }
      }
    },
    {
      "seed": 42,
      "fold": 3,
      "test_subjects": [
        "Hytten",
        "lucas"
      ],
      "metrics": {
        "exercise": {
          "f1_macro": 0.17571644042232276,
          "balanced_accuracy": 0.25,
          "n": 557
        },
        "phase": {
          "f1_macro": 0.2851112920738328,
          "balanced_accuracy": 0.31729390681003583,
          "n": 477
        },
        "fatigue": {
          "mae": 0.9666531081687613,
          "pearson_r": -0.17936663344355103,
          "n": 557
        },
        "reps": {
          "mae": 0.21235963004446717,
          "n": 474
        },
        "val_total": 1.2204533098416013,
        "val_total_per_task": {
          "exercise": 1.3717257944428942,
          "phase": 0.39780589782999065,
          "fatigue": 0.9666531096669031,
          "reps": 0.03835000736468356
        }
      }
    },
    {
      "seed": 42,
      "fold": 4,
      "test_subjects": [
        "kiyomi"
      ],
      "metrics": {
        "exercise": {
          "f1_macro": 0.3784072847190243,
          "balanced_accuracy": 0.47891566265060237,
          "n": 374
        },
        "phase": {
          "f1_macro": 0.2768253968253968,
          "balanced_accuracy": 0.30441381822597297,
          "n": 374
        },
        "fatigue": {
          "mae": 1.074344084224599,
          "pearson_r": 0.03201903528080043,
          "n": 374
        },
        "reps": {
          "mae": 0.22878541364359425,
          "n": 374
        },
        "val_total": 1.0649350881576538,
        "val_total_per_task": {
          "exercise": 1.0313936471939087,
          "phase": 0.3317655026912689,
          "fatigue": 1.0743441581726074,
          "reps": 0.03912718594074249
        }
      }
    }
  ]
}