{
  "exercise": {
    "f1_macro": 0.33922716939322106,
    "balanced_accuracy": 0.354919253199718,
    "n": 682
  },
  "phase": {
    "f1_macro": 0.336127815116142,
    "balanced_accuracy": 0.34598192356813046,
    "n": 488
  },
  "fatigue": {
    "mae": 1.217741935483871,
    "pearson_r": 0.3165331245438508,
    "n": 682
  },
  "reps": {
    "mae": 0.18762501261942863,
    "n": 482
  },
  "val_total": 0.5023223252590101,
  "val_total_per_task": {
    "exercise": 1.3722613721299382,
    "phase": 0.34911781811644255,
    "fatigue": 1.217741936532633,
    "reps": 0.03014141644004328
  }
}