{
  "exercise": {
    "f1_macro": 0.1430952380952381,
    "balanced_accuracy": 0.15056497175141242,
    "n": 218
  },
  "phase": {
    "f1_macro": 0.3281818181818182,
    "balanced_accuracy": 0.3562044495588799,
    "n": 187
  },
  "fatigue": {
    "mae": 1.775946100917431,
    "pearson_r": -0.24626319065480354,
    "n": 218
  },
  "reps": {
    "mae": 0.5220777777873952,
    "n": 184
  },
  "val_total": 1.9259250164031982,
  "val_total_per_task": {
    "exercise": 1.6197476387023926,
    "phase": 0.3279167711734772,
    "fatigue": 1.775946021080017,
    "reps": 0.20342694222927094
  }
}