{
  "exercise": {
    "f1_macro": 0.4847932074226309,
    "balanced_accuracy": 0.5011597565367291,
    "n": 218
  },
  "phase": {
    "f1_macro": 0.29056022870965964,
    "balanced_accuracy": 0.3641637897967012,
    "n": 187
  },
  "fatigue": {
    "mae": 1.2641735951834863,
    "pearson_r": -0.42584429609673136,
    "n": 218
  },
  "reps": {
    "mae": 0.432042036043561,
    "n": 184
  },
  "val_total": 1.2124552726745605,
  "val_total_per_task": {
    "exercise": 1.2158619165420532,
    "phase": 0.3253830373287201,
    "fatigue": 1.2641735076904297,
    "reps": 0.150193452835083
  }
}