{
  "exercise": {
    "f1_macro": 0.35607685850200543,
    "balanced_accuracy": 0.4457831325301205,
    "n": 374
  },
  "phase": {
    "f1_macro": 0.29652668248797437,
    "balanced_accuracy": 0.30123651670612994,
    "n": 374
  },
  "fatigue": {
    "mae": 1.2216222426470589,
    "pearson_r": 0.06793493190562053,
    "n": 374
  },
  "reps": {
    "mae": 0.2132777812452439,
    "n": 374
  },
  "val_total": 0.7052559967347007,
  "val_total_per_task": {
    "exercise": 1.1443158171393655,
    "phase": 0.3339507584584588,
    "fatigue": 1.221622208222986,
    "reps": 0.03531716449216088
  }
}