{
  "exercise": {
    "f1_macro": 0.37090604184257436,
    "balanced_accuracy": 0.4453329015277692,
    "n": 266
  },
  "phase": {
    "f1_macro": 0.21888515664449273,
    "balanced_accuracy": 0.294462481962482,
    "n": 194
  },
  "fatigue": {
    "mae": 1.403797579887218,
    "pearson_r": 0.24963007576821625,
    "n": 266
  },
  "reps": {
    "mae": 0.41357370575387326,
    "n": 189
  },
  "val_total": 2.7809264749512637,
  "val_total_per_task": {
    "exercise": 1.4890231351207073,
    "phase": 0.3942828142553344,
    "fatigue": 1.403797578094597,
    "reps": 0.12767625392827772
  }
}