{
  "exercise": {
    "f1_macro": 0.3741194719169151,
    "balanced_accuracy": 0.45210773766834006,
    "n": 1256
  },
  "phase": {
    "f1_macro": 0.3091484234412418,
    "balanced_accuracy": 0.3374839703738377,
    "n": 1069
  },
  "fatigue": {
    "mae": 1.100044785031847,
    "pearson_r": 0.30031628278403905,
    "n": 1256
  },
  "reps": {
    "mae": 0.12610965179220093,
    "n": 1067
  },
  "val_total": -0.3813832831230892,
  "val_total_per_task": {
    "exercise": 1.1324372519353392,
    "phase": 0.42629705189139977,
    "fatigue": 1.1000447856013182,
    "reps": 0.012090282923998726
  }
}