{
  "exercise": {
    "f1_macro": 0.6369838361363785,
    "balanced_accuracy": 0.64487491081331,
    "n": 252
  },
  "phase": {
    "f1_macro": 0.29705987228111125,
    "balanced_accuracy": 0.3217063217063217,
    "n": 217
  },
  "fatigue": {
    "mae": 1.0695529513888888,
    "pearson_r": 0.336536682817077,
    "n": 252
  },
  "reps": {
    "mae": 0.5462241794252507,
    "n": 214
  },
  "val_total": 0.6677078708769784,
  "val_total_per_task": {
    "exercise": 0.8503907303961497,
    "phase": 0.29164276236579534,
    "fatigue": 1.0695529627421545,
    "reps": 0.20886134013297067
  }
}