{
  "arch": "cnn1d_raw",
  "summary": {
    "val_total": {
      "mean": 1.1970544573059656,
      "std": 0.24416185556371983,
      "n": 5
    },
    "exercise": {
      "f1_macro": {
        "mean": 0.42960917687690603,
        "std": 0.14143427353605947,
        "n": 5
      },
      "balanced_accuracy": {
        "mean": 0.445482173631948,
        "std": 0.14504391826272806,
        "n": 5
      }
    },
    "phase": {
      "f1_macro": {
        "mean": 0.30882410851435665,
        "std": 0.025512932828944727,
        "n": 5
      },
      "balanced_accuracy": {
        "mean": 0.34133218082388195,
        "std": 0.02079260057811767,
        "n": 5
      }
    },
    "fatigue": {
      "mae": {
        "mean": 1.1801757384661586,
        "std": 0.19322361888451647,
        "n": 5
      },
      "pearson_r": {
        "mean": 0.21087808431911653,
        "std": 0.26521242980670995,
        "n": 5
      }
    },
    "reps": {
      "mae": {
        "mean": 0.4709194068793202,
        "std": 0.07100022438491602,
        "n": 5
      }
    }
  },
  "enabled_tasks": [
    "exercise",
    "phase",
    "fatigue",
    "reps"
  ],
  "all_results": [
    {
      "seed": 42,
      "fold": 0,
      "test_subjects": [
        "Tias",
        "sivert"
      ],
      "metrics": {
        "exercise": {
          "f1_macro": 0.6790962362449438,
          "balanced_accuracy": 0.6659124523258957,
          "n": 252
        },
        "phase": {
          "f1_macro": 0.327640863073934,
          "balanced_accuracy": 0.35000385000385004,
          "n": 217
        },
        "fatigue": {
          "mae": 1.212007068452381,
          "pearson_r": 0.13450584625561238,
          "n": 252
        },
        "reps": {
          "mae": 0.5926201068143421,
          "n": 214
        },
        "val_total": 0.7959939241409302,
        "val_total_per_task": {
          "exercise": 0.6840628981590271,
          "phase": 0.26760005950927734,
          "fatigue": 1.2120071649551392,
          "reps": 0.24197936058044434
        }
      }
    },
    {
      "seed": 42,
      "fold": 1,
      "test_subjects": [
        "Raghild",
        "michael"
      ],
      "metrics": {
        "exercise": {
          "f1_macro": 0.46564373126873126,
          "balanced_accuracy": 0.5351638804926696,
          "n": 266
        },
        "phase": {
          "f1_macro": 0.34236659487915766,
          "balanced_accuracy": 0.36327561327561325,
          "n": 194
        },
        "fatigue": {
          "mae": 1.4969895441729324,
          "pearson_r": 0.1502371979998726,
          "n": 266
        },
        "reps": {
          "mae": 0.40189828990746745,
          "n": 189
        },
        "val_total": 1.4920266660532557,
        "val_total_per_task": {
          "exercise": 1.4215180802166014,
          "phase": 0.4255401335264507,
          "fatigue": 1.4969895459655533,
          "reps": 0.12421200687723949
        }
      }
    },
    {
      "seed": 42,
      "fold": 2,
      "test_subjects": [
        "Juile",
        "lucas 2"
      ],
      "metrics": {
        "exercise": {
          "f1_macro": 0.3800489476225201,
          "balanced_accuracy": 0.3611860609628467,
          "n": 304
        },
        "phase": {
          "f1_macro": 0.3143317230273752,
          "balanced_accuracy": 0.33680217856448164,
          "n": 229
        },
        "fatigue": {
          "mae": 1.0106393914473684,
          "pearson_r": 0.41558258749681876,
          "n": 304
        },
        "reps": {
          "mae": 0.417738273292947,
          "n": 223
        },
        "val_total": 1.0749403426521702,
        "val_total_per_task": {
          "exercise": 1.2445254137641506,
          "phase": 0.32790112965985346,
          "fatigue": 1.010639394584455,
          "reps": 0.13317910777895073
        }
      }
    },
    {
      "seed": 42,
      "fold": 3,
      "test_subjects": [
        "Hytten",
        "lucas"
      ],
      "metrics": {
        "exercise": {
          "f1_macro": 0.367220223841511,
          "balanced_accuracy": 0.42188867045675926,
          "n": 218
        },
        "phase": {
          "f1_macro": 0.285838779956427,
          "balanced_accuracy": 0.35323168392788645,
          "n": 187
        },
        "fatigue": {
          "mae": 1.2329415137614679,
          "pearson_r": -0.20896186266302486,
          "n": 218
        },
        "reps": {
          "mae": 0.43374141240897385,
          "n": 184
        },
        "val_total": 1.243086338043213,
        "val_total_per_task": {
          "exercise": 1.3107647895812988,
          "phase": 0.33132046461105347,
          "fatigue": 1.2329415082931519,
          "reps": 0.15855471789836884
        }
      }
    },
    {
      "seed": 42,
      "fold": 4,
      "test_subjects": [
        "kiyomi"
      ],
      "metrics": {
        "exercise": {
          "f1_macro": 0.25603674540682414,
          "balanced_accuracy": 0.24325980392156862,
          "n": 149
        },
        "phase": {
          "f1_macro": 0.2739425816348893,
          "balanced_accuracy": 0.30334757834757836,
          "n": 149
        },
        "fatigue": {
          "mae": 0.9483011744966443,
          "pearson_r": 0.5630266525063038,
          "n": 149
        },
        "reps": {
          "mae": 0.508598951972871,
          "n": 149
        },
        "val_total": 1.3792250156402588,
        "val_total_per_task": {
          "exercise": 1.659332513809204,
          "phase": 0.31342068314552307,
          "fatigue": 0.9483011960983276,
          "reps": 0.17696744203567505
        }
      }
    }
  ]
}