{
  "exercise": {
    "f1_macro": 0.3919355546714037,
    "balanced_accuracy": 0.41051192111459966,
    "n": 304
  },
  "phase": {
    "f1_macro": 0.29865141933061884,
    "balanced_accuracy": 0.3192634377228814,
    "n": 229
  },
  "fatigue": {
    "mae": 1.8399850945723684,
    "pearson_r": -0.28623484842496155,
    "n": 304
  },
  "reps": {
    "mae": 0.38396340129571244,
    "n": 223
  },
  "val_total": 1.758702278137207,
  "val_total_per_task": {
    "exercise": 1.2575699090957642,
    "phase": 0.36176639795303345,
    "fatigue": 1.8399851322174072,
    "reps": 0.13124921917915344
  }
}