{
  "exercise": {
    "f1_macro": 0.15595716198125836,
    "balanced_accuracy": 0.25,
    "n": 557
  },
  "phase": {
    "f1_macro": 0.2291970802919708,
    "balanced_accuracy": 0.3208141321044547,
    "n": 477
  },
  "fatigue": {
    "mae": 0.9931973743267505,
    "pearson_r": -0.23258409928487941,
    "n": 557
  },
  "reps": {
    "mae": 0.22324869043109272,
    "n": 474
  },
  "val_total": 1.0093428091258079,
  "val_total_per_task": {
    "exercise": 1.3104986626541164,
    "phase": 0.40009391933840094,
    "fatigue": 0.9931973790351963,
    "reps": 0.040447442302450246
  }
}