{
  "exercise": {
    "f1_macro": 0.33093954577595974,
    "balanced_accuracy": 0.3941833590138675,
    "n": 218
  },
  "phase": {
    "f1_macro": 0.344650355886311,
    "balanced_accuracy": 0.3484369006520905,
    "n": 187
  },
  "fatigue": {
    "mae": 1.204827264908257,
    "pearson_r": -0.39104103600072626,
    "n": 218
  },
  "reps": {
    "mae": 0.41798683061547903,
    "n": 184
  },
  "val_total": 0.7908130392022089,
  "val_total_per_task": {
    "exercise": 1.292048179775203,
    "phase": 0.33802586247067934,
    "fatigue": 1.204827286781521,
    "reps": 0.1472418367042454
  }
}