{
  "exercise": {
    "f1_macro": 0.45398010244968845,
    "balanced_accuracy": 0.47326093364579425,
    "n": 1361
  },
  "phase": {
    "f1_macro": 0.2828101941244699,
    "balanced_accuracy": 0.3408983346315047,
    "n": 969
  },
  "fatigue": {
    "mae": 1.317475374265246,
    "pearson_r": 0.3116519048403436,
    "n": 1361
  },
  "reps": {
    "mae": 0.09906985447452214,
    "n": 964
  },
  "val_total": 0.6852592710709414,
  "val_total_per_task": {
    "exercise": 1.612602458991696,
    "phase": 0.6386059782769555,
    "fatigue": 1.317475371725151,
    "reps": 0.008074856084729713
  }
}