{
  "exercise": {
    "f1_macro": 0.32128822972330184,
    "balanced_accuracy": 0.39992713606381347,
    "n": 755
  },
  "phase": {
    "f1_macro": 0.20462046204620463,
    "balanced_accuracy": 0.33199464524765726,
    "n": 560
  },
  "fatigue": {
    "mae": 1.125196605960265,
    "pearson_r": 0.341409493674857,
    "n": 755
  },
  "reps": {
    "mae": 0.16621930178654942,
    "n": 554
  },
  "val_total": 0.2851003575798691,
  "val_total_per_task": {
    "exercise": 1.1671438376635115,
    "phase": 0.3677217537598894,
    "fatigue": 1.125196578960545,
    "reps": 0.026719613106834968
  }
}