{
  "lr": 0.0039731729883903345,
  "weight_decay": 3.842969392723712e-05,
  "batch_size": 128,
  "dropout": 0.10413937558763861,
  "repr_dim": 64,
  "_patience": 50
}