{
  "exercise": {
    "f1_macro": 0.44129744120859465,
    "balanced_accuracy": 0.4903120602670876,
    "n": 75011
  },
  "phase": {
    "f1_macro": 0.21886379473561202,
    "balanced_accuracy": 0.33162327063172997,
    "n": 44914
  },
  "fatigue": {
    "mae": 1.0829283107884655,
    "pearson_r": 0.1348741318427428,
    "n": 75011
  },
  "reps": {
    "mae": 2.5634321960320503,
    "n": 75011
  }
}