{
  "lr": 0.003063959853570005,
  "weight_decay": 3.754029787926858e-05,
  "batch_size": 128,
  "dropout": 0.46554589324901374,
  "repr_dim": 64,
  "_patience": 50
}