{
  "lr": 0.00012818390225080223,
  "weight_decay": 0.00021973780403162095,
  "batch_size": 128,
  "dropout": 0.45697668546773856,
  "repr_dim": 64,
  "lstm_hidden": 32,
  "lstm_layers": 1,
  "_patience": 50
}