{
  "exercise": {
    "f1_macro": 0.2365323518016273,
    "balanced_accuracy": 0.2947019867549669,
    "n": 557
  },
  "phase": {
    "f1_macro": 0.22571337695383498,
    "balanced_accuracy": 0.32908346134152583,
    "n": 477
  },
  "fatigue": {
    "mae": 1.175234234739677,
    "pearson_r": -0.21588850529662107,
    "n": 557
  },
  "reps": {
    "mae": 0.22787750389904396,
    "n": 474
  },
  "val_total": 0.4527456307753626,
  "val_total_per_task": {
    "exercise": 1.4234099713433366,
    "phase": 0.4009621183469865,
    "fatigue": 1.1752342437285281,
    "reps": 0.04184349693184053
  }
}