{
  "exercise": {
    "f1_macro": 0.37403184714936105,
    "balanced_accuracy": 0.4330480886590985,
    "n": 1361
  },
  "phase": {
    "f1_macro": 0.3072292373094853,
    "balanced_accuracy": 0.32252661251437265,
    "n": 969
  },
  "fatigue": {
    "mae": 1.3031692000367376,
    "pearson_r": 0.3815088541817318,
    "n": 1361
  },
  "reps": {
    "mae": 0.0947666780393246,
    "n": 964
  },
  "val_total": -0.025375679781295027,
  "val_total_per_task": {
    "exercise": 1.2931203711654753,
    "phase": 0.6880661582876706,
    "fatigue": 1.3031691976718216,
    "reps": 0.007635795746017781
  }
}