{
  "exercise": {
    "f1_macro": 0.4098147429335165,
    "balanced_accuracy": 0.4575560277939842,
    "n": 1361
  },
  "phase": {
    "f1_macro": 0.3163937041243176,
    "balanced_accuracy": 0.3499202551834131,
    "n": 969
  },
  "fatigue": {
    "mae": 1.2445237876561352,
    "pearson_r": 0.36447170608929685,
    "n": 1361
  },
  "reps": {
    "mae": 0.09585428621844075,
    "n": 964
  },
  "val_total": 0.14897156322291455,
  "val_total_per_task": {
    "exercise": 1.2811709741386397,
    "phase": 0.7293769799988555,
    "fatigue": 1.2445237883568512,
    "reps": 0.00760118824256684
  }
}