{
  "exercise": {
    "f1_macro": 0.384499496123401,
    "balanced_accuracy": 0.4328830025986298,
    "n": 374
  },
  "phase": {
    "f1_macro": 0.2936944606475278,
    "balanced_accuracy": 0.3218586202011617,
    "n": 374
  },
  "fatigue": {
    "mae": 0.8365328375668449,
    "pearson_r": 0.47374437461011965,
    "n": 374
  },
  "reps": {
    "mae": 0.20887922875354076,
    "n": 374
  },
  "val_total": -0.233723085194348,
  "val_total_per_task": {
    "exercise": 1.0902794886400355,
    "phase": 0.33058548786423425,
    "fatigue": 0.8365328439416733,
    "reps": 0.0349370922674151
  }
}