{
  "exercise": {
    "f1_macro": 0.4328155897317724,
    "balanced_accuracy": 0.4624740674022046,
    "n": 626
  },
  "phase": {
    "f1_macro": 0.2946748936642086,
    "balanced_accuracy": 0.3118908382066277,
    "n": 533
  },
  "fatigue": {
    "mae": 1.0938685603035143,
    "pearson_r": 0.2588805779393749,
    "n": 626
  },
  "reps": {
    "mae": 0.22411799070683155,
    "n": 531
  },
  "val_total": 0.07243128706471988,
  "val_total_per_task": {
    "exercise": 1.2342669651531184,
    "phase": 0.277639369518993,
    "fatigue": 1.093868565445129,
    "reps": 0.03849570681683172
  }
}