{
  "exercise": {
    "f1_macro": 0.3732853994518249,
    "balanced_accuracy": 0.4356978924823282,
    "n": 626
  },
  "phase": {
    "f1_macro": 0.28056094859776387,
    "balanced_accuracy": 0.3029239766081871,
    "n": 533
  },
  "fatigue": {
    "mae": 1.0552803015175718,
    "pearson_r": 0.320125561532253,
    "n": 626
  },
  "reps": {
    "mae": 0.27205430461346347,
    "n": 531
  },
  "val_total": 0.4322760672614978,
  "val_total_per_task": {
    "exercise": 1.1278828862376107,
    "phase": 0.2861076137318779,
    "fatigue": 1.0552803076113375,
    "reps": 0.05284759698632045
  }
}