{
  "exercise": {
    "f1_macro": 0.36332330972936266,
    "balanced_accuracy": 0.44852941176470584,
    "n": 149
  },
  "phase": {
    "f1_macro": 0.23822251313660248,
    "balanced_accuracy": 0.2776353276353276,
    "n": 149
  },
  "fatigue": {
    "mae": 0.7300492869127517,
    "pearson_r": 0.5077564913472462,
    "n": 149
  },
  "reps": {
    "mae": 0.5164468947347979,
    "n": 149
  },
  "val_total": 0.9120297431945801,
  "val_total_per_task": {
    "exercise": 1.0503289699554443,
    "phase": 0.31314370036125183,
    "fatigue": 0.7300493121147156,
    "reps": 0.20137491822242737
  }
}