{
  "exercise": {
    "f1_macro": 0.31050386256197393,
    "balanced_accuracy": 0.33486519607843135,
    "n": 149
  },
  "phase": {
    "f1_macro": 0.27310077519379844,
    "balanced_accuracy": 0.3544871794871795,
    "n": 149
  },
  "fatigue": {
    "mae": 1.1628303271812082,
    "pearson_r": 0.2739897082283336,
    "n": 149
  },
  "reps": {
    "mae": 0.43655367534382633,
    "n": 149
  },
  "val_total": 2.188080186011807,
  "val_total_per_task": {
    "exercise": 1.1890651979702431,
    "phase": 0.3646840033115157,
    "fatigue": 1.1628303263811457,
    "reps": 0.15495628643555928
  }
}