{
  "exercise": {
    "f1_macro": 0.3341199783822735,
    "balanced_accuracy": 0.38441233318939816,
    "n": 266
  },
  "phase": {
    "f1_macro": 0.4232332464484389,
    "balanced_accuracy": 0.4196879509379509,
    "n": 194
  },
  "fatigue": {
    "mae": 1.2157248590225564,
    "pearson_r": 0.3657073280472569,
    "n": 266
  },
  "reps": {
    "mae": 0.4007137235963628,
    "n": 189
  },
  "val_total": 0.7302735873631069,
  "val_total_per_task": {
    "exercise": 1.1820982721515167,
    "phase": 0.3207974039522329,
    "fatigue": 1.2157248608151774,
    "reps": 0.1228081516753462
  }
}