{
  "exercise": {
    "f1_macro": 0.48919044406120743,
    "balanced_accuracy": 0.5011311111651898,
    "n": 252
  },
  "phase": {
    "f1_macro": 0.30147058823529416,
    "balanced_accuracy": 0.32655732655732655,
    "n": 217
  },
  "fatigue": {
    "mae": 1.0880611359126984,
    "pearson_r": 0.34728806672979606,
    "n": 252
  },
  "reps": {
    "mae": 0.5710603129989076,
    "n": 214
  },
  "val_total": 1.3510636526440818,
  "val_total_per_task": {
    "exercise": 1.3372345689743284,
    "phase": 0.3071885373857286,
    "fatigue": 1.0880611378049094,
    "reps": 0.22233332906450545
  }
}