{
  "arch": "lstm_raw",
  "summary": {
    "val_total": {
      "mean": 0.23884632323359273,
      "std": 0.11809444361296076,
      "n": 5
    },
    "exercise": {
      "f1_macro": {
        "mean": 0.30343692802794653,
        "std": 0.04093455282309727,
        "n": 5
      },
      "balanced_accuracy": {
        "mean": 0.3786786742265501,
        "std": 0.05351404967066817,
        "n": 5
      }
    },
    "phase": {
      "f1_macro": {
        "mean": 0.26307380403707264,
        "std": 0.04676916093660806,
        "n": 5
      },
      "balanced_accuracy": {
        "mean": 0.337860081954908,
        "std": 0.008417324956844593,
        "n": 5
      }
    },
    "fatigue": {
      "mae": {
        "mean": 1.191362288900279,
        "std": 0.0996504560230175,
        "n": 5
      },
      "pearson_r": {
        "mean": 0.13872980012682268,
        "std": 0.20045599633309583,
        "n": 5
      }
    },
    "reps": {
      "mae": {
        "mean": 0.21113390383820801,
        "std": 0.036723233866609306,
        "n": 5
      }
    }
  },
  "enabled_tasks": [
    "exercise",
    "phase",
    "fatigue",
    "reps"
  ],
  "all_results": [
    {
      "seed": 42,
      "fold": 0,
      "test_subjects": [
        "Tias",
        "sivert"
      ],
      "metrics": {
        "exercise": {
          "f1_macro": 0.3111688634238599,
          "balanced_accuracy": 0.3571684273720635,
          "n": 626
        },
        "phase": {
          "f1_macro": 0.26388957506491223,
          "balanced_accuracy": 0.3392592592592593,
          "n": 533
        },
        "fatigue": {
          "mae": 1.0818502895367412,
          "pearson_r": 0.2643096901428765,
          "n": 626
        },
        "reps": {
          "mae": 0.2711526264257645,
          "n": 531
        },
        "val_total": 0.14432455594547258,
        "val_total_per_task": {
          "exercise": 1.156895058604475,
          "phase": 0.2619217520895096,
          "fatigue": 1.0818502878228697,
          "reps": 0.0515073175652149
        }
      }
    },
    {
      "seed": 42,
      "fold": 1,
      "test_subjects": [
        "Raghild",
        "michael"
      ],
      "metrics": {
        "exercise": {
          "f1_macro": 0.2827457108100172,
          "balanced_accuracy": 0.3910774613899614,
          "n": 682
        },
        "phase": {
          "f1_macro": 0.31101023758933743,
          "balanced_accuracy": 0.346816976127321,
          "n": 488
        },
        "fatigue": {
          "mae": 1.379788306451613,
          "pearson_r": 0.23361736106825806,
          "n": 682
        },
        "reps": {
          "mae": 0.1822377900009457,
          "n": 482
        },
        "val_total": 0.28948327418296566,
        "val_total_per_task": {
          "exercise": 1.2504219529915415,
          "phase": 0.3502782474864613,
          "fatigue": 1.379788322183044,
          "reps": 0.02955872543658679
        }
      }
    },
    {
      "seed": 42,
      "fold": 2,
      "test_subjects": [
        "Juile",
        "lucas 2"
      ],
      "metrics": {
        "exercise": {
          "f1_macro": 0.3193577277927999,
          "balanced_accuracy": 0.3983548090197883,
          "n": 755
        },
        "phase": {
          "f1_macro": 0.20519159456118666,
          "balanced_accuracy": 0.3333333333333333,
          "n": 560
        },
        "fatigue": {
          "mae": 1.1595974751655629,
          "pearson_r": 0.33360082731747676,
          "n": 755
        },
        "reps": {
          "mae": 0.16623901091230234,
          "n": 554
        },
        "val_total": 0.2508176729379111,
        "val_total_per_task": {
          "exercise": 1.1710281231545454,
          "phase": 0.36766869362616383,
          "fatigue": 1.1595974494289878,
          "reps": 0.026769824155809863
        }
      }
    },
    {
      "seed": 42,
      "fold": 3,
      "test_subjects": [
        "Hytten",
        "lucas"
      ],
      "metrics": {
        "exercise": {
          "f1_macro": 0.24018068192856912,
          "balanced_accuracy": 0.2919733962425035,
          "n": 557
        },
        "phase": {
          "f1_macro": 0.3188548989803028,
          "balanced_accuracy": 0.3457757296466974,
          "n": 477
        },
        "fatigue": {
          "mae": 1.171867986983842,
          "pearson_r": -0.2300470603964892,
          "n": 557
        },
        "reps": {
          "mae": 0.22790330843479306,
          "n": 474
        },
        "val_total": 0.4244799183771897,
        "val_total_per_task": {
          "exercise": 1.455718940849578,
          "phase": 0.3999632416657528,
          "fatigue": 1.171867998968977,
          "reps": 0.04183145120900452
        }
      }
    },
    {
      "seed": 42,
      "fold": 4,
      "test_subjects": [
        "kiyomi"
      ],
      "metrics": {
        "exercise": {
          "f1_macro": 0.36373165618448633,
          "balanced_accuracy": 0.45481927710843373,
          "n": 374
        },
        "phase": {
          "f1_macro": 0.21642271398962398,
          "balanced_accuracy": 0.3241151114079291,
          "n": 374
        },
        "fatigue": {
          "mae": 1.1637073863636365,
          "pearson_r": 0.09216818250199127,
          "n": 374
        },
        "reps": {
          "mae": 0.2081367834172346,
          "n": 374
        },
        "val_total": 0.08512619472442463,
        "val_total_per_task": {
          "exercise": 1.0621474828312103,
          "phase": 0.3329396609635277,
          "fatigue": 1.163707395288396,
          "reps": 0.03510771765508116
        }
      }
    }
  ]
}