{
  "exercise": {
    "f1_macro": 0.44052146764698336,
    "balanced_accuracy": 0.4894245263638958,
    "n": 75011
  },
  "phase": {
    "f1_macro": 0.2749384930939543,
    "balanced_accuracy": 0.32603943864177015,
    "n": 44914
  },
  "fatigue": {
    "mae": 1.1209254941523168,
    "pearson_r": 0.15110186027758868,
    "n": 75011
  },
  "reps": {
    "mae": 2.5957479342384997,
    "n": 75011
  }
}