{
  "exercise": {
    "f1_macro": 0.39581662649992194,
    "balanced_accuracy": 0.3821195545525903,
    "n": 304
  },
  "phase": {
    "f1_macro": 0.30612377146560105,
    "balanced_accuracy": 0.33167995850353366,
    "n": 229
  },
  "fatigue": {
    "mae": 1.141807154605263,
    "pearson_r": 0.16324611886233065,
    "n": 304
  },
  "reps": {
    "mae": 0.3886846632909681,
    "n": 223
  },
  "val_total": 1.1932407084264254,
  "val_total_per_task": {
    "exercise": 1.2818967982342369,
    "phase": 0.325923248341209,
    "fatigue": 1.1418071608794362,
    "reps": 0.1188694732753854
  }
}