{
  "exercise": {
    "f1_macro": 0.12322946175637393,
    "balanced_accuracy": 0.25,
    "n": 266
  },
  "phase": {
    "f1_macro": 0.2206896551724138,
    "balanced_accuracy": 0.3333333333333333,
    "n": 194
  },
  "fatigue": {
    "mae": 1.3479205827067668,
    "pearson_r": 0.3047582455301663,
    "n": 266
  },
  "reps": {
    "mae": 0.3994514820259557,
    "n": 189
  },
  "val_total": 1.5090779066085815,
  "val_total_per_task": {
    "exercise": 1.3004802465438843,
    "phase": 0.31758013367652893,
    "fatigue": 1.3479206562042236,
    "reps": 0.13545434176921844
  }
}