{
  "exercise": {
    "f1_macro": 0.6910950612928211,
    "balanced_accuracy": 0.6802484684224752,
    "n": 252
  },
  "phase": {
    "f1_macro": 0.3416666666666666,
    "balanced_accuracy": 0.36563486563486564,
    "n": 217
  },
  "fatigue": {
    "mae": 1.251860119047619,
    "pearson_r": 0.09443493801985145,
    "n": 252
  },
  "reps": {
    "mae": 0.5667312950522543,
    "n": 214
  },
  "val_total": 0.7245006561279297,
  "val_total_per_task": {
    "exercise": 0.6991589069366455,
    "phase": 0.267215371131897,
    "fatigue": 1.2518601417541504,
    "reps": 0.21796844899654388
  }
}