{
  "exercise": {
    "f1_macro": 0.4220641724454153,
    "balanced_accuracy": 0.4601392775075569,
    "n": 252
  },
  "phase": {
    "f1_macro": 0.28416149068322977,
    "balanced_accuracy": 0.32732732732732733,
    "n": 217
  },
  "fatigue": {
    "mae": 1.030397445436508,
    "pearson_r": 0.3436557555383546,
    "n": 252
  },
  "reps": {
    "mae": 0.6329116640595075,
    "n": 214
  },
  "val_total": 1.3119621276855469,
  "val_total_per_task": {
    "exercise": 1.5538053512573242,
    "phase": 0.3183687925338745,
    "fatigue": 1.0303975343704224,
    "reps": 0.26183298230171204
  }
}