{
  "lr": 0.0013903557206240672,
  "weight_decay": 2.77497074537661e-05,
  "batch_size": 64,
  "dropout": 0.32940036198085937,
  "repr_dim": 128,
  "lstm_hidden": 64,
  "lstm_layers": 1,
  "_patience": 50
}