{
  "exercise": {
    "f1_macro": 0.4442029784886928,
    "balanced_accuracy": 0.5262784529023503,
    "n": 266
  },
  "phase": {
    "f1_macro": 0.275646435140106,
    "balanced_accuracy": 0.30623196248196244,
    "n": 194
  },
  "fatigue": {
    "mae": 1.4029752114661653,
    "pearson_r": 0.30758288204845097,
    "n": 266
  },
  "reps": {
    "mae": 0.4285461780708776,
    "n": 189
  },
  "val_total": 1.205049184928263,
  "val_total_per_task": {
    "exercise": 1.3375014685150375,
    "phase": 0.3904248036836323,
    "fatigue": 1.4029752114661653,
    "reps": 0.13730099326685855
  }
}