{
  "exercise": {
    "f1_macro": 0.3699076718065867,
    "balanced_accuracy": 0.4557479919678715,
    "n": 374
  },
  "phase": {
    "f1_macro": 0.30433797042315297,
    "balanced_accuracy": 0.31049521381013095,
    "n": 374
  },
  "fatigue": {
    "mae": 0.8619130180481284,
    "pearson_r": 0.3525595242519882,
    "n": 374
  },
  "reps": {
    "mae": 0.20113345280658196,
    "n": 374
  },
  "val_total": -0.19275773081549985,
  "val_total_per_task": {
    "exercise": 1.109581432240532,
    "phase": 0.33400477094446274,
    "fatigue": 0.8619130072109202,
    "reps": 0.03544122681898229
  }
}