{
  "exercise": {
    "f1_macro": 0.38192094867323323,
    "balanced_accuracy": 0.4318958137777541,
    "n": 218
  },
  "phase": {
    "f1_macro": 0.27011561826376645,
    "balanced_accuracy": 0.3496835443037975,
    "n": 187
  },
  "fatigue": {
    "mae": 1.2236776089449541,
    "pearson_r": -0.3132861511810979,
    "n": 218
  },
  "reps": {
    "mae": 0.4258884447424308,
    "n": 184
  },
  "val_total": 1.3936182260513306,
  "val_total_per_task": {
    "exercise": 1.431435227394104,
    "phase": 0.33269014954566956,
    "fatigue": 1.2236775159835815,
    "reps": 0.15833579003810883
  }
}