{
  "exercise": {
    "f1_macro": 0.28391129983486674,
    "balanced_accuracy": 0.3085171568627451,
    "n": 149
  },
  "phase": {
    "f1_macro": 0.2721174004192872,
    "balanced_accuracy": 0.31559829059829064,
    "n": 149
  },
  "fatigue": {
    "mae": 0.944080327181208,
    "pearson_r": 0.3170771765902807,
    "n": 149
  },
  "reps": {
    "mae": 0.4436000180399458,
    "n": 149
  },
  "val_total": 1.7780762910842896,
  "val_total_per_task": {
    "exercise": 1.9975321292877197,
    "phase": 0.3178066313266754,
    "fatigue": 0.9440803527832031,
    "reps": 0.15716633200645447
  }
}