{
  "exercise": {
    "f1_macro": 0.1230169877433949,
    "balanced_accuracy": 0.12195520563908707,
    "n": 557
  },
  "phase": {
    "f1_macro": 0.2463800946532544,
    "balanced_accuracy": 0.33867767537122373,
    "n": 477
  },
  "fatigue": {
    "mae": 1.091197262118492,
    "pearson_r": -0.2864997533781749,
    "n": 557
  },
  "reps": {
    "mae": 0.24906962550537984,
    "n": 474
  },
  "val_total": 0.7302736187323634,
  "val_total_per_task": {
    "exercise": 1.7555464167997268,
    "phase": 0.4057654559719284,
    "fatigue": 1.0911972608343703,
    "reps": 0.046833066928536504
  }
}