{
  "exercise": {
    "f1_macro": 0.2973347227406578,
    "balanced_accuracy": 0.4618380611679347,
    "n": 1361
  },
  "phase": {
    "f1_macro": 0.32449981404646516,
    "balanced_accuracy": 0.3283691257742665,
    "n": 969
  },
  "fatigue": {
    "mae": 1.2444290732916974,
    "pearson_r": 0.3182676493449523,
    "n": 1361
  },
  "reps": {
    "mae": 0.09344903191675227,
    "n": 964
  },
  "val_total": 1.4033888085286115,
  "val_total_per_task": {
    "exercise": 1.2325714774030172,
    "phase": 0.4948358371974264,
    "fatigue": 1.2444290613795272,
    "reps": 0.007926732631199045
  }
}