{
  "exercise": {
    "f1_macro": 0.3465132073803616,
    "balanced_accuracy": 0.3609107317449053,
    "n": 69958
  },
  "phase": {
    "f1_macro": 0.260678039359137,
    "balanced_accuracy": 0.3123050019044446,
    "n": 40865
  },
  "fatigue": {
    "mae": 1.151446917320205,
    "pearson_r": 0.01373632474099273,
    "n": 69958
  },
  "reps": {
    "mae": 2.3559642324773713,
    "n": 69958
  }
}