{
  "exercise": {
    "f1_macro": 0.24762370701705338,
    "balanced_accuracy": 0.28321206264389054,
    "n": 557
  },
  "phase": {
    "f1_macro": 0.30721846385953083,
    "balanced_accuracy": 0.33942012288786483,
    "n": 477
  },
  "fatigue": {
    "mae": 1.1037716000897666,
    "pearson_r": -0.21882159361647324,
    "n": 557
  },
  "reps": {
    "mae": 0.2275860110304676,
    "n": 474
  },
  "val_total": 0.360323223434188,
  "val_total_per_task": {
    "exercise": 1.52836326915015,
    "phase": 0.3995836985496473,
    "fatigue": 1.1037716060823342,
    "reps": 0.042857029286331935
  }
}