{
  "exercise": {
    "f1_macro": 0.4420833333333333,
    "balanced_accuracy": 0.4851669648181276,
    "n": 266
  },
  "phase": {
    "f1_macro": 0.3209683037269244,
    "balanced_accuracy": 0.36954365079365087,
    "n": 194
  },
  "fatigue": {
    "mae": 1.2250058740601504,
    "pearson_r": 0.2577400295330011,
    "n": 266
  },
  "reps": {
    "mae": 0.4162166097630111,
    "n": 189
  },
  "val_total": 2.6690389590155807,
  "val_total_per_task": {
    "exercise": 1.1643540805443786,
    "phase": 0.3254401450766657,
    "fatigue": 1.2250058740601504,
    "reps": 0.12457497317091863
  }
}