{
  "arch": "lstm_raw",
  "summary": {
    "val_total": {
      "mean": 0.4647037685993349,
      "std": 0.5113910424619335,
      "n": 15
    },
    "exercise": {
      "f1_macro": {
        "mean": 0.3483650562310451,
        "std": 0.07055254488874434,
        "n": 15
      },
      "balanced_accuracy": {
        "mean": 0.39537176812598446,
        "std": 0.07335881985846987,
        "n": 15
      }
    },
    "phase": {
      "f1_macro": {
        "mean": 0.2896148355535519,
        "std": 0.04505854160626834,
        "n": 15
      },
      "balanced_accuracy": {
        "mean": 0.33867216906580466,
        "std": 0.014696036504112081,
        "n": 15
      }
    },
    "fatigue": {
      "mae": {
        "mean": 1.0225638827360934,
        "std": 0.1082597940857775,
        "n": 15
      },
      "pearson_r": {
        "mean": 0.23839792194419068,
        "std": 0.2446643406995667,
        "n": 15
      }
    },
    "reps": {
      "mae": {
        "mean": 0.20129342531943967,
        "std": 0.02224453216067247,
        "n": 15
      }
    }
  },
  "enabled_tasks": [
    "exercise",
    "phase",
    "fatigue",
    "reps"
  ],
  "all_results": [
    {
      "seed": 42,
      "fold": 0,
      "test_subjects": [
        "Tias",
        "sivert"
      ],
      "metrics": {
        "exercise": {
          "f1_macro": 0.3873423787980426,
          "balanced_accuracy": 0.45601725897060214,
          "n": 626
        },
        "phase": {
          "f1_macro": 0.2655495465202081,
          "balanced_accuracy": 0.3228849902534113,
          "n": 533
        },
        "fatigue": {
          "mae": 1.1288688099041533,
          "pearson_r": 0.21413533804736912,
          "n": 626
        },
        "reps": {
          "mae": 0.2273306313335629,
          "n": 531
        },
        "val_total": 0.04017556170685985,
        "val_total_per_task": {
          "exercise": 1.175771309544865,
          "phase": 0.2842769980811463,
          "fatigue": 1.1288688064764103,
          "reps": 0.03906414606057988
        }
      }
    },
    {
      "seed": 42,
      "fold": 1,
      "test_subjects": [
        "Raghild",
        "michael"
      ],
      "metrics": {
        "exercise": {
          "f1_macro": 0.3826267969772165,
          "balanced_accuracy": 0.4351836806296605,
          "n": 682
        },
        "phase": {
          "f1_macro": 0.32421097621241873,
          "balanced_accuracy": 0.3365261813537676,
          "n": 488
        },
        "fatigue": {
          "mae": 1.2380464167888563,
          "pearson_r": 0.2902619831802884,
          "n": 682
        },
        "reps": {
          "mae": 0.17936428371214025,
          "n": 482
        },
        "val_total": 1.1209722753843603,
        "val_total_per_task": {
          "exercise": 1.400693076097371,
          "phase": 0.5088913482654829,
          "fatigue": 1.238046419235968,
          "reps": 0.027040034445150157
        }
      }
    },
    {
      "seed": 42,
      "fold": 2,
      "test_subjects": [
        "Juile",
        "lucas 2"
      ],
      "metrics": {
        "exercise": {
          "f1_macro": 0.3910572086073158,
          "balanced_accuracy": 0.38335209239884976,
          "n": 755
        },
        "phase": {
          "f1_macro": 0.3518550145166313,
          "balanced_accuracy": 0.36535456576596753,
          "n": 560
        },
        "fatigue": {
          "mae": 0.9334488824503311,
          "pearson_r": 0.39379380266504493,
          "n": 755
        },
        "reps": {
          "mae": 0.18145519212167374,
          "n": 554
        },
        "val_total": 0.2846755395661916,
        "val_total_per_task": {
          "exercise": 1.2148949258374853,
          "phase": 0.3780752640291555,
          "fatigue": 0.933448879845095,
          "reps": 0.027481057211164606
        }
      }
    },
    {
      "seed": 42,
      "fold": 3,
      "test_subjects": [
        "Hytten",
        "lucas"
      ],
      "metrics": {
        "exercise": {
          "f1_macro": 0.2559386934622797,
          "balanced_accuracy": 0.3047068186339994,
          "n": 557
        },
        "phase": {
          "f1_macro": 0.223842550734106,
          "balanced_accuracy": 0.33552227342549923,
          "n": 477
        },
        "fatigue": {
          "mae": 1.0192296903052065,
          "pearson_r": -0.15857457580963882,
          "n": 557
        },
        "reps": {
          "mae": 0.2346899938874756,
          "n": 474
        },
        "val_total": 0.9061518436702406,
        "val_total_per_task": {
          "exercise": 1.5488149770928457,
          "phase": 0.40321075552455826,
          "fatigue": 1.0192296977959159,
          "reps": 0.04379437577909049
        }
      }
    },
    {
      "seed": 42,
      "fold": 4,
      "test_subjects": [
        "kiyomi"
      ],
      "metrics": {
        "exercise": {
          "f1_macro": 0.384499496123401,
          "balanced_accuracy": 0.4328830025986298,
          "n": 374
        },
        "phase": {
          "f1_macro": 0.2936944606475278,
          "balanced_accuracy": 0.3218586202011617,
          "n": 374
        },
        "fatigue": {
          "mae": 0.8365328375668449,
          "pearson_r": 0.47374437461011965,
          "n": 374
        },
        "reps": {
          "mae": 0.20887922875354076,
          "n": 374
        },
        "val_total": -0.233723085194348,
        "val_total_per_task": {
          "exercise": 1.0902794886400355,
          "phase": 0.33058548786423425,
          "fatigue": 0.8365328439416733,
          "reps": 0.0349370922674151
        }
      }
    },
    {
      "seed": 1337,
      "fold": 0,
      "test_subjects": [
        "Tias",
        "sivert"
      ],
      "metrics": {
        "exercise": {
          "f1_macro": 0.3568771853071163,
          "balanced_accuracy": 0.4005663443473363,
          "n": 626
        },
        "phase": {
          "f1_macro": 0.21465030921021575,
          "balanced_accuracy": 0.32725146198830407,
          "n": 533
        },
        "fatigue": {
          "mae": 1.0495270067891374,
          "pearson_r": 0.3710419283453222,
          "n": 626
        },
        "reps": {
          "mae": 0.21920715852354683,
          "n": 531
        },
        "val_total": 0.02947115631530079,
        "val_total_per_task": {
          "exercise": 1.198295610019574,
          "phase": 0.2823275511447614,
          "fatigue": 1.0495270111690314,
          "reps": 0.03688700592960603
        }
      }
    },
    {
      "seed": 1337,
      "fold": 1,
      "test_subjects": [
        "Raghild",
        "michael"
      ],
      "metrics": {
        "exercise": {
          "f1_macro": 0.3507118637184699,
          "balanced_accuracy": 0.4116858524443323,
          "n": 682
        },
        "phase": {
          "f1_macro": 0.2485068072024594,
          "balanced_accuracy": 0.3345859121721191,
          "n": 488
        },
        "fatigue": {
          "mae": 1.1443651484604105,
          "pearson_r": 0.39275492891552094,
          "n": 682
        },
        "reps": {
          "mae": 0.18047638519578207,
          "n": 482
        },
        "val_total": 0.7652803306355854,
        "val_total_per_task": {
          "exercise": 1.3120491515156811,
          "phase": 0.4874464857263649,
          "fatigue": 1.1443651502083474,
          "reps": 0.025982403335683156
        }
      }
    },
    {
      "seed": 1337,
      "fold": 2,
      "test_subjects": [
        "Juile",
        "lucas 2"
      ],
      "metrics": {
        "exercise": {
          "f1_macro": 0.39448184460424124,
          "balanced_accuracy": 0.4201164475894222,
          "n": 755
        },
        "phase": {
          "f1_macro": 0.30092592592592593,
          "balanced_accuracy": 0.3340656470248007,
          "n": 560
        },
        "fatigue": {
          "mae": 1.06041494205298,
          "pearson_r": 0.3590412996715066,
          "n": 755
        },