{
  "exercise": {
    "f1_macro": 0.11042183622828784,
    "balanced_accuracy": 0.25,
    "n": 1256
  },
  "phase": {
    "f1_macro": 0.22593279736136881,
    "balanced_accuracy": 0.3333333333333333,
    "n": 1069
  },
  "fatigue": {
    "mae": 1.0179886544585988,
    "pearson_r": 0.4645096861539724,
    "n": 1256
  },
  "reps": {
    "mae": 0.12670954656608285,
    "n": 1067
  },
  "val_total": -0.39718012597150865,
  "val_total_per_task": {
    "exercise": 1.3974034049708373,
    "phase": 0.4259106716152969,
    "fatigue": 1.017988655597541,
    "reps": 0.012190973095500924
  }
}