{
  "exercise": {
    "f1_macro": 0.2761290322580645,
    "balanced_accuracy": 0.30514705882352944,
    "n": 149
  },
  "phase": {
    "f1_macro": 0.31102355741607157,
    "balanced_accuracy": 0.32913105413105415,
    "n": 149
  },
  "fatigue": {
    "mae": 1.0680841023489933,
    "pearson_r": 0.2403813102477373,
    "n": 149
  },
  "reps": {
    "mae": 0.45165569218963186,
    "n": 149
  },
  "val_total": 1.7712951234523082,
  "val_total_per_task": {
    "exercise": 1.7430690438955423,
    "phase": 0.33637414562622175,
    "fatigue": 1.0680840999488062,
    "reps": 0.1691354304652086
  }
}