{
  "exercise": {
    "f1_macro": 0.42728435247616836,
    "balanced_accuracy": 0.47825385146701105,
    "n": 252
  },
  "phase": {
    "f1_macro": 0.2586968703208679,
    "balanced_accuracy": 0.2864787864787865,
    "n": 217
  },
  "fatigue": {
    "mae": 1.052827380952381,
    "pearson_r": 0.38153121877429025,
    "n": 252
  },
  "reps": {
    "mae": 0.597621480751539,
    "n": 214
  },
  "val_total": 1.0571703759450761,
  "val_total_per_task": {
    "exercise": 1.0640962256325617,
    "phase": 0.3099776530076587,
    "fatigue": 1.052827346892584,
    "reps": 0.24494114683734047
  }
}