{
  "exercise": {
    "f1_macro": 0.3521346302651172,
    "balanced_accuracy": 0.4232693555547966,
    "n": 1256
  },
  "phase": {
    "f1_macro": 0.32137592137592136,
    "balanced_accuracy": 0.33266898761025704,
    "n": 1069
  },
  "fatigue": {
    "mae": 1.0851662022292994,
    "pearson_r": 0.273121226808349,
    "n": 1256
  },
  "reps": {
    "mae": 0.13145080334162157,
    "n": 1067
  },
  "val_total": -0.4144614054139253,
  "val_total_per_task": {
    "exercise": 1.1670870370925612,
    "phase": 0.42421154668376704,
    "fatigue": 1.085166207164716,
    "reps": 0.012910585485659777
  }
}