{
  "exercise": {
    "f1_macro": 0.39411525974025974,
    "balanced_accuracy": 0.4781639928698752,
    "n": 149
  },
  "phase": {
    "f1_macro": 0.20386971462722245,
    "balanced_accuracy": 0.28568376068376067,
    "n": 149
  },
  "fatigue": {
    "mae": 0.9825136325503355,
    "pearson_r": 0.4367811574838483,
    "n": 149
  },
  "reps": {
    "mae": 0.4339367034126248,
    "n": 149
  },
  "val_total": 1.00629893245313,
  "val_total_per_task": {
    "exercise": 0.8733846597223474,
    "phase": 0.3002914269298515,
    "fatigue": 0.982513638150772,
    "reps": 0.1595029625916641
  }
}