{
  "arch": "lstm_raw",
  "summary": {
    "val_total": {
      "mean": 0.2723122100825786,
      "std": 0.1267566884808812,
      "n": 5
    },
    "exercise": {
      "f1_macro": {
        "mean": 0.30740137897761804,
        "std": 0.03885061440178638,
        "n": 5
      },
      "balanced_accuracy": {
        "mean": 0.3856108179913708,
        "std": 0.04950628278850471,
        "n": 5
      }
    },
    "phase": {
      "f1_macro": {
        "mean": 0.25104332875893226,
        "std": 0.040776851788277536,
        "n": 5
      },
      "balanced_accuracy": {
        "mean": 0.3198271136372858,
        "std": 0.02612642550155389,
        "n": 5
      }
    },
    "fatigue": {
      "mae": {
        "mean": 1.1760163636723064,
        "std": 0.10524541229372959,
        "n": 5
      },
      "pearson_r": {
        "mean": 0.13690410713675163,
        "std": 0.20059714582542376,
        "n": 5
      }
    },
    "reps": {
      "mae": {
        "mean": 0.21093296788802332,
        "std": 0.03665916432625502,
        "n": 5
      }
    }
  },
  "enabled_tasks": [
    "exercise",
    "phase",
    "fatigue",
    "reps"
  ],
  "all_results": [
    {
      "seed": 42,
      "fold": 0,
      "test_subjects": [
        "Tias",
        "sivert"
      ],
      "metrics": {
        "exercise": {
          "f1_macro": 0.33286462199428657,
          "balanced_accuracy": 0.39991112141020696,
          "n": 626
        },
        "phase": {
          "f1_macro": 0.22131359984270407,
          "balanced_accuracy": 0.33730994152046784,
          "n": 533
        },
        "fatigue": {
          "mae": 1.0748739516773163,
          "pearson_r": 0.2790134076223112,
          "n": 626
        },
        "reps": {
          "mae": 0.27127492662585867,
          "n": 531
        },
        "val_total": 0.1623660977275227,
        "val_total_per_task": {
          "exercise": 1.1263295214016216,
          "phase": 0.2623268094496986,
          "fatigue": 1.0748739472974222,
          "reps": 0.05151221245979539
        }
      }
    },
    {
      "seed": 42,
      "fold": 1,
      "test_subjects": [
        "Raghild",
        "michael"
      ],
      "metrics": {
        "exercise": {
          "f1_macro": 0.2822362278244631,
          "balanced_accuracy": 0.3922136422136422,
          "n": 682
        },
        "phase": {
          "f1_macro": 0.3236261562051739,
          "balanced_accuracy": 0.3470134590824246,
          "n": 488
        },
        "fatigue": {
          "mae": 1.3752405608504399,
          "pearson_r": 0.21187543658504795,
          "n": 682
        },
        "reps": {
          "mae": 0.18285815638037886,
          "n": 482
        },
        "val_total": 0.33724377913908526,
        "val_total_per_task": {
          "exercise": 1.2489831580444515,
          "phase": 0.3500641976808173,
          "fatigue": 1.3752405671430123,
          "reps": 0.029668208228047294
        }
      }
    },
    {
      "seed": 42,
      "fold": 2,
      "test_subjects": [
        "Juile",
        "lucas 2"
      ],
      "metrics": {
        "exercise": {
          "f1_macro": 0.32128822972330184,
          "balanced_accuracy": 0.39992713606381347,
          "n": 755
        },
        "phase": {
          "f1_macro": 0.20462046204620463,
          "balanced_accuracy": 0.33199464524765726,
          "n": 560
        },
        "fatigue": {
          "mae": 1.125196605960265,
          "pearson_r": 0.341409493674857,
          "n": 755
        },
        "reps": {
          "mae": 0.16621930178654942,
          "n": 554
        },
        "val_total": 0.2851003575798691,
        "val_total_per_task": {
          "exercise": 1.1671438376635115,
          "phase": 0.3677217537598894,
          "fatigue": 1.125196578960545,
          "reps": 0.026719613106834968
        }
      }
    },
    {
      "seed": 42,
      "fold": 3,
      "test_subjects": [
        "Hytten",
        "lucas"
      ],
      "metrics": {
        "exercise": {
          "f1_macro": 0.2456657987870473,
          "balanced_accuracy": 0.2932311059318421,
          "n": 557
        },
        "phase": {
          "f1_macro": 0.25252787052424197,
          "balanced_accuracy": 0.3088005632360471,
          "n": 477
        },
        "fatigue": {
          "mae": 1.1820789385098742,
          "pearson_r": -0.22337214978841033,
          "n": 557
        },
        "reps": {
          "mae": 0.2274847017450824,
          "n": 474
        },
        "val_total": 0.4663990395715463,
        "val_total_per_task": {
          "exercise": 1.461356531781825,
          "phase": 0.40046024680993714,
          "fatigue": 1.1820789474987257,
          "reps": 0.04185342825481023
        }
      }
    },
    {
      "seed": 42,
      "fold": 4,
      "test_subjects": [
        "kiyomi"
      ],
      "metrics": {
        "exercise": {
          "f1_macro": 0.3549520165589914,
          "balanced_accuracy": 0.4427710843373494,
          "n": 374
        },
        "phase": {
          "f1_macro": 0.25312855517633676,
          "balanced_accuracy": 0.27401695909983204,
          "n": 374
        },
        "fatigue": {
          "mae": 1.1226917613636365,
          "pearson_r": 0.07559434758995232,
          "n": 374
        },
        "reps": {
          "mae": 0.2068277529022472,
          "n": 374
        },
        "val_total": 0.11045177639486956,
        "val_total_per_task": {
          "exercise": 1.052708591369384,
          "phase": 0.33240992452371565,
          "fatigue": 1.1226917804881213,
          "reps": 0.035685656024491724
        }
      }
    }
  ]
}