{
  "arch": "lstm_raw",
  "summary": {
    "val_total": {
      "mean": 0.700544394526326,
      "std": 0.09604010063026837,
      "n": 5
    },
    "exercise": {
      "f1_macro": {
        "mean": 0.2821050661183836,
        "std": 0.0661820625043867,
        "n": 5
      },
      "balanced_accuracy": {
        "mean": 0.3639915678325124,
        "std": 0.06872533680788041,
        "n": 5
      }
    },
    "phase": {
      "f1_macro": {
        "mean": 0.25863711838786285,
        "std": 0.04167012222849638,
        "n": 5
      },
      "balanced_accuracy": {
        "mean": 0.3381444649551083,
        "std": 0.005367465450261299,
        "n": 5
      }
    },
    "fatigue": {
      "mae": {
        "mean": 1.1099041939821752,
        "std": 0.10895633005611893,
        "n": 5
      },
      "pearson_r": {
        "mean": 0.1764544887208222,
        "std": 0.2375184046167789,
        "n": 5
      }
    },
    "reps": {
      "mae": {
        "mean": 0.21233310756722995,
        "std": 0.03640624861695064,
        "n": 5
      }
    }
  },
  "enabled_tasks": [
    "exercise",
    "phase",
    "fatigue",
    "reps"
  ],
  "all_results": [
    {
      "seed": 42,
      "fold": 0,
      "test_subjects": [
        "Tias",
        "sivert"
      ],
      "metrics": {
        "exercise": {
          "f1_macro": 0.29306798321448263,
          "balanced_accuracy": 0.3304830341136365,
          "n": 626
        },
        "phase": {
          "f1_macro": 0.2340659340659341,
          "balanced_accuracy": 0.33808966861598444,
          "n": 533
        },
        "fatigue": {
          "mae": 1.077020517172524,
          "pearson_r": 0.25989700163315715,
          "n": 626
        },
        "reps": {
          "mae": 0.27254694227827275,
          "n": 531
        },
        "val_total": 0.6007912128497237,
        "val_total_per_task": {
          "exercise": 1.1380073159647446,
          "phase": 0.26195547584527595,
          "fatigue": 1.0770205146969316,
          "reps": 0.05190811221734784
        }
      }
    },
    {
      "seed": 42,
      "fold": 1,
      "test_subjects": [
        "Raghild",
        "michael"
      ],
      "metrics": {
        "exercise": {
          "f1_macro": 0.2798248695303091,
          "balanced_accuracy": 0.39560207528957525,
          "n": 682
        },
        "phase": {
          "f1_macro": 0.32823187194408227,
          "balanced_accuracy": 0.34571175950486294,
          "n": 488
        },
        "fatigue": {
          "mae": 1.3188347690615836,
          "pearson_r": 0.29147213592007093,
          "n": 682
        },
        "reps": {
          "mae": 0.1848170034262773,
          "n": 482
        },
        "val_total": 0.8012919834981566,
        "val_total_per_task": {
          "exercise": 1.2424851540596253,
          "phase": 0.3508042154773589,
          "fatigue": 1.3188347690615836,
          "reps": 0.029802224486847776
        }
      }
    },
    {
      "seed": 42,
      "fold": 2,
      "test_subjects": [
        "Juile",
        "lucas 2"
      ],
      "metrics": {
        "exercise": {
          "f1_macro": 0.313790488571119,
          "balanced_accuracy": 0.3920655008436877,
          "n": 755
        },
        "phase": {
          "f1_macro": 0.2290898939140145,
          "balanced_accuracy": 0.3422703590202856,
          "n": 560
        },
        "fatigue": {
          "mae": 1.0299306705298013,
          "pearson_r": 0.4732786022858518,
          "n": 755
        },
        "reps": {
          "mae": 0.1662911557237742,
          "n": 554
        },
        "val_total": 0.6985906072010267,
        "val_total_per_task": {
          "exercise": 1.1567906763379936,
          "phase": 0.3678183041266258,
          "fatigue": 1.029930659714124,
          "reps": 0.025824145792631915
        }
      }
    },
    {
      "seed": 42,
      "fold": 3,
      "test_subjects": [
        "Hytten",
        "lucas"
      ],
      "metrics": {
        "exercise": {
          "f1_macro": 0.1620305980528512,
          "balanced_accuracy": 0.25,
          "n": 557
        },
        "phase": {
          "f1_macro": 0.2843804745978659,
          "balanced_accuracy": 0.33131720430107525,
          "n": 477
        },
        "fatigue": {
          "mae": 1.0193629376122082,
          "pearson_r": -0.2310711060810471,
          "n": 557
        },
        "reps": {
          "mae": 0.2232086313313722,
          "n": 474
        },
        "val_total": 0.8150711213664906,
        "val_total_per_task": {
          "exercise": 1.4223948391806502,
          "phase": 0.3999766930001428,
          "fatigue": 1.0193629337598433,
          "reps": 0.040881770751581156
        }
      }
    },
    {
      "seed": 42,
      "fold": 4,
      "test_subjects": [
        "kiyomi"
      ],
      "metrics": {
        "exercise": {
          "f1_macro": 0.3618113912231559,
          "balanced_accuracy": 0.45180722891566266,
          "n": 374
        },
        "phase": {
          "f1_macro": 0.2174174174174174,
          "balanced_accuracy": 0.3333333333333333,
          "n": 374
        },
        "fatigue": {
          "mae": 1.1043720755347595,
          "pearson_r": 0.08869580984607811,
          "n": 374
        },
        "reps": {
          "mae": 0.2148018050764533,
          "n": 374
        },
        "val_total": 0.5869770477162325,
        "val_total_per_task": {
          "exercise": 1.0694919340113267,
          "phase": 0.3332681694132759,
          "fatigue": 1.1043720972091757,
          "reps": 0.035772237010340005
        }
      }
    }
  ]
}