{
  "arch": "cnn_lstm_raw",
  "summary": {
    "val_total": {
      "mean": 0.7245782623242651,
      "std": 0.09479307537840058,
      "n": 5
    },
    "exercise": {
      "f1_macro": {
        "mean": 0.2855460484620679,
        "std": 0.14129214137952864,
        "n": 5
      },
      "balanced_accuracy": {
        "mean": 0.340133558496457,
        "std": 0.1405373870796799,
        "n": 5
      }
    },
    "phase": {
      "f1_macro": {
        "mean": 0.3074936266557904,
        "std": 0.027789760851489816,
        "n": 5
      },
      "balanced_accuracy": {
        "mean": 0.34998140212983225,
        "std": 0.027396281677249102,
        "n": 5
      }
    },
    "fatigue": {
      "mae": {
        "mean": 1.1391330057660187,
        "std": 0.1262161673199794,
        "n": 5
      },
      "pearson_r": {
        "mean": -0.006314995650764696,
        "std": 0.24642706742039264,
        "n": 5
      }
    },
    "reps": {
      "mae": {
        "mean": 0.43945363546654514,
        "std": 0.09236624869530047,
        "n": 5
      }
    }
  },
  "enabled_tasks": [
    "exercise",
    "phase",
    "fatigue",
    "reps"
  ],
  "all_results": [
    {
      "seed": 42,
      "fold": 0,
      "test_subjects": [
        "Tias",
        "sivert"
      ],
      "metrics": {
        "exercise": {
          "f1_macro": 0.5114784504852008,
          "balanced_accuracy": 0.5657292636415507,
          "n": 252
        },
        "phase": {
          "f1_macro": 0.295351707116413,
          "balanced_accuracy": 0.3221683221683222,
          "n": 217
        },
        "fatigue": {
          "mae": 1.1153738839285714,
          "pearson_r": 0.19774599171427967,
          "n": 252
        },
        "reps": {
          "mae": 0.6162020322109494,
          "n": 214
        },
        "val_total": 0.7669749666774084,
        "val_total_per_task": {
          "exercise": 0.8998984476876637,
          "phase": 0.32058809721280657,
          "fatigue": 1.1153738498687744,
          "reps": 0.2608176465072329
        }
      }
    },
    {
      "seed": 42,
      "fold": 1,
      "test_subjects": [
        "Raghild",
        "michael"
      ],
      "metrics": {
        "exercise": {
          "f1_macro": 0.365129875654848,
          "balanced_accuracy": 0.41768192379659896,
          "n": 266
        },
        "phase": {
          "f1_macro": 0.27506841817186645,
          "balanced_accuracy": 0.35321969696969696,
          "n": 194
        },
        "fatigue": {
          "mae": 1.2218632518796992,
          "pearson_r": 0.27153036532526414,
          "n": 266
        },
        "reps": {
          "mae": 0.3859775234605112,
          "n": 189
        },
        "val_total": 0.6800416824512912,
        "val_total_per_task": {
          "exercise": 1.112684320686455,
          "phase": 0.32971205388692987,
          "fatigue": 1.2218632536723202,
          "reps": 0.11682430066560444
        }
      }
    },
    {
      "seed": 42,
      "fold": 2,
      "test_subjects": [
        "Juile",
        "lucas 2"
      ],
      "metrics": {
        "exercise": {
          "f1_macro": 0.12762237762237763,
          "balanced_accuracy": 0.173861852433281,
          "n": 304
        },
        "phase": {
          "f1_macro": 0.34812373024719173,
          "balanced_accuracy": 0.39959800298255854,
          "n": 229
        },
        "fatigue": {
          "mae": 1.1783768503289473,
          "pearson_r": -0.05051854566716635,
          "n": 304
        },
        "reps": {
          "mae": 0.3696212333088298,
          "n": 223
        },
        "val_total": 0.7815862203899183,
        "val_total_per_task": {
          "exercise": 1.3807308799342106,
          "phase": 0.3352124440042596,
          "fatigue": 1.178376853466034,
          "reps": 0.11357316257138002
        }
      }
    },
    {
      "seed": 42,
      "fold": 3,
      "test_subjects": [
        "Hytten",
        "lucas"
      ],
      "metrics": {
        "exercise": {
          "f1_macro": 0.2692242974928487,
          "balanced_accuracy": 0.3208568738229755,
          "n": 218
        },
        "phase": {
          "f1_macro": 0.28705702464472027,
          "balanced_accuracy": 0.32762754123513615,
          "n": 187
        },
        "fatigue": {
          "mae": 1.2715202121559632,
          "pearson_r": -0.43378895224889236,
          "n": 218
        },
        "reps": {
          "mae": 0.44630045055047324,
          "n": 184
        },
        "val_total": 0.8320376747245088,
        "val_total_per_task": {
          "exercise": 1.3460659663611596,
          "phase": 0.30913867644213755,
          "fatigue": 1.271520216530616,
          "reps": 0.16781840616956764
        }
      }
    },
    {
      "seed": 42,
      "fold": 4,
      "test_subjects": [
        "kiyomi"
      ],
      "metrics": {
        "exercise": {
          "f1_macro": 0.15427524105506413,
          "balanced_accuracy": 0.22253787878787878,
          "n": 149
        },
        "phase": {
          "f1_macro": 0.33186725309876053,
          "balanced_accuracy": 0.3472934472934473,
          "n": 149
        },
        "fatigue": {
          "mae": 0.9085308305369127,
          "pearson_r": -0.016543837377308624,
          "n": 149
        },
        "reps": {
          "mae": 0.3791669378019619,
          "n": 149
        },
        "val_total": 0.562250767378199,
        "val_total_per_task": {
          "exercise": 1.3973003673873492,
          "phase": 0.2878720775346628,
          "fatigue": 0.908530835737318,
          "reps": 0.11520421622483522
        }
      }
    }
  ]
}