{
  "arch": "lstm_raw",
  "summary": {
    "val_total": {
      "mean": 0.41417058158240005,
      "std": 0.2270335286029422,
      "n": 5
    },
    "exercise": {
      "f1_macro": {
        "mean": 0.3129174710409127,
        "std": 0.06996177241403997,
        "n": 5
      },
      "balanced_accuracy": {
        "mean": 0.3726763926660406,
        "std": 0.07992705933653589,
        "n": 5
      }
    },
    "phase": {
      "f1_macro": {
        "mean": 0.304747679471112,
        "std": 0.02904104725822663,
        "n": 5
      },
      "balanced_accuracy": {
        "mean": 0.33008739827751304,
        "std": 0.023159897896495255,
        "n": 5
      }
    },
    "fatigue": {
      "mae": {
        "mean": 1.048008178092725,
        "std": 0.09221311625500851,
        "n": 5
      },
      "pearson_r": {
        "mean": 0.19084169586236244,
        "std": 0.2269278411055526,
        "n": 5
      }
    },
    "reps": {
      "mae": {
        "mean": 0.20891788098826086,
        "std": 0.03419273341648914,
        "n": 5
      }
    }
  },
  "enabled_tasks": [
    "exercise",
    "phase",
    "fatigue",
    "reps"
  ],
  "all_results": [
    {
      "seed": 42,
      "fold": 0,
      "test_subjects": [
        "Tias",
        "sivert"
      ],
      "metrics": {
        "exercise": {
          "f1_macro": 0.3494535242274273,
          "balanced_accuracy": 0.42764409781549984,
          "n": 626
        },
        "phase": {
          "f1_macro": 0.27567745161059926,
          "balanced_accuracy": 0.31087719298245614,
          "n": 533
        },
        "fatigue": {
          "mae": 1.143046126198083,
          "pearson_r": 0.24072823076880445,
          "n": 626
        },
        "reps": {
          "mae": 0.2696161670776929,
          "n": 531
        },
        "val_total": 0.2543952480291787,
        "val_total_per_task": {
          "exercise": 1.1515054516137218,
          "phase": 0.28688396175448505,
          "fatigue": 1.1430461321014185,
          "reps": 0.05119826150730776
        }
      }
    },
    {
      "seed": 42,
      "fold": 1,
      "test_subjects": [
        "Raghild",
        "michael"
      ],
      "metrics": {
        "exercise": {
          "f1_macro": 0.2771479972172814,
          "balanced_accuracy": 0.37265841757047785,
          "n": 682
        },
        "phase": {
          "f1_macro": 0.30185857405325633,
          "balanced_accuracy": 0.34670645446507514,
          "n": 488
        },
        "fatigue": {
          "mae": 1.1486465588343109,
          "pearson_r": 0.3743423330529382,
          "n": 682
        },
        "reps": {
          "mae": 0.18599250842334075,
          "n": 482
        },
        "val_total": 0.6693092553147123,
        "val_total_per_task": {
          "exercise": 1.2755583206579482,
          "phase": 0.5299509326733453,
          "fatigue": 1.1486465640781212,
          "reps": 0.028331344078712798
        }
      }
    },
    {
      "seed": 42,
      "fold": 2,
      "test_subjects": [
        "Juile",
        "lucas 2"
      ],
      "metrics": {
        "exercise": {
          "f1_macro": 0.38761500569610025,
          "balanced_accuracy": 0.41021796863015797,
          "n": 755
        },
        "phase": {
          "f1_macro": 0.333554755652935,
          "balanced_accuracy": 0.346608268148086,
          "n": 560
        },
        "fatigue": {
          "mae": 0.938736548013245,
          "pearson_r": 0.3960972126793869,
          "n": 755
        },
        "reps": {
          "mae": 0.170031984974647,
          "n": 554
        },
        "val_total": 0.31271328144515587,
        "val_total_per_task": {
          "exercise": 1.1670741785441012,
          "phase": 0.39352413380382867,
          "fatigue": 0.938736546434314,
          "reps": 0.029873688395647024
        }
      }
    },
    {
      "seed": 42,
      "fold": 3,
      "test_subjects": [
        "Hytten",
        "lucas"
      ],
      "metrics": {
        "exercise": {
          "f1_macro": 0.19323490573365737,
          "balanced_accuracy": 0.218649631924509,
          "n": 557
        },
        "phase": {
          "f1_macro": 0.34188130406978473,
          "balanced_accuracy": 0.3519905273937532,
          "n": 477
        },
        "fatigue": {
          "mae": 1.0667849528725315,
          "pearson_r": -0.23217862217715038,
          "n": 557
        },
        "reps": {
          "mae": 0.21732065088031147,
          "n": 474
        },
        "val_total": 0.6972042251532125,
        "val_total_per_task": {
          "exercise": 1.8036079327550782,
          "phase": 0.40199112014667776,
          "fatigue": 1.066784964429626,
          "reps": 0.04187651467802173
        }
      }
    },
    {
      "seed": 42,
      "fold": 4,
      "test_subjects": [
        "kiyomi"
      ],
      "metrics": {
        "exercise": {
          "f1_macro": 0.35713592233009706,
          "balanced_accuracy": 0.4342118473895582,
          "n": 374
        },
        "phase": {
          "f1_macro": 0.2707663119689846,
          "balanced_accuracy": 0.2942545483981948,
          "n": 374
        },
        "fatigue": {
          "mae": 0.9428267045454546,
          "pearson_r": 0.17521932498783294,
          "n": 374
        },
        "reps": {
          "mae": 0.2016280935853122,
          "n": 374
        },
        "val_total": 0.13723089796974058,
        "val_total_per_task": {
          "exercise": 1.1695377221081984,
          "phase": 0.3348287535223731,
          "fatigue": 0.9428267172951111,
          "reps": 0.035187764222768536
        }
      }
    }
  ]
}