{
  "exercise": {
    "f1_macro": 0.37406972460163945,
    "balanced_accuracy": 0.44401602161245707,
    "n": 626
  },
  "phase": {
    "f1_macro": 0.2988196137621425,
    "balanced_accuracy": 0.31064327485380117,
    "n": 533
  },
  "fatigue": {
    "mae": 1.0340018470447285,
    "pearson_r": 0.37566367008967927,
    "n": 626
  },
  "reps": {
    "mae": 0.26837023872822496,
    "n": 531
  },
  "val_total": 0.6675990616170743,
  "val_total_per_task": {
    "exercise": 1.1394932258624237,
    "phase": 0.2873070729426302,
    "fatigue": 1.034001853138494,
    "reps": 0.05129429451026284
  }
}