{
  "exercise": {
    "f1_macro": 0.45472232635020116,
    "balanced_accuracy": 0.5040407252640293,
    "n": 682
  },
  "phase": {
    "f1_macro": 0.33442134287204706,
    "balanced_accuracy": 0.3781560074663523,
    "n": 488
  },
  "fatigue": {
    "mae": 1.1750652950879765,
    "pearson_r": 0.38722133964356514,
    "n": 682
  },
  "reps": {
    "mae": 0.18245165851508185,
    "n": 482
  },
  "val_total": 0.41288245807994495,
  "val_total_per_task": {
    "exercise": 1.5194793453664024,
    "phase": 0.48266706368790346,
    "fatigue": 1.1750652989334376,
    "reps": 0.027678255461527804
  }
}