{
  "exercise": {
    "f1_macro": 0.1461038961038961,
    "balanced_accuracy": 0.25,
    "n": 218
  },
  "phase": {
    "f1_macro": 0.1979949874686717,
    "balanced_accuracy": 0.3333333333333333,
    "n": 187
  },
  "fatigue": {
    "mae": 2.3348803038990824,
    "pearson_r": -0.10364986591242532,
    "n": 218
  },
  "reps": {
    "mae": 0.734785744353481,
    "n": 184
  },
  "val_total": 2.1400442123413086,
  "val_total_per_task": {
    "exercise": 1.3162225484848022,
    "phase": 0.33937156200408936,
    "fatigue": 2.3348801136016846,
    "reps": 0.33924025297164917
  }
}