{
  "exercise": {
    "f1_macro": 0.3741065932308561,
    "balanced_accuracy": 0.39230135445125347,
    "n": 755
  },
  "phase": {
    "f1_macro": 0.3054426829966234,
    "balanced_accuracy": 0.3252872115640262,
    "n": 560
  },
  "fatigue": {
    "mae": 0.9348923841059603,
    "pearson_r": 0.48680886054415573,
    "n": 755
  },
  "reps": {
    "mae": 0.1635844797553286,
    "n": 554
  },
  "val_total": -0.10307654055538557,
  "val_total_per_task": {
    "exercise": 1.2413738053366048,
    "phase": 0.39219747090971235,
    "fatigue": 0.9348923809480983,
    "reps": 0.02718084862591415
  }
}