{
  "exercise": {
    "f1_macro": 0.27888828039430447,
    "balanced_accuracy": 0.326271186440678,
    "n": 218
  },
  "phase": {
    "f1_macro": 0.1979949874686717,
    "balanced_accuracy": 0.3333333333333333,
    "n": 187
  },
  "fatigue": {
    "mae": 1.021126003440367,
    "pearson_r": -0.2828417471056143,
    "n": 218
  },
  "reps": {
    "mae": 0.4730960969691691,
    "n": 184
  },
  "val_total": 1.3004655838012695,
  "val_total_per_task": {
    "exercise": 1.3565349578857422,
    "phase": 0.3373536467552185,
    "fatigue": 1.0211259126663208,
    "reps": 0.19574099779129028
  }
}