{
  "exercise": {
    "f1_macro": 0.3791938261634755,
    "balanced_accuracy": 0.4638630852771422,
    "n": 1256
  },
  "phase": {
    "f1_macro": 0.35235428871491487,
    "balanced_accuracy": 0.3568036315940884,
    "n": 1069
  },
  "fatigue": {
    "mae": 1.0940454568073248,
    "pearson_r": 0.3833484550864661,
    "n": 1256
  },
  "reps": {
    "mae": 0.14428888265202355,
    "n": 1067
  },
  "val_total": 0.8188497131797159,
  "val_total_per_task": {
    "exercise": 1.0879787244614523,
    "phase": 0.4240235891311791,
    "fatigue": 1.0940454571869722,
    "reps": 0.014754578963539024
  }
}