{
  "lr": 0.0017524037923440784,
  "weight_decay": 0.0002121344955377582,
  "batch_size": 256,
  "dropout": 0.4236861348149256,
  "repr_dim": 64,
  "_patience": 50
}