{
  "exercise": {
    "f1_macro": 0.3670399539995529,
    "balanced_accuracy": 0.43764727980601753,
    "n": 1256
  },
  "phase": {
    "f1_macro": 0.33857260855943166,
    "balanced_accuracy": 0.3425744432904739,
    "n": 1069
  },
  "fatigue": {
    "mae": 1.079779558121019,
    "pearson_r": 0.29138775248032933,
    "n": 1256
  },
  "reps": {
    "mae": 0.13132336263386873,
    "n": 1067
  },
  "val_total": -0.45137548067007854,
  "val_total_per_task": {
    "exercise": 1.1520983375561464,
    "phase": 0.4229391082456917,
    "fatigue": 1.0797795528059553,
    "reps": 0.012825354192239843
  }
}