{
  "exercise": {
    "f1_macro": 0.38418822348216397,
    "balanced_accuracy": 0.43619301708716307,
    "n": 266
  },
  "phase": {
    "f1_macro": 0.30593354268004846,
    "balanced_accuracy": 0.32783189033189036,
    "n": 194
  },
  "fatigue": {
    "mae": 1.3062588110902256,
    "pearson_r": 0.40046727128878806,
    "n": 266
  },
  "reps": {
    "mae": 0.4344933516587372,
    "n": 189
  },
  "val_total": 1.0905276492126006,
  "val_total_per_task": {
    "exercise": 1.3134225239431052,
    "phase": 0.3794238011639817,
    "fatigue": 1.3062588128828465,
    "reps": 0.13810508412526065
  }
}