{
  "exercise": {
    "f1_macro": 0.5892464351581126,
    "balanced_accuracy": 0.5781820037569732,
    "n": 252
  },
  "phase": {
    "f1_macro": 0.36519607843137253,
    "balanced_accuracy": 0.3922768922768923,
    "n": 217
  },
  "fatigue": {
    "mae": 1.2853422619047619,
    "pearson_r": 0.08398573380033823,
    "n": 252
  },
  "reps": {
    "mae": 0.5839835180091524,
    "n": 214
  },
  "val_total": 1.1761964559555054,
  "val_total_per_task": {
    "exercise": 1.0543088912963867,
    "phase": 0.2753329575061798,
    "fatigue": 1.2853423357009888,
    "reps": 0.23076941072940826
  }
}