{
  "exercise": {
    "f1_macro": 0.2890381137225457,
    "balanced_accuracy": 0.33891000040577135,
    "n": 626
  },
  "phase": {
    "f1_macro": 0.30998644258562913,
    "balanced_accuracy": 0.3511111111111111,
    "n": 533
  },
  "fatigue": {
    "mae": 1.077812999201278,
    "pearson_r": 0.2656762521663077,
    "n": 626
  },
  "reps": {
    "mae": 0.27502614415904925,
    "n": 531
  },
  "val_total": 0.48833569036885954,
  "val_total_per_task": {
    "exercise": 1.1776524835501234,
    "phase": 0.28384083404708593,
    "fatigue": 1.0778130028194512,
    "reps": 0.0536155891292297
  }
}