{
  "exercise": {
    "f1_macro": 0.3923548921556572,
    "balanced_accuracy": 0.4232227142729789,
    "n": 1509
  },
  "phase": {
    "f1_macro": 0.32043312498141757,
    "balanced_accuracy": 0.336247723132969,
    "n": 1113
  },
  "fatigue": {
    "mae": 0.997300053843605,
    "pearson_r": 0.393373887752563,
    "n": 1509
  },
  "reps": {
    "mae": 0.08603379443286167,
    "n": 1107
  },
  "val_total": -0.12337556431987097,
  "val_total_per_task": {
    "exercise": 1.2020491969909315,
    "phase": 0.8223088699670088,
    "fatigue": 0.9973000528956186,
    "reps": 0.0071344711599319755
  }
}