{
  "exercise": {
    "f1_macro": 0.407389412259229,
    "balanced_accuracy": 0.4766800429442326,
    "n": 252
  },
  "phase": {
    "f1_macro": 0.27836566725455614,
    "balanced_accuracy": 0.353006853006853,
    "n": 217
  },
  "fatigue": {
    "mae": 1.3433779761904763,
    "pearson_r": 0.15421772004894785,
    "n": 252
  },
  "reps": {
    "mae": 0.7834752561681182,
    "n": 214
  },
  "val_total": 1.595502633897085,
  "val_total_per_task": {
    "exercise": 1.2268986815497989,
    "phase": 0.31578504849993994,
    "fatigue": 1.3433779525378393,
    "reps": 0.3926897356434474
  }
}