{
  "exercise": {
    "f1_macro": 0.2856008002824526,
    "balanced_accuracy": 0.32013262611788784,
    "n": 626
  },
  "phase": {
    "f1_macro": 0.30526224982746725,
    "balanced_accuracy": 0.3234307992202729,
    "n": 533
  },
  "fatigue": {
    "mae": 1.086081020367412,
    "pearson_r": 0.27216543076738114,
    "n": 626
  },
  "reps": {
    "mae": 0.2650627134562507,
    "n": 531
  },
  "val_total": 0.0667651236628572,
  "val_total_per_task": {
    "exercise": 1.1385603362378982,
    "phase": 0.2847621517059521,
    "fatigue": 1.0860810211291327,
    "reps": 0.05046603272255427
  }
}