{
  "exercise": {
    "f1_macro": 0.17053644473878998,
    "balanced_accuracy": 0.1878060263653484,
    "n": 218
  },
  "phase": {
    "f1_macro": 0.3427841634738186,
    "balanced_accuracy": 0.36454737245876484,
    "n": 187
  },
  "fatigue": {
    "mae": 1.1564291857798166,
    "pearson_r": -0.3425928176514573,
    "n": 218
  },
  "reps": {
    "mae": 0.4742849854671437,
    "n": 184
  },
  "val_total": 1.5741698741912842,
  "val_total_per_task": {
    "exercise": 1.6698076725006104,
    "phase": 0.33279627561569214,
    "fatigue": 1.1564291715621948,
    "reps": 0.1971801370382309
  }
}