{
  "exercise": {
    "f1_macro": 0.12362030905077263,
    "balanced_accuracy": 0.25,
    "n": 682
  },
  "phase": {
    "f1_macro": 0.21481481481481482,
    "balanced_accuracy": 0.3333333333333333,
    "n": 488
  },
  "fatigue": {
    "mae": 1.271730663489736,
    "pearson_r": 0.2853303148039301,
    "n": 682
  },
  "reps": {
    "mae": 0.1760584923875406,
    "n": 482
  },
  "val_total": 1.4180360546559532,
  "val_total_per_task": {
    "exercise": 1.3541270585353773,
    "phase": 0.35131745717742224,
    "fatigue": 1.2717306659368477,
    "reps": 0.028586483929207946
  }
}