{
  "arch": "cnn_lstm_raw",
  "summary": {
    "val_total": {
      "mean": 0.8562733385033562,
      "std": 0.18554879532555796,
      "n": 5
    },
    "exercise": {
      "f1_macro": {
        "mean": 0.454004172947316,
        "std": 0.10447470289745275,
        "n": 5
      },
      "balanced_accuracy": {
        "mean": 0.4937570746788057,
        "std": 0.0957648311530547,
        "n": 5
      }
    },
    "phase": {
      "f1_macro": {
        "mean": 0.24204734864898905,
        "std": 0.045913107595600564,
        "n": 5
      },
      "balanced_accuracy": {
        "mean": 0.32776872863708895,
        "std": 0.01795143242250121,
        "n": 5
      }
    },
    "fatigue": {
      "mae": {
        "mean": 1.1274087326770341,
        "std": 0.19245546422844928,
        "n": 5
      },
      "pearson_r": {
        "mean": 0.12607199812838316,
        "std": 0.2363409294421858,
        "n": 5
      }
    },
    "reps": {
      "mae": {
        "mean": 0.4480847473277064,
        "std": 0.07625206205900047,
        "n": 5
      }
    }
  },
  "enabled_tasks": [
    "exercise",
    "phase",
    "fatigue",
    "reps"
  ],
  "all_results": [
    {
      "seed": 42,
      "fold": 0,
      "test_subjects": [
        "Tias",
        "sivert"
      ],
      "metrics": {
        "exercise": {
          "f1_macro": 0.5720715549864613,
          "balanced_accuracy": 0.5915207858059318,
          "n": 252
        },
        "phase": {
          "f1_macro": 0.22878397711015738,
          "balanced_accuracy": 0.29406329406329407,
          "n": 217
        },
        "fatigue": {
          "mae": 1.1159474206349207,
          "pearson_r": 0.2185308008462283,
          "n": 252
        },
        "reps": {
          "mae": 0.5984936114574704,
          "n": 214
        },
        "val_total": 0.7784306643501161,
        "val_total_per_task": {
          "exercise": 0.8780035423854041,
          "phase": 0.3026675023729839,
          "fatigue": 1.1159474282037645,
          "reps": 0.25169441624293254
        }
      }
    },
    {
      "seed": 42,
      "fold": 1,
      "test_subjects": [
        "Raghild",
        "michael"
      ],
      "metrics": {
        "exercise": {
          "f1_macro": 0.34890672686985247,
          "balanced_accuracy": 0.4228892932782268,
          "n": 266
        },
        "phase": {
          "f1_macro": 0.18942189421894218,
          "balanced_accuracy": 0.3333333333333333,
          "n": 194
        },
        "fatigue": {
          "mae": 1.375234962406015,
          "pearson_r": 0.07509295846910959,
          "n": 266
        },
        "reps": {
          "mae": 0.3928015110176549,
          "n": 189
        },
        "val_total": 1.1229303367155836,
        "val_total_per_task": {
          "exercise": 1.333760768847358,
          "phase": 0.38124532627880126,
          "fatigue": 1.3752349677838778,
          "reps": 0.12704065509308549
        }
      }
    },
    {
      "seed": 42,
      "fold": 2,
      "test_subjects": [
        "Juile",
        "lucas 2"
      ],
      "metrics": {
        "exercise": {
          "f1_macro": 0.3822810007055444,
          "balanced_accuracy": 0.37107126504447935,
          "n": 304
        },
        "phase": {
          "f1_macro": 0.3101135190918473,
          "balanced_accuracy": 0.3301562601309732,
          "n": 229
        },
        "fatigue": {
          "mae": 1.208753083881579,
          "pearson_r": 0.23455612790391195,
          "n": 304
        },
        "reps": {
          "mae": 0.415541836252695,
          "n": 223
        },
        "val_total": 0.9647361510678342,
        "val_total_per_task": {
          "exercise": 1.238306955287331,
          "phase": 0.3642255358005825,
          "fatigue": 1.2087530901557522,
          "reps": 0.13824692211653056
        }
      }
    },
    {
      "seed": 42,
      "fold": 3,
      "test_subjects": [
        "Hytten",
        "lucas"
      ],
      "metrics": {
        "exercise": {
          "f1_macro": 0.5899623397504794,
          "balanced_accuracy": 0.6179241273046066,
          "n": 218
        },
        "phase": {
          "f1_macro": 0.2794251409859923,
          "balanced_accuracy": 0.34795742232451093,
          "n": 187
        },
        "fatigue": {
          "mae": 1.1509819380733946,
          "pearson_r": -0.2989987162984744,
          "n": 218
        },
        "reps": {
          "mae": 0.40309151067681936,
          "n": 184
        },
        "val_total": 0.8473224771132163,
        "val_total_per_task": {
          "exercise": 1.186593992994466,
          "phase": 0.32419384674194757,
          "fatigue": 1.150981967602301,
          "reps": 0.12871563844724532
        }
      }
    },
    {
      "seed": 42,
      "fold": 4,
      "test_subjects": [
        "kiyomi"
      ],
      "metrics": {
        "exercise": {
          "f1_macro": 0.37679924242424245,
          "balanced_accuracy": 0.46537990196078427,
          "n": 149
        },
        "phase": {
          "f1_macro": 0.20249221183800623,
          "balanced_accuracy": 0.3333333333333333,
          "n": 149
        },
        "fatigue": {
          "mae": 0.7861262583892618,
          "pearson_r": 0.40117881972114033,
          "n": 149
        },
        "reps": {
          "mae": 0.4304952672338926,
          "n": 149
        },
        "val_total": 0.5679470632700312,
        "val_total_per_task": {
          "exercise": 0.9790113812324984,
          "phase": 0.3115412052845795,
          "fatigue": 0.7861262587892929,
          "reps": 0.16228822893744346
        }
      }
    }
  ]
}