{
  "exercise": {
    "f1_macro": 0.34724742891712035,
    "balanced_accuracy": 0.42647058823529416,
    "n": 149
  },
  "phase": {
    "f1_macro": 0.2747354497354497,
    "balanced_accuracy": 0.28874643874643874,
    "n": 149
  },
  "fatigue": {
    "mae": 0.7623479446308725,
    "pearson_r": 0.38033338170726744,
    "n": 149
  },
  "reps": {
    "mae": 0.4667113966264781,
    "n": 149
  },
  "val_total": 1.0412486687602613,
  "val_total_per_task": {
    "exercise": 1.300215949948202,
    "phase": 0.30763755648728186,
    "fatigue": 0.7623479502313089,
    "reps": 0.1780745353074682
  }
}