{
  "exercise": {
    "f1_macro": 0.29493552897312414,
    "balanced_accuracy": 0.3869286287089014,
    "n": 266
  },
  "phase": {
    "f1_macro": 0.2991680911680912,
    "balanced_accuracy": 0.3400974025974026,
    "n": 194
  },
  "fatigue": {
    "mae": 1.2837905310150375,
    "pearson_r": 0.28595622765587153,
    "n": 266
  },
  "reps": {
    "mae": 0.43044149602650017,
    "n": 189
  },
  "val_total": 1.2613269090652466,
  "val_total_per_task": {
    "exercise": 1.217574119567871,
    "phase": 0.31226179003715515,
    "fatigue": 1.2837905883789062,
    "reps": 0.14533361792564392
  }
}