{
  "lr": 0.0026855894511727224,
  "weight_decay": 0.00011764373460360009,
  "batch_size": 128,
  "dropout": 0.4817396218218131,
  "repr_dim": 256,
  "_patience": 50
}