{
  "lr": 0.0018821998957376897,
  "weight_decay": 1.5557663459679153e-05,
  "batch_size": 128,
  "dropout": 0.4995985841026318,
  "repr_dim": 64,
  "lstm_hidden": 32,
  "lstm_layers": 1,
  "_patience": 50
}