{
  "exercise": {
    "f1_macro": 0.3693865704176407,
    "balanced_accuracy": 0.4575757575757576,
    "n": 746
  },
  "phase": {
    "f1_macro": 0.30015206932263605,
    "balanced_accuracy": 0.33873147405625353,
    "n": 746
  },
  "fatigue": {
    "mae": 0.756231149463807,
    "pearson_r": 0.46119527406534905,
    "n": 746
  },
  "reps": {
    "mae": 0.1055665381662248,
    "n": 746
  },
  "val_total": -0.7323589037314816,
  "val_total_per_task": {
    "exercise": 1.0835795472837964,
    "phase": 0.4782795129448735,
    "fatigue": 0.7562311593712815,
    "reps": 0.00977493866768743
  }
}