{
  "exercise": {
    "f1_macro": 0.3309735689330279,
    "balanced_accuracy": 0.4107427455801828,
    "n": 1256
  },
  "phase": {
    "f1_macro": 0.2852554891992483,
    "balanced_accuracy": 0.33203999239354626,
    "n": 1069
  },
  "fatigue": {
    "mae": 1.0961727458200636,
    "pearson_r": 0.286185988191967,
    "n": 1256
  },
  "reps": {
    "mae": 0.11967579488037634,
    "n": 1067
  },
  "val_total": -0.4657566813146992,
  "val_total_per_task": {
    "exercise": 1.241058443761935,
    "phase": 0.4255104442690588,
    "fatigue": 1.0961727463895348,
    "reps": 0.01143234229652555
  }
}