{
  "exercise": {
    "f1_macro": 0.35784313725490197,
    "balanced_accuracy": 0.4411764705882353,
    "n": 149
  },
  "phase": {
    "f1_macro": 0.243538024802032,
    "balanced_accuracy": 0.29102564102564105,
    "n": 149
  },
  "fatigue": {
    "mae": 0.9774538590604027,
    "pearson_r": 0.23135401344462508,
    "n": 149
  },
  "reps": {
    "mae": 0.5193308970747178,
    "n": 149
  },
  "val_total": 1.1207687854766846,
  "val_total_per_task": {
    "exercise": 1.0477266311645508,
    "phase": 0.3113144636154175,
    "fatigue": 0.977453887462616,
    "reps": 0.19885313510894775
  }
}