{
  "lr": 0.002704529000995155,
  "weight_decay": 1.0172688422626946e-06,
  "batch_size": 64,
  "dropout": 0.381882712763133,
  "repr_dim": 64,
  "lstm_hidden": 32,
  "lstm_layers": 1,
  "_patience": 50
}