{
  "exercise": {
    "f1_macro": 0.3236804622373187,
    "balanced_accuracy": 0.3868741117326059,
    "n": 1509
  },
  "phase": {
    "f1_macro": 0.31969446302028764,
    "balanced_accuracy": 0.3321190042501518,
    "n": 1113
  },
  "fatigue": {
    "mae": 0.8754012384029158,
    "pearson_r": 0.5694178552214463,
    "n": 1509
  },
  "reps": {
    "mae": 0.08504550193260611,
    "n": 1107
  },
  "val_total": 0.5276307122765826,
  "val_total_per_task": {
    "exercise": 1.1386676660193917,
    "phase": 0.5326925238447524,
    "fatigue": 0.875401237691926,
    "reps": 0.00812159782439727
  }
}