{
  "exercise": {
    "f1_macro": 0.3822453440496773,
    "balanced_accuracy": 0.3611390469649398,
    "n": 304
  },
  "phase": {
    "f1_macro": 0.35978835978835977,
    "balanced_accuracy": 0.3844906957141931,
    "n": 229
  },
  "fatigue": {
    "mae": 1.1161081414473684,
    "pearson_r": 0.1766221378326971,
    "n": 304
  },
  "reps": {
    "mae": 0.3812407017497538,
    "n": 223
  },
  "val_total": 1.3256045517168547,
  "val_total_per_task": {
    "exercise": 1.3712425231933594,
    "phase": 0.33090922393296895,
    "fatigue": 1.1161081539957147,
    "reps": 0.11452188617304752
  }
}