{
  "exercise": {
    "f1_macro": 0.323680715830556,
    "balanced_accuracy": 0.40279375671115203,
    "n": 1509
  },
  "phase": {
    "f1_macro": 0.29608059723333496,
    "balanced_accuracy": 0.3224448492208055,
    "n": 1113
  },
  "fatigue": {
    "mae": 1.0710502609343937,
    "pearson_r": 0.4020402689083269,
    "n": 1509
  },
  "reps": {
    "mae": 0.08613179265306935,
    "n": 1107
  },
  "val_total": 1.2646716317252025,
  "val_total_per_task": {
    "exercise": 1.1531536708690222,
    "phase": 0.8344994481428322,
    "fatigue": 1.0710502568264526,
    "reps": 0.007281036949373974
  }
}