{
  "exercise": {
    "f1_macro": 0.254833156779661,
    "balanced_accuracy": 0.24111519607843138,
    "n": 149
  },
  "phase": {
    "f1_macro": 0.2800165631469979,
    "balanced_accuracy": 0.30135327635327636,
    "n": 149
  },
  "fatigue": {
    "mae": 0.8625209731543624,
    "pearson_r": 0.4077815556363316,
    "n": 149
  },
  "reps": {
    "mae": 0.5109314009322216,
    "n": 149
  },
  "val_total": 1.3479838371276855,
  "val_total_per_task": {
    "exercise": 1.6570004224777222,
    "phase": 0.31458574533462524,
    "fatigue": 0.8625209927558899,
    "reps": 0.17806749045848846
  }
}