{
  "exercise": {
    "f1_macro": 0.25603674540682414,
    "balanced_accuracy": 0.24325980392156862,
    "n": 149
  },
  "phase": {
    "f1_macro": 0.25848546315077753,
    "balanced_accuracy": 0.28896011396011395,
    "n": 149
  },
  "fatigue": {
    "mae": 0.761797399328859,
    "pearson_r": 0.5746299191805548,
    "n": 149
  },
  "reps": {
    "mae": 0.4797065468917557,
    "n": 149
  },
  "val_total": 1.1498160362243652,
  "val_total_per_task": {
    "exercise": 1.4562040567398071,
    "phase": 0.31618642807006836,
    "fatigue": 0.7617974281311035,
    "reps": 0.1788671612739563
  }
}