{
  "lr": 0.0037429559834297656,
  "weight_decay": 3.911427140777523e-06,
  "batch_size": 256,
  "dropout": 0.2871426405473705,
  "repr_dim": 128,
  "lstm_hidden": 128,
  "lstm_layers": 2,
  "_patience": 50
}