{
  "exercise": {
    "f1_macro": 0.23532897231702693,
    "balanced_accuracy": 0.26849614870818295,
    "n": 557
  },
  "phase": {
    "f1_macro": 0.21113711664175294,
    "balanced_accuracy": 0.33318612391193037,
    "n": 477
  },
  "fatigue": {
    "mae": 1.1058053747755834,
    "pearson_r": -0.2186971918509879,
    "n": 557
  },
  "reps": {
    "mae": 0.22788027136533556,
    "n": 474
  },
  "val_total": 0.3771678275651093,
  "val_total_per_task": {
    "exercise": 1.5336826384816606,
    "phase": 0.3995667677807423,
    "fatigue": 1.1058053709232187,
    "reps": 0.043039740543123636
  }
}