{
  "arch": "lstm_raw",
  "summary": {
    "val_total": {
      "mean": 0.7969009528401785,
      "std": 0.16103546553863746,
      "n": 5
    },
    "exercise": {
      "f1_macro": {
        "mean": 0.28744033937528785,
        "std": 0.07825781494908134,
        "n": 5
      },
      "balanced_accuracy": {
        "mean": 0.3729878173627251,
        "std": 0.07161268196316686,
        "n": 5
      }
    },
    "phase": {
      "f1_macro": {
        "mean": 0.2563108714201058,
        "std": 0.03748329721558249,
        "n": 5
      },
      "balanced_accuracy": {
        "mean": 0.32992162449536117,
        "std": 0.007688262596957355,
        "n": 5
      }
    },
    "fatigue": {
      "mae": {
        "mean": 1.110299536465488,
        "std": 0.1043619035474101,
        "n": 5
      },
      "pearson_r": {
        "mean": 0.1973519993454577,
        "std": 0.25583109406063764,
        "n": 5
      }
    },
    "reps": {
      "mae": {
        "mean": 0.1099712145113865,
        "std": 0.019183342043545652,
        "n": 5
      }
    }
  },
  "enabled_tasks": [
    "exercise",
    "phase",
    "fatigue",
    "reps"
  ],
  "all_results": [
    {
      "seed": 42,
      "fold": 0,
      "test_subjects": [
        "Tias",
        "sivert"
      ],
      "metrics": {
        "exercise": {
          "f1_macro": 0.3543574230920977,
          "balanced_accuracy": 0.421866284166069,
          "n": 1256
        },
        "phase": {
          "f1_macro": 0.3045094619808762,
          "balanced_accuracy": 0.3186409314980326,
          "n": 1069
        },
        "fatigue": {
          "mae": 1.0367237261146496,
          "pearson_r": 0.3592117837311274,
          "n": 1256
        },
        "reps": {
          "mae": 0.14240923509631923,
          "n": 1067
        },
        "val_total": 0.6510688597988931,
        "val_total_per_task": {
          "exercise": 1.1475334326932385,
          "phase": 0.4267916679382324,
          "fatigue": 1.036723726494297,
          "reps": 0.01454193837300038
        }
      }
    },
    {
      "seed": 42,
      "fold": 1,
      "test_subjects": [
        "Raghild",
        "michael"
      ],
      "metrics": {
        "exercise": {
          "f1_macro": 0.24601407917283535,
          "balanced_accuracy": 0.339550057943266,
          "n": 1361
        },
        "phase": {
          "f1_macro": 0.2257309603327213,
          "balanced_accuracy": 0.33404992396424465,
          "n": 969
        },
        "fatigue": {
          "mae": 1.2877508495591476,
          "pearson_r": 0.3142508725179042,
          "n": 1361
        },
        "reps": {
          "mae": 0.09570086355363618,
          "n": 964
        },
        "val_total": 1.0878546866838061,
        "val_total_per_task": {
          "exercise": 1.2783506937012963,
          "phase": 0.6978313239684094,
          "fatigue": 1.2877508495591476,
          "reps": 0.0077373062662128836
        }
      }
    },
    {
      "seed": 42,
      "fold": 2,
      "test_subjects": [
        "Juile",
        "lucas 2"
      ],
      "metrics": {
        "exercise": {
          "f1_macro": 0.32328676942838797,
          "balanced_accuracy": 0.4020075931891394,
          "n": 1509
        },
        "phase": {
          "f1_macro": 0.2965929834379289,
          "balanced_accuracy": 0.32364905889496054,
          "n": 1113
        },
        "fatigue": {
          "mae": 1.0171212309476474,
          "pearson_r": 0.46865233115399074,
          "n": 1509
        },
        "reps": {
          "mae": 0.08681722356144476,
          "n": 1107
        },
        "val_total": 0.767280853924331,
        "val_total_per_task": {
          "exercise": 1.1466411440636324,
          "phase": 0.5320716514897078,
          "fatigue": 1.0171212346605942,
          "reps": 0.008448631087326703
        }
      }
    },
    {
      "seed": 42,
      "fold": 3,
      "test_subjects": [
        "Hytten",
        "lucas"
      ],
      "metrics": {
        "exercise": {
          "f1_macro": 0.15366666666666667,
          "balanced_accuracy": 0.25,
          "n": 1106
        },
        "phase": {
          "f1_macro": 0.24265513782066594,
          "balanced_accuracy": 0.3399348747862347,
          "n": 944
        },
        "fatigue": {
          "mae": 1.0385609742314648,
          "pearson_r": -0.2544506425633448,
          "n": 1106
        },
        "reps": {
          "mae": 0.11668314079765932,
          "n": 941
        },
        "val_total": 0.829131785180642,
        "val_total_per_task": {
          "exercise": 1.436459419309123,
          "phase": 0.5057438447074476,
          "fatigue": 1.0385609742314648,
          "reps": 0.011404360282431891
        }
      }
    },
    {
      "seed": 42,
      "fold": 4,
      "test_subjects": [
        "kiyomi"
      ],
      "metrics": {
        "exercise": {
          "f1_macro": 0.3598767585164516,
          "balanced_accuracy": 0.45151515151515154,
          "n": 746
        },
        "phase": {
          "f1_macro": 0.2120658135283364,
          "balanced_accuracy": 0.3333333333333333,
          "n": 746
        },
        "fatigue": {
          "mae": 1.1713409014745308,
          "pearson_r": 0.09909565188761098,
          "n": 746
        },
        "reps": {
          "mae": 0.10824560954787296,
          "n": 746
        },
        "val_total": 0.6491685786132199,
        "val_total_per_task": {
          "exercise": 1.053751501896426,
          "phase": 0.4797998782616838,
          "fatigue": 1.1713409705072562,
          "reps": 0.010093756244785024
        }
      }
    }
  ]
}