{
  "exercise": {
    "f1_macro": 0.2843998601276335,
    "balanced_accuracy": 0.4069035553410554,
    "n": 682
  },
  "phase": {
    "f1_macro": 0.21788491933086082,
    "balanced_accuracy": 0.33332105314863936,
    "n": 488
  },
  "fatigue": {
    "mae": 1.3060621334310851,
    "pearson_r": 0.26454733470496167,
    "n": 682
  },
  "reps": {
    "mae": 0.18543840583831195,
    "n": 482
  },
  "val_total": 0.8886783801215835,
  "val_total_per_task": {
    "exercise": 1.2212565556998827,
    "phase": 0.518054397924205,
    "fatigue": 1.3060621386748954,
    "reps": 0.029282403831258196
  }
}