{
  "exercise": {
    "f1_macro": 0.3494535242274273,
    "balanced_accuracy": 0.42764409781549984,
    "n": 626
  },
  "phase": {
    "f1_macro": 0.27567745161059926,
    "balanced_accuracy": 0.31087719298245614,
    "n": 533
  },
  "fatigue": {
    "mae": 1.143046126198083,
    "pearson_r": 0.24072823076880445,
    "n": 626
  },
  "reps": {
    "mae": 0.2696161670776929,
    "n": 531
  },
  "val_total": 0.2543952480291787,
  "val_total_per_task": {
    "exercise": 1.1515054516137218,
    "phase": 0.28688396175448505,
    "fatigue": 1.1430461321014185,
    "reps": 0.05119826150730776
  }
}