{
  "arch": "cnn1d_raw",
  "summary": {
    "val_total": {
      "mean": 1.2784365431706708,
      "std": 0.3112085453936471,
      "n": 5
    },
    "exercise": {
      "f1_macro": {
        "mean": 0.45638198068486907,
        "std": 0.13080637990206526,
        "n": 5
      },
      "balanced_accuracy": {
        "mean": 0.48680448448685293,
        "std": 0.1077567966212315,
        "n": 5
      }
    },
    "phase": {
      "f1_macro": {
        "mean": 0.31531692093679253,
        "std": 0.01746279023809675,
        "n": 5
      },
      "balanced_accuracy": {
        "mean": 0.35781031550737546,
        "std": 0.014659524186519036,
        "n": 5
      }
    },
    "fatigue": {
      "mae": {
        "mean": 1.2074230752356885,
        "std": 0.2481612057858486,
        "n": 5
      },
      "pearson_r": {
        "mean": 0.14746889891926288,
        "std": 0.2557836424266823,
        "n": 5
      }
    },
    "reps": {
      "mae": {
        "mean": 0.4903851460562185,
        "std": 0.049582054375914994,
        "n": 5
      }
    }
  },
  "enabled_tasks": [
    "exercise",
    "phase",
    "fatigue",
    "reps"
  ],
  "all_results": [
    {
      "seed": 42,
      "fold": 0,
      "test_subjects": [
        "Tias",
        "sivert"
      ],
      "metrics": {
        "exercise": {
          "f1_macro": 0.6951644279337266,
          "balanced_accuracy": 0.6843485967270426,
          "n": 252
        },
        "phase": {
          "f1_macro": 0.33459453931894884,
          "balanced_accuracy": 0.35735735735735735,
          "n": 217
        },
        "fatigue": {
          "mae": 1.2114180307539681,
          "pearson_r": 0.15497169438323993,
          "n": 252
        },
        "reps": {
          "mae": 0.5500018131858277,
          "n": 214
        },
        "val_total": 0.7906507253646851,
        "val_total_per_task": {
          "exercise": 0.7271643280982971,
          "phase": 0.2644681930541992,
          "fatigue": 1.2114181518554688,
          "reps": 0.21035754680633545
        }
      }
    },
    {
      "seed": 42,
      "fold": 1,
      "test_subjects": [
        "Raghild",
        "michael"
      ],
      "metrics": {
        "exercise": {
          "f1_macro": 0.4229866828308586,
          "balanced_accuracy": 0.4992443402627845,
          "n": 266
        },
        "phase": {
          "f1_macro": 0.32258895827138473,
          "balanced_accuracy": 0.3432990620490621,
          "n": 194
        },
        "fatigue": {
          "mae": 1.658952067669173,
          "pearson_r": 0.3328639474537002,
          "n": 266
        },
        "reps": {
          "mae": 0.548229573688731,
          "n": 189
        },
        "val_total": 1.7043499337103134,
        "val_total_per_task": {
          "exercise": 1.4365505114533847,
          "phase": 0.44050085813479317,
          "fatigue": 1.6589520685654833,
          "reps": 0.20640132301732114
        }
      }
    },
    {
      "seed": 42,
      "fold": 2,
      "test_subjects": [
        "Juile",
        "lucas 2"
      ],
      "metrics": {
        "exercise": {
          "f1_macro": 0.4822814051622377,
          "balanced_accuracy": 0.46866006017791734,
          "n": 304
        },
        "phase": {
          "f1_macro": 0.33042269832078747,
          "balanced_accuracy": 0.37927121831031574,
          "n": 229
        },
        "fatigue": {
          "mae": 1.018567537006579,
          "pearson_r": 0.3623160162089427,
          "n": 304
        },
        "reps": {
          "mae": 0.4710223180504992,
          "n": 223
        },
        "val_total": 1.1083788369831287,
        "val_total_per_task": {
          "exercise": 1.2006364119680304,
          "phase": 0.366498705587889,
          "fatigue": 1.0185675401436656,
          "reps": 0.15759981619684318
        }
      }
    },
    {
      "seed": 42,
      "fold": 3,
      "test_subjects": [
        "Hytten",
        "lucas"
      ],
      "metrics": {
        "exercise": {
          "f1_macro": 0.33981072083085573,
          "balanced_accuracy": 0.38225962134495156,
          "n": 218
        },
        "phase": {
          "f1_macro": 0.2959832012463592,
          "balanced_accuracy": 0.3683831990794016,
          "n": 187
        },
        "fatigue": {
          "mae": 1.202157396788991,
          "pearson_r": -0.34224574286344794,
          "n": 218
        },
        "reps": {
          "mae": 0.4514657139130261,
          "n": 184
        },
        "val_total": 1.3269436359405518,
        "val_total_per_task": {
          "exercise": 1.3990271091461182,
          "phase": 0.32838648557662964,
          "fatigue": 1.2021573781967163,
          "reps": 0.16638199985027313
        }
      }
    },
    {
      "seed": 42,
      "fold": 4,
      "test_subjects": [
        "kiyomi"
      ],
      "metrics": {
        "exercise": {
          "f1_macro": 0.3416666666666667,
          "balanced_accuracy": 0.39950980392156865,
          "n": 149
        },
        "phase": {
          "f1_macro": 0.2929952075264824,
          "balanced_accuracy": 0.34074074074074073,
          "n": 149
        },
        "fatigue": {
          "mae": 0.9460203439597316,
          "pearson_r": 0.22943857941387955,
          "n": 149
        },
        "reps": {
          "mae": 0.43120631144300803,
          "n": 149
        },
        "val_total": 1.4618595838546753,
        "val_total_per_task": {
          "exercise": 1.7298362255096436,
          "phase": 0.3209686875343323,
          "fatigue": 0.9460203647613525,
          "reps": 0.16108904778957367
        }
      }
    }
  ]
}