{
  "exercise": {
    "f1_macro": 0.32188545840158733,
    "balanced_accuracy": 0.3666272647514495,
    "n": 75011
  },
  "phase": {
    "f1_macro": 0.25603365735232525,
    "balanced_accuracy": 0.32774110309319804,
    "n": 44914
  },
  "fatigue": {
    "mae": 1.0931272004074066,
    "pearson_r": 0.008932046736579102,
    "n": 75011
  },
  "reps": {
    "mae": 2.566843092922299,
    "n": 75011
  }
}