{
  "exercise": {
    "f1_macro": 0.2937021072796935,
    "balanced_accuracy": 0.30667892156862747,
    "n": 149
  },
  "phase": {
    "f1_macro": 0.3219586627826328,
    "balanced_accuracy": 0.36438746438746444,
    "n": 149
  },
  "fatigue": {
    "mae": 0.9120176174496645,
    "pearson_r": 0.28154797169344803,
    "n": 149
  },
  "reps": {
    "mae": 0.4960209062110458,
    "n": 149
  },
  "val_total": 1.6530780792236328,
  "val_total_per_task": {
    "exercise": 1.6460944414138794,
    "phase": 0.30790767073631287,
    "fatigue": 0.9120176434516907,
    "reps": 0.17702575027942657
  }
}