{
  "exercise": {
    "f1_macro": 0.34375258972849543,
    "balanced_accuracy": 0.33379337191071534,
    "n": 1509
  },
  "phase": {
    "f1_macro": 0.29494932766576043,
    "balanced_accuracy": 0.3337482291034204,
    "n": 1113
  },
  "fatigue": {
    "mae": 0.9397909418489065,
    "pearson_r": 0.5060548337625379,
    "n": 1509
  },
  "reps": {
    "mae": 0.09018074101856771,
    "n": 1107
  },
  "val_total": -0.25248365357982316,
  "val_total_per_task": {
    "exercise": 1.2883065588984606,
    "phase": 0.531328799848607,
    "fatigue": 0.9397909436658805,
    "reps": 0.008814809993872231
  }
}