{
  "exercise": {
    "f1_macro": 0.4229866828308586,
    "balanced_accuracy": 0.4992443402627845,
    "n": 266
  },
  "phase": {
    "f1_macro": 0.32258895827138473,
    "balanced_accuracy": 0.3432990620490621,
    "n": 194
  },
  "fatigue": {
    "mae": 1.658952067669173,
    "pearson_r": 0.3328639474537002,
    "n": 266
  },
  "reps": {
    "mae": 0.548229573688731,
    "n": 189
  },
  "val_total": 1.7043499337103134,
  "val_total_per_task": {
    "exercise": 1.4365505114533847,
    "phase": 0.44050085813479317,
    "fatigue": 1.6589520685654833,
    "reps": 0.20640132301732114
  }
}