{
  "exercise": {
    "f1_macro": 0.3524774083641843,
    "balanced_accuracy": 0.3738446180546384,
    "n": 1509
  },
  "phase": {
    "f1_macro": 0.295865707963584,
    "balanced_accuracy": 0.33496255818660187,
    "n": 1113
  },
  "fatigue": {
    "mae": 0.9842999295891319,
    "pearson_r": 0.37558687680606556,
    "n": 1509
  },
  "reps": {
    "mae": 0.08695786866269394,
    "n": 1107
  },
  "val_total": -0.0273795942346966,
  "val_total_per_task": {
    "exercise": 1.2614875602121776,
    "phase": 0.824408800061607,
    "fatigue": 0.9842999292731364,
    "reps": 0.007061619613062889
  }
}