{
  "arch": "cnn1d_raw",
  "summary": {
    "val_total": {
      "mean": 1.52905170917511,
      "std": 0.10409597801495658,
      "n": 5
    },
    "exercise": {
      "f1_macro": {
        "mean": 0.3348833776144903,
        "std": 0.07803273810637637,
        "n": 5
      },
      "balanced_accuracy": {
        "mean": 0.3643947053626907,
        "std": 0.10938825098813289,
        "n": 5
      }
    },
    "phase": {
      "f1_macro": {
        "mean": 0.2905826815338893,
        "std": 0.05267746142353856,
        "n": 5
      },
      "balanced_accuracy": {
        "mean": 0.33801467366024696,
        "std": 0.026068792414640198,
        "n": 5
      }
    },
    "fatigue": {
      "mae": {
        "mean": 1.2586641872676676,
        "std": 0.21346698554731622,
        "n": 5
      },
      "pearson_r": {
        "mean": 0.10845570346730829,
        "std": 0.30844795554942905,
        "n": 5
      }
    },
    "reps": {
      "mae": {
        "mean": 0.5071773994283524,
        "std": 0.10345966895741966,
        "n": 5
      }
    }
  },
  "enabled_tasks": [
    "exercise",
    "phase",
    "fatigue",
    "reps"
  ],
  "all_results": [
    {
      "seed": 42,
      "fold": 0,
      "test_subjects": [
        "Tias",
        "sivert"
      ],
      "metrics": {
        "exercise": {
          "f1_macro": 0.3938106819430517,
          "balanced_accuracy": 0.4708934577614943,
          "n": 252
        },
        "phase": {
          "f1_macro": 0.3136369097681125,
          "balanced_accuracy": 0.348001848001848,
          "n": 217
        },
        "fatigue": {
          "mae": 1.1156374007936507,
          "pearson_r": 0.1644302161435202,
          "n": 252
        },
        "reps": {
          "mae": 0.7014850186201457,
          "n": 214
        },
        "val_total": 1.3903498649597168,
        "val_total_per_task": {
          "exercise": 1.159787654876709,
          "phase": 0.31181490421295166,
          "fatigue": 1.1156374216079712,
          "reps": 0.3226887285709381
        }
      }
    },
    {
      "seed": 42,
      "fold": 1,
      "test_subjects": [
        "Raghild",
        "michael"
      ],
      "metrics": {
        "exercise": {
          "f1_macro": 0.4440862253076555,
          "balanced_accuracy": 0.515072070404869,
          "n": 266
        },
        "phase": {
          "f1_macro": 0.3160653094134247,
          "balanced_accuracy": 0.35308441558441556,
          "n": 194
        },
        "fatigue": {
          "mae": 1.549033717105263,
          "pearson_r": 0.0940040172853699,
          "n": 266
        },
        "reps": {
          "mae": 0.41642802901487186,
          "n": 189
        },
        "val_total": 1.5979645252227783,
        "val_total_per_task": {
          "exercise": 1.3654227256774902,
          "phase": 0.31413984298706055,
          "fatigue": 1.549033761024475,
          "reps": 0.13312627375125885
        }
      }
    },
    {
      "seed": 42,
      "fold": 2,
      "test_subjects": [
        "Juile",
        "lucas 2"
      ],
      "metrics": {
        "exercise": {
          "f1_macro": 0.3398031888417943,
          "balanced_accuracy": 0.3266001111983255,
          "n": 304
        },
        "phase": {
          "f1_macro": 0.3455149012593754,
          "balanced_accuracy": 0.3730143292485249,
          "n": 229
        },
        "fatigue": {
          "mae": 1.269813939144737,
          "pearson_r": 0.31750720961751566,
          "n": 304
        },
        "reps": {
          "mae": 0.4225374970944273,
          "n": 223
        },
        "val_total": 1.4230620861053467,
        "val_total_per_task": {
          "exercise": 1.2382322549819946,
          "phase": 0.34310153126716614,
          "fatigue": 1.269813895225525,
          "reps": 0.1422264277935028
        }
      }
    },
    {
      "seed": 42,
      "fold": 3,
      "test_subjects": [
        "Hytten",
        "lucas"
      ],
      "metrics": {
        "exercise": {
          "f1_macro": 0.25338345864661654,
          "balanced_accuracy": 0.2667608286252354,
          "n": 218
        },
        "phase": {
          "f1_macro": 0.19235492176668648,
          "balanced_accuracy": 0.30336593785960875,
          "n": 187
        },
        "fatigue": {
          "mae": 1.4143491972477065,
          "pearson_r": -0.4625120821309383,
          "n": 218
        },
        "reps": {
          "mae": 0.5073554305278737,
          "n": 184
        },
        "val_total": 1.6588326692581177,
        "val_total_per_task": {
          "exercise": 1.530981183052063,
          "phase": 0.32106268405914307,
          "fatigue": 1.41434907913208,
          "reps": 0.20691892504692078
        }
      }
    },
    {
      "seed": 42,
      "fold": 4,
      "test_subjects": [
        "kiyomi"
      ],
      "metrics": {
        "exercise": {
          "f1_macro": 0.24333333333333335,
          "balanced_accuracy": 0.2426470588235294,
          "n": 149
        },
        "phase": {
          "f1_macro": 0.28534136546184735,
          "balanced_accuracy": 0.3126068376068376,
          "n": 149
        },
        "fatigue": {
          "mae": 0.9444866820469798,
          "pearson_r": 0.42884915642107396,
          "n": 149
        },
        "reps": {
          "mae": 0.4880810218844438,
          "n": 149
        },
        "val_total": 1.5750494003295898,
        "val_total_per_task": {
          "exercise": 1.8683115243911743,
          "phase": 0.3294469118118286,
          "fatigue": 0.944486677646637,
          "reps": 0.18400508165359497
        }
      }
    }
  ]
}