{
  "exercise": {
    "f1_macro": 0.4349389034671352,
    "balanced_accuracy": 0.4612890829408687,
    "n": 304
  },
  "phase": {
    "f1_macro": 0.3229856993372864,
    "balanced_accuracy": 0.35229851520456457,
    "n": 229
  },
  "fatigue": {
    "mae": 1.1560829564144737,
    "pearson_r": 0.2883580083563109,
    "n": 304
  },
  "reps": {
    "mae": 0.39098193642219753,
    "n": 223
  },
  "val_total": 0.8717020310853657,
  "val_total_per_task": {
    "exercise": 1.1482325039411847,
    "phase": 0.36232183559944753,
    "fatigue": 1.15608296896282,
    "reps": 0.12449071321048234
  }
}