{
  "exercise": {
    "f1_macro": 0.367142254820849,
    "balanced_accuracy": 0.4545454545454546,
    "n": 746
  },
  "phase": {
    "f1_macro": 0.259087934685502,
    "balanced_accuracy": 0.34269654578395553,
    "n": 746
  },
  "fatigue": {
    "mae": 0.6656176692359249,
    "pearson_r": 0.5654217363439318,
    "n": 746
  },
  "reps": {
    "mae": 0.10851213131749118,
    "n": 746
  },
  "val_total": -0.705115084993296,
  "val_total_per_task": {
    "exercise": 1.1518017897337436,
    "phase": 0.48243767110975433,
    "fatigue": 0.6656176738700662,
    "reps": 0.009573432502034683
  }
}