{
  "exercise": {
    "f1_macro": 0.5616176506420409,
    "balanced_accuracy": 0.5723414405630903,
    "n": 252
  },
  "phase": {
    "f1_macro": 0.22973227059063972,
    "balanced_accuracy": 0.2924077924077924,
    "n": 217
  },
  "fatigue": {
    "mae": 1.0817212301587302,
    "pearson_r": 0.26457344461074284,
    "n": 252
  },
  "reps": {
    "mae": 0.6071818295831435,
    "n": 214
  },
  "val_total": 0.7754788663652208,
  "val_total_per_task": {
    "exercise": 0.8941340181562636,
    "phase": 0.30165438377667986,
    "fatigue": 1.0817211960989332,
    "reps": 0.2558231091215497
  }
}