{
  "lr": 0.003932403223002515,
  "weight_decay": 1.4450650491648713e-05,
  "batch_size": 256,
  "dropout": 0.3423538641125231,
  "repr_dim": 64,
  "_patience": 50
}