{
  "exercise": {
    "f1_macro": 0.29218380305049635,
    "balanced_accuracy": 0.33134033059441353,
    "n": 682
  },
  "phase": {
    "f1_macro": 0.30063358421567377,
    "balanced_accuracy": 0.3297597995873858,
    "n": 488
  },
  "fatigue": {
    "mae": 1.3025024056085044,
    "pearson_r": 0.17329392276843894,
    "n": 682
  },
  "reps": {
    "mae": 0.175272588328269,
    "n": 482
  },
  "val_total": 0.6352829062693979,
  "val_total_per_task": {
    "exercise": 1.3710880758475699,
    "phase": 0.3561137945246487,
    "fatigue": 1.3025024059580919,
    "reps": 0.02894710623754784
  }
}