{
  "arch": "cnn_lstm_raw",
  "summary": {
    "val_total": {
      "mean": 1.1594642002779738,
      "std": 0.08428430982855833,
      "n": 5
    },
    "exercise": {
      "f1_macro": {
        "mean": 0.302706054086369,
        "std": 0.07918861951684927,
        "n": 5
      },
      "balanced_accuracy": {
        "mean": 0.3923326710739291,
        "std": 0.07404624501437207,
        "n": 5
      }
    },
    "phase": {
      "f1_macro": {
        "mean": 0.25609859414481984,
        "std": 0.03696230666275607,
        "n": 5
      },
      "balanced_accuracy": {
        "mean": 0.31692887887683574,
        "std": 0.02317091800787573,
        "n": 5
      }
    },
    "fatigue": {
      "mae": {
        "mean": 1.0724352620438249,
        "std": 0.11047199092022346,
        "n": 5
      },
      "pearson_r": {
        "mean": 0.21624854218630304,
        "std": 0.2004581895573462,
        "n": 5
      }
    },
    "reps": {
      "mae": {
        "mean": 0.5080839163083821,
        "std": 0.08433803148941639,
        "n": 5
      }
    }
  },
  "enabled_tasks": [
    "exercise",
    "phase",
    "fatigue",
    "reps"
  ],
  "all_results": [
    {
      "seed": 42,
      "fold": 0,
      "test_subjects": [
        "Tias",
        "sivert"
      ],
      "metrics": {
        "exercise": {
          "f1_macro": 0.3528061224489796,
          "balanced_accuracy": 0.4113665200156161,
          "n": 252
        },
        "phase": {
          "f1_macro": 0.25835945663531873,
          "balanced_accuracy": 0.27712327712327717,
          "n": 217
        },
        "fatigue": {
          "mae": 1.064391121031746,
          "pearson_r": 0.33237519011359434,
          "n": 252
        },
        "reps": {
          "mae": 0.656039854946816,
          "n": 214
        },
        "val_total": 1.2144204378128052,
        "val_total_per_task": {
          "exercise": 1.1559032201766968,
          "phase": 0.32505616545677185,
          "fatigue": 1.0643911361694336,
          "reps": 0.2851417660713196
        }
      }
    },
    {
      "seed": 42,
      "fold": 1,
      "test_subjects": [
        "Raghild",
        "michael"
      ],
      "metrics": {
        "exercise": {
          "f1_macro": 0.30424836601307187,
          "balanced_accuracy": 0.40450414327719864,
          "n": 266
        },
        "phase": {
          "f1_macro": 0.2915944733217824,
          "balanced_accuracy": 0.3270652958152958,
          "n": 194
        },
        "fatigue": {
          "mae": 1.2419965930451127,
          "pearson_r": 0.237725971360464,
          "n": 266
        },
        "reps": {
          "mae": 0.44103850679541073,
          "n": 189
        },
        "val_total": 1.2700120918732836,
        "val_total_per_task": {
          "exercise": 1.2171497775199718,
          "phase": 0.37303660507488967,
          "fatigue": 1.241996591252492,
          "reps": 0.15292412894112722
        }
      }
    },
    {
      "seed": 42,
      "fold": 2,
      "test_subjects": [
        "Juile",
        "lucas 2"
      ],
      "metrics": {
        "exercise": {
          "f1_macro": 0.33882054563985875,
          "balanced_accuracy": 0.4325573979591837,
          "n": 304
        },
        "phase": {
          "f1_macro": 0.2406518259857413,
          "balanced_accuracy": 0.34847305971600856,
          "n": 229
        },
        "fatigue": {
          "mae": 1.141640111019737,
          "pearson_r": 0.2903852095306758,
          "n": 304
        },
        "reps": {
          "mae": 0.4137367157332365,
          "n": 223
        },
        "val_total": 1.151946036439193,
        "val_total_per_task": {
          "exercise": 1.058644341795068,
          "phase": 0.35188122328959015,
          "fatigue": 1.141640123568083,
          "reps": 0.13815712928771973
        }
      }
    },
    {
      "seed": 42,
      "fold": 3,
      "test_subjects": [
        "Hytten",
        "lucas"
      ],
      "metrics": {
        "exercise": {
          "f1_macro": 0.15,
          "balanced_accuracy": 0.25,
          "n": 218
        },
        "phase": {
          "f1_macro": 0.19455252918287938,
          "balanced_accuracy": 0.3164556962025316,
          "n": 187
        },
        "fatigue": {
          "mae": 0.937087872706422,
          "pearson_r": -0.1716301930385941,
          "n": 218
        },
        "reps": {
          "mae": 0.5051377619738164,
          "n": 184
        },
        "val_total": 1.1426881551742554,
        "val_total_per_task": {
          "exercise": 1.267242193222046,
          "phase": 0.320173054933548,
          "fatigue": 0.9370878338813782,
          "reps": 0.19421572983264923
        }
      }
    },
    {
      "seed": 42,
      "fold": 4,
      "test_subjects": [
        "kiyomi"
      ],
      "metrics": {
        "exercise": {
          "f1_macro": 0.36765523632993513,
          "balanced_accuracy": 0.4632352941176471,
          "n": 149
        },
        "phase": {
          "f1_macro": 0.2953346855983773,
          "balanced_accuracy": 0.3155270655270655,
          "n": 149
        },
        "fatigue": {
          "mae": 0.9770606124161074,
          "pearson_r": 0.3923865329653752,
          "n": 149
        },
        "reps": {
          "mae": 0.524466742092631,
          "n": 149
        },
        "val_total": 1.018254280090332,
        "val_total_per_task": {
          "exercise": 0.9943343997001648,
          "phase": 0.31688210368156433,
          "fatigue": 0.9770606160163879,
          "reps": 0.20521104335784912
        }
      }
    }
  ]
}