{
  "exercise": {
    "f1_macro": 0.39900925158795914,
    "balanced_accuracy": 0.3905188648613546,
    "n": 218
  },
  "phase": {
    "f1_macro": 0.2882712718114769,
    "balanced_accuracy": 0.3322784810126582,
    "n": 187
  },
  "fatigue": {
    "mae": 1.2540316800458715,
    "pearson_r": -0.4064358890930247,
    "n": 218
  },
  "reps": {
    "mae": 0.4749736730819163,
    "n": 184
  },
  "val_total": 1.1359636783599854,
  "val_total_per_task": {
    "exercise": 1.1705607175827026,
    "phase": 0.33349287509918213,
    "fatigue": 1.2540316581726074,
    "reps": 0.17060089111328125
  }
}