{
  "exercise": {
    "f1_macro": 0.28263037477308084,
    "balanced_accuracy": 0.3317821182314108,
    "n": 182309
  },
  "phase": {
    "f1_macro": 0.26443690195046193,
    "balanced_accuracy": 0.33181874401728995,
    "n": 58337
  },
  "fatigue": {
    "mae": 1.0724818133512213,
    "pearson_r": 0.04268900307244924,
    "n": 182309
  },
  "reps": {
    "mae": 4.650679811632993,
    "n": 182309
  }
}