{
  "exercise": {
    "f1_macro": 0.24086976320582879,
    "balanced_accuracy": 0.2853011397549953,
    "n": 557
  },
  "phase": {
    "f1_macro": 0.2886541151734689,
    "balanced_accuracy": 0.3408282130056324,
    "n": 477
  },
  "fatigue": {
    "mae": 1.0558165956014363,
    "pearson_r": -0.230230561393449,
    "n": 557
  },
  "reps": {
    "mae": 0.2400723989391778,
    "n": 474
  },
  "val_total": 0.4486225248453219,
  "val_total_per_task": {
    "exercise": 1.6580729428912835,
    "phase": 0.40614023002088606,
    "fatigue": 1.055816604162247,
    "reps": 0.04559929795309072
  }
}