{
  "exercise": {
    "f1_macro": 0.25671007175126226,
    "balanced_accuracy": 0.2542892156862745,
    "n": 149
  },
  "phase": {
    "f1_macro": 0.29322813938198555,
    "balanced_accuracy": 0.3228632478632479,
    "n": 149
  },
  "fatigue": {
    "mae": 1.0023332634228188,
    "pearson_r": 0.3702140367588336,
    "n": 149
  },
  "reps": {
    "mae": 0.5381683186071631,
    "n": 149
  },
  "val_total": 1.6193042993545532,
  "val_total_per_task": {
    "exercise": 1.7884923219680786,
    "phase": 0.35685157775878906,
    "fatigue": 1.0023332834243774,
    "reps": 0.1937110871076584
  }
}