{
  "exercise": {
    "f1_macro": 0.12287712287712288,
    "balanced_accuracy": 0.25,
    "n": 755
  },
  "phase": {
    "f1_macro": 0.2271273435228379,
    "balanced_accuracy": 0.34244760692013115,
    "n": 560
  },
  "fatigue": {
    "mae": 1.0107771109271524,
    "pearson_r": 0.507519707318461,
    "n": 755
  },
  "reps": {
    "mae": 0.16777154552709944,
    "n": 554
  },
  "val_total": 1.0145874058173983,
  "val_total_per_task": {
    "exercise": 1.3183102298256577,
    "phase": 0.3677135561080958,
    "fatigue": 1.0107771101376868,
    "reps": 0.02647790779538502
  }
}