{
  "exercise": {
    "f1_macro": 0.24203058055894028,
    "balanced_accuracy": 0.28606403013182674,
    "n": 218
  },
  "phase": {
    "f1_macro": 0.23567133353872136,
    "balanced_accuracy": 0.28509781357882624,
    "n": 187
  },
  "fatigue": {
    "mae": 1.243585149082569,
    "pearson_r": -0.41974847659109404,
    "n": 218
  },
  "reps": {
    "mae": 0.463477964958419,
    "n": 184
  },
  "val_total": 0.8981437201893657,
  "val_total_per_task": {
    "exercise": 1.3290477881737806,
    "phase": 0.33217309647743853,
    "fatigue": 1.2435851534572215,
    "reps": 0.1951293783997177
  }
}