{
  "exercise": {
    "f1_macro": 0.1461038961038961,
    "balanced_accuracy": 0.25,
    "n": 218
  },
  "phase": {
    "f1_macro": 0.1979949874686717,
    "balanced_accuracy": 0.3333333333333333,
    "n": 187
  },
  "fatigue": {
    "mae": 1.1430977637614679,
    "pearson_r": -0.23994995469690195,
    "n": 218
  },
  "reps": {
    "mae": 0.4925336510590885,
    "n": 184
  },
  "val_total": 0.8041473495850869,
  "val_total_per_task": {
    "exercise": 1.3383117301748433,
    "phase": 0.3124165061963807,
    "fatigue": 1.1430977615741416,
    "reps": 0.17085591095303176
  }
}