{
  "exercise": {
    "f1_macro": 0.12287712287712288,
    "balanced_accuracy": 0.25,
    "n": 755
  },
  "phase": {
    "f1_macro": 0.20519159456118666,
    "balanced_accuracy": 0.3333333333333333,
    "n": 560
  },
  "fatigue": {
    "mae": 0.9358133278145695,
    "pearson_r": 0.34545936048471193,
    "n": 755
  },
  "reps": {
    "mae": 0.16695114547497716,
    "n": 554
  },
  "val_total": 1.2445049195889606,
  "val_total_per_task": {
    "exercise": 1.3747309548965354,
    "phase": 0.3690482604977311,
    "fatigue": 0.9358133210251663,
    "reps": 0.02684255772029722
  }
}