{
  "exercise": {
    "f1_macro": 0.3756028468417849,
    "balanced_accuracy": 0.425600243250548,
    "n": 252
  },
  "phase": {
    "f1_macro": 0.2210632911392405,
    "balanced_accuracy": 0.3006853006853007,
    "n": 217
  },
  "fatigue": {
    "mae": 1.0968967013888888,
    "pearson_r": 0.172206899886356,
    "n": 252
  },
  "reps": {
    "mae": 0.6414796312069782,
    "n": 214
  },
  "val_total": 0.9934035539627075,
  "val_total_per_task": {
    "exercise": 1.1391834020614624,
    "phase": 0.32294952869415283,
    "fatigue": 1.096896767616272,
    "reps": 0.27337881922721863
  }
}