{
  "exercise": {
    "f1_macro": 0.39448184460424124,
    "balanced_accuracy": 0.4201164475894222,
    "n": 755
  },
  "phase": {
    "f1_macro": 0.30092592592592593,
    "balanced_accuracy": 0.3340656470248007,
    "n": 560
  },
  "fatigue": {
    "mae": 1.06041494205298,
    "pearson_r": 0.3590412996715066,
    "n": 755
  },
  "reps": {
    "mae": 0.16425481769054565,
    "n": 554
  },
  "val_total": 0.16960295525607683,
  "val_total_per_task": {
    "exercise": 1.2022182834069461,
    "phase": 0.3914441415016225,
    "fatigue": 1.0604149292636391,
    "reps": 0.026437396992812095
  }
}