{
  "exercise": {
    "f1_macro": 0.3376196979067653,
    "balanced_accuracy": 0.41981132075471694,
    "n": 755
  },
  "phase": {
    "f1_macro": 0.2502867034512604,
    "balanced_accuracy": 0.3470140725503641,
    "n": 560
  },
  "fatigue": {
    "mae": 0.981275869205298,
    "pearson_r": 0.4368617262763095,
    "n": 755
  },
  "reps": {
    "mae": 0.17684805540734438,
    "n": 554
  },
  "val_total": 0.7556355808744367,
  "val_total_per_task": {
    "exercise": 1.1176937343268996,
    "phase": 0.39589516607341385,
    "fatigue": 0.981275862889574,
    "reps": 0.02998966368421024
  }
}