{
  "exercise": {
    "f1_macro": 0.36042650531286896,
    "balanced_accuracy": 0.45151515151515154,
    "n": 746
  },
  "phase": {
    "f1_macro": 0.2120658135283364,
    "balanced_accuracy": 0.3333333333333333,
    "n": 746
  },
  "fatigue": {
    "mae": 1.1893169822386058,
    "pearson_r": 0.3209085941959412,
    "n": 746
  },
  "reps": {
    "mae": 0.10758280941352608,
    "n": 746
  },
  "val_total": 0.34852379544490786,
  "val_total_per_task": {
    "exercise": 1.0422888559566426,
    "phase": 0.48139171354252913,
    "fatigue": 1.1893170046103225,
    "reps": 0.010089394139580368
  }
}