{
  "arch": "cnn_lstm_raw",
  "summary": {
    "val_total": {
      "mean": 0.9726381464112073,
      "std": 0.08322734707084495,
      "n": 5
    },
    "exercise": {
      "f1_macro": {
        "mean": 0.3210266419712012,
        "std": 0.07437339568024263,
        "n": 5
      },
      "balanced_accuracy": {
        "mean": 0.3904404102456191,
        "std": 0.05998681707291169,
        "n": 5
      }
    },
    "phase": {
      "f1_macro": {
        "mean": 0.28838881466892136,
        "std": 0.048597644959190854,
        "n": 5
      },
      "balanced_accuracy": {
        "mean": 0.3363541891586724,
        "std": 0.026361667858716346,
        "n": 5
      }
    },
    "fatigue": {
      "mae": {
        "mean": 1.279661065995915,
        "std": 0.0904581710926205,
        "n": 5
      },
      "pearson_r": {
        "mean": 0.022304284534114312,
        "std": 0.23607235805993618,
        "n": 5
      }
    },
    "reps": {
      "mae": {
        "mean": 0.4873105158582124,
        "std": 0.07533529522344094,
        "n": 5
      }
    }
  },
  "enabled_tasks": [
    "exercise",
    "phase",
    "fatigue",
    "reps"
  ],
  "all_results": [
    {
      "seed": 42,
      "fold": 0,
      "test_subjects": [
        "Tias",
        "sivert"
      ],
      "metrics": {
        "exercise": {
          "f1_macro": 0.4028912282735827,
          "balanced_accuracy": 0.47158510766089073,
          "n": 252
        },
        "phase": {
          "f1_macro": 0.32916185342061355,
          "balanced_accuracy": 0.36224686224686226,
          "n": 217
        },
        "fatigue": {
          "mae": 1.144500248015873,
          "pearson_r": 0.12008666297012839,
          "n": 252
        },
        "reps": {
          "mae": 0.6262308278721627,
          "n": 214
        },
        "val_total": 0.9563912153244019,
        "val_total_per_task": {
          "exercise": 1.07807457447052,
          "phase": 0.318046897649765,
          "fatigue": 1.1445002555847168,
          "reps": 0.26292046904563904
        }
      }
    },
    {
      "seed": 42,
      "fold": 1,
      "test_subjects": [
        "Raghild",
        "michael"
      ],
      "metrics": {
        "exercise": {
          "f1_macro": 0.28069756330625895,
          "balanced_accuracy": 0.36988773055332796,
          "n": 266
        },
        "phase": {
          "f1_macro": 0.27167449139280125,
          "balanced_accuracy": 0.2949134199134199,
          "n": 194
        },
        "fatigue": {
          "mae": 1.4199953007518797,
          "pearson_r": 0.30820296206962045,
          "n": 266
        },
        "reps": {
          "mae": 0.45642941254905606,
          "n": 189
        },
        "val_total": 1.084159897682362,
        "val_total_per_task": {
          "exercise": 1.2786247990185158,
          "phase": 0.37041207184468894,
          "fatigue": 1.4199953025445007,
          "reps": 0.14780995361787036
        }
      }
    },
    {
      "seed": 42,
      "fold": 2,
      "test_subjects": [
        "Juile",
        "lucas 2"
      ],
      "metrics": {
        "exercise": {
          "f1_macro": 0.36783326018527696,
          "balanced_accuracy": 0.38145113814756676,
          "n": 304
        },
        "phase": {
          "f1_macro": 0.3411599524786694,
          "balanced_accuracy": 0.36743824158723987,
          "n": 229
        },
        "fatigue": {
          "mae": 1.3087479440789473,
          "pearson_r": 0.10145487185539306,
          "n": 304
        },
        "reps": {
          "mae": 0.39825719810871935,
          "n": 223
        },
        "val_total": 0.9907038556902033,
        "val_total_per_task": {
          "exercise": 1.178397730777138,
          "phase": 0.35413498078521927,
          "fatigue": 1.3087479503531205,
          "reps": 0.12939569903047463
        }
      }
    },
    {
      "seed": 42,
      "fold": 3,
      "test_subjects": [
        "Hytten",
        "lucas"
      ],
      "metrics": {
        "exercise": {
          "f1_macro": 0.19550528789659224,
          "balanced_accuracy": 0.29545454545454547,
          "n": 218
        },
        "phase": {
          "f1_macro": 0.20452809601745772,
          "balanced_accuracy": 0.32868239355581125,
          "n": 187
        },
        "fatigue": {
          "mae": 1.2900838589449541,
          "pearson_r": -0.40143933458430775,
          "n": 218
        },
        "reps": {
          "mae": 0.47518959868213406,
          "n": 184
        },
        "val_total": 1.003098487854004,
        "val_total_per_task": {
          "exercise": 1.3155338764190674,
          "phase": 0.3193569779396057,
          "fatigue": 1.2900837659835815,
          "reps": 0.17127355933189392
        }
      }
    },
    {
      "seed": 42,
      "fold": 4,
      "test_subjects": [
        "kiyomi"
      ],
      "metrics": {
        "exercise": {
          "f1_macro": 0.3582058701942952,
          "balanced_accuracy": 0.4338235294117647,
          "n": 149
        },
        "phase": {
          "f1_macro": 0.29541968003506464,
          "balanced_accuracy": 0.3284900284900285,
          "n": 149
        },
        "fatigue": {
          "mae": 1.2349779781879195,
          "pearson_r": -0.0167837396402626,
          "n": 149
        },
        "reps": {
          "mae": 0.48044554207899026,
          "n": 149
        },
        "val_total": 0.8288372755050659,
        "val_total_per_task": {
          "exercise": 1.0680185556411743,
          "phase": 0.3070610463619232,
          "fatigue": 1.2349779605865479,
          "reps": 0.17174910008907318
        }
      }
    }
  ]
}