{
  "exercise": {
    "f1_macro": 0.11764460163190286,
    "balanced_accuracy": 0.18788101744797142,
    "n": 252
  },
  "phase": {
    "f1_macro": 0.2590579264543107,
    "balanced_accuracy": 0.27666127666127666,
    "n": 217
  },
  "fatigue": {
    "mae": 1.079985119047619,
    "pearson_r": 0.07951383232285714,
    "n": 252
  },
  "reps": {
    "mae": 0.6626474832611107,
    "n": 214
  },
  "val_total": 1.4841797351837158,
  "val_total_per_task": {
    "exercise": 1.3982417583465576,
    "phase": 0.3256419003009796,
    "fatigue": 1.0799851417541504,
    "reps": 0.28346505761146545
  }
}