{
  "exercise": {
    "f1_macro": 0.1958560193587417,
    "balanced_accuracy": 0.2031544256120527,
    "n": 218
  },
  "phase": {
    "f1_macro": 0.3453216374269006,
    "balanced_accuracy": 0.38828154967395473,
    "n": 187
  },
  "fatigue": {
    "mae": 1.2834002293577982,
    "pearson_r": -0.38821371103730284,
    "n": 218
  },
  "reps": {
    "mae": 0.48509814395852713,
    "n": 184
  },
  "val_total": 1.7357196807861328,
  "val_total_per_task": {
    "exercise": 1.8015657663345337,
    "phase": 0.3149777948856354,
    "fatigue": 1.2834001779556274,
    "reps": 0.19502486288547516
  }
}