{
  "exercise": {
    "f1_macro": 0.1757852768176581,
    "balanced_accuracy": 0.19943327922311127,
    "n": 1106
  },
  "phase": {
    "f1_macro": 0.32660367291440767,
    "balanced_accuracy": 0.3303300770726451,
    "n": 944
  },
  "fatigue": {
    "mae": 1.1696287296564196,
    "pearson_r": -0.30738712096992643,
    "n": 1106
  },
  "reps": {
    "mae": 0.11680592522574401,
    "n": 941
  },
  "val_total": -0.18063968129011435,
  "val_total_per_task": {
    "exercise": 1.5977471922448487,
    "phase": 0.5087214507849696,
    "fatigue": 1.1696287162911827,
    "reps": 0.011320437142999327
  }
}