{
  "arch": "lstm_raw",
  "summary": {
    "val_total": {
      "mean": -0.33614857059551023,
      "std": 0.2391221609510386,
      "n": 5
    },
    "exercise": {
      "f1_macro": {
        "mean": 0.3294108055024342,
        "std": 0.06991876681153619,
        "n": 5
      },
      "balanced_accuracy": {
        "mean": 0.378841208975642,
        "std": 0.08519288107778013,
        "n": 5
      }
    },
    "phase": {
      "f1_macro": {
        "mean": 0.307702258405003,
        "std": 0.02799351527886903,
        "n": 5
      },
      "balanced_accuracy": {
        "mean": 0.3367549531221762,
        "std": 0.013618250493085331,
        "n": 5
      }
    },
    "fatigue": {
      "mae": {
        "mean": 1.017317539035306,
        "std": 0.13240598619369806,
        "n": 5
      },
      "pearson_r": {
        "mean": 0.24518663475512725,
        "std": 0.24779530396813773,
        "n": 5
      }
    },
    "reps": {
      "mae": {
        "mean": 0.10438924167922037,
        "std": 0.011760324641355882,
        "n": 5
      }
    }
  },
  "enabled_tasks": [
    "exercise",
    "phase",
    "fatigue",
    "reps"
  ],
  "all_results": [
    {
      "seed": 42,
      "fold": 0,
      "test_subjects": [
        "Tias",
        "sivert"
      ],
      "metrics": {
        "exercise": {
          "f1_macro": 0.3534714717551191,
          "balanced_accuracy": 0.43086671675603067,
          "n": 1256
        },
        "phase": {
          "f1_macro": 0.2785660665454788,
          "balanced_accuracy": 0.3314426907342666,
          "n": 1069
        },
        "fatigue": {
          "mae": 1.0954387689092357,
          "pearson_r": 0.3089730391594454,
          "n": 1256
        },
        "reps": {
          "mae": 0.11756513100562595,
          "n": 1067
        },
        "val_total": -0.4944572228534966,
        "val_total_per_task": {
          "exercise": 1.2061625643140952,
          "phase": 0.4251004368256611,
          "fatigue": 1.09543877118712,
          "reps": 0.011204662068396997
        }
      }
    },
    {
      "seed": 42,
      "fold": 1,
      "test_subjects": [
        "Raghild",
        "michael"
      ],
      "metrics": {
        "exercise": {
          "f1_macro": 0.3685584889304625,
          "balanced_accuracy": 0.4103426413575185,
          "n": 1361
        },
        "phase": {
          "f1_macro": 0.2949661020379252,
          "balanced_accuracy": 0.3365987908460369,
          "n": 969
        },
        "fatigue": {
          "mae": 1.162268667340191,
          "pearson_r": 0.38227300600386893,
          "n": 1361
        },
        "reps": {
          "mae": 0.09593154985218065,
          "n": 964
        },
        "val_total": -0.181509776469279,
        "val_total_per_task": {
          "exercise": 1.3002078314198895,
          "phase": 0.6940297588191429,
          "fatigue": 1.1622686655008119,
          "reps": 0.008090508916989396
        }
      }
    },
    {
      "seed": 42,
      "fold": 2,
      "test_subjects": [
        "Juile",
        "lucas 2"
      ],
      "metrics": {
        "exercise": {
          "f1_macro": 0.3654203049944296,
          "balanced_accuracy": 0.3790327146825751,
          "n": 1509
        },
        "phase": {
          "f1_macro": 0.35777229041082625,
          "balanced_accuracy": 0.3619206638332321,
          "n": 1113
        },
        "fatigue": {
          "mae": 0.9960782181908548,
          "pearson_r": 0.3781436036749566,
          "n": 1509
        },
        "reps": {
          "mae": 0.08637209499739414,
          "n": 1107
        },
        "val_total": -0.1255539869772353,
        "val_total_per_task": {
          "exercise": 1.2213984766568942,
          "phase": 0.8237814493847652,
          "fatigue": 0.9960782154258946,
          "reps": 0.00702451891281239
        }
      }
    },
    {
      "seed": 42,
      "fold": 3,
      "test_subjects": [
        "Hytten",
        "lucas"
      ],
      "metrics": {
        "exercise": {
          "f1_macro": 0.19004404523296958,
          "balanced_accuracy": 0.216388214506328,
          "n": 1106
        },
        "phase": {
          "f1_macro": 0.31713944286221013,
          "balanced_accuracy": 0.32091737531332726,
          "n": 944
        },
        "fatigue": {
          "mae": 1.0573328718354431,
          "pearson_r": -0.24634530424930512,
          "n": 1106
        },
        "reps": {
          "mae": 0.11512166670697774,
          "n": 941
        },
        "val_total": -0.14706755740733085,
        "val_total_per_task": {
          "exercise": 1.6386524490594432,
          "phase": 0.5065406251557266,
          "fatigue": 1.0573328584702062,
          "reps": 0.011827235258307315
        }
      }
    },
    {
      "seed": 42,
      "fold": 4,
      "test_subjects": [
        "kiyomi"
      ],
      "metrics": {
        "exercise": {
          "f1_macro": 0.3695597165991903,
          "balanced_accuracy": 0.4575757575757576,
          "n": 746
        },
        "phase": {
          "f1_macro": 0.29006739016857463,
          "balanced_accuracy": 0.33289524488401795,
          "n": 746
        },
        "fatigue": {
          "mae": 0.7754691689008043,
          "pearson_r": 0.4028888291866706,
          "n": 746
        },
        "reps": {
          "mae": 0.10695576583392338,
          "n": 746
        },
        "val_total": -0.7321543092702093,
        "val_total_per_task": {
          "exercise": 1.0821215767643086,
          "phase": 0.47901416288304266,
          "fatigue": 0.7754691720967638,
          "reps": 0.009667671464093969
        }
      }
    }
  ]
}