{
  "exercise": {
    "f1_macro": 0.12189054726368159,
    "balanced_accuracy": 0.25,
    "n": 304
  },
  "phase": {
    "f1_macro": 0.1983640081799591,
    "balanced_accuracy": 0.3333333333333333,
    "n": 229
  },
  "fatigue": {
    "mae": 0.8664036800986842,
    "pearson_r": 0.7429166529848501,
    "n": 304
  },
  "reps": {
    "mae": 0.39036225553000586,
    "n": 223
  },
  "val_total": 1.3525512218475342,
  "val_total_per_task": {
    "exercise": 1.376015067100525,
    "phase": 0.35485419631004333,
    "fatigue": 0.8664036989212036,
    "reps": 0.1388232260942459
  }
}