{
  "exercise": {
    "f1_macro": 0.22926767747540708,
    "balanced_accuracy": 0.26473904986280905,
    "n": 1106
  },
  "phase": {
    "f1_macro": 0.337615988579586,
    "balanced_accuracy": 0.3412795464661372,
    "n": 944
  },
  "fatigue": {
    "mae": 1.072396304249548,
    "pearson_r": -0.2399308024476314,
    "n": 1106
  },
  "reps": {
    "mae": 0.11684999079394029,
    "n": 941
  },
  "val_total": 0.5383527887880695,
  "val_total_per_task": {
    "exercise": 1.5501322707474554,
    "phase": 0.507536278064169,
    "fatigue": 1.0723962917465844,
    "reps": 0.011417288641372921
  }
}