{
  "exercise": {
    "f1_macro": 0.6976820596879286,
    "balanced_accuracy": 0.6879259991239253,
    "n": 252
  },
  "phase": {
    "f1_macro": 0.3311627906976744,
    "balanced_accuracy": 0.35404635404635404,
    "n": 217
  },
  "fatigue": {
    "mae": 1.2428850446428572,
    "pearson_r": 0.11232290559378909,
    "n": 252
  },
  "reps": {
    "mae": 0.5587899754885758,
    "n": 214
  },
  "val_total": 0.7420588731765747,
  "val_total_per_task": {
    "exercise": 0.644564688205719,
    "phase": 0.2621985971927643,
    "fatigue": 1.2428851127624512,
    "reps": 0.21567131578922272
  }
}