{
  "exercise": {
    "f1_macro": 0.2510341974627689,
    "balanced_accuracy": 0.2613357843137255,
    "n": 149
  },
  "phase": {
    "f1_macro": 0.29644038771676057,
    "balanced_accuracy": 0.32186609686609685,
    "n": 149
  },
  "fatigue": {
    "mae": 1.0581480704697988,
    "pearson_r": 0.2944398038185343,
    "n": 149
  },
  "reps": {
    "mae": 0.5289542245859867,
    "n": 149
  },
  "val_total": 1.4019497632980347,
  "val_total_per_task": {
    "exercise": 1.4445652961730957,
    "phase": 0.3373057544231415,
    "fatigue": 1.0581480264663696,
    "reps": 0.18979108333587646
  }
}