{
  "exercise": {
    "f1_macro": 0.4373511904761905,
    "balanced_accuracy": 0.504968334258631,
    "n": 266
  },
  "phase": {
    "f1_macro": 0.3070559610705596,
    "balanced_accuracy": 0.33482142857142855,
    "n": 194
  },
  "fatigue": {
    "mae": 1.4762100563909775,
    "pearson_r": 0.1012031096546059,
    "n": 266
  },
  "reps": {
    "mae": 0.42739475257300513,
    "n": 189
  },
  "val_total": 1.5337812488240408,
  "val_total_per_task": {
    "exercise": 1.4939725488648379,
    "phase": 0.4284285513081945,
    "fatigue": 1.4762100590799088,
    "reps": 0.13451233483794936
  }
}