{
  "exercise": {
    "f1_macro": 0.3599647770003332,
    "balanced_accuracy": 0.4457831325301205,
    "n": 374
  },
  "phase": {
    "f1_macro": 0.2798342830648659,
    "balanced_accuracy": 0.29040940643150587,
    "n": 374
  },
  "fatigue": {
    "mae": 0.7798086564171123,
    "pearson_r": 0.4029775036502277,
    "n": 374
  },
  "reps": {
    "mae": 0.20268471882912645,
    "n": 374
  },
  "val_total": -0.18578478231787043,
  "val_total_per_task": {
    "exercise": 1.2395109977314178,
    "phase": 0.33476804858223,
    "fatigue": 0.7798086659793548,
    "reps": 0.034554213464738213
  }
}