{
  "exercise": {
    "f1_macro": 0.6735877026199607,
    "balanced_accuracy": 0.6737943975667191,
    "n": 304
  },
  "phase": {
    "f1_macro": 0.38598446470786896,
    "balanced_accuracy": 0.3997102229936309,
    "n": 229
  },
  "fatigue": {
    "mae": 1.0936215049342106,
    "pearson_r": 0.31628261429947313,
    "n": 304
  },
  "reps": {
    "mae": 0.38790002614343244,
    "n": 223
  },
  "val_total": 0.9087647168259871,
  "val_total_per_task": {
    "exercise": 1.0183935290888737,
    "phase": 0.3138597231162222,
    "fatigue": 1.093621508071297,
    "reps": 0.1118325246007819
  }
}