{
  "lr": 0.0008671908968216475,
  "weight_decay": 4.0493340890013745e-06,
  "batch_size": 256,
  "dropout": 0.13917947005993256,
  "repr_dim": 64,
  "lstm_hidden": 128,
  "lstm_layers": 2,
  "_patience": 50
}