{
  "exercise": {
    "f1_macro": 0.36863381716322896,
    "balanced_accuracy": 0.45366465863453814,
    "n": 374
  },
  "phase": {
    "f1_macro": 0.29163031360573893,
    "balanced_accuracy": 0.3662700099164187,
    "n": 374
  },
  "fatigue": {
    "mae": 0.9888974766042781,
    "pearson_r": 0.10337980416775738,
    "n": 374
  },
  "reps": {
    "mae": 0.2163889814631386,
    "n": 374
  },
  "val_total": 0.25920672021447655,
  "val_total_per_task": {
    "exercise": 1.0148232212678634,
    "phase": 0.33087978197291573,
    "fatigue": 0.9888974950912802,
    "reps": 0.03597942056423203
  }
}