{
  "exercise": {
    "f1_macro": 0.11042183622828784,
    "balanced_accuracy": 0.25,
    "n": 1256
  },
  "phase": {
    "f1_macro": 0.21215986394557826,
    "balanced_accuracy": 0.3333333333333333,
    "n": 1069
  },
  "fatigue": {
    "mae": 1.117983678343949,
    "pearson_r": 0.22174214629609293,
    "n": 1256
  },
  "reps": {
    "mae": 0.13883135518436202,
    "n": 1067
  },
  "val_total": 1.3763148359432342,
  "val_total_per_task": {
    "exercise": 1.3859968268947236,
    "phase": 0.41750481572880105,
    "fatigue": 1.1179836772050067,
    "reps": 0.014003310755939241
  }
}