{
  "exercise": {
    "f1_macro": 0.3813840782339258,
    "balanced_accuracy": 0.42195562668607023,
    "n": 1509
  },
  "phase": {
    "f1_macro": 0.23216932449966157,
    "balanced_accuracy": 0.33828172434729814,
    "n": 1113
  },
  "fatigue": {
    "mae": 0.9763088137839628,
    "pearson_r": 0.2887735737693185,
    "n": 1509
  },
  "reps": {
    "mae": 0.08674715385943073,
    "n": 1107
  },
  "val_total": 0.20869318344010038,
  "val_total_per_task": {
    "exercise": 1.1995727341249338,
    "phase": 0.835755921125096,
    "fatigue": 0.9763088158379334,
    "reps": 0.007485227056978316
  }
}