{
  "exercise": {
    "f1_macro": 0.37150507491021934,
    "balanced_accuracy": 0.4197900313971743,
    "n": 304
  },
  "phase": {
    "f1_macro": 0.18757004584819156,
    "balanced_accuracy": 0.25559229721843996,
    "n": 229
  },
  "fatigue": {
    "mae": 1.0684236225328947,
    "pearson_r": 0.24155070121202454,
    "n": 304
  },
  "reps": {
    "mae": 0.4111846308745945,
    "n": 223
  },
  "val_total": 1.2444899772342883,
  "val_total_per_task": {
    "exercise": 1.145047244272734,
    "phase": 0.36949073719350917,
    "fatigue": 1.0684236256699813,
    "reps": 0.14258648690424466
  }
}