{
  "exercise": {
    "f1_macro": 0.36800801080527223,
    "balanced_accuracy": 0.45783132530120485,
    "n": 374
  },
  "phase": {
    "f1_macro": 0.29752163766874423,
    "balanced_accuracy": 0.3031287313055269,
    "n": 374
  },
  "fatigue": {
    "mae": 0.9115558155080213,
    "pearson_r": 0.23240707767037388,
    "n": 374
  },
  "reps": {
    "mae": 0.20392920643858173,
    "n": 374
  },
  "val_total": -0.24065888629240148,
  "val_total_per_task": {
    "exercise": 1.0648297728064227,
    "phase": 0.3311855361104649,
    "fatigue": 0.9115558237952982,
    "reps": 0.03396799945257564
  }
}