{
  "exercise": {
    "f1_macro": 0.35830772125697796,
    "balanced_accuracy": 0.4457831325301205,
    "n": 374
  },
  "phase": {
    "f1_macro": 0.21557458545816097,
    "balanced_accuracy": 0.3222734907817781,
    "n": 374
  },
  "fatigue": {
    "mae": 1.1435390207219251,
    "pearson_r": 0.08814297016335161,
    "n": 374
  },
  "reps": {
    "mae": 0.2071279741669283,
    "n": 374
  },
  "val_total": 0.11131212194973135,
  "val_total_per_task": {
    "exercise": 1.0447671540918197,
    "phase": 0.33280760065757015,
    "fatigue": 1.143539005422337,
    "reps": 0.03511519465137293
  }
}