{
  "exercise": {
    "f1_macro": 0.34019886363636365,
    "balanced_accuracy": 0.3955269607843137,
    "n": 149
  },
  "phase": {
    "f1_macro": 0.3204022988505747,
    "balanced_accuracy": 0.35876068376068376,
    "n": 149
  },
  "fatigue": {
    "mae": 0.9026583473154363,
    "pearson_r": 0.5242475824073886,
    "n": 149
  },
  "reps": {
    "mae": 0.42080607539005327,
    "n": 149
  },
  "val_total": 0.5601658813105334,
  "val_total_per_task": {
    "exercise": 1.006862008331606,
    "phase": 0.29008980585424693,
    "fatigue": 0.9026583473154363,
    "reps": 0.1375295303811963
  }
}