{
  "exercise": {
    "f1_macro": 0.2921485088253195,
    "balanced_accuracy": 0.32199754901960786,
    "n": 149
  },
  "phase": {
    "f1_macro": 0.2816537467700258,
    "balanced_accuracy": 0.3136039886039886,
    "n": 149
  },
  "fatigue": {
    "mae": 0.7932046979865772,
    "pearson_r": 0.5892245133360513,
    "n": 149
  },
  "reps": {
    "mae": 0.48824879335827076,
    "n": 149
  },
  "val_total": 1.4250768423080444,
  "val_total_per_task": {
    "exercise": 1.6943391561508179,
    "phase": 0.33301350474357605,
    "fatigue": 0.7932047247886658,
    "reps": 0.17964886128902435
  }
}