{
  "exercise": {
    "f1_macro": 0.31712756467439784,
    "balanced_accuracy": 0.35049019607843135,
    "n": 149
  },
  "phase": {
    "f1_macro": 0.22242053374128845,
    "balanced_accuracy": 0.34259259259259256,
    "n": 149
  },
  "fatigue": {
    "mae": 0.8635434144295302,
    "pearson_r": 0.33239936880724796,
    "n": 149
  },
  "reps": {
    "mae": 0.4410937555359314,
    "n": 149
  },
  "val_total": 1.3908554315567017,
  "val_total_per_task": {
    "exercise": 1.7513636350631714,
    "phase": 0.31514838337898254,
    "fatigue": 0.8635433912277222,
    "reps": 0.15834486484527588
  }
}