{
  "exercise": {
    "f1_macro": 0.48988333197356615,
    "balanced_accuracy": 0.5566513478502251,
    "n": 266
  },
  "phase": {
    "f1_macro": 0.2479965156794425,
    "balanced_accuracy": 0.3463203463203463,
    "n": 194
  },
  "fatigue": {
    "mae": 1.2582530545112782,
    "pearson_r": 0.3145390040011933,
    "n": 266
  },
  "reps": {
    "mae": 0.40994145042169344,
    "n": 189
  },
  "val_total": 1.3957315423434837,
  "val_total_per_task": {
    "exercise": 1.480188638644111,
    "phase": 0.3537502001999016,
    "fatigue": 1.2582530545112782,
    "reps": 0.12317438053905516
  }
}