{
  "exercise": {
    "f1_macro": 0.3148252000524728,
    "balanced_accuracy": 0.3917874674029759,
    "n": 1509
  },
  "phase": {
    "f1_macro": 0.2996094352588105,
    "balanced_accuracy": 0.3225460433110706,
    "n": 1113
  },
  "fatigue": {
    "mae": 0.9865468646454606,
    "pearson_r": 0.45309117822658146,
    "n": 1509
  },
  "reps": {
    "mae": 0.08621042345582348,
    "n": 1107
  },
  "val_total": 0.8391940612679211,
  "val_total_per_task": {
    "exercise": 1.1429928315246713,
    "phase": 0.5317175918023581,
    "fatigue": 0.986546870333379,
    "reps": 0.008264715434592082
  }
}