{
  "arch": "lstm_raw",
  "summary": {
    "val_total": {
      "mean": 0.26876633033308267,
      "std": 0.1258980904487807,
      "n": 5
    },
    "exercise": {
      "f1_macro": {
        "mean": 0.30829000714272,
        "std": 0.04965830670607152,
        "n": 5
      },
      "balanced_accuracy": {
        "mean": 0.38835471449863374,
        "std": 0.059876373137945756,
        "n": 5
      }
    },
    "phase": {
      "f1_macro": {
        "mean": 0.23368571876944583,
        "std": 0.04200262403661724,
        "n": 5
      },
      "balanced_accuracy": {
        "mean": 0.33032229502184485,
        "std": 0.004856982340715503,
        "n": 5
      }
    },
    "fatigue": {
      "mae": {
        "mean": 1.187326196640612,
        "std": 0.10578316345255677,
        "n": 5
      },
      "pearson_r": {
        "mean": 0.1473272790968237,
        "std": 0.20053462539660663,
        "n": 5
      }
    },
    "reps": {
      "mae": {
        "mean": 0.21115144490035168,
        "std": 0.03663271485109348,
        "n": 5
      }
    }
  },
  "enabled_tasks": [
    "exercise",
    "phase",
    "fatigue",
    "reps"
  ],
  "all_results": [
    {
      "seed": 42,
      "fold": 0,
      "test_subjects": [
        "Tias",
        "sivert"
      ],
      "metrics": {
        "exercise": {
          "f1_macro": 0.35994533371781606,
          "balanced_accuracy": 0.45273478883023943,
          "n": 626
        },
        "phase": {
          "f1_macro": 0.20561994113318618,
          "balanced_accuracy": 0.3368421052631579,
          "n": 533
        },
        "fatigue": {
          "mae": 1.0719349041533546,
          "pearson_r": 0.29950483967443414,
          "n": 626
        },
        "reps": {
          "mae": 0.2712832025792485,
          "n": 531
        },
        "val_total": 0.14539649768378407,
        "val_total_per_task": {
          "exercise": 1.0862994114050089,
          "phase": 0.2622018400282144,
          "fatigue": 1.0719349026299132,
          "reps": 0.05155360025053207
        }
      }
    },
    {
      "seed": 42,
      "fold": 1,
      "test_subjects": [
        "Raghild",
        "michael"
      ],
      "metrics": {
        "exercise": {
          "f1_macro": 0.2653763992138768,
          "balanced_accuracy": 0.3486265283140283,
          "n": 682
        },
        "phase": {
          "f1_macro": 0.31632909574086043,
          "balanced_accuracy": 0.33007908438942923,
          "n": 488
        },
        "fatigue": {
          "mae": 1.3867702987536656,
          "pearson_r": 0.22778475826404068,
          "n": 682
        },
        "reps": {
          "mae": 0.18326598817784015,
          "n": 482
        },
        "val_total": 0.3359219286798382,
        "val_total_per_task": {
          "exercise": 1.2353603458824045,
          "phase": 0.35108155099527577,
          "fatigue": 1.3867703060950003,
          "reps": 0.02971415856956911
        }
      }
    },
    {
      "seed": 42,
      "fold": 2,
      "test_subjects": [
        "Juile",
        "lucas 2"
      ],
      "metrics": {
        "exercise": {
          "f1_macro": 0.32128822972330184,
          "balanced_accuracy": 0.39992713606381347,
          "n": 755
        },
        "phase": {
          "f1_macro": 0.20519159456118666,
          "balanced_accuracy": 0.3333333333333333,
          "n": 560
        },
        "fatigue": {
          "mae": 1.159152524834437,
          "pearson_r": 0.33709233267891314,
          "n": 755
        },
        "reps": {
          "mae": 0.16620255567869743,
          "n": 554
        },
        "val_total": 0.29845547257669713,
        "val_total_per_task": {
          "exercise": 1.1699729810487356,
          "phase": 0.3676128053902001,
          "fatigue": 1.1591525112556307,
          "reps": 0.026741232207378014
        }
      }
    },
    {
      "seed": 42,
      "fold": 3,
      "test_subjects": [
        "Hytten",
        "lucas"
      ],
      "metrics": {
        "exercise": {
          "f1_macro": 0.2365323518016273,
          "balanced_accuracy": 0.2947019867549669,
          "n": 557
        },
        "phase": {
          "f1_macro": 0.22571337695383498,
          "balanced_accuracy": 0.32908346134152583,
          "n": 477
        },
        "fatigue": {
          "mae": 1.175234234739677,
          "pearson_r": -0.21588850529662107,
          "n": 557
        },
        "reps": {
          "mae": 0.22787750389904396,
          "n": 474
        },
        "val_total": 0.4527456307753626,
        "val_total_per_task": {
          "exercise": 1.4234099713433366,
          "phase": 0.4009621183469865,
          "fatigue": 1.1752342437285281,
          "reps": 0.04184349693184053
        }
      }
    },
    {
      "seed": 42,
      "fold": 4,
      "test_subjects": [
        "kiyomi"
      ],
      "metrics": {
        "exercise": {
          "f1_macro": 0.35830772125697796,
          "balanced_accuracy": 0.4457831325301205,
          "n": 374
        },
        "phase": {
          "f1_macro": 0.21557458545816097,
          "balanced_accuracy": 0.3222734907817781,
          "n": 374
        },
        "fatigue": {
          "mae": 1.1435390207219251,
          "pearson_r": 0.08814297016335161,
          "n": 374
        },
        "reps": {
          "mae": 0.2071279741669283,
          "n": 374
        },
        "val_total": 0.11131212194973135,
        "val_total_per_task": {
          "exercise": 1.0447671540918197,
          "phase": 0.33280760065757015,
          "fatigue": 1.143539005422337,
          "reps": 0.03511519465137293
        }
      }
    }
  ]
}