{
  "exercise": {
    "f1_macro": 0.2823273943195196,
    "balanced_accuracy": 0.40124276061776065,
    "n": 682
  },
  "phase": {
    "f1_macro": 0.3307232748868778,
    "balanced_accuracy": 0.340713724334414,
    "n": 488
  },
  "fatigue": {
    "mae": 1.2450112261730206,
    "pearson_r": 0.339858812011735,
    "n": 682
  },
  "reps": {
    "mae": 0.1854325675509901,
    "n": 482
  },
  "val_total": 0.9434260874549665,
  "val_total_per_task": {
    "exercise": 1.2460456925752925,
    "phase": 0.5256767524652117,
    "fatigue": 1.2450112293193067,
    "reps": 0.028372508689455272
  }
}