{
  "arch": "cnn_lstm_raw",
  "summary": {
    "val_total": {
      "mean": 0.9884222002854024,
      "std": 0.10502479378250404,
      "n": 5
    },
    "exercise": {
      "f1_macro": {
        "mean": 0.3321507785183059,
        "std": 0.09462896448341622,
        "n": 5
      },
      "balanced_accuracy": {
        "mean": 0.39632713421164906,
        "std": 0.08467251588972562,
        "n": 5
      }
    },
    "phase": {
      "f1_macro": {
        "mean": 0.25609604761549387,
        "std": 0.035857404534474946,
        "n": 5
      },
      "balanced_accuracy": {
        "mean": 0.32615193608513937,
        "std": 0.013843039929148085,
        "n": 5
      }
    },
    "fatigue": {
      "mae": {
        "mean": 1.227040567631415,
        "std": 0.1626326182425737,
        "n": 5
      },
      "pearson_r": {
        "mean": 0.1099945573498852,
        "std": 0.22576937808038294,
        "n": 5
      }
    },
    "reps": {
      "mae": {
        "mean": 0.4876195232863603,
        "std": 0.08093189677884705,
        "n": 5
      }
    }
  },
  "enabled_tasks": [
    "exercise",
    "phase",
    "fatigue",
    "reps"
  ],
  "all_results": [
    {
      "seed": 42,
      "fold": 0,
      "test_subjects": [
        "Tias",
        "sivert"
      ],
      "metrics": {
        "exercise": {
          "f1_macro": 0.3756028468417849,
          "balanced_accuracy": 0.425600243250548,
          "n": 252
        },
        "phase": {
          "f1_macro": 0.2210632911392405,
          "balanced_accuracy": 0.3006853006853007,
          "n": 217
        },
        "fatigue": {
          "mae": 1.0968967013888888,
          "pearson_r": 0.172206899886356,
          "n": 252
        },
        "reps": {
          "mae": 0.6414796312069782,
          "n": 214
        },
        "val_total": 0.9934035539627075,
        "val_total_per_task": {
          "exercise": 1.1391834020614624,
          "phase": 0.32294952869415283,
          "fatigue": 1.096896767616272,
          "reps": 0.27337881922721863
        }
      }
    },
    {
      "seed": 42,
      "fold": 1,
      "test_subjects": [
        "Raghild",
        "michael"
      ],
      "metrics": {
        "exercise": {
          "f1_macro": 0.4319112513426423,
          "balanced_accuracy": 0.5102528118767092,
          "n": 266
        },
        "phase": {
          "f1_macro": 0.285986248292235,
          "balanced_accuracy": 0.32273629148629146,
          "n": 194
        },
        "fatigue": {
          "mae": 1.5335702537593985,
          "pearson_r": 0.28642418508840145,
          "n": 266
        },
        "reps": {
          "mae": 0.44486456237260313,
          "n": 189
        },
        "val_total": 1.1549064629059984,
        "val_total_per_task": {
          "exercise": 1.3159827899215812,
          "phase": 0.3715917490478745,
          "fatigue": 1.5335702573446404,
          "reps": 0.1386919953769311
        }
      }
    },
    {
      "seed": 42,
      "fold": 2,
      "test_subjects": [
        "Juile",
        "lucas 2"
      ],
      "metrics": {
        "exercise": {
          "f1_macro": 0.34795480549199087,
          "balanced_accuracy": 0.38064781200941916,
          "n": 304
        },
        "phase": {
          "f1_macro": 0.2599326599326599,
          "balanced_accuracy": 0.3361213771639759,
          "n": 229
        },
        "fatigue": {
          "mae": 1.251721833881579,
          "pearson_r": 0.18812286251445942,
          "n": 304
        },
        "reps": {
          "mae": 0.40723378697802803,
          "n": 223
        },
        "val_total": 0.9880583035318475,
        "val_total_per_task": {
          "exercise": 1.1541282252261513,
          "phase": 0.35357191844990377,
          "fatigue": 1.2517218464299251,
          "reps": 0.13508355695950358
        }
      }
    },
    {
      "seed": 42,
      "fold": 3,
      "test_subjects": [
        "Hytten",
        "lucas"
      ],
      "metrics": {
        "exercise": {
          "f1_macro": 0.15254237288135594,
          "balanced_accuracy": 0.25,
          "n": 218
        },
        "phase": {
          "f1_macro": 0.21042150680384997,
          "balanced_accuracy": 0.33247027234369003,
          "n": 187
        },
        "fatigue": {
          "mae": 1.1427214736238531,
          "pearson_r": -0.3343849295424545,
          "n": 218
        },
        "reps": {
          "mae": 0.48481434680845426,
          "n": 184
        },
        "val_total": 0.9827812314033508,
        "val_total_per_task": {
          "exercise": 1.3090887069702148,
          "phase": 0.324419230222702,
          "fatigue": 1.14272141456604,
          "reps": 0.17598220705986023
        }
      }
    },
    {
      "seed": 42,
      "fold": 4,
      "test_subjects": [
        "kiyomi"
      ],
      "metrics": {
        "exercise": {
          "f1_macro": 0.3527426160337553,
          "balanced_accuracy": 0.41513480392156865,
          "n": 149
        },
        "phase": {
          "f1_macro": 0.30307653190948386,
          "balanced_accuracy": 0.3387464387464387,
          "n": 149
        },
        "fatigue": {
          "mae": 1.1102925755033557,
          "pearson_r": 0.2376037688026636,
          "n": 149
        },
        "reps": {
          "mae": 0.4597052890657379,
          "n": 149
        },
        "val_total": 0.8229614496231079,
        "val_total_per_task": {
          "exercise": 1.1398987770080566,
          "phase": 0.3016355633735657,
          "fatigue": 1.1102925539016724,
          "reps": 0.16283662617206573
        }
      }
    }
  ]
}