{
  "exercise": {
    "f1_macro": 0.35139929050059127,
    "balanced_accuracy": 0.4338235294117647,
    "n": 149
  },
  "phase": {
    "f1_macro": 0.25842198581560283,
    "balanced_accuracy": 0.30128205128205127,
    "n": 149
  },
  "fatigue": {
    "mae": 1.1110528523489933,
    "pearson_r": 0.2692078357424861,
    "n": 149
  },
  "reps": {
    "mae": 0.49703497403370056,
    "n": 149
  },
  "val_total": 1.0051451097398796,
  "val_total_per_task": {
    "exercise": 1.1033108162399907,
    "phase": 0.3134456582917463,
    "fatigue": 1.1110528547491803,
    "reps": 0.17986137694960472
  }
}