{
  "exercise": {
    "f1_macro": 0.24601407917283535,
    "balanced_accuracy": 0.339550057943266,
    "n": 1361
  },
  "phase": {
    "f1_macro": 0.2257309603327213,
    "balanced_accuracy": 0.33404992396424465,
    "n": 969
  },
  "fatigue": {
    "mae": 1.2877508495591476,
    "pearson_r": 0.3142508725179042,
    "n": 1361
  },
  "reps": {
    "mae": 0.09570086355363618,
    "n": 964
  },
  "val_total": 1.0878546866838061,
  "val_total_per_task": {
    "exercise": 1.2783506937012963,
    "phase": 0.6978313239684094,
    "fatigue": 1.2877508495591476,
    "reps": 0.0077373062662128836
  }
}