{
  "arch": "cnn_lstm_raw",
  "summary": {
    "val_total": {
      "mean": 0.8632103539857459,
      "std": 0.16764714080959875,
      "n": 5
    },
    "exercise": {
      "f1_macro": {
        "mean": 0.4594431248043748,
        "std": 0.09820537690898028,
        "n": 5
      },
      "balanced_accuracy": {
        "mean": 0.492919073383644,
        "std": 0.08045218087096093,
        "n": 5
      }
    },
    "phase": {
      "f1_macro": {
        "mean": 0.271369059817971,
        "std": 0.047068391153492914,
        "n": 5
      },
      "balanced_accuracy": {
        "mean": 0.3207824774796274,
        "std": 0.028765235251342287,
        "n": 5
      }
    },
    "fatigue": {
      "mae": {
        "mean": 1.145935686565422,
        "std": 0.17455214474199607,
        "n": 5
      },
      "pearson_r": {
        "mean": 0.18460908285731456,
        "std": 0.2505321876598383,
        "n": 5
      }
    },
    "reps": {
      "mae": {
        "mean": 0.4597970333497742,
        "std": 0.06116430757499519,
        "n": 5
      }
    }
  },
  "enabled_tasks": [
    "exercise",
    "phase",
    "fatigue",
    "reps"
  ],
  "all_results": [
    {
      "seed": 42,
      "fold": 0,
      "test_subjects": [
        "Tias",
        "sivert"
      ],
      "metrics": {
        "exercise": {
          "f1_macro": 0.6212539728873667,
          "balanced_accuracy": 0.6254797182477262,
          "n": 252
        },
        "phase": {
          "f1_macro": 0.21962971115513488,
          "balanced_accuracy": 0.28220528220528224,
          "n": 217
        },
        "fatigue": {
          "mae": 1.1042751736111112,
          "pearson_r": 0.27444057924814147,
          "n": 252
        },
        "reps": {
          "mae": 0.5774691225003417,
          "n": 214
        },
        "val_total": 0.748654620041923,
        "val_total_per_task": {
          "exercise": 0.8442339074044001,
          "phase": 0.3072723311091226,
          "fatigue": 1.1042751490123688,
          "reps": 0.23860615066119603
        }
      }
    },
    {
      "seed": 42,
      "fold": 1,
      "test_subjects": [
        "Raghild",
        "michael"
      ],
      "metrics": {
        "exercise": {
          "f1_macro": 0.3879994033903884,
          "balanced_accuracy": 0.48430078341866634,
          "n": 266
        },
        "phase": {
          "f1_macro": 0.21914648212226065,
          "balanced_accuracy": 0.3298611111111111,
          "n": 194
        },
        "fatigue": {
          "mae": 1.4028871005639099,
          "pearson_r": 0.23354516978701537,
          "n": 266
        },
        "reps": {
          "mae": 0.42181635954510915,
          "n": 189
        },
        "val_total": 1.1307502438251238,
        "val_total_per_task": {
          "exercise": 1.3134216079138274,
          "phase": 0.38448450619116764,
          "fatigue": 1.4028871005639099,
          "reps": 0.14200779549161294
        }
      }
    },
    {
      "seed": 42,
      "fold": 2,
      "test_subjects": [
        "Juile",
        "lucas 2"
      ],
      "metrics": {
        "exercise": {
          "f1_macro": 0.407672793791087,
          "balanced_accuracy": 0.3974604264782836,
          "n": 304
        },
        "phase": {
          "f1_macro": 0.3186853686561016,
          "balanced_accuracy": 0.3448421189133113,
          "n": 229
        },
        "fatigue": {
          "mae": 1.1383249383223684,
          "pearson_r": 0.3170870811408346,
          "n": 304
        },
        "reps": {
          "mae": 0.4079319621089662,
          "n": 223
        },
        "val_total": 0.9437829224686873,
        "val_total_per_task": {
          "exercise": 1.2424320358979075,
          "phase": 0.36490899324417114,
          "fatigue": 1.1383249383223684,
          "reps": 0.13628977929290972
        }
      }
    },
    {
      "seed": 42,
      "fold": 3,
      "test_subjects": [
        "Hytten",
        "lucas"
      ],
      "metrics": {
        "exercise": {
          "f1_macro": 0.5223320158102767,
          "balanced_accuracy": 0.5296583603421711,
          "n": 218
        },
        "phase": {
          "f1_macro": 0.3299392927119134,
          "balanced_accuracy": 0.35490985807441505,
          "n": 187
        },
        "fatigue": {
          "mae": 1.219520498853211,
          "pearson_r": -0.3038804987604848,
          "n": 218
        },
        "reps": {
          "mae": 0.4589025426817977,
          "n": 184
        },
        "val_total": 0.8514579403291055,
        "val_total_per_task": {
          "exercise": 1.147149581427968,
          "phase": 0.3139799160694857,
          "fatigue": 1.2195205207264752,
          "reps": 0.15386488685093888
        }
      }
    },
    {
      "seed": 42,
      "fold": 4,
      "test_subjects": [
        "kiyomi"
      ],
      "metrics": {
        "exercise": {
          "f1_macro": 0.3579574381427553,
          "balanced_accuracy": 0.42769607843137253,
          "n": 149
        },
        "phase": {
          "f1_macro": 0.26944444444444443,
          "balanced_accuracy": 0.2920940170940171,
          "n": 149
        },
        "fatigue": {
          "mae": 0.86467072147651,
          "pearson_r": 0.40185308287106614,
          "n": 149
        },
        "reps": {
          "mae": 0.43286517991265594,
          "n": 149
        },
        "val_total": 0.6414060432638898,
        "val_total_per_task": {
          "exercise": 1.086298124102138,
          "phase": 0.3039870854192132,
          "fatigue": 0.8646707238766971,
          "reps": 0.15074423875584697
        }
      }
    }
  ]
}