{
  "exercise": {
    "f1_macro": 0.3707019516267115,
    "balanced_accuracy": 0.4113295031830035,
    "n": 755
  },
  "phase": {
    "f1_macro": 0.3407980097413605,
    "balanced_accuracy": 0.36270984052353433,
    "n": 560
  },
  "fatigue": {
    "mae": 0.9452038493377484,
    "pearson_r": 0.40920048500694034,
    "n": 755
  },
  "reps": {
    "mae": 0.16630360577843867,
    "n": 554
  },
  "val_total": 0.2894334731512512,
  "val_total_per_task": {
    "exercise": 1.1802148725812798,
    "phase": 0.39349078464981735,
    "fatigue": 0.9452038430220244,
    "reps": 0.029703455317198046
  }
}