{
  "exercise": {
    "f1_macro": 0.3025670272613452,
    "balanced_accuracy": 0.36571739206004283,
    "n": 682
  },
  "phase": {
    "f1_macro": 0.27628034057694756,
    "balanced_accuracy": 0.31109391885253956,
    "n": 488
  },
  "fatigue": {
    "mae": 1.160706103372434,
    "pearson_r": 0.40516100073698835,
    "n": 682
  },
  "reps": {
    "mae": 0.1868336664829635,
    "n": 482
  },
  "val_total": 0.7130538609720045,
  "val_total_per_task": {
    "exercise": 1.3495615951476558,
    "phase": 0.3554072830159643,
    "fatigue": 1.1607061138600547,
    "reps": 0.030472981369346817
  }
}