{
  "exercise": {
    "f1_macro": 0.369758515526301,
    "balanced_accuracy": 0.45397727272727273,
    "n": 746
  },
  "phase": {
    "f1_macro": 0.32998517468939004,
    "balanced_accuracy": 0.3669770411951647,
    "n": 746
  },
  "fatigue": {
    "mae": 0.8840430211126006,
    "pearson_r": 0.2752698777053761,
    "n": 746
  },
  "reps": {
    "mae": 0.10841215770921343,
    "n": 746
  },
  "val_total": -0.677123338223782,
  "val_total_per_task": {
    "exercise": 1.0313330441313837,
    "phase": 0.4771156744087669,
    "fatigue": 0.8840430220713884,
    "reps": 0.009851109446213648
  }
}