{
  "exercise": {
    "f1_macro": 0.3582058701942952,
    "balanced_accuracy": 0.4338235294117647,
    "n": 149
  },
  "phase": {
    "f1_macro": 0.29541968003506464,
    "balanced_accuracy": 0.3284900284900285,
    "n": 149
  },
  "fatigue": {
    "mae": 1.2349779781879195,
    "pearson_r": -0.0167837396402626,
    "n": 149
  },
  "reps": {
    "mae": 0.48044554207899026,
    "n": 149
  },
  "val_total": 0.8288372755050659,
  "val_total_per_task": {
    "exercise": 1.0680185556411743,
    "phase": 0.3070610463619232,
    "fatigue": 1.2349779605865479,
    "reps": 0.17174910008907318
  }
}