{
  "exercise": {
    "f1_macro": 0.6790962362449438,
    "balanced_accuracy": 0.6659124523258957,
    "n": 252
  },
  "phase": {
    "f1_macro": 0.327640863073934,
    "balanced_accuracy": 0.35000385000385004,
    "n": 217
  },
  "fatigue": {
    "mae": 1.212007068452381,
    "pearson_r": 0.13450584625561238,
    "n": 252
  },
  "reps": {
    "mae": 0.5926201068143421,
    "n": 214
  },
  "val_total": 0.7959939241409302,
  "val_total_per_task": {
    "exercise": 0.6840628981590271,
    "phase": 0.26760005950927734,
    "fatigue": 1.2120071649551392,
    "reps": 0.24197936058044434
  }
}