{
  "lr": 0.004991767036740493,
  "weight_decay": 5.4949978345731265e-06,
  "batch_size": 64,
  "dropout": 0.4095351192905827,
  "repr_dim": 256,
  "_patience": 50
}