{
  "lr": 0.004387088429843406,
  "weight_decay": 0.0004903285339042531,
  "batch_size": 128,
  "dropout": 0.49608795521400534,
  "repr_dim": 64,
  "_patience": 50
}