{
  "exercise": {
    "f1_macro": 0.12322946175637393,
    "balanced_accuracy": 0.25,
    "n": 266
  },
  "phase": {
    "f1_macro": 0.3398873527905786,
    "balanced_accuracy": 0.35984848484848486,
    "n": 194
  },
  "fatigue": {
    "mae": 1.4038710056390977,
    "pearson_r": -0.007020762808662407,
    "n": 266
  },
  "reps": {
    "mae": 0.3538597372296468,
    "n": 189
  },
  "val_total": 0.8074440149436319,
  "val_total_per_task": {
    "exercise": 1.3832622318339527,
    "phase": 0.298618267353316,
    "fatigue": 1.4038710038464768,
    "reps": 0.09854511748579212
  }
}