{
  "exercise": {
    "f1_macro": 0.39418818276899076,
    "balanced_accuracy": 0.4433399561747776,
    "n": 304
  },
  "phase": {
    "f1_macro": 0.30518518518518517,
    "balanced_accuracy": 0.3247422680412371,
    "n": 229
  },
  "fatigue": {
    "mae": 1.1979466488486843,
    "pearson_r": 0.352248752281611,
    "n": 304
  },
  "reps": {
    "mae": 0.4121206247961909,
    "n": 223
  },
  "val_total": 1.2390111245607074,
  "val_total_per_task": {
    "exercise": 1.1560968160629272,
    "phase": 0.3483845513117941,
    "fatigue": 1.1979466613970304,
    "reps": 0.12683634852108203
  }
}