{
  "exercise": {
    "f1_macro": 0.14746835443037976,
    "balanced_accuracy": 0.25,
    "n": 557
  },
  "phase": {
    "f1_macro": 0.33917433917433915,
    "balanced_accuracy": 0.3474654377880184,
    "n": 477
  },
  "fatigue": {
    "mae": 0.8530492594254937,
    "pearson_r": -0.23528607829298906,
    "n": 557
  },
  "reps": {
    "mae": 0.2383303769922104,
    "n": 474
  },
  "val_total": 1.191929515217108,
  "val_total_per_task": {
    "exercise": 1.318082364500104,
    "phase": 0.3966730965211105,
    "fatigue": 0.8530492637058991,
    "reps": 0.04388362793268592
  }
}