{
  "exercise": {
    "f1_macro": 0.7105603698723376,
    "balanced_accuracy": 0.6996990305186757,
    "n": 252
  },
  "phase": {
    "f1_macro": 0.3434511434511434,
    "balanced_accuracy": 0.36709786709786707,
    "n": 217
  },
  "fatigue": {
    "mae": 1.2085193452380953,
    "pearson_r": 0.15248508552612303,
    "n": 252
  },
  "reps": {
    "mae": 0.5678881799854408,
    "n": 214
  },
  "val_total": 0.6615510582923889,
  "val_total_per_task": {
    "exercise": 0.6239726543426514,
    "phase": 0.2687161862850189,
    "fatigue": 1.208519458770752,
    "reps": 0.2211739718914032
  }
}