{
  "exercise": {
    "f1_macro": 0.5012333271166186,
    "balanced_accuracy": 0.5332464032493255,
    "n": 218
  },
  "phase": {
    "f1_macro": 0.37493128092358435,
    "balanced_accuracy": 0.4001726121979286,
    "n": 187
  },
  "fatigue": {
    "mae": 1.2758385894495412,
    "pearson_r": -0.3698146823635709,
    "n": 218
  },
  "reps": {
    "mae": 0.3997562511459641,
    "n": 184
  },
  "val_total": 1.0370606282435426,
  "val_total_per_task": {
    "exercise": 1.1392993161437708,
    "phase": 0.3140432596753497,
    "fatigue": 1.275838603667163,
    "reps": 0.13034880591915288
  }
}