{
  "exercise": {
    "f1_macro": 0.24181862585477043,
    "balanced_accuracy": 0.2771722138532814,
    "n": 557
  },
  "phase": {
    "f1_macro": 0.22163038443723948,
    "balanced_accuracy": 0.3309139784946237,
    "n": 477
  },
  "fatigue": {
    "mae": 1.0915338868940754,
    "pearson_r": -0.211334718042234,
    "n": 557
  },
  "reps": {
    "mae": 0.22865801892598958,
    "n": 474
  },
  "val_total": 0.36845864363589875,
  "val_total_per_task": {
    "exercise": 1.5052282022616594,
    "phase": 0.3995740417946177,
    "fatigue": 1.0915338903183998,
    "reps": 0.04296768819194294
  }
}