{
  "exercise": {
    "f1_macro": 0.41711319975610317,
    "balanced_accuracy": 0.4723618736249049,
    "n": 266
  },
  "phase": {
    "f1_macro": 0.30262934690415605,
    "balanced_accuracy": 0.3522727272727273,
    "n": 194
  },
  "fatigue": {
    "mae": 1.5057565789473684,
    "pearson_r": 0.05482286054256636,
    "n": 266
  },
  "reps": {
    "mae": 0.42645804255846,
    "n": 189
  },
  "val_total": 2.3815854079741285,
  "val_total_per_task": {
    "exercise": 1.4715119573406708,
    "phase": 0.4266480306037387,
    "fatigue": 1.5057565807399893,
    "reps": 0.14046379318810942
  }
}