{
  "exercise": {
    "f1_macro": 0.17337570621468928,
    "balanced_accuracy": 0.2727272727272727,
    "n": 218
  },
  "phase": {
    "f1_macro": 0.20891794217687076,
    "balanced_accuracy": 0.3240314537782892,
    "n": 187
  },
  "fatigue": {
    "mae": 1.304535192087156,
    "pearson_r": -0.45422143834519807,
    "n": 218
  },
  "reps": {
    "mae": 0.48540717978840286,
    "n": 184
  },
  "val_total": 1.0809639692306519,
  "val_total_per_task": {
    "exercise": 1.4079679250717163,
    "phase": 0.3223195970058441,
    "fatigue": 1.304535150527954,
    "reps": 0.17631016671657562
  }
}