{
  "arch": "cnn_lstm_raw",
  "summary": {
    "val_total": {
      "mean": 0.8044432527952392,
      "std": 0.12039093052310065,
      "n": 5
    },
    "exercise": {
      "f1_macro": {
        "mean": 0.25807785442327147,
        "std": 0.1212987930683902,
        "n": 5
      },
      "balanced_accuracy": {
        "mean": 0.34459013033507596,
        "std": 0.10044857929418552,
        "n": 5
      }
    },
    "phase": {
      "f1_macro": {
        "mean": 0.2340033626797454,
        "std": 0.04886899772533547,
        "n": 5
      },
      "balanced_accuracy": {
        "mean": 0.3271794871794872,
        "std": 0.021036833315370186,
        "n": 5
      }
    },
    "fatigue": {
      "mae": {
        "mean": 1.1490092960716143,
        "std": 0.1352794316127584,
        "n": 5
      },
      "pearson_r": {
        "mean": 0.0743193170434661,
        "std": 0.25039918600110433,
        "n": 5
      }
    },
    "reps": {
      "mae": {
        "mean": 0.46651576723244614,
        "std": 0.07603285748424,
        "n": 5
      }
    }
  },
  "enabled_tasks": [
    "exercise",
    "phase",
    "fatigue",
    "reps"
  ],
  "all_results": [
    {
      "seed": 42,
      "fold": 0,
      "test_subjects": [
        "Tias",
        "sivert"
      ],
      "metrics": {
        "exercise": {
          "f1_macro": 0.431360563282306,
          "balanced_accuracy": 0.49355273431634583,
          "n": 252
        },
        "phase": {
          "f1_macro": 0.32423881032930124,
          "balanced_accuracy": 0.349002849002849,
          "n": 217
        },
        "fatigue": {
          "mae": 1.1681857638888888,
          "pearson_r": 0.06164622317074187,
          "n": 252
        },
        "reps": {
          "mae": 0.6017213355506135,
          "n": 214
        },
        "val_total": 0.8262512362192548,
        "val_total_per_task": {
          "exercise": 1.005775116738819,
          "phase": 0.31696821252504986,
          "fatigue": 1.1681857676733107,
          "reps": 0.25162096226972247
        }
      }
    },
    {
      "seed": 42,
      "fold": 1,
      "test_subjects": [
        "Raghild",
        "michael"
      ],
      "metrics": {
        "exercise": {
          "f1_macro": 0.1318181818181818,
          "balanced_accuracy": 0.25,
          "n": 266
        },
        "phase": {
          "f1_macro": 0.18942189421894218,
          "balanced_accuracy": 0.3333333333333333,
          "n": 194
        },
        "fatigue": {
          "mae": 1.3150699013157894,
          "pearson_r": 0.3613643572205803,
          "n": 266
        },
        "reps": {
          "mae": 0.40992931251921666,
          "n": 189
        },
        "val_total": 0.9246771747904613,
        "val_total_per_task": {
          "exercise": 1.3476232084116542,
          "phase": 0.3738481012502111,
          "fatigue": 1.3150698995231687,
          "reps": 0.13326514394659744
        }
      }
    },
    {
      "seed": 42,
      "fold": 2,
      "test_subjects": [
        "Juile",
        "lucas 2"
      ],
      "metrics": {
        "exercise": {
          "f1_macro": 0.12189054726368159,
          "balanced_accuracy": 0.25,
          "n": 304
        },
        "phase": {
          "f1_macro": 0.1983640081799591,
          "balanced_accuracy": 0.3333333333333333,
          "n": 229
        },
        "fatigue": {
          "mae": 1.17236328125,
          "pearson_r": 0.13960486593862653,
          "n": 304
        },
        "reps": {
          "mae": 0.38909480846466105,
          "n": 223
        },
        "val_total": 0.8575215935707092,
        "val_total_per_task": {
          "exercise": 1.389246896693581,
          "phase": 0.3567940067303808,
          "fatigue": 1.17236328125,
          "reps": 0.13225486796153219
        }
      }
    },
    {
      "seed": 42,
      "fold": 3,
      "test_subjects": [
        "Hytten",
        "lucas"
      ],
      "metrics": {
        "exercise": {
          "f1_macro": 0.25227910238429174,
          "balanced_accuracy": 0.2955743879472693,
          "n": 218
        },
        "phase": {
          "f1_macro": 0.21333333333333335,
          "balanced_accuracy": 0.3333333333333333,
          "n": 187
        },
        "fatigue": {
          "mae": 1.1883421731651376,
          "pearson_r": -0.3861961084711488,
          "n": 218
        },
        "reps": {
          "mae": 0.4926344917520233,
          "n": 184
        },
        "val_total": 0.8404586347964925,
        "val_total_per_task": {
          "exercise": 1.2876760511223329,
          "phase": 0.32494852685053416,
          "fatigue": 1.1883421972257282,
          "reps": 0.18364038024473628
        }
      }
    },
    {
      "seed": 42,
      "fold": 4,
      "test_subjects": [
        "kiyomi"
      ],
      "metrics": {
        "exercise": {
          "f1_macro": 0.3530408773678963,
          "balanced_accuracy": 0.4338235294117647,
          "n": 149
        },
        "phase": {
          "f1_macro": 0.24465876733719116,
          "balanced_accuracy": 0.2868945868945869,
          "n": 149
        },
        "fatigue": {
          "mae": 0.9010853607382551,
          "pearson_r": 0.19517724735853073,
          "n": 149
        },
        "reps": {
          "mae": 0.43919888787571615,
          "n": 149
        },
        "val_total": 0.5733076245992775,
        "val_total_per_task": {
          "exercise": 1.121136357320235,
          "phase": 0.29768159835530605,
          "fatigue": 0.9010853623383798,
          "reps": 0.1591770969981315
        }
      }
    }
  ]
}