{
  "exercise": {
    "f1_macro": 0.3753618659391187,
    "balanced_accuracy": 0.4122602333579093,
    "n": 682
  },
  "phase": {
    "f1_macro": 0.3152421229658208,
    "balanced_accuracy": 0.3398418312211416,
    "n": 488
  },
  "fatigue": {
    "mae": 1.131105663489736,
    "pearson_r": 0.41748240309039314,
    "n": 682
  },
  "reps": {
    "mae": 0.18280138357453574,
    "n": 482
  },
  "val_total": 0.42682341466551305,
  "val_total_per_task": {
    "exercise": 1.461031148860182,
    "phase": 0.5091267862627583,
    "fatigue": 1.131105663489736,
    "reps": 0.0277552363460015
  }
}