{
  "exercise": {
    "f1_macro": 0.361438679245283,
    "balanced_accuracy": 0.36654770081109367,
    "n": 304
  },
  "phase": {
    "f1_macro": 0.3271675061622548,
    "balanced_accuracy": 0.34879725085910646,
    "n": 229
  },
  "fatigue": {
    "mae": 1.1102744654605263,
    "pearson_r": 0.3864659244223655,
    "n": 304
  },
  "reps": {
    "mae": 0.41641380249067406,
    "n": 223
  },
  "val_total": 1.210446674572794,
  "val_total_per_task": {
    "exercise": 1.346580706144634,
    "phase": 0.3278742056143911,
    "fatigue": 1.1102744780088727,
    "reps": 0.12989686507927745
  }
}