{
  "exercise": {
    "f1_macro": 0.3744055071648901,
    "balanced_accuracy": 0.42720464057871704,
    "n": 1361
  },
  "phase": {
    "f1_macro": 0.2696289702409654,
    "balanced_accuracy": 0.3190460294499462,
    "n": 969
  },
  "fatigue": {
    "mae": 1.1286307173034533,
    "pearson_r": 0.40449644458952777,
    "n": 1361
  },
  "reps": {
    "mae": 0.09406879254234221,
    "n": 964
  },
  "val_total": 0.4674987488157341,
  "val_total_per_task": {
    "exercise": 1.6117317355966674,
    "phase": 0.7400239198896309,
    "fatigue": 1.1286307198435483,
    "reps": 0.007531784108068731
  }
}