{
  "exercise": {
    "f1_macro": 0.2759259259259259,
    "balanced_accuracy": 0.2745098039215686,
    "n": 149
  },
  "phase": {
    "f1_macro": 0.26035696206665687,
    "balanced_accuracy": 0.2747150997150997,
    "n": 149
  },
  "fatigue": {
    "mae": 0.8194735738255033,
    "pearson_r": 0.6037304112235057,
    "n": 149
  },
  "reps": {
    "mae": 0.47383086502101995,
    "n": 149
  },
  "val_total": 1.3642055988311768,
  "val_total_per_task": {
    "exercise": 1.6732333898544312,
    "phase": 0.31080135703086853,
    "fatigue": 0.8194735646247864,
    "reps": 0.17068712413311005
  }
}