{
  "exercise": {
    "f1_macro": 0.35719570847206805,
    "balanced_accuracy": 0.4487951807228916,
    "n": 374
  },
  "phase": {
    "f1_macro": 0.2603946441155744,
    "balanced_accuracy": 0.2951753587112703,
    "n": 374
  },
  "fatigue": {
    "mae": 0.8678872827540107,
    "pearson_r": 0.41017437943948964,
    "n": 374
  },
  "reps": {
    "mae": 0.22329709572558176,
    "n": 374
  },
  "val_total": 0.5602432894196739,
  "val_total_per_task": {
    "exercise": 1.0494928168740503,
    "phase": 0.33386077504744505,
    "fatigue": 0.8678872661794571,
    "reps": 0.03755163335624863
  }
}