{
  "exercise": {
    "f1_macro": 0.31521739130434784,
    "balanced_accuracy": 0.4218791766907244,
    "n": 266
  },
  "phase": {
    "f1_macro": 0.29103424315462617,
    "balanced_accuracy": 0.31921897546897543,
    "n": 194
  },
  "fatigue": {
    "mae": 1.2749500704887218,
    "pearson_r": 0.32754678253251396,
    "n": 266
  },
  "reps": {
    "mae": 0.4236643987180537,
    "n": 189
  },
  "val_total": 1.367363076460989,
  "val_total_per_task": {
    "exercise": 1.1210188309949143,
    "phase": 0.36989879787416385,
    "fatigue": 1.2749500740739637,
    "reps": 0.13637773614180715
  }
}