{
  "exercise": {
    "f1_macro": 0.37100408275914576,
    "balanced_accuracy": 0.4296440959187964,
    "n": 252
  },
  "phase": {
    "f1_macro": 0.2881914172236753,
    "balanced_accuracy": 0.31315931315931317,
    "n": 217
  },
  "fatigue": {
    "mae": 1.1966765873015872,
    "pearson_r": -0.04381089552251089,
    "n": 252
  },
  "reps": {
    "mae": 0.5840012055482263,
    "n": 214
  },
  "val_total": 0.8672488265567355,
  "val_total_per_task": {
    "exercise": 1.1212467976978846,
    "phase": 0.3098147998726557,
    "fatigue": 1.196676564595056,
    "reps": 0.2430338809887568
  }
}