{
  "exercise": {
    "f1_macro": 0.2827457108100172,
    "balanced_accuracy": 0.3910774613899614,
    "n": 682
  },
  "phase": {
    "f1_macro": 0.31101023758933743,
    "balanced_accuracy": 0.346816976127321,
    "n": 488
  },
  "fatigue": {
    "mae": 1.379788306451613,
    "pearson_r": 0.23361736106825806,
    "n": 682
  },
  "reps": {
    "mae": 0.1822377900009457,
    "n": 482
  },
  "val_total": 0.28948327418296566,
  "val_total_per_task": {
    "exercise": 1.2504219529915415,
    "phase": 0.3502782474864613,
    "fatigue": 1.379788322183044,
    "reps": 0.02955872543658679
  }
}