{
  "exercise": {
    "f1_macro": 0.42820386758439855,
    "balanced_accuracy": 0.5236285032796661,
    "n": 266
  },
  "phase": {
    "f1_macro": 0.3251224518830153,
    "balanced_accuracy": 0.34600468975468973,
    "n": 194
  },
  "fatigue": {
    "mae": 1.5486519031954886,
    "pearson_r": 0.19461003130461124,
    "n": 266
  },
  "reps": {
    "mae": 0.4966953599717093,
    "n": 189
  },
  "val_total": 1.7624708118295311,
  "val_total_per_task": {
    "exercise": 1.4072014371255286,
    "phase": 0.5020489477573481,
    "fatigue": 1.5486519038677216,
    "reps": 0.17560385223618127
  }
}