{
  "exercise": {
    "f1_macro": 0.27806638849871934,
    "balanced_accuracy": 0.27602441716994613,
    "n": 218
  },
  "phase": {
    "f1_macro": 0.3056192034915439,
    "balanced_accuracy": 0.3763904871499808,
    "n": 187
  },
  "fatigue": {
    "mae": 1.1799025229357798,
    "pearson_r": -0.38201029710287526,
    "n": 218
  },
  "reps": {
    "mae": 0.4289659763807836,
    "n": 184
  },
  "val_total": 1.9932290917142816,
  "val_total_per_task": {
    "exercise": 1.5363383216595432,
    "phase": 0.3486707106642767,
    "fatigue": 1.179902518561127,
    "reps": 0.15506910450688197
  }
}