{
  "exercise": {
    "f1_macro": 0.20067765327009285,
    "balanced_accuracy": 0.2315169297955783,
    "n": 1106
  },
  "phase": {
    "f1_macro": 0.32852382995145907,
    "balanced_accuracy": 0.33373626631058634,
    "n": 944
  },
  "fatigue": {
    "mae": 1.0587738754520795,
    "pearson_r": -0.20490665403317415,
    "n": 1106
  },
  "reps": {
    "mae": 0.11669935414782358,
    "n": 941
  },
  "val_total": 0.5700472732349071,
  "val_total_per_task": {
    "exercise": 1.6090633127616067,
    "phase": 0.5118158872476753,
    "fatigue": 1.0587738707095762,
    "reps": 0.011171145591999372
  }
}