{
  "exercise": {
    "f1_macro": 0.39230849237176896,
    "balanced_accuracy": 0.48240966838564253,
    "n": 1256
  },
  "phase": {
    "f1_macro": 0.3035254505842741,
    "balanced_accuracy": 0.32907420680777616,
    "n": 1069
  },
  "fatigue": {
    "mae": 1.0715627488057324,
    "pearson_r": 0.4454319996697218,
    "n": 1256
  },
  "reps": {
    "mae": 0.13144524653521633,
    "n": 1067
  },
  "val_total": 0.8217787180736567,
  "val_total_per_task": {
    "exercise": 1.1593795088446064,
    "phase": 0.42908463983019446,
    "fatigue": 1.0715627518429118,
    "reps": 0.012834770332096488
  }
}