{
  "exercise": {
    "f1_macro": 0.3706655850472627,
    "balanced_accuracy": 0.3545487957790373,
    "n": 755
  },
  "phase": {
    "f1_macro": 0.3345000455746969,
    "balanced_accuracy": 0.34471917868920515,
    "n": 560
  },
  "fatigue": {
    "mae": 0.9428756208609271,
    "pearson_r": 0.40491023883335847,
    "n": 755
  },
  "reps": {
    "mae": 0.17245213237812992,
    "n": 554
  },
  "val_total": 0.2158935685820927,
  "val_total_per_task": {
    "exercise": 1.3677289929611003,
    "phase": 0.38776334784678274,
    "fatigue": 0.9428756169135997,
    "reps": 0.031090921341188696
  }
}