{
  "arch": "cnn1d_raw",
  "summary": {
    "val_total": {
      "mean": 1.3703932285308837,
      "std": 0.1366679425836533,
      "n": 5
    },
    "exercise": {
      "f1_macro": {
        "mean": 0.3673405276554624,
        "std": 0.08865025182352977,
        "n": 5
      },
      "balanced_accuracy": {
        "mean": 0.390779695399046,
        "std": 0.09760566609613884,
        "n": 5
      }
    },
    "phase": {
      "f1_macro": {
        "mean": 0.30097859476740896,
        "std": 0.030893743312949494,
        "n": 5
      },
      "balanced_accuracy": {
        "mean": 0.32911701992486525,
        "std": 0.033958310310950555,
        "n": 5
      }
    },
    "fatigue": {
      "mae": {
        "mean": 1.2567040979152992,
        "std": 0.1629069785132877,
        "n": 5
      },
      "pearson_r": {
        "mean": 0.09142191498546295,
        "std": 0.2637089306921166,
        "n": 5
      }
    },
    "reps": {
      "mae": {
        "mean": 0.5061407194990015,
        "std": 0.06425988161944264,
        "n": 5
      }
    }
  },
  "enabled_tasks": [
    "exercise",
    "phase",
    "fatigue",
    "reps"
  ],
  "all_results": [
    {
      "seed": 42,
      "fold": 0,
      "test_subjects": [
        "Tias",
        "sivert"
      ],
      "metrics": {
        "exercise": {
          "f1_macro": 0.49167974145114685,
          "balanced_accuracy": 0.505171630658889,
          "n": 252
        },
        "phase": {
          "f1_macro": 0.29411764705882354,
          "balanced_accuracy": 0.32039732039732044,
          "n": 217
        },
        "fatigue": {
          "mae": 1.2708953373015872,
          "pearson_r": 0.10988506120798269,
          "n": 252
        },
        "reps": {
          "mae": 0.6049953696674832,
          "n": 214
        },
        "val_total": 1.2525137662887573,
        "val_total_per_task": {
          "exercise": 1.121750831604004,
          "phase": 0.2849074602127075,
          "fatigue": 1.2708953619003296,
          "reps": 0.2489926666021347
        }
      }
    },
    {
      "seed": 42,
      "fold": 1,
      "test_subjects": [
        "Raghild",
        "michael"
      ],
      "metrics": {
        "exercise": {
          "f1_macro": 0.3928002548582351,
          "balanced_accuracy": 0.4909577858655645,
          "n": 266
        },
        "phase": {
          "f1_macro": 0.3551580202742994,
          "balanced_accuracy": 0.37797619047619047,
          "n": 194
        },
        "fatigue": {
          "mae": 1.506343984962406,
          "pearson_r": 0.23324070692053664,
          "n": 266
        },
        "reps": {
          "mae": 0.4504232133329703,
          "n": 189
        },
        "val_total": 1.4918913841247559,
        "val_total_per_task": {
          "exercise": 1.4010140895843506,
          "phase": 0.33994555473327637,
          "fatigue": 1.5063440799713135,
          "reps": 0.1554669737815857
        }
      }
    },
    {
      "seed": 42,
      "fold": 2,
      "test_subjects": [
        "Juile",
        "lucas 2"
      ],
      "metrics": {
        "exercise": {
          "f1_macro": 0.41193387371863543,
          "balanced_accuracy": 0.38586636577708006,
          "n": 304
        },
        "phase": {
          "f1_macro": 0.29153439153439153,
          "balanced_accuracy": 0.3237048563833236,
          "n": 229
        },
        "fatigue": {
          "mae": 0.9944490131578947,
          "pearson_r": 0.28023132581994004,
          "n": 304
        },
        "reps": {
          "mae": 0.4358756149505085,
          "n": 223
        },
        "val_total": 1.2495917081832886,
        "val_total_per_task": {
          "exercise": 1.3856761455535889,
          "phase": 0.34593310952186584,
          "fatigue": 0.9944490194320679,
          "reps": 0.15247119963169098
        }
      }
    },
    {
      "seed": 42,
      "fold": 3,
      "test_subjects": [
        "Hytten",
        "lucas"
      ],
      "metrics": {
        "exercise": {
          "f1_macro": 0.2362095141700405,
          "balanced_accuracy": 0.25051789077212805,
          "n": 218
        },
        "phase": {
          "f1_macro": 0.3042136339237788,
          "balanced_accuracy": 0.3482930571538166,
          "n": 187
        },
        "fatigue": {
          "mae": 1.2823071961009174,
          "pearson_r": -0.4227391040765428,
          "n": 218
        },
        "reps": {
          "mae": 0.4845989200731982,
          "n": 184
        },
        "val_total": 1.5760804414749146,
        "val_total_per_task": {
          "exercise": 1.6942570209503174,
          "phase": 0.32506582140922546,
          "fatigue": 1.2823071479797363,
          "reps": 0.19924885034561157
        }
      }
    },
    {
      "seed": 42,
      "fold": 4,
      "test_subjects": [
        "kiyomi"
      ],
      "metrics": {
        "exercise": {
          "f1_macro": 0.30407925407925407,
          "balanced_accuracy": 0.32138480392156865,
          "n": 149
        },
        "phase": {
          "f1_macro": 0.25986928104575163,
          "balanced_accuracy": 0.2752136752136752,
          "n": 149
        },
        "fatigue": {
          "mae": 1.2295249580536913,
          "pearson_r": 0.25649158505539815,
          "n": 149
        },
        "reps": {
          "mae": 0.5548104794708474,
          "n": 149
        },
        "val_total": 1.2818888425827026,
        "val_total_per_task": {
          "exercise": 1.2775055170059204,
          "phase": 0.3099577724933624,
          "fatigue": 1.2295249700546265,
          "reps": 0.22392569482326508
        }
      }
    }
  ]
}