{
  "exercise": {
    "f1_macro": 0.12189054726368159,
    "balanced_accuracy": 0.25,
    "n": 304
  },
  "phase": {
    "f1_macro": 0.1983640081799591,
    "balanced_accuracy": 0.3333333333333333,
    "n": 229
  },
  "fatigue": {
    "mae": 0.9537546258223685,
    "pearson_r": 0.30334952635765977,
    "n": 304
  },
  "reps": {
    "mae": 0.4134697681794052,
    "n": 223
  },
  "val_total": 1.1876459121704102,
  "val_total_per_task": {
    "exercise": 1.3875635862350464,
    "phase": 0.3526310920715332,
    "fatigue": 0.9537546038627625,
    "reps": 0.14996770024299622
  }
}