{
  "exercise": {
    "f1_macro": 0.13317183816676717,
    "balanced_accuracy": 0.13786487792399738,
    "n": 557
  },
  "phase": {
    "f1_macro": 0.3234327712926935,
    "balanced_accuracy": 0.33837045570916535,
    "n": 477
  },
  "fatigue": {
    "mae": 1.115904118043088,
    "pearson_r": -0.23076389834056762,
    "n": 557
  },
  "reps": {
    "mae": 0.22210749965072668,
    "n": 474
  },
  "val_total": 0.48273270241448013,
  "val_total_per_task": {
    "exercise": 1.7286786819060787,
    "phase": 0.4033435223560573,
    "fatigue": 1.1159041248917365,
    "reps": 0.04060696399163729
  }
}