{
  "exercise": {
    "f1_macro": 0.2559386934622797,
    "balanced_accuracy": 0.3047068186339994,
    "n": 557
  },
  "phase": {
    "f1_macro": 0.223842550734106,
    "balanced_accuracy": 0.33552227342549923,
    "n": 477
  },
  "fatigue": {
    "mae": 1.0192296903052065,
    "pearson_r": -0.15857457580963882,
    "n": 557
  },
  "reps": {
    "mae": 0.2346899938874756,
    "n": 474
  },
  "val_total": 0.9061518436702406,
  "val_total_per_task": {
    "exercise": 1.5488149770928457,
    "phase": 0.40321075552455826,
    "fatigue": 1.0192296977959159,
    "reps": 0.04379437577909049
  }
}