{
  "exercise": {
    "f1_macro": 0.1461038961038961,
    "balanced_accuracy": 0.25,
    "n": 218
  },
  "phase": {
    "f1_macro": 0.1979949874686717,
    "balanced_accuracy": 0.3333333333333333,
    "n": 187
  },
  "fatigue": {
    "mae": 0.8985270928899083,
    "pearson_r": -0.2249553289924059,
    "n": 218
  },
  "reps": {
    "mae": 0.5142097716098246,
    "n": 184
  },
  "val_total": 1.3558233976364136,
  "val_total_per_task": {
    "exercise": 1.3232421875,
    "phase": 0.32148870825767517,
    "fatigue": 0.8985270261764526,
    "reps": 0.19845491647720337
  }
}