{
  "exercise": {
    "f1_macro": 0.368694079573577,
    "balanced_accuracy": 0.45366465863453814,
    "n": 374
  },
  "phase": {
    "f1_macro": 0.3186411610156394,
    "balanced_accuracy": 0.32897213283953614,
    "n": 374
  },
  "fatigue": {
    "mae": 0.9023124164438503,
    "pearson_r": 0.23372318256565822,
    "n": 374
  },
  "reps": {
    "mae": 0.20625533634936188,
    "n": 374
  },
  "val_total": -0.11634047273646064,
  "val_total_per_task": {
    "exercise": 1.2264534980855524,
    "phase": 0.334290564697694,
    "fatigue": 0.9023124056066422,
    "reps": 0.034998777596389544
  }
}