{
  "exercise": {
    "f1_macro": 0.2926543361392091,
    "balanced_accuracy": 0.31887208598188843,
    "n": 132918
  },
  "phase": {
    "f1_macro": 0.27598836236537444,
    "balanced_accuracy": 0.3365286047394092,
    "n": 78741
  },
  "fatigue": {
    "mae": 0.9608261741325702,
    "pearson_r": -0.029378784734246037,
    "n": 132918
  },
  "reps": {
    "mae": 2.753516595695349,
    "n": 132918
  }
}