{
  "exercise": {
    "f1_macro": 0.18837002776876194,
    "balanced_accuracy": 0.21773329436976427,
    "n": 218
  },
  "phase": {
    "f1_macro": 0.31489425379090186,
    "balanced_accuracy": 0.31165132336018414,
    "n": 187
  },
  "fatigue": {
    "mae": 0.974555619266055,
    "pearson_r": -0.09392623130059555,
    "n": 218
  },
  "reps": {
    "mae": 0.4782463503272637,
    "n": 184
  },
  "val_total": 0.7276804250314695,
  "val_total_per_task": {
    "exercise": 1.2909439452197573,
    "phase": 0.3139756868738647,
    "fatigue": 0.9745556466076353,
    "reps": 0.17180136994484368
  }
}