{
  "exercise": {
    "f1_macro": 0.16304347826086957,
    "balanced_accuracy": 0.25,
    "n": 218
  },
  "phase": {
    "f1_macro": 0.32551248923341947,
    "balanced_accuracy": 0.35884158036056774,
    "n": 187
  },
  "fatigue": {
    "mae": 0.8878834575688074,
    "pearson_r": -0.2598731952211569,
    "n": 218
  },
  "reps": {
    "mae": 0.5064621953212697,
    "n": 184
  },
  "val_total": 1.267750055418102,
  "val_total_per_task": {
    "exercise": 1.3162897923670778,
    "phase": 0.31921335398604017,
    "fatigue": 0.8878834455385121,
    "reps": 0.19439807903329168
  }
}