{
  "exercise": {
    "f1_macro": 0.40757985149055737,
    "balanced_accuracy": 0.4151748830219308,
    "n": 682
  },
  "phase": {
    "f1_macro": 0.3001261431725008,
    "balanced_accuracy": 0.33115974064249926,
    "n": 488
  },
  "fatigue": {
    "mae": 1.162418667521994,
    "pearson_r": 0.37326746931356564,
    "n": 682
  },
  "reps": {
    "mae": 0.17690632319951205,
    "n": 482
  },
  "val_total": 0.39215625555983735,
  "val_total_per_task": {
    "exercise": 1.4244273345141816,
    "phase": 0.5194941671712657,
    "fatigue": 1.1624186661236446,
    "reps": 0.026700169459815598
  }
}