{
  "exercise": {
    "f1_macro": 0.2362095141700405,
    "balanced_accuracy": 0.25051789077212805,
    "n": 218
  },
  "phase": {
    "f1_macro": 0.3042136339237788,
    "balanced_accuracy": 0.3482930571538166,
    "n": 187
  },
  "fatigue": {
    "mae": 1.2823071961009174,
    "pearson_r": -0.4227391040765428,
    "n": 218
  },
  "reps": {
    "mae": 0.4845989200731982,
    "n": 184
  },
  "val_total": 1.5760804414749146,
  "val_total_per_task": {
    "exercise": 1.6942570209503174,
    "phase": 0.32506582140922546,
    "fatigue": 1.2823071479797363,
    "reps": 0.19924885034561157
  }
}