{
  "arch": "cnn1d_raw",
  "summary": {
    "val_total": {
      "mean": 1.8880897912533718,
      "std": 0.1646876356762516,
      "n": 5
    },
    "exercise": {
      "f1_macro": {
        "mean": 0.33638483993336205,
        "std": 0.08781462523690062,
        "n": 5
      },
      "balanced_accuracy": {
        "mean": 0.37084249908367173,
        "std": 0.109132347224799,
        "n": 5
      }
    },
    "phase": {
      "f1_macro": {
        "mean": 0.29564382497996283,
        "std": 0.03407057910708557,
        "n": 5
      },
      "balanced_accuracy": {
        "mean": 0.3342376423006515,
        "std": 0.033151516107941065,
        "n": 5
      }
    },
    "fatigue": {
      "mae": {
        "mean": 1.9729105960668327,
        "std": 0.3634480332334568,
        "n": 5
      },
      "pearson_r": {
        "mean": 7.85682790937492e-05,
        "std": 0.2360449427549857,
        "n": 5
      }
    },
    "reps": {
      "mae": {
        "mean": 0.5593123335815535,
        "std": 0.11794378871812226,
        "n": 5
      }
    }
  },
  "enabled_tasks": [
    "exercise",
    "phase",
    "fatigue",
    "reps"
  ],
  "all_results": [
    {
      "seed": 42,
      "fold": 0,
      "test_subjects": [
        "Tias",
        "sivert"
      ],
      "metrics": {
        "exercise": {
          "f1_macro": 0.407389412259229,
          "balanced_accuracy": 0.4766800429442326,
          "n": 252
        },
        "phase": {
          "f1_macro": 0.27836566725455614,
          "balanced_accuracy": 0.353006853006853,
          "n": 217
        },
        "fatigue": {
          "mae": 1.3433779761904763,
          "pearson_r": 0.15421772004894785,
          "n": 252
        },
        "reps": {
          "mae": 0.7834752561681182,
          "n": 214
        },
        "val_total": 1.595502633897085,
        "val_total_per_task": {
          "exercise": 1.2268986815497989,
          "phase": 0.31578504849993994,
          "fatigue": 1.3433779525378393,
          "reps": 0.3926897356434474
        }
      }
    },
    {
      "seed": 42,
      "fold": 1,
      "test_subjects": [
        "Raghild",
        "michael"
      ],
      "metrics": {
        "exercise": {
          "f1_macro": 0.37330462077523907,
          "balanced_accuracy": 0.47214854111405835,
          "n": 266
        },
        "phase": {
          "f1_macro": 0.29434166396191713,
          "balanced_accuracy": 0.32530663780663777,
          "n": 194
        },
        "fatigue": {
          "mae": 2.176956062030075,
          "pearson_r": 0.02152011043906278,
          "n": 266
        },
        "reps": {
          "mae": 0.46911449954110795,
          "n": 189
        },
        "val_total": 1.9834589348699814,
        "val_total_per_task": {
          "exercise": 1.3370398005148523,
          "phase": 0.41324165172146676,
          "fatigue": 2.176956063822696,
          "reps": 0.16128891392758019
        }
      }
    },
    {
      "seed": 42,
      "fold": 2,
      "test_subjects": [
        "Juile",
        "lucas 2"
      ],
      "metrics": {
        "exercise": {
          "f1_macro": 0.4271063474425527,
          "balanced_accuracy": 0.41829171572475143,
          "n": 304
        },
        "phase": {
          "f1_macro": 0.2805567765567765,
          "balanced_accuracy": 0.30435064514037474,
          "n": 229
        },
        "fatigue": {
          "mae": 2.1483154296875,
          "pearson_r": 0.008801858512970188,
          "n": 304
        },
        "reps": {
          "mae": 0.4708219951252566,
          "n": 223
        },
        "val_total": 1.8911233952170925,
        "val_total_per_task": {
          "exercise": 1.2350327341180098,
          "phase": 0.3591590743315847,
          "fatigue": 2.1483154296875,
          "reps": 0.15471669874693217
        }
      }
    },
    {
      "seed": 42,
      "fold": 3,
      "test_subjects": [
        "Hytten",
        "lucas"
      ],
      "metrics": {
        "exercise": {
          "f1_macro": 0.19128068193488754,
          "balanced_accuracy": 0.20216572504708097,
          "n": 218
        },
        "phase": {
          "f1_macro": 0.3610028968135051,
          "balanced_accuracy": 0.3888089758342923,
          "n": 187
        },
        "fatigue": {
          "mae": 1.8146771072247707,
          "pearson_r": -0.4365348745346801,
          "n": 218
        },
        "reps": {
          "mae": 0.5026301142314206,
          "n": 184
        },
        "val_total": 1.8801949177313289,
        "val_total_per_task": {
          "exercise": 1.5361999874814936,
          "phase": 0.3277191839633732,
          "fatigue": 1.8146770941008121,
          "reps": 0.20945022480750303
        }
      }
    },
    {
      "seed": 42,
      "fold": 4,
      "test_subjects": [
        "kiyomi"
      ],
      "metrics": {
        "exercise": {
          "f1_macro": 0.28284313725490196,
          "balanced_accuracy": 0.2849264705882353,
          "n": 149
        },
        "phase": {
          "f1_macro": 0.2639521203130595,
          "balanced_accuracy": 0.29971509971509974,
          "n": 149
        },
        "fatigue": {
          "mae": 2.381226405201342,
          "pearson_r": 0.252388026929168,
          "n": 149
        },
        "reps": {
          "mae": 0.5705198028418642,
          "n": 149
        },
        "val_total": 2.0901690745513712,
        "val_total_per_task": {
          "exercise": 1.3921455664922726,
          "phase": 0.3376131723791161,
          "fatigue": 2.381226413201966,
          "reps": 0.21357548926900696
        }
      }
    }
  ]
}