{
  "exercise": {
    "f1_macro": 0.3518079198358083,
    "balanced_accuracy": 0.3751272960472368,
    "n": 1509
  },
  "phase": {
    "f1_macro": 0.31327877106092006,
    "balanced_accuracy": 0.3365917830398704,
    "n": 1113
  },
  "fatigue": {
    "mae": 1.0147552186878728,
    "pearson_r": 0.34683406299385333,
    "n": 1509
  },
  "reps": {
    "mae": 0.08604020718190661,
    "n": 1107
  },
  "val_total": -0.11987981059995213,
  "val_total_per_task": {
    "exercise": 1.1926147556210134,
    "phase": 0.8229518419587114,
    "fatigue": 1.014755214974926,
    "reps": 0.007064206864514479
  }
}