{
  "exercise": {
    "f1_macro": 0.24018068192856912,
    "balanced_accuracy": 0.2919733962425035,
    "n": 557
  },
  "phase": {
    "f1_macro": 0.3188548989803028,
    "balanced_accuracy": 0.3457757296466974,
    "n": 477
  },
  "fatigue": {
    "mae": 1.171867986983842,
    "pearson_r": -0.2300470603964892,
    "n": 557
  },
  "reps": {
    "mae": 0.22790330843479306,
    "n": 474
  },
  "val_total": 0.4244799183771897,
  "val_total_per_task": {
    "exercise": 1.455718940849578,
    "phase": 0.3999632416657528,
    "fatigue": 1.171867998968977,
    "reps": 0.04183145120900452
  }
}