{
  "exercise": {
    "f1_macro": 0.16096368715083798,
    "balanced_accuracy": 0.25,
    "n": 1106
  },
  "phase": {
    "f1_macro": 0.25190629500974326,
    "balanced_accuracy": 0.31111579637828846,
    "n": 944
  },
  "fatigue": {
    "mae": 1.026171168625678,
    "pearson_r": -0.28338944757879475,
    "n": 1106
  },
  "reps": {
    "mae": 0.1127843134445173,
    "n": 941
  },
  "val_total": 1.320902439827945,
  "val_total_per_task": {
    "exercise": 1.3080754487035935,
    "phase": 0.5071351710322968,
    "fatigue": 1.0261711660388582,
    "reps": 0.011098757670825148
  }
}