{
  "arch": "lstm_raw",
  "summary": {
    "val_total": {
      "mean": 0.5307012968972057,
      "std": 0.20917475098798435,
      "n": 5
    },
    "exercise": {
      "f1_macro": {
        "mean": 0.33081377638198217,
        "std": 0.05195496742124966,
        "n": 5
      },
      "balanced_accuracy": {
        "mean": 0.38863394681761576,
        "std": 0.06739951915279276,
        "n": 5
      }
    },
    "phase": {
      "f1_macro": {
        "mean": 0.2997642913706331,
        "std": 0.019404157457184337,
        "n": 5
      },
      "balanced_accuracy": {
        "mean": 0.3295779259576291,
        "std": 0.023403195783276678,
        "n": 5
      }
    },
    "fatigue": {
      "mae": {
        "mean": 1.0580336657271094,
        "std": 0.09141518342882043,
        "n": 5
      },
      "pearson_r": {
        "mean": 0.19358996908964793,
        "std": 0.23101664349574705,
        "n": 5
      }
    },
    "reps": {
      "mae": {
        "mean": 0.2144655748115593,
        "std": 0.03411826741162868,
        "n": 5
      }
    }
  },
  "enabled_tasks": [
    "exercise",
    "phase",
    "fatigue",
    "reps"
  ],
  "all_results": [
    {
      "seed": 42,
      "fold": 0,
      "test_subjects": [
        "Tias",
        "sivert"
      ],
      "metrics": {
        "exercise": {
          "f1_macro": 0.3581168682454856,
          "balanced_accuracy": 0.42988020701182655,
          "n": 626
        },
        "phase": {
          "f1_macro": 0.28155490767735664,
          "balanced_accuracy": 0.30955165692007797,
          "n": 533
        },
        "fatigue": {
          "mae": 1.0932320786741214,
          "pearson_r": 0.3147052774071049,
          "n": 626
        },
        "reps": {
          "mae": 0.27356398991430125,
          "n": 531
        },
        "val_total": 0.3775277729994192,
        "val_total_per_task": {
          "exercise": 1.1298062675677167,
          "phase": 0.2848238670787872,
          "fatigue": 1.0932320765793895,
          "reps": 0.05305029314975388
        }
      }
    },
    {
      "seed": 42,
      "fold": 1,
      "test_subjects": [
        "Raghild",
        "michael"
      ],
      "metrics": {
        "exercise": {
          "f1_macro": 0.3428201207630792,
          "balanced_accuracy": 0.397138372444591,
          "n": 682
        },
        "phase": {
          "f1_macro": 0.28948279774059876,
          "balanced_accuracy": 0.3029030356616564,
          "n": 488
        },
        "fatigue": {
          "mae": 1.2100038947947214,
          "pearson_r": 0.32562443896539833,
          "n": 682
        },
        "reps": {
          "mae": 0.18838385443871694,
          "n": 482
        },
        "val_total": 0.8278084919949081,
        "val_total_per_task": {
          "exercise": 1.287629227484426,
          "phase": 0.5187880825087472,
          "fatigue": 1.2100038996889444,
          "reps": 0.030006262913477386
        }
      }
    },
    {
      "seed": 42,
      "fold": 2,
      "test_subjects": [
        "Juile",
        "lucas 2"
      ],
      "metrics": {
        "exercise": {
          "f1_macro": 0.35628866806074394,
          "balanced_accuracy": 0.4023892899601166,
          "n": 755
        },
        "phase": {
          "f1_macro": 0.2992556633124744,
          "balanced_accuracy": 0.3238692283652613,
          "n": 560
        },
        "fatigue": {
          "mae": 0.945612582781457,
          "pearson_r": 0.4387153982384881,
          "n": 755
        },
        "reps": {
          "mae": 0.17426561854278755,
          "n": 554
        },
        "val_total": 0.48225347561552034,
        "val_total_per_task": {
          "exercise": 1.169852333037269,
          "phase": 0.39525861270380336,
          "fatigue": 0.9456125754394279,
          "reps": 0.030711393763884803
        }
      }
    },
    {
      "seed": 42,
      "fold": 3,
      "test_subjects": [
        "Hytten",
        "lucas"
      ],
      "metrics": {
        "exercise": {
          "f1_macro": 0.2282094076773732,
          "balanced_accuracy": 0.2600972060370065,
          "n": 557
        },
        "phase": {
          "f1_macro": 0.33689777451699676,
          "balanced_accuracy": 0.34529569892473116,
          "n": 477
        },
        "fatigue": {
          "mae": 1.0524222957809695,
          "pearson_r": -0.21447507333050914,
          "n": 557
        },
        "reps": {
          "mae": 0.2197254296988524,
          "n": 474
        },
        "val_total": 0.7067100236617042,
        "val_total_per_task": {
          "exercise": 1.60221733867159,
          "phase": 0.4003865245321709,
          "fatigue": 1.0524222979211721,
          "reps": 0.04115079300514886
        }
      }
    },
    {
      "seed": 42,
      "fold": 4,
      "test_subjects": [
        "kiyomi"
      ],
      "metrics": {
        "exercise": {
          "f1_macro": 0.36863381716322896,
          "balanced_accuracy": 0.45366465863453814,
          "n": 374
        },
        "phase": {
          "f1_macro": 0.29163031360573893,
          "balanced_accuracy": 0.3662700099164187,
          "n": 374
        },
        "fatigue": {
          "mae": 0.9888974766042781,
          "pearson_r": 0.10337980416775738,
          "n": 374
        },
        "reps": {
          "mae": 0.2163889814631386,
          "n": 374
        },
        "val_total": 0.25920672021447655,
        "val_total_per_task": {
          "exercise": 1.0148232212678634,
          "phase": 0.33087978197291573,
          "fatigue": 0.9888974950912802,
          "reps": 0.03597942056423203
        }
      }
    }
  ]
}