{
  "lr": 0.002095601431214804,
  "weight_decay": 2.0923782674363758e-05,
  "batch_size": 128,
  "dropout": 0.4978584473992329,
  "repr_dim": 64,
  "_patience": 50
}