{
  "exercise": {
    "f1_macro": 0.7289938132043395,
    "balanced_accuracy": 0.718878472844271,
    "n": 252
  },
  "phase": {
    "f1_macro": 0.332922149122807,
    "balanced_accuracy": 0.3557018557018557,
    "n": 217
  },
  "fatigue": {
    "mae": 1.2036365327380953,
    "pearson_r": 0.14627741014765322,
    "n": 252
  },
  "reps": {
    "mae": 0.5545239340270234,
    "n": 214
  },
  "val_total": 0.6150009632110596,
  "val_total_per_task": {
    "exercise": 0.5815508365631104,
    "phase": 0.2700800597667694,
    "fatigue": 1.203636646270752,
    "reps": 0.2133982926607132
  }
}