{
  "arch": "cnn_lstm_raw",
  "summary": {
    "val_total": {
      "mean": 0.9650873947565207,
      "std": 0.1358693667578475,
      "n": 5
    },
    "exercise": {
      "f1_macro": {
        "mean": 0.4143499637910975,
        "std": 0.05493345827185911,
        "n": 5
      },
      "balanced_accuracy": {
        "mean": 0.42905315546330336,
        "std": 0.04247013299355945,
        "n": 5
      }
    },
    "phase": {
      "f1_macro": {
        "mean": 0.3007347283715895,
        "std": 0.028384823486818523,
        "n": 5
      },
      "balanced_accuracy": {
        "mean": 0.32655578927212836,
        "std": 0.026244433284784638,
        "n": 5
      }
    },
    "fatigue": {
      "mae": {
        "mean": 1.1834810661555886,
        "std": 0.14514980540645972,
        "n": 5
      },
      "pearson_r": {
        "mean": 0.0941554057134614,
        "std": 0.263187793175055,
        "n": 5
      }
    },
    "reps": {
      "mae": {
        "mean": 0.44987347476769557,
        "std": 0.06801420799795754,
        "n": 5
      }
    }
  },
  "enabled_tasks": [
    "exercise",
    "phase",
    "fatigue",
    "reps"
  ],
  "all_results": [
    {
      "seed": 42,
      "fold": 0,
      "test_subjects": [
        "Tias",
        "sivert"
      ],
      "metrics": {
        "exercise": {
          "f1_macro": 0.4992926628015547,
          "balanced_accuracy": 0.4966596736880366,
          "n": 252
        },
        "phase": {
          "f1_macro": 0.2868185654008439,
          "balanced_accuracy": 0.3063448063448064,
          "n": 217
        },
        "fatigue": {
          "mae": 1.107421875,
          "pearson_r": 0.25921969577532433,
          "n": 252
        },
        "reps": {
          "mae": 0.5797664192026464,
          "n": 214
        },
        "val_total": 0.8940555784437392,
        "val_total_per_task": {
          "exercise": 1.056785952477228,
          "phase": 0.30457572709946407,
          "fatigue": 1.1074218295869374,
          "reps": 0.229398864129233
        }
      }
    },
    {
      "seed": 42,
      "fold": 1,
      "test_subjects": [
        "Raghild",
        "michael"
      ],
      "metrics": {
        "exercise": {
          "f1_macro": 0.3873709798338546,
          "balanced_accuracy": 0.44596775851787884,
          "n": 266
        },
        "phase": {
          "f1_macro": 0.28113260808199253,
          "balanced_accuracy": 0.3131764069264069,
          "n": 194
        },
        "fatigue": {
          "mae": 1.4039003759398496,
          "pearson_r": 0.20795097718649821,
          "n": 266
        },
        "reps": {
          "mae": 0.43302355283900856,
          "n": 189
        },
        "val_total": 1.195179042959572,
        "val_total_per_task": {
          "exercise": 1.3615874706354356,
          "phase": 0.3850478857083428,
          "fatigue": 1.4039003741472287,
          "reps": 0.1438342395581697
        }
      }
    },
    {
      "seed": 42,
      "fold": 2,
      "test_subjects": [
        "Juile",
        "lucas 2"
      ],
      "metrics": {
        "exercise": {
          "f1_macro": 0.4014672325536777,
          "balanced_accuracy": 0.3866492510465725,
          "n": 304
        },
        "phase": {
          "f1_macro": 0.3229164420097627,
          "balanced_accuracy": 0.3474032289437852,
          "n": 229
        },
        "fatigue": {
          "mae": 1.2280915912828947,
          "pearson_r": 0.1899712501621248,
          "n": 304
        },
        "reps": {
          "mae": 0.406868196142662,
          "n": 223
        },
        "val_total": 1.0355492736163892,
        "val_total_per_task": {
          "exercise": 1.2856557682940835,
          "phase": 0.3604700000662553,
          "fatigue": 1.228091603831241,
          "reps": 0.1327329607386338
        }
      }
    },
    {
      "seed": 42,
      "fold": 3,
      "test_subjects": [
        "Hytten",
        "lucas"
      ],
      "metrics": {
        "exercise": {
          "f1_macro": 0.4464134286214648,
          "balanced_accuracy": 0.43516801563265617,
          "n": 218
        },
        "phase": {
          "f1_macro": 0.3444444444444444,
          "balanced_accuracy": 0.36713655542769463,
          "n": 187
        },
        "fatigue": {
          "mae": 1.2137507167431192,
          "pearson_r": -0.42991067750762885,
          "n": 218
        },
        "reps": {
          "mae": 0.38594553166109585,
          "n": 184
        },
        "val_total": 0.8891192860559586,
        "val_total_per_task": {
          "exercise": 1.2163575964236477,
          "phase": 0.308640842590857,
          "fatigue": 1.2137507090874768,
          "reps": 0.12056789581381946
        }
      }
    },
    {
      "seed": 42,
      "fold": 4,
      "test_subjects": [
        "kiyomi"
      ],
      "metrics": {
        "exercise": {
          "f1_macro": 0.3372055151449354,
          "balanced_accuracy": 0.38082107843137253,
          "n": 149
        },
        "phase": {
          "f1_macro": 0.268361581920904,
          "balanced_accuracy": 0.2987179487179487,
          "n": 149
        },
        "fatigue": {
          "mae": 0.9642407718120806,
          "pearson_r": 0.24354578295098842,
          "n": 149
        },
        "reps": {
          "mae": 0.44376367399306504,
          "n": 149
        },
        "val_total": 0.811533792706944,
        "val_total_per_task": {
          "exercise": 1.1893987351615958,
          "phase": 0.3066886439419433,
          "fatigue": 0.9642407766124547,
          "reps": 0.15296975413224842
        }
      }
    }
  ]
}