{
  "exercise": {
    "f1_macro": 0.2653763992138768,
    "balanced_accuracy": 0.3486265283140283,
    "n": 682
  },
  "phase": {
    "f1_macro": 0.31632909574086043,
    "balanced_accuracy": 0.33007908438942923,
    "n": 488
  },
  "fatigue": {
    "mae": 1.3867702987536656,
    "pearson_r": 0.22778475826404068,
    "n": 682
  },
  "reps": {
    "mae": 0.18326598817784015,
    "n": 482
  },
  "val_total": 0.3359219286798382,
  "val_total_per_task": {
    "exercise": 1.2353603458824045,
    "phase": 0.35108155099527577,
    "fatigue": 1.3867703060950003,
    "reps": 0.02971415856956911
  }
}