{
  "lr": 0.003946212980759096,
  "weight_decay": 0.00048359527764659497,
  "batch_size": 128,
  "dropout": 0.1783931449676581,
  "repr_dim": 256,
  "lstm_hidden": 64,
  "lstm_layers": 1,
  "_patience": 50
}