{
  "exercise": {
    "f1_macro": 0.1461038961038961,
    "balanced_accuracy": 0.25,
    "n": 218
  },
  "phase": {
    "f1_macro": 0.1979949874686717,
    "balanced_accuracy": 0.3333333333333333,
    "n": 187
  },
  "fatigue": {
    "mae": 0.8509174311926605,
    "pearson_r": -0.18714086791249504,
    "n": 218
  },
  "reps": {
    "mae": 0.48676142064125644,
    "n": 184
  },
  "val_total": 1.2107224694085776,
  "val_total_per_task": {
    "exercise": 1.3156402121990098,
    "phase": 0.3208483717310319,
    "fatigue": 0.8509174574405776,
    "reps": 0.18730191380605785
  }
}