{
  "arch": "cnn1d_raw",
  "summary": {
    "val_total": {
      "mean": 3.224582481384277,
      "std": 0.385721554290227,
      "n": 5
    },
    "exercise": {
      "f1_macro": {
        "mean": 0.29396538368038494,
        "std": 0.08606127109745812,
        "n": 5
      },
      "balanced_accuracy": {
        "mean": 0.3660707791019082,
        "std": 0.10145946227008537,
        "n": 5
      }
    },
    "phase": {
      "f1_macro": {
        "mean": 0.2802749141625434,
        "std": 0.027446981363517958,
        "n": 5
      },
      "balanced_accuracy": {
        "mean": 0.32051759007850394,
        "std": 0.019357825548208602,
        "n": 5
      }
    },
    "fatigue": {
      "mae": {
        "mean": 4.61366882620863,
        "std": 0.6920117986493488,
        "n": 5
      },
      "pearson_r": {
        "mean": -0.0005085005385932484,
        "std": 0.17928016247726627,
        "n": 5
      }
    },
    "reps": {
      "mae": {
        "mean": 0.5733787455015541,
        "std": 0.1450059064105934,
        "n": 5
      }
    }
  },
  "enabled_tasks": [
    "exercise",
    "phase",
    "fatigue",
    "reps"
  ],
  "all_results": [
    {
      "seed": 42,
      "fold": 0,
      "test_subjects": [
        "Tias",
        "sivert"
      ],
      "metrics": {
        "exercise": {
          "f1_macro": 0.3370753465943339,
          "balanced_accuracy": 0.42054660049851345,
          "n": 252
        },
        "phase": {
          "f1_macro": 0.25893077907139245,
          "balanced_accuracy": 0.3147763147763148,
          "n": 217
        },
        "fatigue": {
          "mae": 4.879615420386905,
          "pearson_r": -0.25020456426298376,
          "n": 252
        },
        "reps": {
          "mae": 0.8574262147543029,
          "n": 214
        },
        "val_total": 3.425856113433838,
        "val_total_per_task": {
          "exercise": 1.2529548406600952,
          "phase": 0.3269481062889099,
          "fatigue": 4.879615783691406,
          "reps": 0.43291422724723816
        }
      }
    },
    {
      "seed": 42,
      "fold": 1,
      "test_subjects": [
        "Raghild",
        "michael"
      ],
      "metrics": {
        "exercise": {
          "f1_macro": 0.25556327772859033,
          "balanced_accuracy": 0.3499552772808586,
          "n": 266
        },
        "phase": {
          "f1_macro": 0.2683133859604448,
          "balanced_accuracy": 0.3248556998556999,
          "n": 194
        },
        "fatigue": {
          "mae": 4.845860990366542,
          "pearson_r": -0.16626007783152802,
          "n": 266
        },
        "reps": {
          "mae": 0.5210394352654774,
          "n": 189
        },
        "val_total": 3.3360536098480225,
        "val_total_per_task": {
          "exercise": 1.3254752159118652,
          "phase": 0.3411910831928253,
          "fatigue": 4.845860958099365,
          "reps": 0.20185792446136475
        }
      }
    },
    {
      "seed": 42,
      "fold": 2,
      "test_subjects": [
        "Juile",
        "lucas 2"
      ],
      "metrics": {
        "exercise": {
          "f1_macro": 0.36876456876456876,
          "balanced_accuracy": 0.4363226059654631,
          "n": 304
        },
        "phase": {
          "f1_macro": 0.2572396157301818,
          "balanced_accuracy": 0.29199896258834207,
          "n": 229
        },
        "fatigue": {
          "mae": 5.0814369603207235,
          "pearson_r": 0.04362519840688712,
          "n": 304
        },
        "reps": {
          "mae": 0.47902974982917174,
          "n": 223
        },
        "val_total": 3.3876736164093018,
        "val_total_per_task": {
          "exercise": 1.2127829790115356,
          "phase": 0.35992392897605896,
          "fatigue": 5.081437110900879,
          "reps": 0.16483142971992493
        }
      }
    },
    {
      "seed": 42,
      "fold": 3,
      "test_subjects": [
        "Hytten",
        "lucas"
      ],
      "metrics": {
        "exercise": {
          "f1_macro": 0.1425339366515837,
          "balanced_accuracy": 0.175,
          "n": 218
        },
        "phase": {
          "f1_macro": 0.33136107428842404,
          "balanced_accuracy": 0.3522247794399693,
          "n": 187
        },
        "fatigue": {
          "mae": 5.020790030103211,
          "pearson_r": 0.1847192247942052,
          "n": 218
        },
        "reps": {
          "mae": 0.5457825754647669,
          "n": 184
        },
        "val_total": 3.5116217136383057,
        "val_total_per_task": {
          "exercise": 1.4497249126434326,
          "phase": 0.3597155213356018,
          "fatigue": 5.020789623260498,
          "reps": 0.2370678335428238
        }
      }
    },
    {
      "seed": 42,
      "fold": 4,
      "test_subjects": [
        "kiyomi"
      ],
      "metrics": {
        "exercise": {
          "f1_macro": 0.3658897886628481,
          "balanced_accuracy": 0.44852941176470584,
          "n": 149
        },
        "phase": {
          "f1_macro": 0.2855297157622739,
          "balanced_accuracy": 0.3187321937321937,
          "n": 149
        },
        "fatigue": {
          "mae": 3.240640729865772,
          "pearson_r": 0.18557771620045324,
          "n": 149
        },
        "reps": {
          "mae": 0.46361575219405177,
          "n": 149
        },
        "val_total": 2.461707353591919,
        "val_total_per_task": {
          "exercise": 1.2318172454833984,
          "phase": 0.3155691623687744,
          "fatigue": 3.240640640258789,
          "reps": 0.17536643147468567
        }
      }
    }
  ]
}