{
  "exercise": {
    "f1_macro": 0.4260745428030019,
    "balanced_accuracy": 0.43300709706959706,
    "n": 304
  },
  "phase": {
    "f1_macro": 0.3157804053326441,
    "balanced_accuracy": 0.3364455683070739,
    "n": 229
  },
  "fatigue": {
    "mae": 1.2301475123355263,
    "pearson_r": 0.28053005163766764,
    "n": 304
  },
  "reps": {
    "mae": 0.4131657705922097,
    "n": 223
  },
  "val_total": 1.3686185824243646,
  "val_total_per_task": {
    "exercise": 1.1823465447676809,
    "phase": 0.35876444531114476,
    "fatigue": 1.2301475186096995,
    "reps": 0.1368674859404564
  }
}