{
  "lr": 0.0035815019993921983,
  "weight_decay": 0.00038789367701304924,
  "batch_size": 128,
  "dropout": 0.4373230363821811,
  "repr_dim": 64,
  "_patience": 50
}