{
  "exercise": {
    "f1_macro": 0.12170385395537525,
    "balanced_accuracy": 0.25,
    "n": 746
  },
  "phase": {
    "f1_macro": 0.2120658135283364,
    "balanced_accuracy": 0.3333333333333333,
    "n": 746
  },
  "fatigue": {
    "mae": 0.9745203585790885,
    "pearson_r": 0.1402546403999347,
    "n": 746
  },
  "reps": {
    "mae": 0.11802117222415698,
    "n": 746
  },
  "val_total": 1.2848133692472934,
  "val_total_per_task": {
    "exercise": 1.2984589629134928,
    "phase": 0.4790788785062591,
    "fatigue": 0.9745204042813094,
    "reps": 0.010543640668007068
  }
}