{
  "arch": "cnn1d_raw",
  "summary": {
    "val_total": {
      "mean": 1.3543970402360086,
      "std": 0.531752047836289,
      "n": 5
    },
    "exercise": {
      "f1_macro": {
        "mean": 0.4477882943321285,
        "std": 0.1946315024453207,
        "n": 5
      },
      "balanced_accuracy": {
        "mean": 0.46341292444548976,
        "std": 0.2012900272611609,
        "n": 5
      }
    },
    "phase": {
      "f1_macro": {
        "mean": 0.3023564313990228,
        "std": 0.045198941956885605,
        "n": 5
      },
      "balanced_accuracy": {
        "mean": 0.34856054210773285,
        "std": 0.029627861555220528,
        "n": 5
      }
    },
    "fatigue": {
      "mae": {
        "mean": 1.2864315377738915,
        "std": 0.13467085859715872,
        "n": 5
      },
      "pearson_r": {
        "mean": 0.04071964065562841,
        "std": 0.2065220051523338,
        "n": 5
      }
    },
    "reps": {
      "mae": {
        "mean": 0.4559398884847156,
        "std": 0.05763476751118527,
        "n": 5
      }
    }
  },
  "enabled_tasks": [
    "exercise",
    "phase",
    "fatigue",
    "reps"
  ],
  "all_results": [
    {
      "seed": 42,
      "fold": 0,
      "test_subjects": [
        "Tias",
        "sivert"
      ],
      "metrics": {
        "exercise": {
          "f1_macro": 0.7903361453223466,
          "balanced_accuracy": 0.7838472549139407,
          "n": 252
        },
        "phase": {
          "f1_macro": 0.37134367977316257,
          "balanced_accuracy": 0.3754523754523755,
          "n": 217
        },
        "fatigue": {
          "mae": 1.2078993055555556,
          "pearson_r": 0.07970381623425683,
          "n": 252
        },
        "reps": {
          "mae": 0.4999112551248519,
          "n": 214
        },
        "val_total": 0.3854673353452531,
        "val_total_per_task": {
          "exercise": 0.4526738420365349,
          "phase": 0.2783837379917266,
          "fatigue": 1.2078992582502819,
          "reps": 0.18212057673741902
        }
      }
    },
    {
      "seed": 42,
      "fold": 1,
      "test_subjects": [
        "Raghild",
        "michael"
      ],
      "metrics": {
        "exercise": {
          "f1_macro": 0.45641025641025645,
          "balanced_accuracy": 0.5564097423560134,
          "n": 266
        },
        "phase": {
          "f1_macro": 0.25402080057380894,
          "balanced_accuracy": 0.3437049062049062,
          "n": 194
        },
        "fatigue": {
          "mae": 1.513436912593985,
          "pearson_r": 0.0845007311770467,
          "n": 266
        },
        "reps": {
          "mae": 0.4902327241543582,
          "n": 189
        },
        "val_total": 1.8333823842213566,
        "val_total_per_task": {
          "exercise": 1.525431589972704,
          "phase": 0.47248135832019317,
          "fatigue": 1.5134369116976745,
          "reps": 0.1803144727434431
        }
      }
    },
    {
      "seed": 42,
      "fold": 2,
      "test_subjects": [
        "Juile",
        "lucas 2"
      ],
      "metrics": {
        "exercise": {
          "f1_macro": 0.4740887123884255,
          "balanced_accuracy": 0.47634582679225534,
          "n": 304
        },
        "phase": {
          "f1_macro": 0.3391915254982762,
          "balanced_accuracy": 0.3634656531952778,
          "n": 229
        },
        "fatigue": {
          "mae": 1.352821751644737,
          "pearson_r": 0.08960281414202154,
          "n": 304
        },
        "reps": {
          "mae": 0.3424562320255177,
          "n": 223
        },
        "val_total": 1.1960940706102472,
        "val_total_per_task": {
          "exercise": 1.327485087670778,
          "phase": 0.2831909656524658,
          "fatigue": 1.35282175791891,
          "reps": 0.08247015821306329
        }
      }
    },
    {
      "seed": 42,
      "fold": 3,
      "test_subjects": [
        "Hytten",
        "lucas"
      ],
      "metrics": {
        "exercise": {
          "f1_macro": 0.264536817613649,
          "balanced_accuracy": 0.26026571973386703,
          "n": 218
        },
        "phase": {
          "f1_macro": 0.2810280253131861,
          "balanced_accuracy": 0.3670886075949367,
          "n": 187
        },
        "fatigue": {
          "mae": 1.2314005160550459,
          "pearson_r": -0.340354418752967,
          "n": 218
        },
        "reps": {
          "mae": 0.47299861227688583,
          "n": 184
        },
        "val_total": 1.75055312235421,
        "val_total_per_task": {
          "exercise": 1.6207448911229405,
          "phase": 0.323500491336945,
          "fatigue": 1.231400548864942,
          "reps": 0.17032074716386444
        }
      }
    },
    {
      "seed": 42,
      "fold": 4,
      "test_subjects": [
        "kiyomi"
      ],
      "metrics": {
        "exercise": {
          "f1_macro": 0.2535695399259651,
          "balanced_accuracy": 0.24019607843137253,
          "n": 149
        },
        "phase": {
          "f1_macro": 0.26619812583668007,
          "balanced_accuracy": 0.2930911680911681,
          "n": 149
        },
        "fatigue": {
          "mae": 1.1265992030201342,
          "pearson_r": 0.290145260477784,
          "n": 149
        },
        "reps": {
          "mae": 0.47410061884196414,
          "n": 149
        },
        "val_total": 1.6064882886489766,
        "val_total_per_task": {
          "exercise": 1.6340831766192545,
          "phase": 0.31798154355695585,
          "fatigue": 1.1265992078205083,
          "reps": 0.1810858468681374
        }
      }
    }
  ]
}