{
  "lr": 0.002758211890134081,
  "weight_decay": 6.583140177701383e-05,
  "batch_size": 64,
  "dropout": 0.3241334421953716,
  "repr_dim": 64,
  "lstm_hidden": 32,
  "lstm_layers": 1,
  "_patience": 50
}