{
  "exercise": {
    "f1_macro": 0.10990712074303406,
    "balanced_accuracy": 0.25,
    "n": 252
  },
  "phase": {
    "f1_macro": 0.1695303550973654,
    "balanced_accuracy": 0.3333333333333333,
    "n": 217
  },
  "fatigue": {
    "mae": 1.0501147073412698,
    "pearson_r": 0.38205900254744457,
    "n": 252
  },
  "reps": {
    "mae": 0.6363830374571208,
    "n": 214
  },
  "val_total": 1.506636142730713,
  "val_total_per_task": {
    "exercise": 1.3953101634979248,
    "phase": 0.33295387029647827,
    "fatigue": 1.0501147508621216,
    "reps": 0.2660336494445801
  }
}