{
  "exercise": {
    "f1_macro": 0.27055922204646227,
    "balanced_accuracy": 0.31050784731697406,
    "n": 1106
  },
  "phase": {
    "f1_macro": 0.3024429223744292,
    "balanced_accuracy": 0.32937896783564086,
    "n": 944
  },
  "fatigue": {
    "mae": 0.9960443037974683,
    "pearson_r": -0.16009326704401064,
    "n": 1106
  },
  "reps": {
    "mae": 0.11521849049355214,
    "n": 941
  },
  "val_total": 0.39121030920452926,
  "val_total_per_task": {
    "exercise": 1.6534275950402506,
    "phase": 0.5052696491236282,
    "fatigue": 0.9960442990549649,
    "reps": 0.012041705032342382
  }
}