{
  "exercise": {
    "f1_macro": 0.12293853073463268,
    "balanced_accuracy": 0.25,
    "n": 1509
  },
  "phase": {
    "f1_macro": 0.22434136045524844,
    "balanced_accuracy": 0.3295486743574175,
    "n": 1113
  },
  "fatigue": {
    "mae": 0.9174794980119284,
    "pearson_r": 0.1876106433492221,
    "n": 1509
  },
  "reps": {
    "mae": 0.08672116386519901,
    "n": 1107
  },
  "val_total": 1.3196739527940593,
  "val_total_per_task": {
    "exercise": 1.3674709544899133,
    "phase": 0.514010204630549,
    "fatigue": 0.9174795064648071,
    "reps": 0.0075682744691166915
  }
}