{
  "exercise": {
    "f1_macro": 0.40766967448604224,
    "balanced_accuracy": 0.450635396207847,
    "n": 746
  },
  "phase": {
    "f1_macro": 0.2120658135283364,
    "balanced_accuracy": 0.3333333333333333,
    "n": 746
  },
  "fatigue": {
    "mae": 0.9465482573726541,
    "pearson_r": 0.2419593814292618,
    "n": 746
  },
  "reps": {
    "mae": 0.11692529400915466,
    "n": 746
  },
  "val_total": -0.1685514897507573,
  "val_total_per_task": {
    "exercise": 1.0850108571090902,
    "phase": 0.49475922213802387,
    "fatigue": 0.9465482890126533,
    "reps": 0.012511099466489723
  }
}