{
  "exercise": {
    "f1_macro": 0.31895291970996503,
    "balanced_accuracy": 0.32416151556776557,
    "n": 304
  },
  "phase": {
    "f1_macro": 0.2943439111810473,
    "balanced_accuracy": 0.32282954029695904,
    "n": 229
  },
  "fatigue": {
    "mae": 1.10302734375,
    "pearson_r": 0.20145195758084686,
    "n": 304
  },
  "reps": {
    "mae": 0.3978125987774922,
    "n": 223
  },
  "val_total": 1.0905382319500572,
  "val_total_per_task": {
    "exercise": 1.2185447090550472,
    "phase": 0.36057247770460027,
    "fatigue": 1.10302734375,
    "reps": 0.13485107139537209
  }
}