{
  "exercise": {
    "f1_macro": 0.39216614359799806,
    "balanced_accuracy": 0.4494419399083086,
    "n": 1361
  },
  "phase": {
    "f1_macro": 0.30958001400268703,
    "balanced_accuracy": 0.34067430733281406,
    "n": 969
  },
  "fatigue": {
    "mae": 1.219444572005878,
    "pearson_r": 0.34544251024648354,
    "n": 1361
  },
  "reps": {
    "mae": 0.09717314941344853,
    "n": 964
  },
  "val_total": -0.1541323794940217,
  "val_total_per_task": {
    "exercise": 1.3340060043475104,
    "phase": 0.6885652007818397,
    "fatigue": 1.2194445709548043,
    "reps": 0.007879099957124876
  }
}