{
  "exercise": {
    "f1_macro": 0.33872428968088586,
    "balanced_accuracy": 0.4120620175048778,
    "n": 626
  },
  "phase": {
    "f1_macro": 0.2817297692329314,
    "balanced_accuracy": 0.31329434697855746,
    "n": 533
  },
  "fatigue": {
    "mae": 1.0414025059904153,
    "pearson_r": 0.396265076788601,
    "n": 626
  },
  "reps": {
    "mae": 0.26966336654786816,
    "n": 531
  },
  "val_total": 0.2661994872763515,
  "val_total_per_task": {
    "exercise": 1.103872577984112,
    "phase": 0.28519130495790473,
    "fatigue": 1.0414025042765438,
    "reps": 0.05091590385515088
  }
}