{
  "exercise": {
    "f1_macro": 0.3938106819430517,
    "balanced_accuracy": 0.4708934577614943,
    "n": 252
  },
  "phase": {
    "f1_macro": 0.3136369097681125,
    "balanced_accuracy": 0.348001848001848,
    "n": 217
  },
  "fatigue": {
    "mae": 1.1156374007936507,
    "pearson_r": 0.1644302161435202,
    "n": 252
  },
  "reps": {
    "mae": 0.7014850186201457,
    "n": 214
  },
  "val_total": 1.3903498649597168,
  "val_total_per_task": {
    "exercise": 1.159787654876709,
    "phase": 0.31181490421295166,
    "fatigue": 1.1156374216079712,
    "reps": 0.3226887285709381
  }
}