{
  "exercise": {
    "f1_macro": 0.41174579741549866,
    "balanced_accuracy": 0.449029253180294,
    "n": 626
  },
  "phase": {
    "f1_macro": 0.2884374009894957,
    "balanced_accuracy": 0.3373879142300195,
    "n": 533
  },
  "fatigue": {
    "mae": 1.0535330970447285,
    "pearson_r": 0.3325419373398563,
    "n": 626
  },
  "reps": {
    "mae": 0.24228595283229726,
    "n": 531
  },
  "val_total": 0.09481814075201846,
  "val_total_per_task": {
    "exercise": 1.1890392810011063,
    "phase": 0.2825346177759262,
    "fatigue": 1.0535331006629018,
    "reps": 0.04270360428399552
  }
}