{
  "arch": "lstm_raw",
  "summary": {
    "val_total": {
      "mean": 0.12622296153920426,
      "std": 0.23187329679858795,
      "n": 5
    },
    "exercise": {
      "f1_macro": {
        "mean": 0.3782056130511344,
        "std": 0.042255424112726786,
        "n": 5
      },
      "balanced_accuracy": {
        "mean": 0.42369072076737935,
        "std": 0.050373022875383644,
        "n": 5
      }
    },
    "phase": {
      "f1_macro": {
        "mean": 0.31992834772892786,
        "std": 0.02290844781501808,
        "n": 5
      },
      "balanced_accuracy": {
        "mean": 0.3401493538779607,
        "std": 0.022993081775276283,
        "n": 5
      }
    },
    "fatigue": {
      "mae": {
        "mean": 1.0251331636407248,
        "std": 0.09541225575916393,
        "n": 5
      },
      "pearson_r": {
        "mean": 0.2360923642166184,
        "std": 0.17903233514076092,
        "n": 5
      }
    },
    "reps": {
      "mae": {
        "mean": 0.21129537838340906,
        "std": 0.034986487578154556,
        "n": 5
      }
    }
  },
  "enabled_tasks": [
    "exercise",
    "phase",
    "fatigue",
    "reps"
  ],
  "all_results": [
    {
      "seed": 42,
      "fold": 0,
      "test_subjects": [
        "Tias",
        "sivert"
      ],
      "metrics": {
        "exercise": {
          "f1_macro": 0.3805306061515693,
          "balanced_accuracy": 0.4090634650819096,
          "n": 626
        },
        "phase": {
          "f1_macro": 0.3377347526674332,
          "balanced_accuracy": 0.3457309941520468,
          "n": 533
        },
        "fatigue": {
          "mae": 1.052746855031949,
          "pearson_r": 0.3740377500962549,
          "n": 626
        },
        "reps": {
          "mae": 0.26202500348195096,
          "n": 531
        },
        "val_total": 0.005011371911143343,
        "val_total_per_task": {
          "exercise": 1.1966964467264973,
          "phase": 0.2777499380393531,
          "fatigue": 1.0527468601735637,
          "reps": 0.04818577892459429
        }
      }
    },
    {
      "seed": 42,
      "fold": 1,
      "test_subjects": [
        "Raghild",
        "michael"
      ],
      "metrics": {
        "exercise": {
          "f1_macro": 0.44505886370359204,
          "balanced_accuracy": 0.4983861452532935,
          "n": 682
        },
        "phase": {
          "f1_macro": 0.34332245588590765,
          "balanced_accuracy": 0.36143039591315457,
          "n": 488
        },
        "fatigue": {
          "mae": 1.200438737170088,
          "pearson_r": 0.35103055482451984,
          "n": 682
        },
        "reps": {
          "mae": 0.17835720041882694,
          "n": 482
        },
        "val_total": 0.46392324173555344,
        "val_total_per_task": {
          "exercise": 1.439245314192562,
          "phase": 0.5238610348743428,
          "fatigue": 1.2004387385684374,
          "reps": 0.027331599741737163
        }
      }
    },
    {
      "seed": 42,
      "fold": 2,
      "test_subjects": [
        "Juile",
        "lucas 2"
      ],
      "metrics": {
        "exercise": {
          "f1_macro": 0.38590948846849327,
          "balanced_accuracy": 0.42212606899064276,
          "n": 755
        },
        "phase": {
          "f1_macro": 0.3335441836191462,
          "balanced_accuracy": 0.3474152125342252,
          "n": 560
        },
        "fatigue": {
          "mae": 0.9589248758278146,
          "pearson_r": 0.3763787353020515,
          "n": 755
        },
        "reps": {
          "mae": 0.17027372312362202,
          "n": 554
        },
        "val_total": 0.023083056203576903,
        "val_total_per_task": {
          "exercise": 1.1959213571043203,
          "phase": 0.3966117264813935,
          "fatigue": 0.9589248703015562,
          "reps": 0.030375108344862792
        }
      }
    },
    {
      "seed": 42,
      "fold": 3,
      "test_subjects": [
        "Hytten",
        "lucas"
      ],
      "metrics": {
        "exercise": {
          "f1_macro": 0.312949801942695,
          "balanced_accuracy": 0.34354659920984565,
          "n": 557
        },
        "phase": {
          "f1_macro": 0.29851289833080424,
          "balanced_accuracy": 0.35069124423963133,
          "n": 477
        },
        "fatigue": {
          "mae": 0.9689112993716338,
          "pearson_r": -0.08509517421940054,
          "n": 557
        },
        "reps": {
          "mae": 0.23886754436227828,
          "n": 474
        },
        "val_total": 0.31757133653390773,
        "val_total_per_task": {
          "exercise": 1.5012123762384137,
          "phase": 0.40247875746319495,
          "fatigue": 0.9689112978734918,
          "reps": 0.04489449838333541
        }
      }
    },
    {
      "seed": 42,
      "fold": 4,
      "test_subjects": [
        "kiyomi"
      ],
      "metrics": {
        "exercise": {
          "f1_macro": 0.36657930498932245,
          "balanced_accuracy": 0.4453313253012048,
          "n": 374
        },
        "phase": {
          "f1_macro": 0.28652744814134806,
          "balanced_accuracy": 0.29547892255074576,
          "n": 374
        },
        "fatigue": {
          "mae": 0.9446440508021391,
          "pearson_r": 0.16410995507966622,
          "n": 374
        },
        "reps": {
          "mae": 0.2069534205303672,
          "n": 374
        },
        "val_total": -0.17847419868816028,
        "val_total_per_task": {
          "exercise": 1.0649671777684422,
          "phase": 0.3287003043501135,
          "fatigue": 0.9446440425148622,
          "reps": 0.03494540207526263
        }
      }
    }
  ]
}