{
  "exercise": {
    "f1_macro": 0.32400197750587073,
    "balanced_accuracy": 0.4030717901518638,
    "n": 755
  },
  "phase": {
    "f1_macro": 0.21810118136504575,
    "balanced_accuracy": 0.3349472221056118,
    "n": 560
  },
  "fatigue": {
    "mae": 1.0786992963576159,
    "pearson_r": 0.4483182864198545,
    "n": 755
  },
  "reps": {
    "mae": 0.16585350657530828,
    "n": 554
  },
  "val_total": 0.6136959536975582,
  "val_total_per_task": {
    "exercise": 1.150133383668811,
    "phase": 0.3947945480315101,
    "fatigue": 1.0786992931997539,
    "reps": 0.029012117875332862
  }
}