{
  "exercise": {
    "f1_macro": 0.6844067452255181,
    "balanced_accuracy": 0.6713198969939038,
    "n": 252
  },
  "phase": {
    "f1_macro": 0.3292477647795231,
    "balanced_accuracy": 0.35165935165935164,
    "n": 217
  },
  "fatigue": {
    "mae": 1.2638423859126984,
    "pearson_r": 0.11590281102055106,
    "n": 252
  },
  "reps": {
    "mae": 0.5919518384769141,
    "n": 214
  },
  "val_total": 0.8682149648666382,
  "val_total_per_task": {
    "exercise": 0.7307795286178589,
    "phase": 0.26735827326774597,
    "fatigue": 1.2638424634933472,
    "reps": 0.24015942215919495
  }
}