{
  "exercise": {
    "f1_macro": 0.3784072847190243,
    "balanced_accuracy": 0.47891566265060237,
    "n": 374
  },
  "phase": {
    "f1_macro": 0.2768253968253968,
    "balanced_accuracy": 0.30441381822597297,
    "n": 374
  },
  "fatigue": {
    "mae": 1.074344084224599,
    "pearson_r": 0.03201903528080043,
    "n": 374
  },
  "reps": {
    "mae": 0.22878541364359425,
    "n": 374
  },
  "val_total": 1.0649350881576538,
  "val_total_per_task": {
    "exercise": 1.0313936471939087,
    "phase": 0.3317655026912689,
    "fatigue": 1.0743441581726074,
    "reps": 0.03912718594074249
  }
}