{
  "fatigue": {
    "set_number": 0.07702224635576194,
    "temp_mean_set": 0.05945936884900259,
    "emg_dimitrov_rel_mean": 0.0488058412746855,
    "ppg_pulse_amp_std": 0.04539222576125263,
    "emg_mnf_rel_mean": 0.04301320837588357,
    "acc_rms_mean": 0.037989672518374394,
    "set_duration_s": 0.03679326587331128,
    "emg_mdf_rel_mean": 0.03309349729548017,
    "emg_dimitrov_endset_rel": 0.032426945938319976,
    "emg_rms_endset": 0.03145996281569227,
    "acc_rep_band_ratio_std": 0.02860482127413947,
    "emg_rms_rel_mean": 0.02790283346164556,
    "emg_rms_endset_rel": 0.027593143577386806,
    "acc_jerk_rms_std": 0.026167431379974227,
    "ppg_hr_std": 0.025816322948096233,
    "n_reps": 0.025180548914525692,
    "acc_jerk_rms_mean": 0.0245725259569209,
    "temp_slope_set": 0.024211955433457524,
    "emg_rms_std": 0.024183288521010395,
    "ppg_hr_mean": 0.02201892893353784
  },
  "exercise": {
    "acc_jerk_rms": 0.12279540109604743,
    "rep_density_hz": 0.08468640489051805,
    "temp_slope": 0.07554291942264413,
    "reps_in_window_2s": 0.07478360575029594,
    "acc_rep_band_power": 0.07173231684774366,
    "acc_rms": 0.07029675707746466,
    "acc_rep_band_ratio": 0.054595946230575204,
    "temp_mean": 0.04537715070921697,
    "temp_mean_rel": 0.04523786889789871,
    "phase_frac_unknown": 0.03319291314808057,
    "temp_range": 0.03308983817869621,
    "emg_rms": 0.03199484946529243,
    "emg_iemg": 0.03135053538349776,
    "acc_dom_freq": 0.028286065690839603,
    "phase_frac_eccentric": 0.026949679499454388,
    "ppg_pulse_amp": 0.026598354542499193,
    "emg_mnf_rel": 0.021701380112496175,
    "ppg_pulse_amp_var": 0.01903779803942563,
    "emg_mnf": 0.01680777283670135,
    "phase_frac_concentric": 0.016103970548896816
  },
  "phase": {
    "phase_frac_concentric": 0.21855630445647922,
    "phase_frac_eccentric": 0.1542130452253494,
    "reps_in_window_2s": 0.06151314830378721,
    "acc_rep_band_ratio": 0.054280632641877005,
    "rep_density_hz": 0.04941236793528559,
    "acc_rep_band_power": 0.03825758639517971,
    "acc_jerk_rms": 0.034391184109456775,
    "acc_rms": 0.03414769507934645,
    "ppg_pulse_amp": 0.026486858151176056,
    "acc_dom_freq": 0.02511980113673148,
    "emg_iemg": 0.02444577035901358,
    "ppg_pulse_amp_var": 0.022230510175015532,
    "emg_rms": 0.022197889882658032,
    "ppg_hr": 0.021829573962772034,
    "emg_mnf": 0.02164351366977322,
    "temp_slope": 0.021585974124878424,
    "emg_mnf_rel": 0.021235252664309232,
    "temp_mean_rel": 0.021216132931675707,
    "emg_dimitrov_rel": 0.020352482363986735,
    "emg_iemg_rel": 0.020107347444952055
  },
  "reps": {
    "set_duration_s": 0.08320763480600041,
    "acc_rep_band_ratio_std": 0.06828468831781324,
    "emg_mdf_endset_rel": 0.06091356356044418,
    "emg_mnf_rel_mean": 0.04957779605105019,
    "emg_mnf_endset_rel": 0.04896483350637149,
    "emg_mnf_endset": 0.04849633089902133,
    "emg_dimitrov_rel_mean": 0.048274658663444985,
    "emg_mdf_std": 0.04667671636304535,
    "emg_mdf_mean": 0.040896555450976556,
    "emg_dimitrov_endset_rel": 0.03918268745625462,
    "emg_mnf_mean": 0.03914546073831203,
    "acc_dom_freq_mean": 0.03542042014184458,
    "emg_mdf_rel_mean": 0.03511167535236969,
    "acc_dom_freq_std": 0.03339624879584667,
    "emg_mdf_slope": 0.032540559815201466,
    "emg_mdf_endset": 0.030009977231670815,
    "ppg_hr_mean": 0.027673032927520685,
    "emg_mnf_slope": 0.023875986208547768,
    "ppg_hr_std": 0.021405301019922315,
    "emg_rms_endset": 0.019839053656532293
  }
}