{
  "exercise": {
    "f1_macro": 0.14746835443037976,
    "balanced_accuracy": 0.25,
    "n": 557
  },
  "phase": {
    "f1_macro": 0.2084534101825168,
    "balanced_accuracy": 0.3333333333333333,
    "n": 477
  },
  "fatigue": {
    "mae": 0.831400078545781,
    "pearson_r": -0.19446726441933992,
    "n": 557
  },
  "reps": {
    "mae": 0.2322421525993074,
    "n": 474
  },
  "val_total": 1.2496837383968826,
  "val_total_per_task": {
    "exercise": 1.3219009436653588,
    "phase": 0.3954086317622255,
    "fatigue": 0.8314000796158824,
    "reps": 0.042569333851283926
  }
}