{
  "exercise": {
    "f1_macro": 0.12322946175637393,
    "balanced_accuracy": 0.25,
    "n": 266
  },
  "phase": {
    "f1_macro": 0.2206896551724138,
    "balanced_accuracy": 0.3333333333333333,
    "n": 194
  },
  "fatigue": {
    "mae": 1.3862635103383458,
    "pearson_r": 0.05588536882852903,
    "n": 266
  },
  "reps": {
    "mae": 0.395877563557218,
    "n": 189
  },
  "val_total": 1.5706251859664917,
  "val_total_per_task": {
    "exercise": 1.3382467031478882,
    "phase": 0.320889413356781,
    "fatigue": 1.3862634897232056,
    "reps": 0.13184037804603577
  }
}