{
  "exercise": {
    "f1_macro": 0.4822814051622377,
    "balanced_accuracy": 0.46866006017791734,
    "n": 304
  },
  "phase": {
    "f1_macro": 0.33042269832078747,
    "balanced_accuracy": 0.37927121831031574,
    "n": 229
  },
  "fatigue": {
    "mae": 1.018567537006579,
    "pearson_r": 0.3623160162089427,
    "n": 304
  },
  "reps": {
    "mae": 0.4710223180504992,
    "n": 223
  },
  "val_total": 1.1083788369831287,
  "val_total_per_task": {
    "exercise": 1.2006364119680304,
    "phase": 0.366498705587889,
    "fatigue": 1.0185675401436656,
    "reps": 0.15759981619684318
  }
}