{
  "exercise": {
    "f1_macro": 0.365129875654848,
    "balanced_accuracy": 0.41768192379659896,
    "n": 266
  },
  "phase": {
    "f1_macro": 0.27506841817186645,
    "balanced_accuracy": 0.35321969696969696,
    "n": 194
  },
  "fatigue": {
    "mae": 1.2218632518796992,
    "pearson_r": 0.27153036532526414,
    "n": 266
  },
  "reps": {
    "mae": 0.3859775234605112,
    "n": 189
  },
  "val_total": 0.6800416824512912,
  "val_total_per_task": {
    "exercise": 1.112684320686455,
    "phase": 0.32971205388692987,
    "fatigue": 1.2218632536723202,
    "reps": 0.11682430066560444
  }
}