{
  "repr_dim": 128,
  "dropout": 0.10823379771832098,
  "lr": 0.004665303012212832,
  "conv_channels": 32,
  "lstm_hidden": 64
}