{
  "arch": "cnn_lstm_raw",
  "summary": {
    "val_total": {
      "mean": 1.2626341053058616,
      "std": 0.13852825741192534,
      "n": 5
    },
    "exercise": {
      "f1_macro": {
        "mean": 0.3498472525515126,
        "std": 0.11256902389106255,
        "n": 5
      },
      "balanced_accuracy": {
        "mean": 0.40923223897960687,
        "std": 0.08810350164997273,
        "n": 5
      }
    },
    "phase": {
      "f1_macro": {
        "mean": 0.24593311175898505,
        "std": 0.04335176040343528,
        "n": 5
      },
      "balanced_accuracy": {
        "mean": 0.29942380148320724,
        "std": 0.025963297988327808,
        "n": 5
      }
    },
    "fatigue": {
      "mae": {
        "mean": 1.0621329400378419,
        "std": 0.11771472751744995,
        "n": 5
      },
      "pearson_r": {
        "mean": 0.23802623831562855,
        "std": 0.22070711968686477,
        "n": 5
      }
    },
    "reps": {
      "mae": {
        "mean": 0.46382044578503806,
        "std": 0.06050460414627285,
        "n": 5
      }
    }
  },
  "enabled_tasks": [
    "exercise",
    "phase",
    "fatigue",
    "reps"
  ],
  "all_results": [
    {
      "seed": 42,
      "fold": 0,
      "test_subjects": [
        "Tias",
        "sivert"
      ],
      "metrics": {
        "exercise": {
          "f1_macro": 0.48919044406120743,
          "balanced_accuracy": 0.5011311111651898,
          "n": 252
        },
        "phase": {
          "f1_macro": 0.30147058823529416,
          "balanced_accuracy": 0.32655732655732655,
          "n": 217
        },
        "fatigue": {
          "mae": 1.0880611359126984,
          "pearson_r": 0.34728806672979606,
          "n": 252
        },
        "reps": {
          "mae": 0.5710603129989076,
          "n": 214
        },
        "val_total": 1.3510636526440818,
        "val_total_per_task": {
          "exercise": 1.3372345689743284,
          "phase": 0.3071885373857286,
          "fatigue": 1.0880611378049094,
          "reps": 0.22233332906450545
        }
      }
    },
    {
      "seed": 42,
      "fold": 1,
      "test_subjects": [
        "Raghild",
        "michael"
      ],
      "metrics": {
        "exercise": {
          "f1_macro": 0.34832158794198037,
          "balanced_accuracy": 0.39707605946579483,
          "n": 266
        },
        "phase": {
          "f1_macro": 0.27642051989878075,
          "balanced_accuracy": 0.32016594516594515,
          "n": 194
        },
        "fatigue": {
          "mae": 1.2606320488721805,
          "pearson_r": 0.3501876334125039,
          "n": 266
        },
        "reps": {
          "mae": 0.41381369360658543,
          "n": 189
        },
        "val_total": 1.4045794279055488,
        "val_total_per_task": {
          "exercise": 1.2950374058314733,
          "phase": 0.37211818085577253,
          "fatigue": 1.2606320506648014,
          "reps": 0.13438584033707926
        }
      }
    },
    {
      "seed": 42,
      "fold": 2,
      "test_subjects": [
        "Juile",
        "lucas 2"
      ],
      "metrics": {
        "exercise": {
          "f1_macro": 0.37150507491021934,
          "balanced_accuracy": 0.4197900313971743,
          "n": 304
        },
        "phase": {
          "f1_macro": 0.18757004584819156,
          "balanced_accuracy": 0.25559229721843996,
          "n": 229
        },
        "fatigue": {
          "mae": 1.0684236225328947,
          "pearson_r": 0.24155070121202454,
          "n": 304
        },
        "reps": {
          "mae": 0.4111846308745945,
          "n": 223
        },
        "val_total": 1.2444899772342883,
        "val_total_per_task": {
          "exercise": 1.145047244272734,
          "phase": 0.36949073719350917,
          "fatigue": 1.0684236256699813,
          "reps": 0.14258648690424466
        }
      }
    },
    {
      "seed": 42,
      "fold": 3,
      "test_subjects": [
        "Hytten",
        "lucas"
      ],
      "metrics": {
        "exercise": {
          "f1_macro": 0.1461038961038961,
          "balanced_accuracy": 0.25,
          "n": 218
        },
        "phase": {
          "f1_macro": 0.2603346901854364,
          "balanced_accuracy": 0.3091196777905639,
          "n": 187
        },
        "fatigue": {
          "mae": 0.9110342603211009,
          "pearson_r": -0.1856763672600302,
          "n": 218
        },
        "reps": {
          "mae": 0.4891068880324778,
          "n": 184
        },
        "val_total": 1.30673853629226,
        "val_total_per_task": {
          "exercise": 1.3583939622301575,
          "phase": 0.386888358297698,
          "fatigue": 0.9110342625084273,
          "reps": 0.19624561112408245
        }
      }
    },
    {
      "seed": 42,
      "fold": 4,
      "test_subjects": [
        "kiyomi"
      ],
      "metrics": {
        "exercise": {
          "f1_macro": 0.39411525974025974,
          "balanced_accuracy": 0.4781639928698752,
          "n": 149
        },
        "phase": {
          "f1_macro": 0.20386971462722245,
          "balanced_accuracy": 0.28568376068376067,
          "n": 149
        },
        "fatigue": {
          "mae": 0.9825136325503355,
          "pearson_r": 0.4367811574838483,
          "n": 149
        },
        "reps": {
          "mae": 0.4339367034126248,
          "n": 149
        },
        "val_total": 1.00629893245313,
        "val_total_per_task": {
          "exercise": 0.8733846597223474,
          "phase": 0.3002914269298515,
          "fatigue": 0.982513638150772,
          "reps": 0.1595029625916641
        }
      }
    }
  ]
}