{
  "exercise": {
    "f1_macro": 0.4464134286214648,
    "balanced_accuracy": 0.43516801563265617,
    "n": 218
  },
  "phase": {
    "f1_macro": 0.3444444444444444,
    "balanced_accuracy": 0.36713655542769463,
    "n": 187
  },
  "fatigue": {
    "mae": 1.2137507167431192,
    "pearson_r": -0.42991067750762885,
    "n": 218
  },
  "reps": {
    "mae": 0.38594553166109585,
    "n": 184
  },
  "val_total": 0.8891192860559586,
  "val_total_per_task": {
    "exercise": 1.2163575964236477,
    "phase": 0.308640842590857,
    "fatigue": 1.2137507090874768,
    "reps": 0.12056789581381946
  }
}