{
  "exercise": {
    "f1_macro": 0.2422650308257074,
    "balanced_accuracy": 0.27789609400813087,
    "n": 1106
  },
  "phase": {
    "f1_macro": 0.32631352282515075,
    "balanced_accuracy": 0.33156698760746833,
    "n": 944
  },
  "fatigue": {
    "mae": 1.086873445976492,
    "pearson_r": -0.23523397375374755,
    "n": 1106
  },
  "reps": {
    "mae": 0.11032181703158943,
    "n": 941
  },
  "val_total": -0.17436316043515748,
  "val_total_per_task": {
    "exercise": 1.548543364617967,
    "phase": 0.5061939029969531,
    "fatigue": 1.086873439078305,
    "reps": 0.012314713147433497
  }
}