{
  "exercise": {
    "f1_macro": 0.09307084655097345,
    "balanced_accuracy": 0.09856021318469782,
    "n": 1106
  },
  "phase": {
    "f1_macro": 0.305587247429759,
    "balanced_accuracy": 0.3237800735586947,
    "n": 944
  },
  "fatigue": {
    "mae": 1.063280543625678,
    "pearson_r": -0.29873042307909536,
    "n": 1106
  },
  "reps": {
    "mae": 0.11697727109713324,
    "n": 941
  },
  "val_total": 0.45745734625224826,
  "val_total_per_task": {
    "exercise": 2.0019237654549733,
    "phase": 0.5102173469381349,
    "fatigue": 1.0632805440568147,
    "reps": 0.012369513018208322
  }
}