{
  "exercise": {
    "f1_macro": 0.3800273943381292,
    "balanced_accuracy": 0.4666224580017684,
    "n": 266
  },
  "phase": {
    "f1_macro": 0.26797791580400276,
    "balanced_accuracy": 0.31236471861471865,
    "n": 194
  },
  "fatigue": {
    "mae": 1.7979763862781954,
    "pearson_r": 0.0761349522219481,
    "n": 266
  },
  "reps": {
    "mae": 0.4470222479905243,
    "n": 189
  },
  "val_total": 1.819072049363215,
  "val_total_per_task": {
    "exercise": 1.3678097796619386,
    "phase": 0.41799980894963545,
    "fatigue": 1.7979763880708164,
    "reps": 0.1456006846033541
  }
}