{
  "arch": "cnn_lstm_raw",
  "summary": {
    "val_total": {
      "mean": 1.4109075546264649,
      "std": 0.09474164012967203,
      "n": 5
    },
    "exercise": {
      "f1_macro": {
        "mean": 0.17378986235988308,
        "std": 0.09771841134065012,
        "n": 5
      },
      "balanced_accuracy": {
        "mean": 0.29117647058823526,
        "std": 0.08235294117647057,
        "n": 5
      }
    },
    "phase": {
      "f1_macro": {
        "mean": 0.23005555852735404,
        "std": 0.05580920957179206,
        "n": 5
      },
      "balanced_accuracy": {
        "mean": 0.3425213675213675,
        "std": 0.018376068376068377,
        "n": 5
      }
    },
    "fatigue": {
      "mae": {
        "mean": 1.0476010073982214,
        "std": 0.17046412185477164,
        "n": 5
      },
      "pearson_r": {
        "mean": 0.23363365175570308,
        "std": 0.24848117636270714,
        "n": 5
      }
    },
    "reps": {
      "mae": {
        "mean": 0.5082150369246021,
        "std": 0.09369738609829385,
        "n": 5
      }
    }
  },
  "enabled_tasks": [
    "exercise",
    "phase",
    "fatigue",
    "reps"
  ],
  "all_results": [
    {
      "seed": 42,
      "fold": 0,
      "test_subjects": [
        "Tias",
        "sivert"
      ],
      "metrics": {
        "exercise": {
          "f1_macro": 0.10990712074303406,
          "balanced_accuracy": 0.25,
          "n": 252
        },
        "phase": {
          "f1_macro": 0.1695303550973654,
          "balanced_accuracy": 0.3333333333333333,
          "n": 217
        },
        "fatigue": {
          "mae": 1.1218687996031746,
          "pearson_r": 0.18248102764831903,
          "n": 252
        },
        "reps": {
          "mae": 0.6789471521346926,
          "n": 214
        },
        "val_total": 1.5348337888717651,
        "val_total_per_task": {
          "exercise": 1.4057074785232544,
          "phase": 0.3271513879299164,
          "fatigue": 1.1218688488006592,
          "reps": 0.29437944293022156
        }
      }
    },
    {
      "seed": 42,
      "fold": 1,
      "test_subjects": [
        "Raghild",
        "michael"
      ],
      "metrics": {
        "exercise": {
          "f1_macro": 0.12322946175637393,
          "balanced_accuracy": 0.25,
          "n": 266
        },
        "phase": {
          "f1_macro": 0.2206896551724138,
          "balanced_accuracy": 0.3333333333333333,
          "n": 194
        },
        "fatigue": {
          "mae": 1.3479205827067668,
          "pearson_r": 0.3047582455301663,
          "n": 266
        },
        "reps": {
          "mae": 0.3994514820259557,
          "n": 189
        },
        "val_total": 1.5090779066085815,
        "val_total_per_task": {
          "exercise": 1.3004802465438843,
          "phase": 0.31758013367652893,
          "fatigue": 1.3479206562042236,
          "reps": 0.13545434176921844
        }
      }
    },
    {
      "seed": 42,
      "fold": 2,
      "test_subjects": [
        "Juile",
        "lucas 2"
      ],
      "metrics": {
        "exercise": {
          "f1_macro": 0.12189054726368159,
          "balanced_accuracy": 0.25,
          "n": 304
        },
        "phase": {
          "f1_macro": 0.2109452736318408,
          "balanced_accuracy": 0.3333333333333333,
          "n": 229
        },
        "fatigue": {
          "mae": 0.9398514597039473,
          "pearson_r": 0.6606828083588812,
          "n": 304
        },
        "reps": {
          "mae": 0.47065212830249636,
          "n": 223
        },
        "val_total": 1.3830711841583252,
        "val_total_per_task": {
          "exercise": 1.3876535892486572,
          "phase": 0.3618365228176117,
          "fatigue": 0.9398514628410339,
          "reps": 0.15240994095802307
        }
      }
    },
    {
      "seed": 42,
      "fold": 3,
      "test_subjects": [
        "Hytten",
        "lucas"
      ],
      "metrics": {
        "exercise": {
          "f1_macro": 0.1461038961038961,
          "balanced_accuracy": 0.25,
          "n": 218
        },
        "phase": {
          "f1_macro": 0.21333333333333335,
          "balanced_accuracy": 0.3333333333333333,
          "n": 187
        },
        "fatigue": {
          "mae": 0.8797484231651376,
          "pearson_r": -0.08671246894706111,
          "n": 218
        },
        "reps": {
          "mae": 0.4714333100811295,
          "n": 184
        },
        "val_total": 1.3247634172439575,
        "val_total_per_task": {
          "exercise": 1.3149055242538452,
          "phase": 0.33109018206596375,
          "fatigue": 0.8797484040260315,
          "reps": 0.19444683194160461
        }
      }
    },
    {
      "seed": 42,
      "fold": 4,
      "test_subjects": [
        "kiyomi"
      ],
      "metrics": {
        "exercise": {
          "f1_macro": 0.3678182859324298,
          "balanced_accuracy": 0.45588235294117646,
          "n": 149
        },
        "phase": {
          "f1_macro": 0.33577917540181695,
          "balanced_accuracy": 0.37927350427350426,
          "n": 149
        },
        "fatigue": {
          "mae": 0.9486157718120806,
          "pearson_r": 0.10695864618821002,
          "n": 149
        },
        "reps": {
          "mae": 0.5205911120787363,
          "n": 149
        },
        "val_total": 1.3027914762496948,
        "val_total_per_task": {
          "exercise": 1.238232135772705,
          "phase": 0.3130452632904053,
          "fatigue": 0.9486157894134521,
          "reps": 0.20102398097515106
        }
      }
    }
  ]
}