{
  "lr": 0.0038293831939833953,
  "weight_decay": 5.460544968015533e-05,
  "batch_size": 128,
  "dropout": 0.49970420195973697,
  "repr_dim": 64,
  "_patience": 50
}