{
  "exercise": {
    "f1_macro": 0.4740887123884255,
    "balanced_accuracy": 0.47634582679225534,
    "n": 304
  },
  "phase": {
    "f1_macro": 0.3391915254982762,
    "balanced_accuracy": 0.3634656531952778,
    "n": 229
  },
  "fatigue": {
    "mae": 1.352821751644737,
    "pearson_r": 0.08960281414202154,
    "n": 304
  },
  "reps": {
    "mae": 0.3424562320255177,
    "n": 223
  },
  "val_total": 1.1960940706102472,
  "val_total_per_task": {
    "exercise": 1.327485087670778,
    "phase": 0.2831909656524658,
    "fatigue": 1.35282175791891,
    "reps": 0.08247015821306329
  }
}