{
  "exercise": {
    "f1_macro": 0.36106302820486713,
    "balanced_accuracy": 0.43290441176470584,
    "n": 149
  },
  "phase": {
    "f1_macro": 0.24693894187657942,
    "balanced_accuracy": 0.25933048433048433,
    "n": 149
  },
  "fatigue": {
    "mae": 1.3509070889261745,
    "pearson_r": 0.01274902451148038,
    "n": 149
  },
  "reps": {
    "mae": 0.47339091233709113,
    "n": 149
  },
  "val_total": 0.9132142663002014,
  "val_total_per_task": {
    "exercise": 1.1303714513778687,
    "phase": 0.31214582920074463,
    "fatigue": 1.3509070873260498,
    "reps": 0.16547110676765442
  }
}