{
  "exercise": {
    "f1_macro": 0.2775817473930681,
    "balanced_accuracy": 0.32217974590000853,
    "n": 557
  },
  "phase": {
    "f1_macro": 0.3378546035261734,
    "balanced_accuracy": 0.3539490527393753,
    "n": 477
  },
  "fatigue": {
    "mae": 1.0356822262118492,
    "pearson_r": -0.21628347265885234,
    "n": 557
  },
  "reps": {
    "mae": 0.22238540618124375,
    "n": 474
  },
  "val_total": 0.8222847408623413,
  "val_total_per_task": {
    "exercise": 1.5219630152789652,
    "phase": 0.4035550993691655,
    "fatigue": 1.0356822249277275,
    "reps": 0.039601581732958184
  }
}