{
  "arch": "lstm_raw",
  "summary": {
    "val_total": {
      "mean": -0.1428987253764832,
      "std": 0.25242398855953535,
      "n": 5
    },
    "exercise": {
      "f1_macro": {
        "mean": 0.3068256259602838,
        "std": 0.05379527756747118,
        "n": 5
      },
      "balanced_accuracy": {
        "mean": 0.36853833040326495,
        "std": 0.0712529606357203,
        "n": 5
      }
    },
    "phase": {
      "f1_macro": {
        "mean": 0.2946573259050472,
        "std": 0.042532060052695275,
        "n": 5
      },
      "balanced_accuracy": {
        "mean": 0.32879014166951487,
        "std": 0.005760008763867848,
        "n": 5
      }
    },
    "fatigue": {
      "mae": {
        "mean": 1.1161202577168956,
        "std": 0.08262676151868936,
        "n": 5
      },
      "pearson_r": {
        "mean": 0.18795626624151726,
        "std": 0.22488670108028197,
        "n": 5
      }
    },
    "reps": {
      "mae": {
        "mean": 0.10992688188905642,
        "std": 0.01799642369536003,
        "n": 5
      }
    }
  },
  "enabled_tasks": [
    "exercise",
    "phase",
    "fatigue",
    "reps"
  ],
  "all_results": [
    {
      "seed": 42,
      "fold": 0,
      "test_subjects": [
        "Tias",
        "sivert"
      ],
      "metrics": {
        "exercise": {
          "f1_macro": 0.3089729501719949,
          "balanced_accuracy": 0.3619440365196999,
          "n": 1256
        },
        "phase": {
          "f1_macro": 0.32118599791013586,
          "balanced_accuracy": 0.3266728103408764,
          "n": 1069
        },
        "fatigue": {
          "mae": 1.0925401821257963,
          "pearson_r": 0.2942482530021296,
          "n": 1256
        },
        "reps": {
          "mae": 0.1395649795984324,
          "n": 1067
        },
        "val_total": -0.3260942849383992,
        "val_total_per_task": {
          "exercise": 1.161533236503601,
          "phase": 0.4283347972639047,
          "fatigue": 1.0925401855426229,
          "reps": 0.014084636192223068
        }
      }
    },
    {
      "seed": 42,
      "fold": 1,
      "test_subjects": [
        "Raghild",
        "michael"
      ],
      "metrics": {
        "exercise": {
          "f1_macro": 0.29898877376267624,
          "balanced_accuracy": 0.38158939184509605,
          "n": 1361
        },
        "phase": {
          "f1_macro": 0.31420453220465466,
          "balanced_accuracy": 0.31917510478097993,
          "n": 969
        },
        "fatigue": {
          "mae": 1.2738335782512857,
          "pearson_r": 0.3026133395888217,
          "n": 1361
        },
        "reps": {
          "mae": 0.0964964762449852,
          "n": 964
        },
        "val_total": 0.07033697915900551,
        "val_total_per_task": {
          "exercise": 1.289063865432487,
          "phase": 0.6849719405962561,
          "fatigue": 1.2738335798278966,
          "reps": 0.007885389123043533
        }
      }
    },
    {
      "seed": 42,
      "fold": 2,
      "test_subjects": [
        "Juile",
        "lucas 2"
      ],
      "metrics": {
        "exercise": {
          "f1_macro": 0.34117284362085054,
          "balanced_accuracy": 0.4005112622868795,
          "n": 1509
        },
        "phase": {
          "f1_macro": 0.29756973211819937,
          "balanced_accuracy": 0.3290325844970654,
          "n": 1113
        },
        "fatigue": {
          "mae": 1.0428677932405566,
          "pearson_r": 0.42993496900322054,
          "n": 1509
        },
        "reps": {
          "mae": 0.08739666938874281,
          "n": 1107
        },
        "val_total": 0.17825318133301732,
        "val_total_per_task": {
          "exercise": 1.1661579995221694,
          "phase": 0.8275713020203681,
          "fatigue": 1.0428677877896348,
          "reps": 0.007464677646245148
        }
      }
    },
    {
      "seed": 42,
      "fold": 3,
      "test_subjects": [
        "Hytten",
        "lucas"
      ],
      "metrics": {
        "exercise": {
          "f1_macro": 0.21245532549087698,
          "balanced_accuracy": 0.2411328669319504,
          "n": 1106
        },
        "phase": {
          "f1_macro": 0.32826055376390945,
          "balanced_accuracy": 0.33573687539531943,
          "n": 944
        },
        "fatigue": {
          "mae": 1.112949254068716,
          "pearson_r": -0.22059680358123587,
          "n": 1106
        },
        "reps": {
          "mae": 0.11714807374914564,
          "n": 941
        },
        "val_total": -0.1251649869501483,
        "val_total_per_task": {
          "exercise": 1.54629533372779,
          "phase": 0.5038559443265146,
          "fatigue": 1.1129492497573494,
          "reps": 0.012232564249923066
        }
      }
    },
    {
      "seed": 42,
      "fold": 4,
      "test_subjects": [
        "kiyomi"
      ],
      "metrics": {
        "exercise": {
          "f1_macro": 0.3725382367550203,
          "balanced_accuracy": 0.4575140944326991,
          "n": 746
        },
        "phase": {
          "f1_macro": 0.2120658135283364,
          "balanced_accuracy": 0.3333333333333333,
          "n": 746
        },
        "fatigue": {
          "mae": 1.0584104808981234,
          "pearson_r": 0.1335815731946504,
          "n": 746
        },
        "reps": {
          "mae": 0.1090282104639761,
          "n": 746
        },
        "val_total": -0.5118245154858914,
        "val_total_per_task": {
          "exercise": 1.0040890288416886,
          "phase": 0.4788982470297622,
          "fatigue": 1.0584104847332747,
          "reps": 0.009985292128139941
        }
      }
    }
  ]
}