{
  "exercise": {
    "f1_macro": 0.35079677667267295,
    "balanced_accuracy": 0.36216392446380863,
    "n": 96301
  },
  "phase": {
    "f1_macro": 0.24880317816727557,
    "balanced_accuracy": 0.3357748092277319,
    "n": 55121
  },
  "fatigue": {
    "mae": 1.016814348144354,
    "pearson_r": -0.243064950996896,
    "n": 96301
  },
  "reps": {
    "mae": 2.5593707899088143,
    "n": 96301
  }
}