{
  "exercise": {
    "f1_macro": 0.313790488571119,
    "balanced_accuracy": 0.3920655008436877,
    "n": 755
  },
  "phase": {
    "f1_macro": 0.2290898939140145,
    "balanced_accuracy": 0.3422703590202856,
    "n": 560
  },
  "fatigue": {
    "mae": 1.0299306705298013,
    "pearson_r": 0.4732786022858518,
    "n": 755
  },
  "reps": {
    "mae": 0.1662911557237742,
    "n": 554
  },
  "val_total": 0.6985906072010267,
  "val_total_per_task": {
    "exercise": 1.1567906763379936,
    "phase": 0.3678183041266258,
    "fatigue": 1.029930659714124,
    "reps": 0.025824145792631915
  }
}