{
  "exercise": {
    "f1_macro": 0.3468322384482523,
    "balanced_accuracy": 0.34338475343735425,
    "n": 218
  },
  "phase": {
    "f1_macro": 0.2963620230700976,
    "balanced_accuracy": 0.33012082853855,
    "n": 187
  },
  "fatigue": {
    "mae": 1.2753727064220184,
    "pearson_r": -0.3483993796322349,
    "n": 218
  },
  "reps": {
    "mae": 0.43622781627851986,
    "n": 184
  },
  "val_total": 1.2627933025360107,
  "val_total_per_task": {
    "exercise": 1.3191667795181274,
    "phase": 0.3394559323787689,
    "fatigue": 1.2753726243972778,
    "reps": 0.1510276347398758
  }
}