{
  "exercise": {
    "f1_macro": 0.15254237288135594,
    "balanced_accuracy": 0.25,
    "n": 218
  },
  "phase": {
    "f1_macro": 0.21042150680384997,
    "balanced_accuracy": 0.33247027234369003,
    "n": 187
  },
  "fatigue": {
    "mae": 1.1427214736238531,
    "pearson_r": -0.3343849295424545,
    "n": 218
  },
  "reps": {
    "mae": 0.48481434680845426,
    "n": 184
  },
  "val_total": 0.9827812314033508,
  "val_total_per_task": {
    "exercise": 1.3090887069702148,
    "phase": 0.324419230222702,
    "fatigue": 1.14272141456604,
    "reps": 0.17598220705986023
  }
}