{
  "exercise": {
    "f1_macro": 0.2798248695303091,
    "balanced_accuracy": 0.39560207528957525,
    "n": 682
  },
  "phase": {
    "f1_macro": 0.32823187194408227,
    "balanced_accuracy": 0.34571175950486294,
    "n": 488
  },
  "fatigue": {
    "mae": 1.3188347690615836,
    "pearson_r": 0.29147213592007093,
    "n": 682
  },
  "reps": {
    "mae": 0.1848170034262773,
    "n": 482
  },
  "val_total": 0.8012919834981566,
  "val_total_per_task": {
    "exercise": 1.2424851540596253,
    "phase": 0.3508042154773589,
    "fatigue": 1.3188347690615836,
    "reps": 0.029802224486847776
  }
}