{
  "exercise": {
    "f1_macro": 0.18177050890951005,
    "balanced_accuracy": 0.2088721825881818,
    "n": 557
  },
  "phase": {
    "f1_macro": 0.2905976063723332,
    "balanced_accuracy": 0.33885048643113164,
    "n": 477
  },
  "fatigue": {
    "mae": 1.0671636557450628,
    "pearson_r": -0.24516456837064776,
    "n": 557
  },
  "reps": {
    "mae": 0.22460812298956284,
    "n": 474
  },
  "val_total": 0.4241176933531701,
  "val_total_per_task": {
    "exercise": 1.5848425915682123,
    "phase": 0.40812703100312336,
    "fatigue": 1.067163656601144,
    "reps": 0.041278945275413495
  }
}