{
  "exercise": {
    "f1_macro": 0.10990712074303406,
    "balanced_accuracy": 0.25,
    "n": 252
  },
  "phase": {
    "f1_macro": 0.1695303550973654,
    "balanced_accuracy": 0.3333333333333333,
    "n": 217
  },
  "fatigue": {
    "mae": 2.3384176587301586,
    "pearson_r": 0.08320337692358845,
    "n": 252
  },
  "reps": {
    "mae": 0.5140050647205838,
    "n": 214
  },
  "val_total": 2.1284921169281006,
  "val_total_per_task": {
    "exercise": 1.3934558629989624,
    "phase": 0.3650886118412018,
    "fatigue": 2.3384177684783936,
    "reps": 0.21259503066539764
  }
}