{
  "exercise": {
    "f1_macro": 0.37340336912254724,
    "balanced_accuracy": 0.39879317111459966,
    "n": 304
  },
  "phase": {
    "f1_macro": 0.3186360964138742,
    "balanced_accuracy": 0.34156778836802176,
    "n": 229
  },
  "fatigue": {
    "mae": 1.1817177220394737,
    "pearson_r": 0.07855078463343121,
    "n": 304
  },
  "reps": {
    "mae": 0.4192755524561878,
    "n": 223
  },
  "val_total": 1.3715658815283525,
  "val_total_per_task": {
    "exercise": 1.2540837400837948,
    "phase": 0.3606865970711959,
    "fatigue": 1.18171773458782,
    "reps": 0.14037938886567167
  }
}