{
  "exercise": {
    "f1_macro": 0.3664341699635817,
    "balanced_accuracy": 0.37223230638409205,
    "n": 304
  },
  "phase": {
    "f1_macro": 0.2893019590988861,
    "balanced_accuracy": 0.30785190948583285,
    "n": 229
  },
  "fatigue": {
    "mae": 1.0862587376644737,
    "pearson_r": 0.48071509489252034,
    "n": 304
  },
  "reps": {
    "mae": 0.44736353834598186,
    "n": 223
  },
  "val_total": 1.4901658861260665,
  "val_total_per_task": {
    "exercise": 1.3013725751324703,
    "phase": 0.34011964578377574,
    "fatigue": 1.08625875021282,
    "reps": 0.1462171611032988
  }
}