{
  "arch": "lstm_raw",
  "summary": {
    "val_total": {
      "mean": 0.24217104397970984,
      "std": 0.27507395623680714,
      "n": 5
    },
    "exercise": {
      "f1_macro": {
        "mean": 0.31300524922327566,
        "std": 0.07534009797115152,
        "n": 5
      },
      "balanced_accuracy": {
        "mean": 0.3636862653640523,
        "std": 0.10338194845715912,
        "n": 5
      }
    },
    "phase": {
      "f1_macro": {
        "mean": 0.30879206837317513,
        "std": 0.03374548383347814,
        "n": 5
      },
      "balanced_accuracy": {
        "mean": 0.33508607654617634,
        "std": 0.016653453738922217,
        "n": 5
      }
    },
    "fatigue": {
      "mae": {
        "mean": 1.0253103128434997,
        "std": 0.19565003081913895,
        "n": 5
      },
      "pearson_r": {
        "mean": 0.23144714244070505,
        "std": 0.3015019572207478,
        "n": 5
      }
    },
    "reps": {
      "mae": {
        "mean": 0.21459493342456232,
        "std": 0.03634359434420786,
        "n": 5
      }
    }
  },
  "enabled_tasks": [
    "exercise",
    "phase",
    "fatigue",
    "reps"
  ],
  "all_results": [
    {
      "seed": 42,
      "fold": 0,
      "test_subjects": [
        "Tias",
        "sivert"
      ],
      "metrics": {
        "exercise": {
          "f1_macro": 0.3605900821930524,
          "balanced_accuracy": 0.44000151308710345,
          "n": 626
        },
        "phase": {
          "f1_macro": 0.2899550504848412,
          "balanced_accuracy": 0.3086159844054581,
          "n": 533
        },
        "fatigue": {
          "mae": 1.182745107827476,
          "pearson_r": 0.2685385203722013,
          "n": 626
        },
        "reps": {
          "mae": 0.26708959084155,
          "n": 531
        },
        "val_total": 0.2953424510864404,
        "val_total_per_task": {
          "exercise": 1.268119665380484,
          "phase": 0.2816420924930146,
          "fatigue": 1.1827451135403813,
          "reps": 0.05000034696496904
        }
      }
    },
    {
      "seed": 42,
      "fold": 1,
      "test_subjects": [
        "Raghild",
        "michael"
      ],
      "metrics": {
        "exercise": {
          "f1_macro": 0.3486904746400427,
          "balanced_accuracy": 0.4266415834804654,
          "n": 682
        },
        "phase": {
          "f1_macro": 0.33989705521490426,
          "balanced_accuracy": 0.34924845269672855,
          "n": 488
        },
        "fatigue": {
          "mae": 1.2476344849706744,
          "pearson_r": 0.27727588471287823,
          "n": 682
        },
        "reps": {
          "mae": 0.1786606362885583,
          "n": 482
        },
        "val_total": 0.45579533423146895,
        "val_total_per_task": {
          "exercise": 1.4201551924003535,
          "phase": 0.5051367891149438,
          "fatigue": 1.2476344870681986,
          "reps": 0.02643637538305825
        }
      }
    },
    {
      "seed": 42,
      "fold": 2,
      "test_subjects": [
        "Juile",
        "lucas 2"
      ],
      "metrics": {
        "exercise": {
          "f1_macro": 0.3352268058756083,
          "balanced_accuracy": 0.3520856103313391,
          "n": 755
        },
        "phase": {
          "f1_macro": 0.25555555555555554,
          "balanced_accuracy": 0.33465336374534144,
          "n": 560
        },
        "fatigue": {
          "mae": 0.8637158526490066,
          "pearson_r": 0.39772017969241513,
          "n": 755
        },
        "reps": {
          "mae": 0.17192150364186118,
          "n": 554
        },
        "val_total": 0.017524093665824032,
        "val_total_per_task": {
          "exercise": 1.2580352186367212,
          "phase": 0.3971501929081039,
          "fatigue": 0.8637158462543362,
          "reps": 0.031292496313223776
        }
      }
    },
    {
      "seed": 42,
      "fold": 3,
      "test_subjects": [
        "Hytten",
        "lucas"
      ],
      "metrics": {
        "exercise": {
          "f1_macro": 0.16334488612032766,
          "balanced_accuracy": 0.16687129462014863,
          "n": 557
        },
        "phase": {
          "f1_macro": 0.3479591914831737,
          "balanced_accuracy": 0.35567076292882743,
          "n": 477
        },
        "fatigue": {
          "mae": 1.099626907540395,
          "pearson_r": -0.3360635189973917,
          "n": 557
        },
        "reps": {
          "mae": 0.2417112276412916,
          "n": 474
        },
        "val_total": 0.5942664443911513,
        "val_total_per_task": {
          "exercise": 1.593908665210169,
          "phase": 0.4020809107986772,
          "fatigue": 1.0996269220937733,
          "reps": 0.04347253271129444
        }
      }
    },
    {
      "seed": 42,
      "fold": 4,
      "test_subjects": [
        "kiyomi"
      ],
      "metrics": {
        "exercise": {
          "f1_macro": 0.35717399728734744,
          "balanced_accuracy": 0.43283132530120483,
          "n": 374
        },
        "phase": {
          "f1_macro": 0.310593489127401,
          "balanced_accuracy": 0.32724181895452614,
          "n": 374
        },
        "fatigue": {
          "mae": 0.7328292112299465,
          "pearson_r": 0.5497646464234223,
          "n": 374
        },
        "reps": {
          "mae": 0.21359170870955058,
          "n": 374
        },
        "val_total": -0.15207310347633565,
        "val_total_per_task": {
          "exercise": 1.2246632473991517,
          "phase": 0.33655452329844715,
          "fatigue": 0.732829220792189,
          "reps": 0.037146618460270175
        }
      }
    }
  ]
}