{
  "lr": 0.0015958573588141277,
  "weight_decay": 1.1527987128232402e-06,
  "batch_size": 64,
  "dropout": 0.17272998688284025,
  "repr_dim": 256,
  "_patience": 50
}