{
  "arch": "lstm_raw",
  "summary": {
    "val_total": {
      "mean": -0.27137262424195335,
      "std": 0.2401244497941,
      "n": 5
    },
    "exercise": {
      "f1_macro": {
        "mean": 0.32312077115125515,
        "std": 0.08103856722055287,
        "n": 5
      },
      "balanced_accuracy": {
        "mean": 0.37543792804306564,
        "std": 0.09348036099017797,
        "n": 5
      }
    },
    "phase": {
      "f1_macro": {
        "mean": 0.27475710351115473,
        "std": 0.04278310528561354,
        "n": 5
      },
      "balanced_accuracy": {
        "mean": 0.3351813623276939,
        "std": 0.0035128161436158083,
        "n": 5
      }
    },
    "fatigue": {
      "mae": {
        "mean": 1.0354408735630718,
        "std": 0.12125207357989887,
        "n": 5
      },
      "pearson_r": {
        "mean": 0.2345320289518181,
        "std": 0.27436402437362195,
        "n": 5
      }
    },
    "reps": {
      "mae": {
        "mean": 0.10905841750829318,
        "std": 0.017852384016474904,
        "n": 5
      }
    }
  },
  "enabled_tasks": [
    "exercise",
    "phase",
    "fatigue",
    "reps"
  ],
  "all_results": [
    {
      "seed": 42,
      "fold": 0,
      "test_subjects": [
        "Tias",
        "sivert"
      ],
      "metrics": {
        "exercise": {
          "f1_macro": 0.35205657489920067,
          "balanced_accuracy": 0.41308072356363057,
          "n": 1256
        },
        "phase": {
          "f1_macro": 0.293230749126074,
          "balanced_accuracy": 0.332267942210455,
          "n": 1069
        },
        "fatigue": {
          "mae": 1.089231065883758,
          "pearson_r": 0.29995069932863155,
          "n": 1256
        },
        "reps": {
          "mae": 0.1397132281927111,
          "n": 1067
        },
        "val_total": -0.38923874326572294,
        "val_total_per_task": {
          "exercise": 1.1996786548833178,
          "phase": 0.4256414492039164,
          "fatigue": 1.089231066453229,
          "reps": 0.014129259457491385
        }
      }
    },
    {
      "seed": 42,
      "fold": 1,
      "test_subjects": [
        "Raghild",
        "michael"
      ],
      "metrics": {
        "exercise": {
          "f1_macro": 0.3829264973092174,
          "balanced_accuracy": 0.4374495875817764,
          "n": 1361
        },
        "phase": {
          "f1_macro": 0.333145421585533,
          "balanced_accuracy": 0.3419457735247209,
          "n": 969
        },
        "fatigue": {
          "mae": 1.1897846252755326,
          "pearson_r": 0.4029618749609894,
          "n": 1361
        },
        "reps": {
          "mae": 0.09701921973818009,
          "n": 964
        },
        "val_total": -0.14400330823103705,
        "val_total_per_task": {
          "exercise": 1.3100188847940517,
          "phase": 0.7016964894195938,
          "fatigue": 1.1897846288667016,
          "reps": 0.0078036864394216655
        }
      }
    },
    {
      "seed": 42,
      "fold": 2,
      "test_subjects": [
        "Juile",
        "lucas 2"
      ],
      "metrics": {
        "exercise": {
          "f1_macro": 0.3524774083641843,
          "balanced_accuracy": 0.3738446180546384,
          "n": 1509
        },
        "phase": {
          "f1_macro": 0.295865707963584,
          "balanced_accuracy": 0.33496255818660187,
          "n": 1113
        },
        "fatigue": {
          "mae": 0.9842999295891319,
          "pearson_r": 0.37558687680606556,
          "n": 1509
        },
        "reps": {
          "mae": 0.08695786866269394,
          "n": 1107
        },
        "val_total": -0.0273795942346966,
        "val_total_per_task": {
          "exercise": 1.2614875602121776,
          "phase": 0.824408800061607,
          "fatigue": 0.9842999292731364,
          "reps": 0.007061619613062889
        }
      }
    },
    {
      "seed": 42,
      "fold": 3,
      "test_subjects": [
        "Hytten",
        "lucas"
      ],
      "metrics": {
        "exercise": {
          "f1_macro": 0.16261519302615193,
          "balanced_accuracy": 0.1967541049546767,
          "n": 1106
        },
        "phase": {
          "f1_macro": 0.23462647715822585,
          "balanced_accuracy": 0.3327289338674538,
          "n": 944
        },
        "fatigue": {
          "mae": 1.0831508533001808,
          "pearson_r": -0.30897943573956566,
          "n": 1106
        },
        "reps": {
          "mae": 0.11348153146079817,
          "n": 941
        },
        "val_total": -0.109572106632143,
        "val_total_per_task": {
          "exercise": 1.7357674440466688,
          "phase": 0.5078855647316461,
          "fatigue": 1.083150846401994,
          "reps": 0.01167116003788024
        }
      }
    },
    {
      "seed": 42,
      "fold": 4,
      "test_subjects": [
        "kiyomi"
      ],
      "metrics": {
        "exercise": {
          "f1_macro": 0.3655281821575215,
          "balanced_accuracy": 0.45606060606060606,
          "n": 746
        },
        "phase": {
          "f1_macro": 0.21691716172235653,
          "balanced_accuracy": 0.33400160384923816,
          "n": 746
        },
        "fatigue": {
          "mae": 0.830737893766756,
          "pearson_r": 0.4031401294029698,
          "n": 746
        },
        "reps": {
          "mae": 0.10812023948708264,
          "n": 746
        },
        "val_total": -0.6866693688461671,
        "val_total_per_task": {
          "exercise": 1.0455814743809022,
          "phase": 0.4787483745861309,
          "fatigue": 0.8307378991998872,
          "reps": 0.009935692327231889
        }
      }
    }
  ]
}