{
  "arch": "lstm_raw",
  "summary": {
    "val_total": {
      "mean": 1.4194515015235767,
      "std": 0.11745915289989306,
      "n": 5
    },
    "exercise": {
      "f1_macro": {
        "mean": 0.1278456702074037,
        "std": 0.01722656725864482,
        "n": 5
      },
      "balanced_accuracy": {
        "mean": 0.25,
        "std": 0.0,
        "n": 5
      }
    },
    "phase": {
      "f1_macro": {
        "mean": 0.24853086587242532,
        "std": 0.03321236103761291,
        "n": 5
      },
      "balanced_accuracy": {
        "mean": 0.32824460827909463,
        "std": 0.009768488580029603,
        "n": 5
      }
    },
    "fatigue": {
      "mae": {
        "mean": 1.1554282956517277,
        "std": 0.14525380494045864,
        "n": 5
      },
      "pearson_r": {
        "mean": 0.12254171375444749,
        "std": 0.27325854338401845,
        "n": 5
      }
    },
    "reps": {
      "mae": {
        "mean": 0.11104439068087639,
        "std": 0.020150561257652036,
        "n": 5
      }
    }
  },
  "enabled_tasks": [
    "exercise",
    "phase",
    "fatigue",
    "reps"
  ],
  "all_results": [
    {
      "seed": 42,
      "fold": 0,
      "test_subjects": [
        "Tias",
        "sivert"
      ],
      "metrics": {
        "exercise": {
          "f1_macro": 0.11042183622828784,
          "balanced_accuracy": 0.25,
          "n": 1256
        },
        "phase": {
          "f1_macro": 0.21215986394557826,
          "balanced_accuracy": 0.3333333333333333,
          "n": 1069
        },
        "fatigue": {
          "mae": 1.1122766968550954,
          "pearson_r": 0.23527115147285554,
          "n": 1256
        },
        "reps": {
          "mae": 0.14648621000442044,
          "n": 1067
        },
        "val_total": 1.3603277791077923,
        "val_total_per_task": {
          "exercise": 1.391074415984427,
          "phase": 0.42716071920789733,
          "fatigue": 1.1122767002719223,
          "reps": 0.01514225990576729
        }
      }
    },
    {
      "seed": 42,
      "fold": 1,
      "test_subjects": [
        "Raghild",
        "michael"
      ],
      "metrics": {
        "exercise": {
          "f1_macro": 0.12320044296788484,
          "balanced_accuracy": 0.25,
          "n": 1361
        },
        "phase": {
          "f1_macro": 0.2684461175043897,
          "balanced_accuracy": 0.3243796595081785,
          "n": 969
        },
        "fatigue": {
          "mae": 1.4253708210874356,
          "pearson_r": 0.14560041410807734,
          "n": 1361
        },
        "reps": {
          "mae": 0.09846553244121775,
          "n": 964
        },
        "val_total": 1.638218879524528,
        "val_total_per_task": {
          "exercise": 1.3218458679824256,
          "phase": 0.7101643332482085,
          "fatigue": 1.425370824415836,
          "reps": 0.007941124020561761
        }
      }
    },
    {
      "seed": 42,
      "fold": 2,
      "test_subjects": [
        "Juile",
        "lucas 2"
      ],
      "metrics": {
        "exercise": {
          "f1_macro": 0.12293853073463268,
          "balanced_accuracy": 0.25,
          "n": 1509
        },
        "phase": {
          "f1_macro": 0.298076239374079,
          "balanced_accuracy": 0.33906091884233963,
          "n": 1113
        },
        "fatigue": {
          "mae": 1.1748467528164348,
          "pearson_r": 0.5394312461198529,
          "n": 1509
        },
        "reps": {
          "mae": 0.08628909221817525,
          "n": 1107
        },
        "val_total": 1.4439055250526818,
        "val_total_per_task": {
          "exercise": 1.3721311415482074,
          "phase": 0.5345447133360042,
          "fatigue": 1.1748467595313383,
          "reps": 0.008088348840713263
        }
      }
    },
    {
      "seed": 42,
      "fold": 3,
      "test_subjects": [
        "Hytten",
        "lucas"
      ],
      "metrics": {
        "exercise": {
          "f1_macro": 0.16096368715083798,
          "balanced_accuracy": 0.25,
          "n": 1106
        },
        "phase": {
          "f1_macro": 0.25190629500974326,
          "balanced_accuracy": 0.31111579637828846,
          "n": 944
        },
        "fatigue": {
          "mae": 1.026171168625678,
          "pearson_r": -0.28338944757879475,
          "n": 1106
        },
        "reps": {
          "mae": 0.1127843134445173,
          "n": 941
        },
        "val_total": 1.320902439827945,
        "val_total_per_task": {
          "exercise": 1.3080754487035935,
          "phase": 0.5071351710322968,
          "fatigue": 1.0261711660388582,
          "reps": 0.011098757670825148
        }
      }
    },
    {
      "seed": 42,
      "fold": 4,
      "test_subjects": [
        "kiyomi"
      ],
      "metrics": {
        "exercise": {
          "f1_macro": 0.12170385395537525,
          "balanced_accuracy": 0.25,
          "n": 746
        },
        "phase": {
          "f1_macro": 0.2120658135283364,
          "balanced_accuracy": 0.3333333333333333,
          "n": 746
        },
        "fatigue": {
          "mae": 1.0384760388739946,
          "pearson_r": -0.024204795349753623,
          "n": 746
        },
        "reps": {
          "mae": 0.11119680529605128,
          "n": 746
        },
        "val_total": 1.3339028841049358,
        "val_total_per_task": {
          "exercise": 1.3775592042038332,
          "phase": 0.47645462773760267,
          "fatigue": 1.0384760596477314,
          "reps": 0.00983912401630396
        }
      }
    }
  ]
}