{
  "arch": "lstm_raw",
  "summary": {
    "val_total": {
      "mean": 1.0222443756632305,
      "std": 0.13172950330899946,
      "n": 5
    },
    "exercise": {
      "f1_macro": {
        "mean": 0.29133216384257243,
        "std": 0.07028013275533387,
        "n": 5
      },
      "balanced_accuracy": {
        "mean": 0.36574758213707015,
        "std": 0.06603559937847256,
        "n": 5
      }
    },
    "phase": {
      "f1_macro": {
        "mean": 0.2934281761934044,
        "std": 0.02790218802309858,
        "n": 5
      },
      "balanced_accuracy": {
        "mean": 0.32276916767359204,
        "std": 0.027086136651623408,
        "n": 5
      }
    },
    "fatigue": {
      "mae": {
        "mean": 1.0520397276208382,
        "std": 0.11136449809256369,
        "n": 5
      },
      "pearson_r": {
        "mean": 0.19223650500253092,
        "std": 0.20213940969455865,
        "n": 5
      }
    },
    "reps": {
      "mae": {
        "mean": 0.21234850643801914,
        "std": 0.029795833315539685,
        "n": 5
      }
    }
  },
  "enabled_tasks": [
    "exercise",
    "phase",
    "fatigue",
    "reps"
  ],
  "all_results": [
    {
      "seed": 42,
      "fold": 0,
      "test_subjects": [
        "Tias",
        "sivert"
      ],
      "metrics": {
        "exercise": {
          "f1_macro": 0.322291773267383,
          "balanced_accuracy": 0.35459679039759234,
          "n": 626
        },
        "phase": {
          "f1_macro": 0.2957902001380262,
          "balanced_accuracy": 0.30276803118908385,
          "n": 533
        },
        "fatigue": {
          "mae": 1.164474341054313,
          "pearson_r": 0.20980454529289994,
          "n": 626
        },
        "reps": {
          "mae": 0.2631008994235901,
          "n": 531
        },
        "val_total": 0.9731896578694303,
        "val_total_per_task": {
          "exercise": 1.1113842836203285,
          "phase": 0.2844792024586528,
          "fatigue": 1.1644743378170002,
          "reps": 0.04964043125629235
        }
      }
    },
    {
      "seed": 42,
      "fold": 1,
      "test_subjects": [
        "Raghild",
        "michael"
      ],
      "metrics": {
        "exercise": {
          "f1_macro": 0.2912623944105142,
          "balanced_accuracy": 0.36945708271085154,
          "n": 682
        },
        "phase": {
          "f1_macro": 0.25922772804266936,
          "balanced_accuracy": 0.3293299931230966,
          "n": 488
        },
        "fatigue": {
          "mae": 1.198485612170088,
          "pearson_r": 0.24039196550560646,
          "n": 682
        },
        "reps": {
          "mae": 0.19341065766313018,
          "n": 482
        },
        "val_total": 1.2733733444269801,
        "val_total_per_task": {
          "exercise": 1.302376396145639,
          "phase": 0.5471962651898784,
          "fatigue": 1.1984856142676121,
          "reps": 0.02883525957459928
        }
      }
    },
    {
      "seed": 42,
      "fold": 2,
      "test_subjects": [
        "Juile",
        "lucas 2"
      ],
      "metrics": {
        "exercise": {
          "f1_macro": 0.3283749414363162,
          "balanced_accuracy": 0.40890090504678633,
          "n": 755
        },
        "phase": {
          "f1_macro": 0.3044294294294294,
          "balanced_accuracy": 0.31873836810657263,
          "n": 560
        },
        "fatigue": {
          "mae": 0.9146988824503312,
          "pearson_r": 0.4082122107833538,
          "n": 755
        },
        "reps": {
          "mae": 0.17385123586298945,
          "n": 554
        },
        "val_total": 0.9546303687506165,
        "val_total_per_task": {
          "exercise": 1.1324899389254337,
          "phase": 0.39640886278341936,
          "fatigue": 0.9146988811082398,
          "reps": 0.03071769137700267
        }
      }
    },
    {
      "seed": 42,
      "fold": 3,
      "test_subjects": [
        "Hytten",
        "lucas"
      ],
      "metrics": {
        "exercise": {
          "f1_macro": 0.1572199730094467,
          "balanced_accuracy": 0.25,
          "n": 557
        },
        "phase": {
          "f1_macro": 0.338337987024717,
          "balanced_accuracy": 0.3705965181771633,
          "n": 477
        },
        "fatigue": {
          "mae": 0.9623401032315978,
          "pearson_r": -0.1887707479260471,
          "n": 557
        },
        "reps": {
          "mae": 0.21542374249144933,
          "n": 474
        },
        "val_total": 1.0169809921853632,
        "val_total_per_task": {
          "exercise": 1.2638910302567954,
          "phase": 0.39590344565989083,
          "fatigue": 0.9623401083680843,
          "reps": 0.04065937199086432
        }
      }
    },
    {
      "seed": 42,
      "fold": 4,
      "test_subjects": [
        "kiyomi"
      ],
      "metrics": {
        "exercise": {
          "f1_macro": 0.3575117370892019,
          "balanced_accuracy": 0.4457831325301205,
          "n": 374
        },
        "phase": {
          "f1_macro": 0.26935553633217996,
          "balanced_accuracy": 0.2924129277720438,
          "n": 374
        },
        "fatigue": {
          "mae": 1.020199699197861,
          "pearson_r": 0.29154455135684143,
          "n": 374
        },
        "reps": {
          "mae": 0.21595599674893654,
          "n": 374
        },
        "val_total": 0.8930475150837618,
        "val_total_per_task": {
          "exercise": 1.068908046911107,
          "phase": 0.3381018724671022,
          "fatigue": 1.0201996736985477,
          "reps": 0.036169804473293016
        }
      }
    }
  ]
}