{
  "exercise": {
    "f1_macro": 0.3210996526458085,
    "balanced_accuracy": 0.3853152929534991,
    "n": 182309
  },
  "phase": {
    "f1_macro": 0.29262645073183485,
    "balanced_accuracy": 0.33838087760612323,
    "n": 58337
  },
  "fatigue": {
    "mae": 0.9036654392336361,
    "pearson_r": 0.34388522248323766,
    "n": 182309
  },
  "reps": {
    "mae": 4.344776048015494,
    "n": 182309
  }
}