{
  "arch": "cnn1d_raw",
  "summary": {
    "val_total": {
      "mean": 1.291513202781964,
      "std": 0.16222807840417605,
      "n": 5
    },
    "exercise": {
      "f1_macro": {
        "mean": 0.4102536821068786,
        "std": 0.13139580161256828,
        "n": 5
      },
      "balanced_accuracy": {
        "mean": 0.4275630288275673,
        "std": 0.13134977220506297,
        "n": 5
      }
    },
    "phase": {
      "f1_macro": {
        "mean": 0.30110150784006173,
        "std": 0.0206765421645307,
        "n": 5
      },
      "balanced_accuracy": {
        "mean": 0.33668850632268943,
        "std": 0.01851916706509559,
        "n": 5
      }
    },
    "fatigue": {
      "mae": {
        "mean": 1.30477837126375,
        "std": 0.20264454254802167,
        "n": 5
      },
      "pearson_r": {
        "mean": 0.0947681787224639,
        "std": 0.27000306978994376,
        "n": 5
      }
    },
    "reps": {
      "mae": {
        "mean": 0.46060438143047266,
        "std": 0.07518123691321266,
        "n": 5
      }
    }
  },
  "enabled_tasks": [
    "exercise",
    "phase",
    "fatigue",
    "reps"
  ],
  "all_results": [
    {
      "seed": 42,
      "fold": 0,
      "test_subjects": [
        "Tias",
        "sivert"
      ],
      "metrics": {
        "exercise": {
          "f1_macro": 0.6487986994169683,
          "balanced_accuracy": 0.6361546466135982,
          "n": 252
        },
        "phase": {
          "f1_macro": 0.3055229754737144,
          "balanced_accuracy": 0.32748132748132747,
          "n": 217
        },
        "fatigue": {
          "mae": 1.2388082837301588,
          "pearson_r": 0.12306009372465557,
          "n": 252
        },
        "reps": {
          "mae": 0.5991874986510968,
          "n": 214
        },
        "val_total": 1.0209897756576538,
        "val_total_per_task": {
          "exercise": 0.8449835777282715,
          "phase": 0.2794983983039856,
          "fatigue": 1.2388083934783936,
          "reps": 0.24840785562992096
        }
      }
    },
    {
      "seed": 42,
      "fold": 1,
      "test_subjects": [
        "Raghild",
        "michael"
      ],
      "metrics": {
        "exercise": {
          "f1_macro": 0.43079772559887153,
          "balanced_accuracy": 0.49148469146464335,
          "n": 266
        },
        "phase": {
          "f1_macro": 0.33062089173992243,
          "balanced_accuracy": 0.354527417027417,
          "n": 194
        },
        "fatigue": {
          "mae": 1.683145852913534,
          "pearson_r": 0.10355873425873714,
          "n": 266
        },
        "reps": {
          "mae": 0.4043880408856446,
          "n": 189
        },
        "val_total": 1.5195623985806803,
        "val_total_per_task": {
          "exercise": 1.3026028934277987,
          "phase": 0.41671030682728705,
          "fatigue": 1.6831458538098443,
          "reps": 0.1259951340524774
        }
      }
    },
    {
      "seed": 42,
      "fold": 2,
      "test_subjects": [
        "Juile",
        "lucas 2"
      ],
      "metrics": {
        "exercise": {
          "f1_macro": 0.3492761971548788,
          "balanced_accuracy": 0.3531671081894296,
          "n": 304
        },
        "phase": {
          "f1_macro": 0.31,
          "balanced_accuracy": 0.3301562601309732,
          "n": 229
        },
        "fatigue": {
          "mae": 1.174329255756579,
          "pearson_r": 0.125608193498824,
          "n": 304
        },
        "reps": {
          "mae": 0.3902729212644723,
          "n": 223
        },
        "val_total": 1.2715780295823749,
        "val_total_per_task": {
          "exercise": 1.3794653101971275,
          "phase": 0.3301952920461956,
          "fatigue": 1.1743292683049251,
          "reps": 0.11518551801380358
        }
      }
    },
    {
      "seed": 42,
      "fold": 3,
      "test_subjects": [
        "Hytten",
        "lucas"
      ],
      "metrics": {
        "exercise": {
          "f1_macro": 0.364377535430167,
          "balanced_accuracy": 0.41068516845840053,
          "n": 218
        },
        "phase": {
          "f1_macro": 0.29085917312661497,
          "balanced_accuracy": 0.360807441503644,
          "n": 187
        },
        "fatigue": {
          "mae": 1.3238962155963303,
          "pearson_r": -0.3636767171194742,
          "n": 218
        },
        "reps": {
          "mae": 0.4336511567234993,
          "n": 184
        },
        "val_total": 1.367748498916626,
        "val_total_per_task": {
          "exercise": 1.3904399871826172,
          "phase": 0.3432999849319458,
          "fatigue": 1.3238961696624756,
          "reps": 0.1572609841823578
        }
      }
    },
    {
      "seed": 42,
      "fold": 4,
      "test_subjects": [
        "kiyomi"
      ],
      "metrics": {
        "exercise": {
          "f1_macro": 0.25801825293350716,
          "balanced_accuracy": 0.24632352941176472,
          "n": 149
        },
        "phase": {
          "f1_macro": 0.26850449886005673,
          "balanced_accuracy": 0.3104700854700855,
          "n": 149
        },
        "fatigue": {
          "mae": 1.1037122483221478,
          "pearson_r": 0.48529058924957696,
          "n": 149
        },
        "reps": {
          "mae": 0.4755222896276504,
          "n": 149
        },
        "val_total": 1.2776873111724854,
        "val_total_per_task": {
          "exercise": 1.4524970054626465,
          "phase": 0.31811514496803284,
          "fatigue": 1.1037122011184692,
          "reps": 0.1643037647008896
        }
      }
    }
  ]
}