{
  "exercise": {
    "f1_macro": 0.42895062624507996,
    "balanced_accuracy": 0.4158735609628467,
    "n": 304
  },
  "phase": {
    "f1_macro": 0.3030006523157208,
    "balanced_accuracy": 0.3548920443493484,
    "n": 229
  },
  "fatigue": {
    "mae": 1.2505653782894737,
    "pearson_r": 0.13743812652881854,
    "n": 304
  },
  "reps": {
    "mae": 0.4057059921700123,
    "n": 223
  },
  "val_total": 1.1737365597172786,
  "val_total_per_task": {
    "exercise": 1.3623491588391756,
    "phase": 0.3173775829766926,
    "fatigue": 1.25056539083782,
    "reps": 0.12515198478573247
  }
}