{
  "exercise": {
    "f1_macro": 0.34079929664111674,
    "balanced_accuracy": 0.3710890453023565,
    "n": 1361
  },
  "phase": {
    "f1_macro": 0.3175374522041305,
    "balanced_accuracy": 0.321336745669671,
    "n": 969
  },
  "fatigue": {
    "mae": 1.2664745591476856,
    "pearson_r": 0.23574581421901475,
    "n": 1361
  },
  "reps": {
    "mae": 0.09743477237754776,
    "n": 964
  },
  "val_total": 0.5520188575453131,
  "val_total_per_task": {
    "exercise": 1.4792560509773496,
    "phase": 0.7123461202345378,
    "fatigue": 1.2664745625636755,
    "reps": 0.008083206165546359
  }
}