{
  "exercise": {
    "f1_macro": 0.3748217468805704,
    "balanced_accuracy": 0.44986685995106207,
    "n": 266
  },
  "phase": {
    "f1_macro": 0.41922669325457296,
    "balanced_accuracy": 0.3972312409812409,
    "n": 194
  },
  "fatigue": {
    "mae": 1.2489132988721805,
    "pearson_r": 0.2348985240398458,
    "n": 266
  },
  "reps": {
    "mae": 0.39645351220178543,
    "n": 189
  },
  "val_total": 1.122314367079197,
  "val_total_per_task": {
    "exercise": 1.1804939203692557,
    "phase": 0.31318569272980656,
    "fatigue": 1.2489133006648014,
    "reps": 0.11234665275516367
  }
}