{
  "exercise": {
    "f1_macro": 0.1214574898785425,
    "balanced_accuracy": 0.25,
    "n": 374
  },
  "phase": {
    "f1_macro": 0.2174174174174174,
    "balanced_accuracy": 0.3333333333333333,
    "n": 374
  },
  "fatigue": {
    "mae": 0.7621574197860963,
    "pearson_r": -0.021394864375096502,
    "n": 374
  },
  "reps": {
    "mae": 0.20950754298853444,
    "n": 374
  },
  "val_total": 1.197191834449768,
  "val_total_per_task": {
    "exercise": 1.3830971717834473,
    "phase": 0.3287526071071625,
    "fatigue": 0.7621574401855469,
    "reps": 0.035272810608148575
  }
}