{
  "exercise": {
    "f1_macro": 0.3549520165589914,
    "balanced_accuracy": 0.4427710843373494,
    "n": 374
  },
  "phase": {
    "f1_macro": 0.25312855517633676,
    "balanced_accuracy": 0.27401695909983204,
    "n": 374
  },
  "fatigue": {
    "mae": 1.1226917613636365,
    "pearson_r": 0.07559434758995232,
    "n": 374
  },
  "reps": {
    "mae": 0.2068277529022472,
    "n": 374
  },
  "val_total": 0.11045177639486956,
  "val_total_per_task": {
    "exercise": 1.052708591369384,
    "phase": 0.33240992452371565,
    "fatigue": 1.1226917804881213,
    "reps": 0.035685656024491724
  }
}