{
  "arch": "cnn_lstm_raw",
  "summary": {
    "val_total": {
      "mean": 1.0643603665669823,
      "std": 0.36343742824849945,
      "n": 5
    },
    "exercise": {
      "f1_macro": {
        "mean": 0.5356395122068422,
        "std": 0.14192442570077976,
        "n": 5
      },
      "balanced_accuracy": {
        "mean": 0.5553845378462869,
        "std": 0.14063872678489486,
        "n": 5
      }
    },
    "phase": {
      "f1_macro": {
        "mean": 0.32155430313388955,
        "std": 0.04729462720783692,
        "n": 5
      },
      "balanced_accuracy": {
        "mean": 0.3573537630297262,
        "std": 0.03272770861627641,
        "n": 5
      }
    },
    "fatigue": {
      "mae": {
        "mean": 0.9927722860962618,
        "std": 0.25123997858248726,
        "n": 5
      },
      "pearson_r": {
        "mean": 0.2771757725351308,
        "std": 0.35158108245557324,
        "n": 5
      }
    },
    "reps": {
      "mae": {
        "mean": 0.4346116784162496,
        "std": 0.029602865238583916,
        "n": 5
      }
    }
  },
  "enabled_tasks": [
    "exercise",
    "phase",
    "fatigue",
    "reps"
  ],
  "all_results": [
    {
      "seed": 42,
      "fold": 0,
      "test_subjects": [
        "Tias",
        "sivert"
      ],
      "metrics": {
        "exercise": {
          "f1_macro": 0.7689671355008011,
          "balanced_accuracy": 0.7683943340951525,
          "n": 252
        },
        "phase": {
          "f1_macro": 0.35070028011204485,
          "balanced_accuracy": 0.3762993762993763,
          "n": 217
        },
        "fatigue": {
          "mae": 1.0291108630952381,
          "pearson_r": 0.3832373769678999,
          "n": 252
        },
        "reps": {
          "mae": 0.47649292609541216,
          "n": 214
        },
        "val_total": 0.3974616045043582,
        "val_total_per_task": {
          "exercise": 0.6395507795470101,
          "phase": 0.28064533831581234,
          "fatigue": 1.0291108517419725,
          "reps": 0.16652568796324352
        }
      }
    },
    {
      "seed": 42,
      "fold": 1,
      "test_subjects": [
        "Raghild",
        "michael"
      ],
      "metrics": {
        "exercise": {
          "f1_macro": 0.48988333197356615,
          "balanced_accuracy": 0.5566513478502251,
          "n": 266
        },
        "phase": {
          "f1_macro": 0.2479965156794425,
          "balanced_accuracy": 0.3463203463203463,
          "n": 194
        },
        "fatigue": {
          "mae": 1.2582530545112782,
          "pearson_r": 0.3145390040011933,
          "n": 266
        },
        "reps": {
          "mae": 0.40994145042169344,
          "n": 189
        },
        "val_total": 1.3957315423434837,
        "val_total_per_task": {
          "exercise": 1.480188638644111,
          "phase": 0.3537502001999016,
          "fatigue": 1.2582530545112782,
          "reps": 0.12317438053905516
        }
      }
    },
    {
      "seed": 42,
      "fold": 2,
      "test_subjects": [
        "Juile",
        "lucas 2"
      ],
      "metrics": {
        "exercise": {
          "f1_macro": 0.5110048285048285,
          "balanced_accuracy": 0.514447605965463,
          "n": 304
        },
        "phase": {
          "f1_macro": 0.3520833333333333,
          "balanced_accuracy": 0.38147571808338193,
          "n": 229
        },
        "fatigue": {
          "mae": 0.8851896587171053,
          "pearson_r": 0.40255764842870856,
          "n": 304
        },
        "reps": {
          "mae": 0.4026287064632827,
          "n": 223
        },
        "val_total": 1.0173821355167187,
        "val_total_per_task": {
          "exercise": 1.3542211400835138,
          "phase": 0.3140265659282082,
          "fatigue": 0.8851896649912784,
          "reps": 0.12439615240222529
        }
      }
    },
    {
      "seed": 42,
      "fold": 3,
      "test_subjects": [
        "Hytten",
        "lucas"
      ],
      "metrics": {
        "exercise": {
          "f1_macro": 0.5772488393120477,
          "balanced_accuracy": 0.6044024405362803,
          "n": 218
        },
        "phase": {
          "f1_macro": 0.3726277976035734,
          "balanced_accuracy": 0.38481012658227853,
          "n": 187
        },
        "fatigue": {
          "mae": 1.2222799598623852,
          "pearson_r": -0.3833226668525501,
          "n": 218
        },
        "reps": {
          "mae": 0.42093853166569833,
          "n": 184
        },
        "val_total": 1.3791258291366997,
        "val_total_per_task": {
          "exercise": 1.3148056006212847,
          "phase": 0.3294718003054278,
          "fatigue": 1.222279968611691,
          "reps": 0.1417131511443252
        }
      }
    },
    {
      "seed": 42,
      "fold": 4,
      "test_subjects": [
        "kiyomi"
      ],
      "metrics": {
        "exercise": {
          "f1_macro": 0.3310934257429675,
          "balanced_accuracy": 0.3330269607843137,
          "n": 149
        },
        "phase": {
          "f1_macro": 0.28436358894105374,
          "balanced_accuracy": 0.29786324786324786,
          "n": 149
        },
        "fatigue": {
          "mae": 0.569027894295302,
          "pearson_r": 0.6688675001304025,
          "n": 149
        },
        "reps": {
          "mae": 0.4630567774351611,
          "n": 149
        },
        "val_total": 1.132100721333651,
        "val_total_per_task": {
          "exercise": 1.4791040580544697,
          "phase": 0.3113597777465846,
          "fatigue": 0.5690278972955358,
          "reps": 0.1609790559183031
        }
      }
    }
  ]
}