{
  "exercise": {
    "f1_macro": 0.37918337342956426,
    "balanced_accuracy": 0.43073195187165775,
    "n": 149
  },
  "phase": {
    "f1_macro": 0.2603559870550162,
    "balanced_accuracy": 0.3611111111111111,
    "n": 149
  },
  "fatigue": {
    "mae": 1.2827574454697988,
    "pearson_r": 0.17165934629235807,
    "n": 149
  },
  "reps": {
    "mae": 0.4684020579736305,
    "n": 149
  },
  "val_total": 2.300484530877747,
  "val_total_per_task": {
    "exercise": 1.1338765209153194,
    "phase": 0.32952320395700085,
    "fatigue": 1.2827574518702973,
    "reps": 0.17992878600254955
  }
}