{
  "exercise": {
    "f1_macro": 0.15480188045668233,
    "balanced_accuracy": 0.25,
    "n": 1106
  },
  "phase": {
    "f1_macro": 0.30813557141938386,
    "balanced_accuracy": 0.3195445920303605,
    "n": 944
  },
  "fatigue": {
    "mae": 0.9878892122513563,
    "pearson_r": -0.2910530224775061,
    "n": 1106
  },
  "reps": {
    "mae": 0.11667144650570636,
    "n": 941
  },
  "val_total": 1.04892409214275,
  "val_total_per_task": {
    "exercise": 1.3477886925985325,
    "phase": 0.5032234274888341,
    "fatigue": 0.9878892111735146,
    "reps": 0.011966787283704573
  }
}