{
  "exercise": {
    "f1_macro": 0.3449544509466297,
    "balanced_accuracy": 0.4090171155858401,
    "n": 626
  },
  "phase": {
    "f1_macro": 0.25877918735061595,
    "balanced_accuracy": 0.3312280701754386,
    "n": 533
  },
  "fatigue": {
    "mae": 1.0893507887380192,
    "pearson_r": 0.3094618268183955,
    "n": 626
  },
  "reps": {
    "mae": 0.23180080548002474,
    "n": 531
  },
  "val_total": 0.3457363364033806,
  "val_total_per_task": {
    "exercise": 1.156871856591953,
    "phase": 0.28466990323493274,
    "fatigue": 1.0893507946413545,
    "reps": 0.03945697436388879
  }
}