{
  "exercise": {
    "f1_macro": 0.35628866806074394,
    "balanced_accuracy": 0.4023892899601166,
    "n": 755
  },
  "phase": {
    "f1_macro": 0.2992556633124744,
    "balanced_accuracy": 0.3238692283652613,
    "n": 560
  },
  "fatigue": {
    "mae": 0.945612582781457,
    "pearson_r": 0.4387153982384881,
    "n": 755
  },
  "reps": {
    "mae": 0.17426561854278755,
    "n": 554
  },
  "val_total": 0.48225347561552034,
  "val_total_per_task": {
    "exercise": 1.169852333037269,
    "phase": 0.39525861270380336,
    "fatigue": 0.9456125754394279,
    "reps": 0.030711393763884803
  }
}