{
  "exercise": {
    "f1_macro": 0.3380212622717231,
    "balanced_accuracy": 0.4036647769315711,
    "n": 1256
  },
  "phase": {
    "f1_macro": 0.29578488981774265,
    "balanced_accuracy": 0.33031269351354775,
    "n": 1069
  },
  "fatigue": {
    "mae": 1.0594894506369428,
    "pearson_r": 0.35523168075279077,
    "n": 1256
  },
  "reps": {
    "mae": 0.14092414146428883,
    "n": 1067
  },
  "val_total": 0.8312193314740612,
  "val_total_per_task": {
    "exercise": 1.1611019205895199,
    "phase": 0.4242416563307404,
    "fatigue": 1.0594894510165902,
    "reps": 0.014087983413012165
  }
}