{
  "exercise": {
    "f1_macro": 0.3499724856124966,
    "balanced_accuracy": 0.41056738566414747,
    "n": 626
  },
  "phase": {
    "f1_macro": 0.2269597082566209,
    "balanced_accuracy": 0.3378557504873294,
    "n": 533
  },
  "fatigue": {
    "mae": 1.0577388678115016,
    "pearson_r": 0.3799010956279944,
    "n": 626
  },
  "reps": {
    "mae": 0.24003096925719114,
    "n": 531
  },
  "val_total": 0.4262678535601582,
  "val_total_per_task": {
    "exercise": 1.227874665595472,
    "phase": 0.2697736241946967,
    "fatigue": 1.0577388640028982,
    "reps": 0.04426699137083067
  }
}