{
  "exercise": {
    "f1_macro": 0.3352268058756083,
    "balanced_accuracy": 0.3520856103313391,
    "n": 755
  },
  "phase": {
    "f1_macro": 0.25555555555555554,
    "balanced_accuracy": 0.33465336374534144,
    "n": 560
  },
  "fatigue": {
    "mae": 0.8637158526490066,
    "pearson_r": 0.39772017969241513,
    "n": 755
  },
  "reps": {
    "mae": 0.17192150364186118,
    "n": 554
  },
  "val_total": 0.017524093665824032,
  "val_total_per_task": {
    "exercise": 1.2580352186367212,
    "phase": 0.3971501929081039,
    "fatigue": 0.8637158462543362,
    "reps": 0.031292496313223776
  }
}