{
  "lr": 0.004614258930840918,
  "weight_decay": 5.262734530326147e-05,
  "batch_size": 128,
  "dropout": 0.472916136764715,
  "repr_dim": 64,
  "lstm_hidden": 32,
  "lstm_layers": 1,
  "_patience": 50
}