{
  "exercise": {
    "f1_macro": 0.3561126373626373,
    "balanced_accuracy": 0.43559236947791163,
    "n": 374
  },
  "phase": {
    "f1_macro": 0.27600250626566414,
    "balanced_accuracy": 0.33721895047861894,
    "n": 374
  },
  "fatigue": {
    "mae": 0.9096235795454546,
    "pearson_r": 0.10661440944114153,
    "n": 374
  },
  "reps": {
    "mae": 0.20687257432015263,
    "n": 374
  },
  "val_total": -0.15595794234046323,
  "val_total_per_task": {
    "exercise": 1.1092103375470574,
    "phase": 0.32754500887610694,
    "fatigue": 0.9096235667957979,
    "reps": 0.03581780513977622
  }
}