{
  "exercise": {
    "f1_macro": 0.2803362200713194,
    "balanced_accuracy": 0.393349823037323,
    "n": 682
  },
  "phase": {
    "f1_macro": 0.3228855786995322,
    "balanced_accuracy": 0.3304843304843305,
    "n": 488
  },
  "fatigue": {
    "mae": 1.2646283907624634,
    "pearson_r": 0.3296811099235971,
    "n": 682
  },
  "reps": {
    "mae": 0.18413284845279212,
    "n": 482
  },
  "val_total": 0.5428783341237178,
  "val_total_per_task": {
    "exercise": 1.261379970133829,
    "phase": 0.5150079901966531,
    "fatigue": 1.2646283897137012,
    "reps": 0.02824711135405599
  }
}