{
  "arch": "lstm_raw",
  "summary": {
    "val_total": {
      "mean": 1.070764443315294,
      "std": 0.14498180317628265,
      "n": 5
    },
    "exercise": {
      "f1_macro": {
        "mean": 0.33082766472895775,
        "std": 0.08823377237074963,
        "n": 5
      },
      "balanced_accuracy": {
        "mean": 0.37250550126489346,
        "std": 0.09870829842600484,
        "n": 5
      }
    },
    "phase": {
      "f1_macro": {
        "mean": 0.2943280106282067,
        "std": 0.014360548751550501,
        "n": 5
      },
      "balanced_accuracy": {
        "mean": 0.31234452153922476,
        "std": 0.010754295426905262,
        "n": 5
      }
    },
    "fatigue": {
      "mae": {
        "mean": 1.0625843164846933,
        "std": 0.15145612068481137,
        "n": 5
      },
      "pearson_r": {
        "mean": 0.14573722315187781,
        "std": 0.2587050581371342,
        "n": 5
      }
    },
    "reps": {
      "mae": {
        "mean": 0.21418350815537196,
        "std": 0.03664107907752996,
        "n": 5
      }
    }
  },
  "enabled_tasks": [
    "exercise",
    "phase",
    "fatigue",
    "reps"
  ],
  "all_results": [
    {
      "seed": 42,
      "fold": 0,
      "test_subjects": [
        "Tias",
        "sivert"
      ],
      "metrics": {
        "exercise": {
          "f1_macro": 0.4071801639626741,
          "balanced_accuracy": 0.4579464781288433,
          "n": 626
        },
        "phase": {
          "f1_macro": 0.28027381487527697,
          "balanced_accuracy": 0.2960623781676413,
          "n": 533
        },
        "fatigue": {
          "mae": 1.2663363618210863,
          "pearson_r": 0.06560050545970081,
          "n": 626
        },
        "reps": {
          "mae": 0.27580625064786796,
          "n": 531
        },
        "val_total": 1.06854028252367,
        "val_total_per_task": {
          "exercise": 1.1571774246593634,
          "phase": 0.28437230533685165,
          "fatigue": 1.2663363606785052,
          "reps": 0.05373106311899595
        }
      }
    },
    {
      "seed": 42,
      "fold": 1,
      "test_subjects": [
        "Raghild",
        "michael"
      ],
      "metrics": {
        "exercise": {
          "f1_macro": 0.3437484786207571,
          "balanced_accuracy": 0.38494540956067336,
          "n": 682
        },
        "phase": {
          "f1_macro": 0.30604258511235255,
          "balanced_accuracy": 0.3133411926515375,
          "n": 488
        },
        "fatigue": {
          "mae": 1.1932906433284458,
          "pearson_r": 0.29318838646214146,
          "n": 682
        },
        "reps": {
          "mae": 0.18525228551221834,
          "n": 482
        },
        "val_total": 1.2648134049781956,
        "val_total_per_task": {
          "exercise": 1.2745459292990722,
          "phase": 0.5286408980920517,
          "fatigue": 1.1932906443772078,
          "reps": 0.028155312160592624
        }
      }
    },
    {
      "seed": 42,
      "fold": 2,
      "test_subjects": [
        "Juile",
        "lucas 2"
      ],
      "metrics": {
        "exercise": {
          "f1_macro": 0.3833542922714533,
          "balanced_accuracy": 0.39517516561861044,
          "n": 755
        },
        "phase": {
          "f1_macro": 0.314261779573814,
          "balanced_accuracy": 0.3261547933895862,
          "n": 560
        },
        "fatigue": {
          "mae": 0.8465438741721855,
          "pearson_r": 0.4341989012009813,
          "n": 755
        },
        "reps": {
          "mae": 0.17107988605763266,
          "n": 554
        },
        "val_total": 0.9487540316897513,
        "val_total_per_task": {
          "exercise": 1.1549246437502223,
          "phase": 0.3967819660309924,
          "fatigue": 0.8465438720406286,
          "reps": 0.0318966874248342
        }
      }
    },
    {
      "seed": 42,
      "fold": 3,
      "test_subjects": [
        "Hytten",
        "lucas"
      ],
      "metrics": {
        "exercise": {
          "f1_macro": 0.1596364106877143,
          "balanced_accuracy": 0.18284398715288636,
          "n": 557
        },
        "phase": {
          "f1_macro": 0.2940233736605709,
          "balanced_accuracy": 0.32083973374295954,
          "n": 477
        },
        "fatigue": {
          "mae": 1.0380947037701975,
          "pearson_r": -0.3149752821585264,
          "n": 557
        },
        "reps": {
          "mae": 0.22850924045120596,
          "n": 474
        },
        "val_total": 1.1941530237934106,
        "val_total_per_task": {
          "exercise": 1.5111270284738318,
          "phase": 0.40056200590339125,
          "fatigue": 1.0380947093347244,
          "reps": 0.0426740833195311
        }
      }
    },
    {
      "seed": 42,
      "fold": 4,
      "test_subjects": [
        "kiyomi"
      ],
      "metrics": {
        "exercise": {
          "f1_macro": 0.3602189781021898,
          "balanced_accuracy": 0.4416164658634538,
          "n": 374
        },
        "phase": {
          "f1_macro": 0.277038499919019,
          "balanced_accuracy": 0.30532450974439923,
          "n": 374
        },
        "fatigue": {
          "mae": 0.9686559993315508,
          "pearson_r": 0.25067360479509193,
          "n": 374
        },
        "reps": {
          "mae": 0.21026987810793488,
          "n": 374
        },
        "val_total": 0.8775614735914424,
        "val_total_per_task": {
          "exercise": 1.0489764844670015,
          "phase": 0.3360370199948071,
          "fatigue": 0.9686559840319628,
          "reps": 0.03577793001092691
        }
      }
    }
  ]
}