{
  "arch": "lstm_raw",
  "summary": {
    "val_total": {
      "mean": -0.26727432825653885,
      "std": 0.2415104204325495,
      "n": 5
    },
    "exercise": {
      "f1_macro": {
        "mean": 0.3175381738487968,
        "std": 0.09075297450907358,
        "n": 5
      },
      "balanced_accuracy": {
        "mean": 0.3613358127554715,
        "std": 0.11386685152772182,
        "n": 5
      }
    },
    "phase": {
      "f1_macro": {
        "mean": 0.29853163476118316,
        "std": 0.03206265114789456,
        "n": 5
      },
      "balanced_accuracy": {
        "mean": 0.336188336244158,
        "std": 0.01663033447310011,
        "n": 5
      }
    },
    "fatigue": {
      "mae": {
        "mean": 1.0293482113394232,
        "std": 0.12067948161248945,
        "n": 5
      },
      "pearson_r": {
        "mean": 0.21119897286632922,
        "std": 0.2737383270400494,
        "n": 5
      }
    },
    "reps": {
      "mae": {
        "mean": 0.10874537745292905,
        "std": 0.01706519146412808,
        "n": 5
      }
    }
  },
  "enabled_tasks": [
    "exercise",
    "phase",
    "fatigue",
    "reps"
  ],
  "all_results": [
    {
      "seed": 42,
      "fold": 0,
      "test_subjects": [
        "Tias",
        "sivert"
      ],
      "metrics": {
        "exercise": {
          "f1_macro": 0.3625643147832874,
          "balanced_accuracy": 0.4261359755472832,
          "n": 1256
        },
        "phase": {
          "f1_macro": 0.27989763544675167,
          "balanced_accuracy": 0.3315621510661225,
          "n": 1069
        },
        "fatigue": {
          "mae": 1.0924188893312101,
          "pearson_r": 0.31705857197512677,
          "n": 1256
        },
        "reps": {
          "mae": 0.13729467230780013,
          "n": 1067
        },
        "val_total": -0.398348832586009,
        "val_total_per_task": {
          "exercise": 1.234019384262668,
          "phase": 0.42515110950561086,
          "fatigue": 1.0924188904701524,
          "reps": 0.013727577017608341
        }
      }
    },
    {
      "seed": 42,
      "fold": 1,
      "test_subjects": [
        "Raghild",
        "michael"
      ],
      "metrics": {
        "exercise": {
          "f1_macro": 0.3398334003814622,
          "balanced_accuracy": 0.402922203724995,
          "n": 1361
        },
        "phase": {
          "f1_macro": 0.31430562360498665,
          "balanced_accuracy": 0.31784280998479286,
          "n": 969
        },
        "fatigue": {
          "mae": 1.2087820306759736,
          "pearson_r": 0.2838510354189824,
          "n": 1361
        },
        "reps": {
          "mae": 0.09731802944658147,
          "n": 964
        },
        "val_total": -0.030630945195878456,
        "val_total_per_task": {
          "exercise": 1.3979628744763017,
          "phase": 0.7145368133197367,
          "fatigue": 1.2087820299752576,
          "reps": 0.007937145662342776
        }
      }
    },
    {
      "seed": 42,
      "fold": 2,
      "test_subjects": [
        "Juile",
        "lucas 2"
      ],
      "metrics": {
        "exercise": {
          "f1_macro": 0.3777339963582688,
          "balanced_accuracy": 0.385335560470084,
          "n": 1509
        },
        "phase": {
          "f1_macro": 0.3238953238953239,
          "balanced_accuracy": 0.32746407609795586,
          "n": 1113
        },
        "fatigue": {
          "mae": 0.9072440357852882,
          "pearson_r": 0.49280379899473725,
          "n": 1509
        },
        "reps": {
          "mae": 0.08676028976472669,
          "n": 1107
        },
        "val_total": -0.06938281811334346,
        "val_total_per_task": {
          "exercise": 1.2005403320705599,
          "phase": 0.8068988997072001,
          "fatigue": 0.9072440327043325,
          "reps": 0.0071236079677845605
        }
      }
    },
    {
      "seed": 42,
      "fold": 3,
      "test_subjects": [
        "Hytten",
        "lucas"
      ],
      "metrics": {
        "exercise": {
          "f1_macro": 0.1378006421946646,
          "balanced_accuracy": 0.13830805130772267,
          "n": 1106
        },
        "phase": {
          "f1_macro": 0.2445744161694635,
          "balanced_accuracy": 0.337095602876754,
          "n": 944
        },
        "fatigue": {
          "mae": 1.0542530797920433,
          "pearson_r": -0.3129884197625762,
          "n": 1106
        },
        "reps": {
          "mae": 0.1139417380363236,
          "n": 941
        },
        "val_total": -0.1608857071636814,
        "val_total_per_task": {
          "exercise": 1.6533234028876582,
          "phase": 0.5066566645129033,
          "fatigue": 1.0542530789297702,
          "reps": 0.011863578659958908
        }
      }
    },
    {
      "seed": 42,
      "fold": 4,
      "test_subjects": [
        "kiyomi"
      ],
      "metrics": {
        "exercise": {
          "f1_macro": 0.369758515526301,
          "balanced_accuracy": 0.45397727272727273,
          "n": 746
        },
        "phase": {
          "f1_macro": 0.32998517468939004,
          "balanced_accuracy": 0.3669770411951647,
          "n": 746
        },
        "fatigue": {
          "mae": 0.8840430211126006,
          "pearson_r": 0.2752698777053761,
          "n": 746
        },
        "reps": {
          "mae": 0.10841215770921343,
          "n": 746
        },
        "val_total": -0.677123338223782,
        "val_total_per_task": {
          "exercise": 1.0313330441313837,
          "phase": 0.4771156744087669,
          "fatigue": 0.8840430220713884,
          "reps": 0.009851109446213648
        }
      }
    }
  ]
}