{
  "exercise": {
    "f1_macro": 0.3598828996282528,
    "balanced_accuracy": 0.39375783932720576,
    "n": 266
  },
  "phase": {
    "f1_macro": 0.2904938271604938,
    "balanced_accuracy": 0.3439303751803752,
    "n": 194
  },
  "fatigue": {
    "mae": 1.192639802631579,
    "pearson_r": 0.36268962340034544,
    "n": 266
  },
  "reps": {
    "mae": 0.36499920577086786,
    "n": 189
  },
  "val_total": 0.5870167151429599,
  "val_total_per_task": {
    "exercise": 1.1380984657689144,
    "phase": 0.29053215962603574,
    "fatigue": 1.1926398062168206,
    "reps": 0.10762248003393188
  }
}