{
  "exercise": {
    "f1_macro": 0.32610602699008207,
    "balanced_accuracy": 0.40441402055529985,
    "n": 1509
  },
  "phase": {
    "f1_macro": 0.2977255151168195,
    "balanced_accuracy": 0.33380894555757945,
    "n": 1113
  },
  "fatigue": {
    "mae": 1.005063369781312,
    "pearson_r": 0.4124672484629505,
    "n": 1509
  },
  "reps": {
    "mae": 0.08765364536517506,
    "n": 1107
  },
  "val_total": 0.4363576003144797,
  "val_total_per_task": {
    "exercise": 1.1401945530301771,
    "phase": 0.5320356574534106,
    "fatigue": 1.0050633793401749,
    "reps": 0.008651298871961274
  }
}