{
  "exercise": {
    "f1_macro": 0.2602194492254733,
    "balanced_accuracy": 0.2979055034405482,
    "n": 1106
  },
  "phase": {
    "f1_macro": 0.3219526750382303,
    "balanced_accuracy": 0.3403518635650198,
    "n": 944
  },
  "fatigue": {
    "mae": 1.0793293682188065,
    "pearson_r": -0.2212802122034151,
    "n": 1106
  },
  "reps": {
    "mae": 0.11911593522162917,
    "n": 941
  },
  "val_total": 0.5885929294994899,
  "val_total_per_task": {
    "exercise": 1.4814329511649353,
    "phase": 0.5077976518686167,
    "fatigue": 1.07932936261403,
    "reps": 0.011500989233445086
  }
}