{
  "best_score": -0.21881910555103415,
  "best_hps": {
    "lr": 0.0024046541719757414,
    "weight_decay": 0.0002181476167250017,
    "batch_size": 128,
    "dropout": 0.4030055322691992,
    "repr_dim": 64,
    "hidden_dim": 32
  },
  "phase1_elapsed_s": 10248.8343501091
}