{
  "exercise": {
    "f1_macro": 0.25227910238429174,
    "balanced_accuracy": 0.2955743879472693,
    "n": 218
  },
  "phase": {
    "f1_macro": 0.21333333333333335,
    "balanced_accuracy": 0.3333333333333333,
    "n": 187
  },
  "fatigue": {
    "mae": 1.1883421731651376,
    "pearson_r": -0.3861961084711488,
    "n": 218
  },
  "reps": {
    "mae": 0.4926344917520233,
    "n": 184
  },
  "val_total": 0.8404586347964925,
  "val_total_per_task": {
    "exercise": 1.2876760511223329,
    "phase": 0.32494852685053416,
    "fatigue": 1.1883421972257282,
    "reps": 0.18364038024473628
  }
}