{
  "exercise": {
    "f1_macro": 0.15563808237677246,
    "balanced_accuracy": 0.25,
    "n": 1106
  },
  "phase": {
    "f1_macro": 0.27466527323397555,
    "balanced_accuracy": 0.35021435097336423,
    "n": 944
  },
  "fatigue": {
    "mae": 0.9602911674954792,
    "pearson_r": -0.2335960525091948,
    "n": 1106
  },
  "reps": {
    "mae": 0.11464023840758161,
    "n": 941
  },
  "val_total": 1.1848722517382604,
  "val_total_per_task": {
    "exercise": 1.3010818994929088,
    "phase": 0.5109657728219335,
    "fatigue": 0.9602911646930908,
    "reps": 0.011073268667052064
  }
}