{
  "exercise": {
    "f1_macro": 0.3313903281519862,
    "balanced_accuracy": 0.3797348484848485,
    "n": 746
  },
  "phase": {
    "f1_macro": 0.2907733712236143,
    "balanced_accuracy": 0.30355074400784104,
    "n": 746
  },
  "fatigue": {
    "mae": 0.8284705931635389,
    "pearson_r": 0.2646602729422606,
    "n": 746
  },
  "reps": {
    "mae": 0.1077832534419867,
    "n": 746
  },
  "val_total": -0.38252453126472696,
  "val_total_per_task": {
    "exercise": 1.6450825204158916,
    "phase": 0.4881515414241811,
    "fatigue": 0.82847059859667,
    "reps": 0.009861580332136905
  }
}