{
  "exercise": {
    "f1_macro": 0.23953922773463318,
    "balanced_accuracy": 0.33336272484506474,
    "n": 1361
  },
  "phase": {
    "f1_macro": 0.28591023018593836,
    "balanced_accuracy": 0.3209688067950002,
    "n": 969
  },
  "fatigue": {
    "mae": 1.176992445811903,
    "pearson_r": 0.3947315013369369,
    "n": 1361
  },
  "reps": {
    "mae": 0.09888494441950407,
    "n": 964
  },
  "val_total": 1.2035236022298954,
  "val_total_per_task": {
    "exercise": 1.2972348091096058,
    "phase": 0.4954236976851618,
    "fatigue": 1.1769924297830272,
    "reps": 0.008459889320731929
  }
}