{
  "arch": "lstm_raw",
  "summary": {
    "val_total": {
      "mean": 0.2135130394101509,
      "std": 0.19323892510788473,
      "n": 5
    },
    "exercise": {
      "f1_macro": {
        "mean": 0.31888936537706497,
        "std": 0.05111082050745747,
        "n": 5
      },
      "balanced_accuracy": {
        "mean": 0.37670787735359434,
        "std": 0.07158685143107428,
        "n": 5
      }
    },
    "phase": {
      "f1_macro": {
        "mean": 0.2733956598903339,
        "std": 0.034188243619277456,
        "n": 5
      },
      "balanced_accuracy": {
        "mean": 0.31482839345471686,
        "std": 0.015059325951092403,
        "n": 5
      }
    },
    "fatigue": {
      "mae": {
        "mean": 1.1093726698931916,
        "std": 0.08633246605175171,
        "n": 5
      },
      "pearson_r": {
        "mean": 0.16569176091658216,
        "std": 0.2120464526456345,
        "n": 5
      }
    },
    "reps": {
      "mae": {
        "mean": 0.21045296788322454,
        "std": 0.03423848151190924,
        "n": 5
      }
    }
  },
  "enabled_tasks": [
    "exercise",
    "phase",
    "fatigue",
    "reps"
  ],
  "all_results": [
    {
      "seed": 42,
      "fold": 0,
      "test_subjects": [
        "Tias",
        "sivert"
      ],
      "metrics": {
        "exercise": {
          "f1_macro": 0.2834039083810803,
          "balanced_accuracy": 0.3187281317358654,
          "n": 626
        },
        "phase": {
          "f1_macro": 0.307020731215966,
          "balanced_accuracy": 0.32732943469785575,
          "n": 533
        },
        "fatigue": {
          "mae": 1.0859000599041533,
          "pearson_r": 0.2695504116135649,
          "n": 626
        },
        "reps": {
          "mae": 0.2651785768037083,
          "n": 531
        },
        "val_total": 0.0786285811719803,
        "val_total_per_task": {
          "exercise": 1.138341929204167,
          "phase": 0.28464023278544126,
          "fatigue": 1.0859000591424326,
          "reps": 0.05047084952886112
        }
      }
    },
    {
      "seed": 42,
      "fold": 1,
      "test_subjects": [
        "Raghild",
        "michael"
      ],
      "metrics": {
        "exercise": {
          "f1_macro": 0.35776334156555356,
          "balanced_accuracy": 0.4325208026134534,
          "n": 682
        },
        "phase": {
          "f1_macro": 0.29613344530967173,
          "balanced_accuracy": 0.30335740249533355,
          "n": 488
        },
        "fatigue": {
          "mae": 1.2741019061583578,
          "pearson_r": 0.2629326635978594,
          "n": 682
        },
        "reps": {
          "mae": 0.18470326144078214,
          "n": 482
        },
        "val_total": 0.48595910338013054,
        "val_total_per_task": {
          "exercise": 1.2813387539379757,
          "phase": 0.5041483630183156,
          "fatigue": 1.2741019117517556,
          "reps": 0.028290938422127553
        }
      }
    },
    {
      "seed": 42,
      "fold": 2,
      "test_subjects": [
        "Juile",
        "lucas 2"
      ],
      "metrics": {
        "exercise": {
          "f1_macro": 0.35208065896448437,
          "balanced_accuracy": 0.4059629784092652,
          "n": 755
        },
        "phase": {
          "f1_macro": 0.2886524822695035,
          "balanced_accuracy": 0.31780548442317474,
          "n": 560
        },
        "fatigue": {
          "mae": 1.0338990066225167,
          "pearson_r": 0.39879972252952256,
          "n": 755
        },
        "reps": {
          "mae": 0.16696480827974255,
          "n": 554
        },
        "val_total": 0.16811222903775852,
        "val_total_per_task": {
          "exercise": 1.1585981144810356,
          "phase": 0.39524680833942843,
          "fatigue": 1.0338990077277683,
          "reps": 0.030058670690320186
        }
      }
    },
    {
      "seed": 42,
      "fold": 3,
      "test_subjects": [
        "Hytten",
        "lucas"
      ],
      "metrics": {
        "exercise": {
          "f1_macro": 0.23532897231702693,
          "balanced_accuracy": 0.26849614870818295,
          "n": 557
        },
        "phase": {
          "f1_macro": 0.21113711664175294,
          "balanced_accuracy": 0.33318612391193037,
          "n": 477
        },
        "fatigue": {
          "mae": 1.1058053747755834,
          "pearson_r": -0.2186971918509879,
          "n": 557
        },
        "reps": {
          "mae": 0.22788027136533556,
          "n": 474
        },
        "val_total": 0.3771678275651093,
        "val_total_per_task": {
          "exercise": 1.5336826384816606,
          "phase": 0.3995667677807423,
          "fatigue": 1.1058053709232187,
          "reps": 0.043039740543123636
        }
      }
    },
    {
      "seed": 42,
      "fold": 4,
      "test_subjects": [
        "kiyomi"
      ],
      "metrics": {
        "exercise": {
          "f1_macro": 0.3658699456571797,
          "balanced_accuracy": 0.45783132530120485,
          "n": 374
        },
        "phase": {
          "f1_macro": 0.2640345240147751,
          "balanced_accuracy": 0.2924635217452897,
          "n": 374
        },
        "fatigue": {
          "mae": 1.0471570020053476,
          "pearson_r": 0.11587319869295185,
          "n": 374
        },
        "reps": {
          "mae": 0.20753792152655395,
          "n": 374
        },
        "val_total": -0.04230254410422422,
        "val_total_per_task": {
          "exercise": 1.0288056466668685,
          "phase": 0.332379970480414,
          "fatigue": 1.0471570147550042,
          "reps": 0.035343723959304435
        }
      }
    }
  ]
}