{
  "exercise": {
    "f1_macro": 0.38135047236429725,
    "balanced_accuracy": 0.45998344745337527,
    "n": 266
  },
  "phase": {
    "f1_macro": 0.28513148810644573,
    "balanced_accuracy": 0.3096590909090909,
    "n": 194
  },
  "fatigue": {
    "mae": 1.375234962406015,
    "pearson_r": 0.3013426283192248,
    "n": 266
  },
  "reps": {
    "mae": 0.42216146980762165,
    "n": 189
  },
  "val_total": 1.1381031158275174,
  "val_total_per_task": {
    "exercise": 1.3106759992757238,
    "phase": 0.38290474827128246,
    "fatigue": 1.3752349659912568,
    "reps": 0.1479073933192662
  }
}