{
  "exercise": {
    "f1_macro": 0.12287712287712288,
    "balanced_accuracy": 0.25,
    "n": 755
  },
  "phase": {
    "f1_macro": 0.20519159456118666,
    "balanced_accuracy": 0.3333333333333333,
    "n": 560
  },
  "fatigue": {
    "mae": 0.914336713576159,
    "pearson_r": 0.16711024734324498,
    "n": 755
  },
  "reps": {
    "mae": 0.16674950037955136,
    "n": 554
  },
  "val_total": 1.2985853424135423,
  "val_total_per_task": {
    "exercise": 1.3759998403637614,
    "phase": 0.3677596506693505,
    "fatigue": 0.9143367014183903,
    "reps": 0.026848587524515903
  }
}