{
  "exercise": {
    "f1_macro": 0.33791699031027556,
    "balanced_accuracy": 0.3717923002355579,
    "n": 1509
  },
  "phase": {
    "f1_macro": 0.3550093023704175,
    "balanced_accuracy": 0.35958308034810765,
    "n": 1113
  },
  "fatigue": {
    "mae": 1.056429651259112,
    "pearson_r": 0.37098288467854634,
    "n": 1509
  },
  "reps": {
    "mae": 0.08615421783725892,
    "n": 1107
  },
  "val_total": 0.1236104731373316,
  "val_total_per_task": {
    "exercise": 1.180914451461347,
    "phase": 0.8225739300251007,
    "fatigue": 1.0564296518121041,
    "reps": 0.006906390695285232
  }
}