{
  "exercise": {
    "f1_macro": 0.3536880483449931,
    "balanced_accuracy": 0.34085761708529566,
    "n": 304
  },
  "phase": {
    "f1_macro": 0.2605650175114931,
    "balanced_accuracy": 0.2897296245866563,
    "n": 229
  },
  "fatigue": {
    "mae": 0.9310880962171053,
    "pearson_r": 0.3818128644367088,
    "n": 304
  },
  "reps": {
    "mae": 0.40883369431851824,
    "n": 223
  },
  "val_total": 0.8709436153110705,
  "val_total_per_task": {
    "exercise": 1.4113263581928455,
    "phase": 0.36801562575917496,
    "fatigue": 0.9310880993541918,
    "reps": 0.15233185181492254
  }
}