{
  "exercise": {
    "f1_macro": 0.36502405026013546,
    "balanced_accuracy": 0.44852941176470584,
    "n": 149
  },
  "phase": {
    "f1_macro": 0.23005442718704364,
    "balanced_accuracy": 0.25356125356125353,
    "n": 149
  },
  "fatigue": {
    "mae": 0.7293676593959731,
    "pearson_r": 0.5027897468954085,
    "n": 149
  },
  "reps": {
    "mae": 0.46211391036092436,
    "n": 149
  },
  "val_total": 0.9708483307153587,
  "val_total_per_task": {
    "exercise": 1.0988501198339782,
    "phase": 0.3114818746611576,
    "fatigue": 0.7293676625962225,
    "reps": 0.17421072306448981
  }
}