{
  "lr": 0.0009281792058406861,
  "weight_decay": 0.00015874542809923297,
  "batch_size": 256,
  "dropout": 0.1730375478114508,
  "repr_dim": 128,
  "_patience": 50
}