{
  "exercise": {
    "f1_macro": 0.5426329702160507,
    "balanced_accuracy": 0.5656074184274067,
    "n": 218
  },
  "phase": {
    "f1_macro": 0.32807159561072136,
    "balanced_accuracy": 0.3723149213655543,
    "n": 187
  },
  "fatigue": {
    "mae": 1.186102350917431,
    "pearson_r": -0.3516220176687172,
    "n": 218
  },
  "reps": {
    "mae": 0.418099712094535,
    "n": 184
  },
  "val_total": 0.7988567171840493,
  "val_total_per_task": {
    "exercise": 1.0668044002777939,
    "phase": 0.31251767633158134,
    "fatigue": 1.1861023848209906,
    "reps": 0.13608462055888745
  }
}