{
  "exercise": {
    "f1_macro": 0.4440862253076555,
    "balanced_accuracy": 0.515072070404869,
    "n": 266
  },
  "phase": {
    "f1_macro": 0.3160653094134247,
    "balanced_accuracy": 0.35308441558441556,
    "n": 194
  },
  "fatigue": {
    "mae": 1.549033717105263,
    "pearson_r": 0.0940040172853699,
    "n": 266
  },
  "reps": {
    "mae": 0.41642802901487186,
    "n": 189
  },
  "val_total": 1.5979645252227783,
  "val_total_per_task": {
    "exercise": 1.3654227256774902,
    "phase": 0.31413984298706055,
    "fatigue": 1.549033761024475,
    "reps": 0.13312627375125885
  }
}