{
  "arch": "lstm_raw",
  "summary": {
    "val_total": {
      "mean": -0.31862821352019954,
      "std": 0.19301625673881276,
      "n": 5
    },
    "exercise": {
      "f1_macro": {
        "mean": 0.3300252882326008,
        "std": 0.06612145842011032,
        "n": 5
      },
      "balanced_accuracy": {
        "mean": 0.39156407649227615,
        "std": 0.08575139340467162,
        "n": 5
      }
    },
    "phase": {
      "f1_macro": {
        "mean": 0.2983852405758695,
        "std": 0.02534869898729321,
        "n": 5
      },
      "balanced_accuracy": {
        "mean": 0.32378460382398583,
        "std": 0.006480777723712357,
        "n": 5
      }
    },
    "fatigue": {
      "mae": {
        "mean": 1.121718825377724,
        "std": 0.09673764279236921,
        "n": 5
      },
      "pearson_r": {
        "mean": 0.24450524179602162,
        "std": 0.2662700366047593,
        "n": 5
      }
    },
    "reps": {
      "mae": {
        "mean": 0.10598147969191347,
        "std": 0.015446128609344459,
        "n": 5
      }
    }
  },
  "enabled_tasks": [
    "exercise",
    "phase",
    "fatigue",
    "reps"
  ],
  "all_results": [
    {
      "seed": 42,
      "fold": 0,
      "test_subjects": [
        "Tias",
        "sivert"
      ],
      "metrics": {
        "exercise": {
          "f1_macro": 0.3521346302651172,
          "balanced_accuracy": 0.4232693555547966,
          "n": 1256
        },
        "phase": {
          "f1_macro": 0.32137592137592136,
          "balanced_accuracy": 0.33266898761025704,
          "n": 1069
        },
        "fatigue": {
          "mae": 1.0851662022292994,
          "pearson_r": 0.273121226808349,
          "n": 1256
        },
        "reps": {
          "mae": 0.13145080334162157,
          "n": 1067
        },
        "val_total": -0.4144614054139253,
        "val_total_per_task": {
          "exercise": 1.1670870370925612,
          "phase": 0.42421154668376704,
          "fatigue": 1.085166207164716,
          "reps": 0.012910585485659777
        }
      }
    },
    {
      "seed": 42,
      "fold": 1,
      "test_subjects": [
        "Raghild",
        "michael"
      ],
      "metrics": {
        "exercise": {
          "f1_macro": 0.37403184714936105,
          "balanced_accuracy": 0.4330480886590985,
          "n": 1361
        },
        "phase": {
          "f1_macro": 0.3072292373094853,
          "balanced_accuracy": 0.32252661251437265,
          "n": 969
        },
        "fatigue": {
          "mae": 1.3031692000367376,
          "pearson_r": 0.3815088541817318,
          "n": 1361
        },
        "reps": {
          "mae": 0.0947666780393246,
          "n": 964
        },
        "val_total": -0.025375679781295027,
        "val_total_per_task": {
          "exercise": 1.2931203711654753,
          "phase": 0.6880661582876706,
          "fatigue": 1.3031691976718216,
          "reps": 0.007635795746017781
        }
      }
    },
    {
      "seed": 42,
      "fold": 2,
      "test_subjects": [
        "Juile",
        "lucas 2"
      ],
      "metrics": {
        "exercise": {
          "f1_macro": 0.3517944436377717,
          "balanced_accuracy": 0.400398021008265,
          "n": 1509
        },
        "phase": {
          "f1_macro": 0.2914716453680184,
          "balanced_accuracy": 0.3270997773730014,
          "n": 1113
        },
        "fatigue": {
          "mae": 1.0627252112326044,
          "pearson_r": 0.40483010184960605,
          "n": 1509
        },
        "reps": {
          "mae": 0.08703850400141948,
          "n": 1107
        },
        "val_total": -0.3548514726858727,
        "val_total_per_task": {
          "exercise": 1.1822648524764043,
          "phase": 0.5314248397778485,
          "fatigue": 1.0627252171575194,
          "reps": 0.008386424058805127
        }
      }
    },
    {
      "seed": 42,
      "fold": 3,
      "test_subjects": [
        "Hytten",
        "lucas"
      ],
      "metrics": {
        "exercise": {
          "f1_macro": 0.19919476205525014,
          "balanced_accuracy": 0.2268624929967965,
          "n": 1106
        },
        "phase": {
          "f1_macro": 0.3194483257757583,
          "balanced_accuracy": 0.3237285356197437,
          "n": 944
        },
        "fatigue": {
          "mae": 1.1305379746835442,
          "pearson_r": -0.2762978423207283,
          "n": 1106
        },
        "reps": {
          "mae": 0.11325668487831451,
          "n": 941
        },
        "val_total": -0.20327841157723509,
        "val_total_per_task": {
          "exercise": 1.5426667749773961,
          "phase": 0.507161365603021,
          "fatigue": 1.1305379604560342,
          "reps": 0.01127817370098549
        }
      }
    },
    {
      "seed": 42,
      "fold": 4,
      "test_subjects": [
        "kiyomi"
      ],
      "metrics": {
        "exercise": {
          "f1_macro": 0.37297075805550384,
          "balanced_accuracy": 0.47424242424242424,
          "n": 746
        },
        "phase": {
          "f1_macro": 0.2524010730501643,
          "balanced_accuracy": 0.3128991060025543,
          "n": 746
        },
        "fatigue": {
          "mae": 1.0269955387064342,
          "pearson_r": 0.4393638684611495,
          "n": 746
        },
        "reps": {
          "mae": 0.10339472819888719,
          "n": 746
        },
        "val_total": -0.59517409814267,
        "val_total_per_task": {
          "exercise": 0.9954100981474562,
          "phase": 0.47859424136918605,
          "fatigue": 1.0269955847282513,
          "reps": 0.009659010300228008
        }
      }
    }
  ]
}