{
  "exercise": {
    "f1_macro": 0.4429651342605351,
    "balanced_accuracy": 0.42248845332035617,
    "n": 1509
  },
  "phase": {
    "f1_macro": 0.32923766614440036,
    "balanced_accuracy": 0.3355697227281927,
    "n": 1113
  },
  "fatigue": {
    "mae": 0.9379012384029158,
    "pearson_r": 0.4236280265150415,
    "n": 1509
  },
  "reps": {
    "mae": 0.0905610070759035,
    "n": 1107
  },
  "val_total": 0.1354795985067025,
  "val_total_per_task": {
    "exercise": 1.3412433396592844,
    "phase": 0.5321498586888184,
    "fatigue": 0.9379012430243495,
    "reps": 0.00882843134750725
  }
}