{
  "exercise": {
    "f1_macro": 0.15,
    "balanced_accuracy": 0.25,
    "n": 218
  },
  "phase": {
    "f1_macro": 0.2002534854245881,
    "balanced_accuracy": 0.3333333333333333,
    "n": 187
  },
  "fatigue": {
    "mae": 1.030282396788991,
    "pearson_r": -0.24464692915012928,
    "n": 218
  },
  "reps": {
    "mae": 0.5195489341150159,
    "n": 184
  },
  "val_total": 1.191098690032959,
  "val_total_per_task": {
    "exercise": 1.2785308361053467,
    "phase": 0.32395535707473755,
    "fatigue": 1.0302823781967163,
    "reps": 0.19482530653476715
  }
}