{
  "exercise": {
    "f1_macro": 0.14746835443037976,
    "balanced_accuracy": 0.25,
    "n": 557
  },
  "phase": {
    "f1_macro": 0.22315202231520223,
    "balanced_accuracy": 0.3333333333333333,
    "n": 477
  },
  "fatigue": {
    "mae": 0.8383078994614004,
    "pearson_r": -0.19950714215300885,
    "n": 557
  },
  "reps": {
    "mae": 0.23422371781723897,
    "n": 474
  },
  "val_total": 1.2488804426398696,
  "val_total_per_task": {
    "exercise": 1.3173722925477225,
    "phase": 0.3965245715377575,
    "fatigue": 0.8383079001034611,
    "reps": 0.042953384682348855
  }
}