{
  "exercise": {
    "f1_macro": 0.4011717543531577,
    "balanced_accuracy": 0.3771115417320775,
    "n": 304
  },
  "phase": {
    "f1_macro": 0.30368373764600176,
    "balanced_accuracy": 0.3529468974907606,
    "n": 229
  },
  "fatigue": {
    "mae": 0.9842336554276315,
    "pearson_r": 0.45442291597401163,
    "n": 304
  },
  "reps": {
    "mae": 0.459981147772027,
    "n": 223
  },
  "val_total": 1.2218998168644153,
  "val_total_per_task": {
    "exercise": 1.3834387189463566,
    "phase": 0.33734649419784546,
    "fatigue": 0.9842336617018047,
    "reps": 0.17259415513590762
  }
}