{
  "exercise": {
    "f1_macro": 0.27832512315270935,
    "balanced_accuracy": 0.2806372549019608,
    "n": 149
  },
  "phase": {
    "f1_macro": 0.2721174004192872,
    "balanced_accuracy": 0.31559829059829064,
    "n": 149
  },
  "fatigue": {
    "mae": 1.0023856963087248,
    "pearson_r": 0.36704433084985894,
    "n": 149
  },
  "reps": {
    "mae": 0.4399148156653915,
    "n": 149
  },
  "val_total": 1.456313967704773,
  "val_total_per_task": {
    "exercise": 1.709564447402954,
    "phase": 0.3102349638938904,
    "fatigue": 1.0023857355117798,
    "reps": 0.15469792485237122
  }
}