{
  "exercise": {
    "f1_macro": 0.3492654306701981,
    "balanced_accuracy": 0.4121212121212121,
    "n": 746
  },
  "phase": {
    "f1_macro": 0.32713925897705015,
    "balanced_accuracy": 0.34377320383735777,
    "n": 746
  },
  "fatigue": {
    "mae": 0.973771573391421,
    "pearson_r": 0.19508129316596898,
    "n": 746
  },
  "reps": {
    "mae": 0.10704328822366514,
    "n": 746
  },
  "val_total": 0.8051106328938665,
  "val_total_per_task": {
    "exercise": 1.189708030255806,
    "phase": 0.48014476391968713,
    "fatigue": 0.9737715769069764,
    "reps": 0.010996583414740921
  }
}