{
  "exercise": {
    "f1_macro": 0.4119281456578615,
    "balanced_accuracy": 0.46779125826759105,
    "n": 1256
  },
  "phase": {
    "f1_macro": 0.30028238230318466,
    "balanced_accuracy": 0.3221333177303512,
    "n": 1069
  },
  "fatigue": {
    "mae": 1.1146403513136942,
    "pearson_r": 0.2993624688631422,
    "n": 1256
  },
  "reps": {
    "mae": 0.14634649632603364,
    "n": 1067
  },
  "val_total": 0.307308149565557,
  "val_total_per_task": {
    "exercise": 1.1005008387717472,
    "phase": 0.4182560487537627,
    "fatigue": 1.1146403467579253,
    "reps": 0.015069220719301397
  }
}