{
  "exercise": {
    "f1_macro": 0.1218274111675127,
    "balanced_accuracy": 0.25,
    "n": 149
  },
  "phase": {
    "f1_macro": 0.2171945701357466,
    "balanced_accuracy": 0.3333333333333333,
    "n": 149
  },
  "fatigue": {
    "mae": 0.7387531459731543,
    "pearson_r": 0.39900644605252694,
    "n": 149
  },
  "reps": {
    "mae": 0.48268227797976676,
    "n": 149
  },
  "val_total": 1.2901806831359863,
  "val_total_per_task": {
    "exercise": 1.387236475944519,
    "phase": 0.3077218532562256,
    "fatigue": 0.7387531399726868,
    "reps": 0.186748668551445
  }
}