{
  "exercise": {
    "f1_macro": 0.4174356417288354,
    "balanced_accuracy": 0.4645976625405017,
    "n": 682
  },
  "phase": {
    "f1_macro": 0.3120590828924162,
    "balanced_accuracy": 0.3341683858925238,
    "n": 488
  },
  "fatigue": {
    "mae": 1.160677465175953,
    "pearson_r": 0.38970388893405755,
    "n": 682
  },
  "reps": {
    "mae": 0.19577550459112122,
    "n": 482
  },
  "val_total": 0.7777742346710473,
  "val_total_per_task": {
    "exercise": 1.4422163606738765,
    "phase": 0.35050963289227305,
    "fatigue": 1.1606774774115107,
    "reps": 0.033050573990841416
  }
}