{
  "exercise": {
    "f1_macro": 0.5110048285048285,
    "balanced_accuracy": 0.514447605965463,
    "n": 304
  },
  "phase": {
    "f1_macro": 0.3520833333333333,
    "balanced_accuracy": 0.38147571808338193,
    "n": 229
  },
  "fatigue": {
    "mae": 0.8851896587171053,
    "pearson_r": 0.40255764842870856,
    "n": 304
  },
  "reps": {
    "mae": 0.4026287064632827,
    "n": 223
  },
  "val_total": 1.0173821355167187,
  "val_total_per_task": {
    "exercise": 1.3542211400835138,
    "phase": 0.3140265659282082,
    "fatigue": 0.8851896649912784,
    "reps": 0.12439615240222529
  }
}