{
  "arch": "lstm_raw",
  "summary": {
    "val_total": {
      "mean": 1.1177819780331666,
      "std": 0.16479750485366815,
      "n": 5
    },
    "exercise": {
      "f1_macro": {
        "mean": 0.28340910675342956,
        "std": 0.07823543096681718,
        "n": 5
      },
      "balanced_accuracy": {
        "mean": 0.3647817499365066,
        "std": 0.07017928891790064,
        "n": 5
      }
    },
    "phase": {
      "f1_macro": {
        "mean": 0.28010957814778237,
        "std": 0.031837597274805146,
        "n": 5
      },
      "balanced_accuracy": {
        "mean": 0.32337045185600866,
        "std": 0.004897475313633493,
        "n": 5
      }
    },
    "fatigue": {
      "mae": {
        "mean": 1.0990581315364687,
        "std": 0.09097408312907714,
        "n": 5
      },
      "pearson_r": {
        "mean": 0.1924928402324709,
        "std": 0.25540209961147003,
        "n": 5
      }
    },
    "reps": {
      "mae": {
        "mean": 0.1109062877189638,
        "std": 0.019008837377590616,
        "n": 5
      }
    }
  },
  "enabled_tasks": [
    "exercise",
    "phase",
    "fatigue",
    "reps"
  ],
  "all_results": [
    {
      "seed": 42,
      "fold": 0,
      "test_subjects": [
        "Tias",
        "sivert"
      ],
      "metrics": {
        "exercise": {
          "f1_macro": 0.3478099032791312,
          "balanced_accuracy": 0.40069498992520747,
          "n": 1256
        },
        "phase": {
          "f1_macro": 0.30755426859760243,
          "balanced_accuracy": 0.3207643998459206,
          "n": 1069
        },
        "fatigue": {
          "mae": 1.0958492983678343,
          "pearson_r": 0.19736965460004696,
          "n": 1256
        },
        "reps": {
          "mae": 0.14201111377600054,
          "n": 1067
        },
        "val_total": 0.9723554242188763,
        "val_total_per_task": {
          "exercise": 1.1785787602139126,
          "phase": 0.4281619532852416,
          "fatigue": 1.0958492991271291,
          "reps": 0.014446952564131681
        }
      }
    },
    {
      "seed": 42,
      "fold": 1,
      "test_subjects": [
        "Raghild",
        "michael"
      ],
      "metrics": {
        "exercise": {
          "f1_macro": 0.23236881797253311,
          "balanced_accuracy": 0.32272131808333754,
          "n": 1361
        },
        "phase": {
          "f1_macro": 0.2451318862249533,
          "balanced_accuracy": 0.3312992841511813,
          "n": 969
        },
        "fatigue": {
          "mae": 1.2531227038941954,
          "pearson_r": 0.3929335695419955,
          "n": 1361
        },
        "reps": {
          "mae": 0.09725495196562028,
          "n": 964
        },
        "val_total": 1.3368318702787445,
        "val_total_per_task": {
          "exercise": 1.3207072560004152,
          "phase": 0.7018910918841899,
          "fatigue": 1.2531227062591115,
          "reps": 0.007867657354349253
        }
      }
    },
    {
      "seed": 42,
      "fold": 2,
      "test_subjects": [
        "Juile",
        "lucas 2"
      ],
      "metrics": {
        "exercise": {
          "f1_macro": 0.32272102293228344,
          "balanced_accuracy": 0.4020075931891394,
          "n": 1509
        },
        "phase": {
          "f1_macro": 0.30223649247771717,
          "balanced_accuracy": 0.326775956284153,
          "n": 1113
        },
        "fatigue": {
          "mae": 1.0318376201126573,
          "pearson_r": 0.4135484210368039,
          "n": 1509
        },
        "reps": {
          "mae": 0.08606782050083148,
          "n": 1107
        },
        "val_total": 1.2913347327843496,
        "val_total_per_task": {
          "exercise": 1.1370892466260076,
          "phase": 0.8395609720366296,
          "fatigue": 1.0318376170317016,
          "reps": 0.0072091055365564455
        }
      }
    },
    {
      "seed": 42,
      "fold": 3,
      "test_subjects": [
        "Hytten",
        "lucas"
      ],
      "metrics": {
        "exercise": {
          "f1_macro": 0.15480188045668233,
          "balanced_accuracy": 0.25,
          "n": 1106
        },
        "phase": {
          "f1_macro": 0.30813557141938386,
          "balanced_accuracy": 0.3195445920303605,
          "n": 944
        },
        "fatigue": {
          "mae": 0.9878892122513563,
          "pearson_r": -0.2910530224775061,
          "n": 1106
        },
        "reps": {
          "mae": 0.11667144650570636,
          "n": 941
        },
        "val_total": 1.04892409214275,
        "val_total_per_task": {
          "exercise": 1.3477886925985325,
          "phase": 0.5032234274888341,
          "fatigue": 0.9878892111735146,
          "reps": 0.011966787283704573
        }
      }
    },
    {
      "seed": 42,
      "fold": 4,
      "test_subjects": [
        "kiyomi"
      ],
      "metrics": {
        "exercise": {
          "f1_macro": 0.3593439091265178,
          "balanced_accuracy": 0.4484848484848485,
          "n": 746
        },
        "phase": {
          "f1_macro": 0.23748967201925497,
          "balanced_accuracy": 0.3184680269684279,
          "n": 746
        },
        "fatigue": {
          "mae": 1.1265918230563003,
          "pearson_r": 0.24966557846101417,
          "n": 746
        },
        "reps": {
          "mae": 0.11252610584666038,
          "n": 746
        },
        "val_total": 0.9394637707411124,
        "val_total_per_task": {
          "exercise": 1.0522856958430191,
          "phase": 0.4827715205602927,
          "fatigue": 1.1265918371185222,
          "reps": 0.010194783711970731
        }
      }
    }
  ]
}