{
  "exercise": {
    "f1_macro": 0.3725065236316205,
    "balanced_accuracy": 0.42502959826053294,
    "n": 1256
  },
  "phase": {
    "f1_macro": 0.2907934357121349,
    "balanced_accuracy": 0.30630726172539724,
    "n": 1069
  },
  "fatigue": {
    "mae": 1.1067563196656052,
    "pearson_r": 0.2775485966997116,
    "n": 1256
  },
  "reps": {
    "mae": 0.13393816734239067,
    "n": 1067
  },
  "val_total": -0.29418702414081355,
  "val_total_per_task": {
    "exercise": 1.3057458977790395,
    "phase": 0.4292366914688402,
    "fatigue": 1.1067563143505412,
    "reps": 0.01347117728085085
  }
}