{
  "arch": "cnn_lstm_raw",
  "summary": {
    "val_total": {
      "mean": 1.5011429836357224,
      "std": 0.40830223825672796,
      "n": 5
    },
    "exercise": {
      "f1_macro": {
        "mean": 0.5065254424309693,
        "std": 0.1537578324039766,
        "n": 5
      },
      "balanced_accuracy": {
        "mean": 0.541405871814381,
        "std": 0.16369692115186996,
        "n": 5
      }
    },
    "phase": {
      "f1_macro": {
        "mean": 0.3122396783800633,
        "std": 0.11602008530161725,
        "n": 5
      },
      "balanced_accuracy": {
        "mean": 0.3886473425713932,
        "std": 0.06060078091307743,
        "n": 5
      }
    },
    "fatigue": {
      "mae": {
        "mean": 1.1056489445883324,
        "std": 0.0891096285044831,
        "n": 5
      },
      "pearson_r": {
        "mean": 0.19479638824583212,
        "std": 0.25947272349354406,
        "n": 5
      }
    },
    "reps": {
      "mae": {
        "mean": 0.43963528297781396,
        "std": 0.015790958282457992,
        "n": 5
      }
    }
  },
  "enabled_tasks": [
    "exercise",
    "phase",
    "fatigue",
    "reps"
  ],
  "all_results": [
    {
      "seed": 42,
      "fold": 0,
      "test_subjects": [
        "Tias",
        "sivert"
      ],
      "metrics": {
        "exercise": {
          "f1_macro": 0.7193964512619502,
          "balanced_accuracy": 0.7180809056604164,
          "n": 252
        },
        "phase": {
          "f1_macro": 0.44497661228265856,
          "balanced_accuracy": 0.43351043351043345,
          "n": 217
        },
        "fatigue": {
          "mae": 0.9625806051587301,
          "pearson_r": 0.4465234289668659,
          "n": 252
        },
        "reps": {
          "mae": 0.45886041380673925,
          "n": 214
        },
        "val_total": 0.8182226873579479,
        "val_total_per_task": {
          "exercise": 0.869992939252702,
          "phase": 0.3110041523736621,
          "fatigue": 0.9625805635300894,
          "reps": 0.17320321902396188
        }
      }
    },
    {
      "seed": 42,
      "fold": 1,
      "test_subjects": [
        "Raghild",
        "michael"
      ],
      "metrics": {
        "exercise": {
          "f1_macro": 0.42030634988381466,
          "balanced_accuracy": 0.49363086792918387,
          "n": 266
        },
        "phase": {
          "f1_macro": 0.18942189421894218,
          "balanced_accuracy": 0.3333333333333333,
          "n": 194
        },
        "fatigue": {
          "mae": 1.200936912593985,
          "pearson_r": 0.27589107057864065,
          "n": 266
        },
        "reps": {
          "mae": 0.4440786880613477,
          "n": 189
        },
        "val_total": 1.4497582930371278,
        "val_total_per_task": {
          "exercise": 1.2623781485665113,
          "phase": 0.3454934959124802,
          "fatigue": 1.200936912593985,
          "reps": 0.14672149930681502
        }
      }
    },
    {
      "seed": 42,
      "fold": 2,
      "test_subjects": [
        "Juile",
        "lucas 2"
      ],
      "metrics": {
        "exercise": {
          "f1_macro": 0.26671500827017247,
          "balanced_accuracy": 0.24938268576661432,
          "n": 304
        },
        "phase": {
          "f1_macro": 0.2109452736318408,
          "balanced_accuracy": 0.3333333333333333,
          "n": 229
        },
        "fatigue": {
          "mae": 1.0655838815789473,
          "pearson_r": 0.24223881130991237,
          "n": 304
        },
        "reps": {
          "mae": 0.4289819160058693,
          "n": 223
        },
        "val_total": 1.6160683757380436,
        "val_total_per_task": {
          "exercise": 1.5113485235916941,
          "phase": 0.37876562774181366,
          "fatigue": 1.0655838878531205,
          "reps": 0.16859298042560877
        }
      }
    },
    {
      "seed": 42,
      "fold": 3,
      "test_subjects": [
        "Hytten",
        "lucas"
      ],
      "metrics": {
        "exercise": {
          "f1_macro": 0.5352830605926582,
          "balanced_accuracy": 0.6538281706604325,
          "n": 218
        },
        "phase": {
          "f1_macro": 0.257516339869281,
          "balanced_accuracy": 0.3580168776371308,
          "n": 187
        },
        "fatigue": {
          "mae": 1.1980002866972477,
          "pearson_r": -0.3052844118111361,
          "n": 218
        },
        "reps": {
          "mae": 0.45128301142350485,
          "n": 184
        },
        "val_total": 2.093241779082412,
        "val_total_per_task": {
          "exercise": 1.212841832309688,
          "phase": 0.3305037962187321,
          "fatigue": 1.1980002834162582,
          "reps": 0.15356084171238296
        }
      }
    },
    {
      "seed": 42,
      "fold": 4,
      "test_subjects": [
        "kiyomi"
      ],
      "metrics": {
        "exercise": {
          "f1_macro": 0.5909263421462511,
          "balanced_accuracy": 0.5921067290552584,
          "n": 149
        },
        "phase": {
          "f1_macro": 0.45833827189759396,
          "balanced_accuracy": 0.48504273504273504,
          "n": 149
        },
        "fatigue": {
          "mae": 1.1011430369127517,
          "pearson_r": 0.31461304218487773,
          "n": 149
        },
        "reps": {
          "mae": 0.41497238559160854,
          "n": 149
        },
        "val_total": 1.5284237829630807,
        "val_total_per_task": {
          "exercise": 1.1718265194220832,
          "phase": 0.27135365591353217,
          "fatigue": 1.1011430529139985,
          "reps": 0.13301275120485548
        }
      }
    }
  ]
}