{
  "arch": "lstm_raw",
  "summary": {
    "val_total": {
      "mean": -0.34149468017315077,
      "std": 0.17563213268806474,
      "n": 5
    },
    "exercise": {
      "f1_macro": {
        "mean": 0.3204639721072769,
        "std": 0.07262682536187094,
        "n": 5
      },
      "balanced_accuracy": {
        "mean": 0.38106227931466,
        "std": 0.09249736027198852,
        "n": 5
      }
    },
    "phase": {
      "f1_macro": {
        "mean": 0.2956270829060179,
        "std": 0.04444345320732705,
        "n": 5
      },
      "balanced_accuracy": {
        "mean": 0.33342030462617245,
        "std": 0.005139925768890507,
        "n": 5
      }
    },
    "fatigue": {
      "mae": {
        "mean": 1.142009338991742,
        "std": 0.09941120352931784,
        "n": 5
      },
      "pearson_r": {
        "mean": 0.1755342806482304,
        "std": 0.24901951451526108,
        "n": 5
      }
    },
    "reps": {
      "mae": {
        "mean": 0.10794146630172845,
        "std": 0.015476896752249452,
        "n": 5
      }
    }
  },
  "enabled_tasks": [
    "exercise",
    "phase",
    "fatigue",
    "reps"
  ],
  "all_results": [
    {
      "seed": 42,
      "fold": 0,
      "test_subjects": [
        "Tias",
        "sivert"
      ],
      "metrics": {
        "exercise": {
          "f1_macro": 0.3670399539995529,
          "balanced_accuracy": 0.43764727980601753,
          "n": 1256
        },
        "phase": {
          "f1_macro": 0.33857260855943166,
          "balanced_accuracy": 0.3425744432904739,
          "n": 1069
        },
        "fatigue": {
          "mae": 1.079779558121019,
          "pearson_r": 0.29138775248032933,
          "n": 1256
        },
        "reps": {
          "mae": 0.13132336263386873,
          "n": 1067
        },
        "val_total": -0.45137548067007854,
        "val_total_per_task": {
          "exercise": 1.1520983375561464,
          "phase": 0.4229391082456917,
          "fatigue": 1.0797795528059553,
          "reps": 0.012825354192239843
        }
      }
    },
    {
      "seed": 42,
      "fold": 1,
      "test_subjects": [
        "Raghild",
        "michael"
      ],
      "metrics": {
        "exercise": {
          "f1_macro": 0.3482194797427724,
          "balanced_accuracy": 0.41654776166134405,
          "n": 1361
        },
        "phase": {
          "f1_macro": 0.30509923864963084,
          "balanced_accuracy": 0.33366269797114345,
          "n": 969
        },
        "fatigue": {
          "mae": 1.3226889695077149,
          "pearson_r": 0.3640303997313004,
          "n": 1361
        },
        "reps": {
          "mae": 0.09633927276605331,
          "n": 964
        },
        "val_total": -0.096903170320061,
        "val_total_per_task": {
          "exercise": 1.2481640136741172,
          "phase": 0.6772958021843635,
          "fatigue": 1.3226889705587888,
          "reps": 0.007734887570164643
        }
      }
    },
    {
      "seed": 42,
      "fold": 2,
      "test_subjects": [
        "Juile",
        "lucas 2"
      ],
      "metrics": {
        "exercise": {
          "f1_macro": 0.35194305421896616,
          "balanced_accuracy": 0.40016792436767595,
          "n": 1509
        },
        "phase": {
          "f1_macro": 0.29579408087828296,
          "balanced_accuracy": 0.32720097146326654,
          "n": 1113
        },
        "fatigue": {
          "mae": 1.096033175944334,
          "pearson_r": 0.3420981041666717,
          "n": 1509
        },
        "reps": {
          "mae": 0.08702036765948369,
          "n": 1107
        },
        "val_total": -0.409338311931011,
        "val_total_per_task": {
          "exercise": 1.1752159538610318,
          "phase": 0.5320082025823409,
          "fatigue": 1.096033187715165,
          "reps": 0.008339083459131997
        }
      }
    },
    {
      "seed": 42,
      "fold": 3,
      "test_subjects": [
        "Hytten",
        "lucas"
      ],
      "metrics": {
        "exercise": {
          "f1_macro": 0.1757852768176581,
          "balanced_accuracy": 0.19943327922311127,
          "n": 1106
        },
        "phase": {
          "f1_macro": 0.32660367291440767,
          "balanced_accuracy": 0.3303300770726451,
          "n": 944
        },
        "fatigue": {
          "mae": 1.1696287296564196,
          "pearson_r": -0.30738712096992643,
          "n": 1106
        },
        "reps": {
          "mae": 0.11680592522574401,
          "n": 941
        },
        "val_total": -0.18063968129011435,
        "val_total_per_task": {
          "exercise": 1.5977471922448487,
          "phase": 0.5087214507849696,
          "fatigue": 1.1696287162911827,
          "reps": 0.011320437142999327
        }
      }
    },
    {
      "seed": 42,
      "fold": 4,
      "test_subjects": [
        "kiyomi"
      ],
      "metrics": {
        "exercise": {
          "f1_macro": 0.35933209575743513,
          "balanced_accuracy": 0.45151515151515154,
          "n": 746
        },
        "phase": {
          "f1_macro": 0.2120658135283364,
          "balanced_accuracy": 0.3333333333333333,
          "n": 746
        },
        "fatigue": {
          "mae": 1.0419162617292226,
          "pearson_r": 0.18754226783277683,
          "n": 746
        },
        "reps": {
          "mae": 0.10821840322349251,
          "n": 746
        },
        "val_total": -0.5692167566544888,
        "val_total_per_task": {
          "exercise": 1.0477056183699949,
          "phase": 0.47895904440662496,
          "fatigue": 1.04191627770902,
          "reps": 0.010050729596263281
        }
      }
    }
  ]
}