{
  "exercise": {
    "f1_macro": 0.2591365384357257,
    "balanced_accuracy": 0.30924844217871855,
    "n": 682
  },
  "phase": {
    "f1_macro": 0.293535640904062,
    "balanced_accuracy": 0.30997642204538756,
    "n": 488
  },
  "fatigue": {
    "mae": 1.1846934567448681,
    "pearson_r": 0.3305628346456364,
    "n": 682
  },
  "reps": {
    "mae": 0.18739890277045643,
    "n": 482
  },
  "val_total": 0.6309783158064588,
  "val_total_per_task": {
    "exercise": 1.3515162058939332,
    "phase": 0.5244550970642448,
    "fatigue": 1.1846934570944554,
    "reps": 0.02857790524658919
  }
}