{
  "exercise": {
    "f1_macro": 0.36008147172151667,
    "balanced_accuracy": 0.3627354788069074,
    "n": 304
  },
  "phase": {
    "f1_macro": 0.30089993762808515,
    "balanced_accuracy": 0.33774233287946576,
    "n": 229
  },
  "fatigue": {
    "mae": 1.1137052837171053,
    "pearson_r": 0.4275185255769415,
    "n": 304
  },
  "reps": {
    "mae": 0.4125953728516874,
    "n": 223
  },
  "val_total": 1.201211979514674,
  "val_total_per_task": {
    "exercise": 1.3576857980928922,
    "phase": 0.32844099402427673,
    "fatigue": 1.1137052837171053,
    "reps": 0.12629614064567968
  }
}