{
  "exercise": {
    "f1_macro": 0.2967996368236487,
    "balanced_accuracy": 0.34358173104288336,
    "n": 1256
  },
  "phase": {
    "f1_macro": 0.31295001437599024,
    "balanced_accuracy": 0.3311355070237799,
    "n": 1069
  },
  "fatigue": {
    "mae": 1.0849484972133758,
    "pearson_r": 0.27243920933769006,
    "n": 1256
  },
  "reps": {
    "mae": 0.14243977138817995,
    "n": 1067
  },
  "val_total": 0.39750993403659507,
  "val_total_per_task": {
    "exercise": 1.1350766389992586,
    "phase": 0.4180578902648513,
    "fatigue": 1.0849484949354913,
    "reps": 0.014573995540049046
  }
}