{
  "exercise": {
    "f1_macro": 0.37654219738038697,
    "balanced_accuracy": 0.4281192703381774,
    "n": 682
  },
  "phase": {
    "f1_macro": 0.32045026397190496,
    "balanced_accuracy": 0.34687837705079083,
    "n": 488
  },
  "fatigue": {
    "mae": 1.047510767961877,
    "pearson_r": 0.5178598517215777,
    "n": 682
  },
  "reps": {
    "mae": 0.18065359623507593,
    "n": 482
  },
  "val_total": 1.682916182576736,
  "val_total_per_task": {
    "exercise": 1.563074702041939,
    "phase": 0.5356381184194794,
    "fatigue": 1.0475107725065125,
    "reps": 0.026741314144078588
  }
}