{
  "exercise": {
    "f1_macro": 0.13651816730050542,
    "balanced_accuracy": 0.15861896826650962,
    "n": 1106
  },
  "phase": {
    "f1_macro": 0.3298018469320883,
    "balanced_accuracy": 0.3345093353948509,
    "n": 944
  },
  "fatigue": {
    "mae": 1.0681121439873418,
    "pearson_r": -0.3348406489017609,
    "n": 1106
  },
  "reps": {
    "mae": 0.12199016620541599,
    "n": 941
  },
  "val_total": 1.2086740083332304,
  "val_total_per_task": {
    "exercise": 1.7649106793981348,
    "phase": 0.5055295796980694,
    "fatigue": 1.068112139675975,
    "reps": 0.012800729112736678
  }
}