{
  "exercise": {
    "f1_macro": 0.3329790678502146,
    "balanced_accuracy": 0.42523220793478334,
    "n": 682
  },
  "phase": {
    "f1_macro": 0.3046833796280018,
    "balanced_accuracy": 0.31187985067295415,
    "n": 488
  },
  "fatigue": {
    "mae": 1.268798112170088,
    "pearson_r": 0.3248627772809918,
    "n": 682
  },
  "reps": {
    "mae": 0.18443843528350112,
    "n": 482
  },
  "val_total": 0.45987447056252934,
  "val_total_per_task": {
    "exercise": 1.2492818535248205,
    "phase": 0.5157770984683219,
    "fatigue": 1.2687981118205005,
    "reps": 0.028168318558298596
  }
}