{
  "exercise": {
    "f1_macro": 0.12287712287712288,
    "balanced_accuracy": 0.25,
    "n": 755
  },
  "phase": {
    "f1_macro": 0.20519159456118666,
    "balanced_accuracy": 0.3333333333333333,
    "n": 560
  },
  "fatigue": {
    "mae": 0.9097112996688742,
    "pearson_r": 0.397513281644774,
    "n": 755
  },
  "reps": {
    "mae": 0.1680811066609145,
    "n": 554
  },
  "val_total": 1.2992388491598976,
  "val_total_per_task": {
    "exercise": 1.3763814166681656,
    "phase": 0.3679834668999476,
    "fatigue": 0.9097113014846449,
    "reps": 0.02734829883849779
  }
}