{
  "exercise": {
    "f1_macro": 0.40638216783711967,
    "balanced_accuracy": 0.47768277448425034,
    "n": 1361
  },
  "phase": {
    "f1_macro": 0.3375093370473206,
    "balanced_accuracy": 0.3497333184970884,
    "n": 969
  },
  "fatigue": {
    "mae": 1.1693521537472447,
    "pearson_r": 0.36555969325151194,
    "n": 1361
  },
  "reps": {
    "mae": 0.09907277259797909,
    "n": 964
  },
  "val_total": 0.32843327224473584,
  "val_total_per_task": {
    "exercise": 1.7835693727250839,
    "phase": 0.7245653798525864,
    "fatigue": 1.1693521526085813,
    "reps": 0.007985559217549702
  }
}