{
  "exercise": {
    "f1_macro": 0.5199275759510233,
    "balanced_accuracy": 0.5093118244812918,
    "n": 96301
  },
  "phase": {
    "f1_macro": 0.3639779229801016,
    "balanced_accuracy": 0.36709176541758404,
    "n": 55121
  },
  "fatigue": {
    "mae": 0.9997650165537857,
    "pearson_r": 0.22927148130192,
    "n": 96301
  },
  "reps": {
    "mae": 2.8429695815146587,
    "n": 96301
  }
}