{
  "exercise": {
    "f1_macro": 0.26358282892285334,
    "balanced_accuracy": 0.33830586734107865,
    "n": 1361
  },
  "phase": {
    "f1_macro": 0.29722132222479364,
    "balanced_accuracy": 0.3217417751567078,
    "n": 969
  },
  "fatigue": {
    "mae": 1.2254287977590008,
    "pearson_r": 0.3968555950311322,
    "n": 1361
  },
  "reps": {
    "mae": 0.09903400184787593,
    "n": 964
  },
  "val_total": 1.304245976995318,
  "val_total_per_task": {
    "exercise": 1.2944304470101495,
    "phase": 0.49523196209011316,
    "fatigue": 1.2254288097587602,
    "reps": 0.008475109694620031
  }
}