{
  "exercise": {
    "f1_macro": 0.1629725085910653,
    "balanced_accuracy": 0.2542372881355932,
    "n": 218
  },
  "phase": {
    "f1_macro": 0.2069320657555952,
    "balanced_accuracy": 0.3198120444955888,
    "n": 187
  },
  "fatigue": {
    "mae": 1.0756701548165137,
    "pearson_r": -0.28824772621226585,
    "n": 218
  },
  "reps": {
    "mae": 0.5025021728614102,
    "n": 184
  },
  "val_total": 1.301149606704712,
  "val_total_per_task": {
    "exercise": 1.295414686203003,
    "phase": 0.3325779438018799,
    "fatigue": 1.0756701231002808,
    "reps": 0.18603982031345367
  }
}