{
  "exercise": {
    "f1_macro": 0.3639367456741588,
    "balanced_accuracy": 0.413640368973783,
    "n": 1361
  },
  "phase": {
    "f1_macro": 0.3125952077408388,
    "balanced_accuracy": 0.3165045806906272,
    "n": 969
  },
  "fatigue": {
    "mae": 1.1791364346069066,
    "pearson_r": 0.40967521346592767,
    "n": 1361
  },
  "reps": {
    "mae": 0.09580784047377988,
    "n": 964
  },
  "val_total": 0.47200297026140214,
  "val_total_per_task": {
    "exercise": 1.272126304761703,
    "phase": 0.49604160035909056,
    "fatigue": 1.1791364285632322,
    "reps": 0.008195597506665422
  }
}