{
  "exercise": {
    "f1_macro": 0.4257622974977413,
    "balanced_accuracy": 0.49108372915510046,
    "n": 266
  },
  "phase": {
    "f1_macro": 0.29496521636599454,
    "balanced_accuracy": 0.3418560606060606,
    "n": 194
  },
  "fatigue": {
    "mae": 1.4313175516917294,
    "pearson_r": 0.4140961503301813,
    "n": 266
  },
  "reps": {
    "mae": 0.40971436240173204,
    "n": 189
  },
  "val_total": 1.3671341874545677,
  "val_total_per_task": {
    "exercise": 1.309227448657043,
    "phase": 0.41036603146029593,
    "fatigue": 1.431317557069592,
    "reps": 0.14087748706788944
  }
}