{
  "exercise": {
    "f1_macro": 0.35205657489920067,
    "balanced_accuracy": 0.41308072356363057,
    "n": 1256
  },
  "phase": {
    "f1_macro": 0.293230749126074,
    "balanced_accuracy": 0.332267942210455,
    "n": 1069
  },
  "fatigue": {
    "mae": 1.089231065883758,
    "pearson_r": 0.29995069932863155,
    "n": 1256
  },
  "reps": {
    "mae": 0.1397132281927111,
    "n": 1067
  },
  "val_total": -0.38923874326572294,
  "val_total_per_task": {
    "exercise": 1.1996786548833178,
    "phase": 0.4256414492039164,
    "fatigue": 1.089231066453229,
    "reps": 0.014129259457491385
  }
}