{
  "exercise": {
    "f1_macro": 0.2593023255813954,
    "balanced_accuracy": 0.24846813725490194,
    "n": 149
  },
  "phase": {
    "f1_macro": 0.21917655579698034,
    "balanced_accuracy": 0.28931623931623934,
    "n": 149
  },
  "fatigue": {
    "mae": 0.9891201761744967,
    "pearson_r": 0.575608381167984,
    "n": 149
  },
  "reps": {
    "mae": 0.5003342919376672,
    "n": 149
  },
  "val_total": 1.2702267169952393,
  "val_total_per_task": {
    "exercise": 1.4872767925262451,
    "phase": 0.3304784297943115,
    "fatigue": 0.9891201853752136,
    "reps": 0.17638888955116272
  }
}