{
  "exercise": {
    "f1_macro": 0.4432760384787554,
    "balanced_accuracy": 0.4982034933354029,
    "n": 682
  },
  "phase": {
    "f1_macro": 0.33161826196652067,
    "balanced_accuracy": 0.36260929364377636,
    "n": 488
  },
  "fatigue": {
    "mae": 1.175477685117302,
    "pearson_r": 0.35957279533467523,
    "n": 682
  },
  "reps": {
    "mae": 0.17988725536004388,
    "n": 482
  },
  "val_total": 0.427193476657364,
  "val_total_per_task": {
    "exercise": 1.4885221730229443,
    "phase": 0.5065819888520451,
    "fatigue": 1.1754776833693652,
    "reps": 0.0279887215482874
  }
}