{
  "exercise": {
    "f1_macro": 0.2191919191919192,
    "balanced_accuracy": 0.25882554357130627,
    "n": 218
  },
  "phase": {
    "f1_macro": 0.31500214995360626,
    "balanced_accuracy": 0.34656693517453013,
    "n": 187
  },
  "fatigue": {
    "mae": 1.2318216026376148,
    "pearson_r": -0.34004289679536825,
    "n": 218
  },
  "reps": {
    "mae": 0.43926931690910587,
    "n": 184
  },
  "val_total": 1.5203638076782227,
  "val_total_per_task": {
    "exercise": 1.7368711233139038,
    "phase": 0.3242829740047455,
    "fatigue": 1.2318215370178223,
    "reps": 0.17327237129211426
  }
}