{
  "arch": "lstm_raw",
  "summary": {
    "val_total": {
      "mean": 1.3073940206840386,
      "std": 0.05240186902518555,
      "n": 5
    },
    "exercise": {
      "f1_macro": {
        "mean": 0.20952182665369498,
        "std": 0.09901699883199301,
        "n": 5
      },
      "balanced_accuracy": {
        "mean": 0.3370255531053695,
        "std": 0.10664560165858032,
        "n": 5
      }
    },
    "phase": {
      "f1_macro": {
        "mean": 0.2560845665747566,
        "std": 0.04716567180301993,
        "n": 5
      },
      "balanced_accuracy": {
        "mean": 0.32842785689257536,
        "std": 0.00578981971066652,
        "n": 5
      }
    },
    "fatigue": {
      "mae": {
        "mean": 1.0265509733394071,
        "std": 0.14549171140751324,
        "n": 5
      },
      "pearson_r": {
        "mean": 0.08747492558916344,
        "std": 0.20228954019995074,
        "n": 5
      }
    },
    "reps": {
      "mae": {
        "mean": 0.11061400135421665,
        "std": 0.0185531997475514,
        "n": 5
      }
    }
  },
  "enabled_tasks": [
    "exercise",
    "phase",
    "fatigue",
    "reps"
  ],
  "all_results": [
    {
      "seed": 42,
      "fold": 0,
      "test_subjects": [
        "Tias",
        "sivert"
      ],
      "metrics": {
        "exercise": {
          "f1_macro": 0.35853566336174025,
          "balanced_accuracy": 0.47328970435891304,
          "n": 1256
        },
        "phase": {
          "f1_macro": 0.3014117821209959,
          "balanced_accuracy": 0.31755481766452615,
          "n": 1069
        },
        "fatigue": {
          "mae": 1.1433400925557324,
          "pearson_r": 0.07577518979692578,
          "n": 1256
        },
        "reps": {
          "mae": 0.1382687563829878,
          "n": 1067
        },
        "val_total": 1.2740958306440122,
        "val_total_per_task": {
          "exercise": 1.1437723872008596,
          "phase": 0.41854060284651007,
          "fatigue": 1.1433400906574953,
          "reps": 0.014179924479240824
        }
      }
    },
    {
      "seed": 42,
      "fold": 1,
      "test_subjects": [
        "Raghild",
        "michael"
      ],
      "metrics": {
        "exercise": {
          "f1_macro": 0.2973347227406578,
          "balanced_accuracy": 0.4618380611679347,
          "n": 1361
        },
        "phase": {
          "f1_macro": 0.32449981404646516,
          "balanced_accuracy": 0.3283691257742665,
          "n": 969
        },
        "fatigue": {
          "mae": 1.2444290732916974,
          "pearson_r": 0.3182676493449523,
          "n": 1361
        },
        "reps": {
          "mae": 0.09344903191675227,
          "n": 964
        },
        "val_total": 1.4033888085286115,
        "val_total_per_task": {
          "exercise": 1.2325714774030172,
          "phase": 0.4948358371974264,
          "fatigue": 1.2444290613795272,
          "reps": 0.007926732631199045
        }
      }
    },
    {
      "seed": 42,
      "fold": 2,
      "test_subjects": [
        "Juile",
        "lucas 2"
      ],
      "metrics": {
        "exercise": {
          "f1_macro": 0.12293853073463268,
          "balanced_accuracy": 0.25,
          "n": 1509
        },
        "phase": {
          "f1_macro": 0.22434136045524844,
          "balanced_accuracy": 0.3295486743574175,
          "n": 1113
        },
        "fatigue": {
          "mae": 0.9174794980119284,
          "pearson_r": 0.1876106433492221,
          "n": 1509
        },
        "reps": {
          "mae": 0.08672116386519901,
          "n": 1107
        },
        "val_total": 1.3196739527940593,
        "val_total_per_task": {
          "exercise": 1.3674709544899133,
          "phase": 0.514010204630549,
          "fatigue": 0.9174795064648071,
          "reps": 0.0075682744691166915
        }
      }
    },
    {
      "seed": 42,
      "fold": 3,
      "test_subjects": [
        "Hytten",
        "lucas"
      ],
      "metrics": {
        "exercise": {
          "f1_macro": 0.14709636247606891,
          "balanced_accuracy": 0.25,
          "n": 1106
        },
        "phase": {
          "f1_macro": 0.218104062722737,
          "balanced_accuracy": 0.3333333333333333,
          "n": 944
        },
        "fatigue": {
          "mae": 0.8529858442585895,
          "pearson_r": -0.2845334949452177,
          "n": 1106
        },
        "reps": {
          "mae": 0.11660988238198716,
          "n": 941
        },
        "val_total": 1.2549981422062162,
        "val_total_per_task": {
          "exercise": 1.3153034211498489,
          "phase": 0.5095145035178062,
          "fatigue": 0.8529858427496112,
          "reps": 0.011007705895368272
        }
      }
    },
    {
      "seed": 42,
      "fold": 4,
      "test_subjects": [
        "kiyomi"
      ],
      "metrics": {
        "exercise": {
          "f1_macro": 0.12170385395537525,
          "balanced_accuracy": 0.25,
          "n": 746
        },
        "phase": {
          "f1_macro": 0.2120658135283364,
          "balanced_accuracy": 0.3333333333333333,
          "n": 746
        },
        "fatigue": {
          "mae": 0.9745203585790885,
          "pearson_r": 0.1402546403999347,
          "n": 746
        },
        "reps": {
          "mae": 0.11802117222415698,
          "n": 746
        },
        "val_total": 1.2848133692472934,
        "val_total_per_task": {
          "exercise": 1.2984589629134928,
          "phase": 0.4790788785062591,
          "fatigue": 0.9745204042813094,
          "reps": 0.010543640668007068
        }
      }
    }
  ]
}