{
  "exercise": {
    "f1_macro": 0.4388481291269259,
    "balanced_accuracy": 0.5214591943741904,
    "n": 266
  },
  "phase": {
    "f1_macro": 0.2664822134387352,
    "balanced_accuracy": 0.3393308080808081,
    "n": 194
  },
  "fatigue": {
    "mae": 1.4119918937969924,
    "pearson_r": 0.32316160027017693,
    "n": 266
  },
  "reps": {
    "mae": 0.5002639953874879,
    "n": 189
  },
  "val_total": 1.5540719175697268,
  "val_total_per_task": {
    "exercise": 1.428365036957246,
    "phase": 0.4060088512592746,
    "fatigue": 1.4119918973822343,
    "reps": 0.1763595638418556
  }
}