{
  "exercise": {
    "f1_macro": 0.31297166816076494,
    "balanced_accuracy": 0.3287068522749411,
    "n": 218
  },
  "phase": {
    "f1_macro": 0.34471859377519753,
    "balanced_accuracy": 0.3653145377828922,
    "n": 187
  },
  "fatigue": {
    "mae": 1.2502329415137614,
    "pearson_r": -0.32572838046142305,
    "n": 218
  },
  "reps": {
    "mae": 0.45725753741419833,
    "n": 184
  },
  "val_total": 1.3778975009918213,
  "val_total_per_task": {
    "exercise": 1.4883158206939697,
    "phase": 0.32402122020721436,
    "fatigue": 1.2502329349517822,
    "reps": 0.1617746353149414
  }
}