{
  "exercise": {
    "f1_macro": 0.3089729501719949,
    "balanced_accuracy": 0.3619440365196999,
    "n": 1256
  },
  "phase": {
    "f1_macro": 0.32118599791013586,
    "balanced_accuracy": 0.3266728103408764,
    "n": 1069
  },
  "fatigue": {
    "mae": 1.0925401821257963,
    "pearson_r": 0.2942482530021296,
    "n": 1256
  },
  "reps": {
    "mae": 0.1395649795984324,
    "n": 1067
  },
  "val_total": -0.3260942849383992,
  "val_total_per_task": {
    "exercise": 1.161533236503601,
    "phase": 0.4283347972639047,
    "fatigue": 1.0925401855426229,
    "reps": 0.014084636192223068
  }
}