{
  "exercise": {
    "f1_macro": 0.12831341403649274,
    "balanced_accuracy": 0.15606209353201567,
    "n": 1106
  },
  "phase": {
    "f1_macro": 0.22001419446415896,
    "balanced_accuracy": 0.3333333333333333,
    "n": 944
  },
  "fatigue": {
    "mae": 1.0279265088155516,
    "pearson_r": -0.24205573426147245,
    "n": 1106
  },
  "reps": {
    "mae": 0.11196191234075673,
    "n": 941
  },
  "val_total": 0.915408400256207,
  "val_total_per_task": {
    "exercise": 1.4786008342049652,
    "phase": 0.5229057718142462,
    "fatigue": 1.0279265006239549,
    "reps": 0.01344116407852438
  }
}