{
  "exercise": {
    "f1_macro": 0.3675899285471525,
    "balanced_accuracy": 0.4412417608688228,
    "n": 1256
  },
  "phase": {
    "f1_macro": 0.2981556065175584,
    "balanced_accuracy": 0.31646870383101966,
    "n": 1069
  },
  "fatigue": {
    "mae": 1.0853590266719746,
    "pearson_r": 0.3128423785183243,
    "n": 1256
  },
  "reps": {
    "mae": 0.13699090810084144,
    "n": 1067
  },
  "val_total": -0.40616637126655336,
  "val_total_per_task": {
    "exercise": 1.1616364292278412,
    "phase": 0.4287986939500092,
    "fatigue": 1.0853590276210932,
    "reps": 0.013593561680406142
  }
}