{
  "exercise": {
    "f1_macro": 0.24142814864921996,
    "balanced_accuracy": 0.2600282485875706,
    "n": 218
  },
  "phase": {
    "f1_macro": 0.3139953228998021,
    "balanced_accuracy": 0.35586881472957427,
    "n": 187
  },
  "fatigue": {
    "mae": 1.431801892201835,
    "pearson_r": -0.39442312264127866,
    "n": 218
  },
  "reps": {
    "mae": 0.5163283461461896,
    "n": 184
  },
  "val_total": 1.710402250289917,
  "val_total_per_task": {
    "exercise": 1.587845802307129,
    "phase": 0.315201997756958,
    "fatigue": 1.4318017959594727,
    "reps": 0.2069256454706192
  }
}