{
  "arch": "cnn1d_raw",
  "summary": {
    "val_total": {
      "mean": 1.5091675857483147,
      "std": 0.11486752530715105,
      "n": 5
    },
    "exercise": {
      "f1_macro": {
        "mean": 0.3400182661315494,
        "std": 0.08305621106297022,
        "n": 5
      },
      "balanced_accuracy": {
        "mean": 0.3673779530477576,
        "std": 0.09314049470874325,
        "n": 5
      }
    },
    "phase": {
      "f1_macro": {
        "mean": 0.32613928253830216,
        "std": 0.033861552739940334,
        "n": 5
      },
      "balanced_accuracy": {
        "mean": 0.35387619327064634,
        "std": 0.03438525036034618,
        "n": 5
      }
    },
    "fatigue": {
      "mae": {
        "mean": 1.2726687650973862,
        "std": 0.12250346194545333,
        "n": 5
      },
      "pearson_r": {
        "mean": 0.1300387019829591,
        "std": 0.2941381146722026,
        "n": 5
      }
    },
    "reps": {
      "mae": {
        "mean": 0.5046730880821405,
        "std": 0.09395757279795856,
        "n": 5
      }
    }
  },
  "enabled_tasks": [
    "exercise",
    "phase",
    "fatigue",
    "reps"
  ],
  "all_results": [
    {
      "seed": 42,
      "fold": 0,
      "test_subjects": [
        "Tias",
        "sivert"
      ],
      "metrics": {
        "exercise": {
          "f1_macro": 0.3952366867551546,
          "balanced_accuracy": 0.43673327277095403,
          "n": 252
        },
        "phase": {
          "f1_macro": 0.3372489451476793,
          "balanced_accuracy": 0.36020636020636027,
          "n": 217
        },
        "fatigue": {
          "mae": 1.1148468501984128,
          "pearson_r": 0.22399812012813414,
          "n": 252
        },
        "reps": {
          "mae": 0.6769330822209888,
          "n": 214
        },
        "val_total": 1.3730165182598053,
        "val_total_per_task": {
          "exercise": 1.179227902775719,
          "phase": 0.30859560389367363,
          "fatigue": 1.1148468104619829,
          "reps": 0.3058764362145984
        }
      }
    },
    {
      "seed": 42,
      "fold": 1,
      "test_subjects": [
        "Raghild",
        "michael"
      ],
      "metrics": {
        "exercise": {
          "f1_macro": 0.39294093519278095,
          "balanced_accuracy": 0.4561203298172023,
          "n": 266
        },
        "phase": {
          "f1_macro": 0.3289191820837391,
          "balanced_accuracy": 0.3599837662337662,
          "n": 194
        },
        "fatigue": {
          "mae": 1.4910126879699248,
          "pearson_r": 0.22691939906512557,
          "n": 266
        },
        "reps": {
          "mae": 0.43021776605022966,
          "n": 189
        },
        "val_total": 1.5903031413716482,
        "val_total_per_task": {
          "exercise": 1.3380383979108996,
          "phase": 0.3900683947971889,
          "fatigue": 1.4910126897625458,
          "reps": 0.13820987715756983
        }
      }
    },
    {
      "seed": 42,
      "fold": 2,
      "test_subjects": [
        "Juile",
        "lucas 2"
      ],
      "metrics": {
        "exercise": {
          "f1_macro": 0.4260745428030019,
          "balanced_accuracy": 0.43300709706959706,
          "n": 304
        },
        "phase": {
          "f1_macro": 0.3157804053326441,
          "balanced_accuracy": 0.3364455683070739,
          "n": 229
        },
        "fatigue": {
          "mae": 1.2301475123355263,
          "pearson_r": 0.28053005163766764,
          "n": 304
        },
        "reps": {
          "mae": 0.4131657705922097,
          "n": 223
        },
        "val_total": 1.3686185824243646,
        "val_total_per_task": {
          "exercise": 1.1823465447676809,
          "phase": 0.35876444531114476,
          "fatigue": 1.2301475186096995,
          "reps": 0.1368674859404564
        }
      }
    },
    {
      "seed": 42,
      "fold": 3,
      "test_subjects": [
        "Hytten",
        "lucas"
      ],
      "metrics": {
        "exercise": {
          "f1_macro": 0.2084246789852803,
          "balanced_accuracy": 0.22947269303201506,
          "n": 218
        },
        "phase": {
          "f1_macro": 0.3767587285044294,
          "balanced_accuracy": 0.40889911775987725,
          "n": 187
        },
        "fatigue": {
          "mae": 1.2481185493119267,
          "pearson_r": -0.44895941957820645,
          "n": 218
        },
        "reps": {
          "mae": 0.517797231350256,
          "n": 184
        },
        "val_total": 1.6383814210191778,
        "val_total_per_task": {
          "exercise": 1.651815155230531,
          "phase": 0.31365460075369667,
          "fatigue": 1.248118578840833,
          "reps": 0.2200709906739926
        }
      }
    },
    {
      "seed": 42,
      "fold": 4,
      "test_subjects": [
        "kiyomi"
      ],
      "metrics": {
        "exercise": {
          "f1_macro": 0.27741448692152915,
          "balanced_accuracy": 0.2815563725490196,
          "n": 149
        },
        "phase": {
          "f1_macro": 0.2719891516230189,
          "balanced_accuracy": 0.3038461538461538,
          "n": 149
        },
        "fatigue": {
          "mae": 1.2792182256711409,
          "pearson_r": 0.3677053586620746,
          "n": 149
        },
        "reps": {
          "mae": 0.48525159019701836,
          "n": 149
        },
        "val_total": 1.5755182656665776,
        "val_total_per_task": {
          "exercise": 1.5484201332066683,
          "phase": 0.33104415367913725,
          "fatigue": 1.2792182256711409,
          "reps": 0.17908370159816422
        }
      }
    }
  ]
}