{
  "exercise": {
    "f1_macro": 0.2869979149852031,
    "balanced_accuracy": 0.32434610926395524,
    "n": 626
  },
  "phase": {
    "f1_macro": 0.3068067106889437,
    "balanced_accuracy": 0.3242884990253411,
    "n": 533
  },
  "fatigue": {
    "mae": 1.0816381289936101,
    "pearson_r": 0.28184940068221803,
    "n": 626
  },
  "reps": {
    "mae": 0.26583513577263485,
    "n": 531
  },
  "val_total": 0.1122356889346918,
  "val_total_per_task": {
    "exercise": 1.1344538256764032,
    "phase": 0.2846156797660425,
    "fatigue": 1.081638134135225,
    "reps": 0.050698798268843
  }
}