{
  "cnn1d": {
    "p50_ms": 0.2632000032463111,
    "p95_ms": 0.3345100056321825,
    "p99_ms": 0.36834300160990074,
    "mean_ms": 0.2516744998865761
  },
  "lstm": {
    "p50_ms": 0.5872500005352776,
    "p95_ms": 0.7473299992852843,
    "p99_ms": 0.8007170030759876,
    "mean_ms": 0.6062330001077498
  },
  "cnn_lstm": {
    "p50_ms": 0.48754999806988053,
    "p95_ms": 0.6535600019560659,
    "p99_ms": 0.7201300028100375,
    "mean_ms": 0.4977015003169072
  },
  "tcn": {
    "p50_ms": 1.916749999509193,
    "p95_ms": 2.390094996735568,
    "p99_ms": 3.8413020014559125,
    "mean_ms": 1.9655585000509745
  }
}