subject_id,exercise_f1,phase_f1,fatigue_mae,reps_mae
Gorm,0.22251023166465533,0.2879041286346368,0.8815956619842551,4.21227813750604
