{
  "exercise": {
    "f1_macro": 0.3507118637184699,
    "balanced_accuracy": 0.4116858524443323,
    "n": 682
  },
  "phase": {
    "f1_macro": 0.2485068072024594,
    "balanced_accuracy": 0.3345859121721191,
    "n": 488
  },
  "fatigue": {
    "mae": 1.1443651484604105,
    "pearson_r": 0.39275492891552094,
    "n": 682
  },
  "reps": {
    "mae": 0.18047638519578207,
    "n": 482
  },
  "val_total": 0.7652803306355854,
  "val_total_per_task": {
    "exercise": 1.3120491515156811,
    "phase": 0.4874464857263649,
    "fatigue": 1.1443651502083474,
    "reps": 0.025982403335683156
  }
}