{
  "exercise": {
    "f1_macro": 0.3952366867551546,
    "balanced_accuracy": 0.43673327277095403,
    "n": 252
  },
  "phase": {
    "f1_macro": 0.3372489451476793,
    "balanced_accuracy": 0.36020636020636027,
    "n": 217
  },
  "fatigue": {
    "mae": 1.1148468501984128,
    "pearson_r": 0.22399812012813414,
    "n": 252
  },
  "reps": {
    "mae": 0.6769330822209888,
    "n": 214
  },
  "val_total": 1.3730165182598053,
  "val_total_per_task": {
    "exercise": 1.179227902775719,
    "phase": 0.30859560389367363,
    "fatigue": 1.1148468104619829,
    "reps": 0.3058764362145984
  }
}