{
  "exercise": {
    "f1_macro": 0.32926042558395496,
    "balanced_accuracy": 0.39884795885105073,
    "n": 755
  },
  "phase": {
    "f1_macro": 0.33680833288895995,
    "balanced_accuracy": 0.34741987695264215,
    "n": 560
  },
  "fatigue": {
    "mae": 1.0039165976821192,
    "pearson_r": 0.43478221584183585,
    "n": 755
  },
  "reps": {
    "mae": 0.16689146207460615,
    "n": 554
  },
  "val_total": 0.12213150318095226,
  "val_total_per_task": {
    "exercise": 1.1432099380240535,
    "phase": 0.3948732203995155,
    "fatigue": 1.0039165878927472,
    "reps": 0.02998144618229361
  }
}