{
  "lr": 0.004879706511606386,
  "weight_decay": 2.778852395236922e-05,
  "batch_size": 128,
  "dropout": 0.49544152293961097,
  "repr_dim": 64,
  "_patience": 50
}