{
  "exercise": {
    "f1_macro": 0.25603674540682414,
    "balanced_accuracy": 0.24325980392156862,
    "n": 149
  },
  "phase": {
    "f1_macro": 0.2739425816348893,
    "balanced_accuracy": 0.30334757834757836,
    "n": 149
  },
  "fatigue": {
    "mae": 0.9483011744966443,
    "pearson_r": 0.5630266525063038,
    "n": 149
  },
  "reps": {
    "mae": 0.508598951972871,
    "n": 149
  },
  "val_total": 1.3792250156402588,
  "val_total_per_task": {
    "exercise": 1.659332513809204,
    "phase": 0.31342068314552307,
    "fatigue": 0.9483011960983276,
    "reps": 0.17696744203567505
  }
}