{
  "exercise": {
    "f1_macro": 0.36896006016021266,
    "balanced_accuracy": 0.3991090640129102,
    "n": 746
  },
  "phase": {
    "f1_macro": 0.3325490023603231,
    "balanced_accuracy": 0.33982298256556476,
    "n": 746
  },
  "fatigue": {
    "mae": 1.0836492543565683,
    "pearson_r": 0.1694000483467552,
    "n": 746
  },
  "reps": {
    "mae": 0.11137107353727396,
    "n": 746
  },
  "val_total": -0.3170191241333376,
  "val_total_per_task": {
    "exercise": 1.0831870633219907,
    "phase": 0.4810498478265614,
    "fatigue": 1.0836492703363658,
    "reps": 0.009823388939388795
  }
}