{
  "exercise": {
    "f1_macro": 0.38590948846849327,
    "balanced_accuracy": 0.42212606899064276,
    "n": 755
  },
  "phase": {
    "f1_macro": 0.3335441836191462,
    "balanced_accuracy": 0.3474152125342252,
    "n": 560
  },
  "fatigue": {
    "mae": 0.9589248758278146,
    "pearson_r": 0.3763787353020515,
    "n": 755
  },
  "reps": {
    "mae": 0.17027372312362202,
    "n": 554
  },
  "val_total": 0.023083056203576903,
  "val_total_per_task": {
    "exercise": 1.1959213571043203,
    "phase": 0.3966117264813935,
    "fatigue": 0.9589248703015562,
    "reps": 0.030375108344862792
  }
}