{
  "exercise": {
    "f1_macro": 0.3403086028323822,
    "balanced_accuracy": 0.40870098039215685,
    "n": 149
  },
  "phase": {
    "f1_macro": 0.30192837465564737,
    "balanced_accuracy": 0.3264957264957265,
    "n": 149
  },
  "fatigue": {
    "mae": 0.7983431208053692,
    "pearson_r": 0.37672577339957786,
    "n": 149
  },
  "reps": {
    "mae": 0.48866374569401244,
    "n": 149
  },
  "val_total": 1.2215898036956787,
  "val_total_per_task": {
    "exercise": 1.4240984916687012,
    "phase": 0.3030461370944977,
    "fatigue": 0.7983431220054626,
    "reps": 0.17307083308696747
  }
}