{
  "exercise": {
    "f1_macro": 0.15100671140939598,
    "balanced_accuracy": 0.25,
    "n": 218
  },
  "phase": {
    "f1_macro": 0.19999999999999998,
    "balanced_accuracy": 0.32911392405063294,
    "n": 187
  },
  "fatigue": {
    "mae": 1.058898365825688,
    "pearson_r": -0.293772868825997,
    "n": 218
  },
  "reps": {
    "mae": 0.4895189569696136,
    "n": 184
  },
  "val_total": 1.1808372735977173,
  "val_total_per_task": {
    "exercise": 1.2835772037506104,
    "phase": 0.3303649127483368,
    "fatigue": 1.0588983297348022,
    "reps": 0.18502061069011688
  }
}