{
  "arch": "cnn1d_raw",
  "summary": {
    "val_total": {
      "mean": 1.1484224166188919,
      "std": 0.29323964300336014,
      "n": 5
    },
    "exercise": {
      "f1_macro": {
        "mean": 0.42623602494625346,
        "std": 0.15867612450091045,
        "n": 5
      },
      "balanced_accuracy": {
        "mean": 0.4329939204128258,
        "std": 0.16114170790221066,
        "n": 5
      }
    },
    "phase": {
      "f1_macro": {
        "mean": 0.2969411516003745,
        "std": 0.021177925535496404,
        "n": 5
      },
      "balanced_accuracy": {
        "mean": 0.3556859090765155,
        "std": 0.009364509583958841,
        "n": 5
      }
    },
    "fatigue": {
      "mae": {
        "mean": 1.2020123872860733,
        "std": 0.12417827248260549,
        "n": 5
      },
      "pearson_r": {
        "mean": 0.1667479583976956,
        "std": 0.19747422909099133,
        "n": 5
      }
    },
    "reps": {
      "mae": {
        "mean": 0.4656425059506084,
        "std": 0.05156966666707607,
        "n": 5
      }
    }
  },
  "enabled_tasks": [
    "exercise",
    "phase",
    "fatigue",
    "reps"
  ],
  "all_results": [
    {
      "seed": 42,
      "fold": 0,
      "test_subjects": [
        "Tias",
        "sivert"
      ],
      "metrics": {
        "exercise": {
          "f1_macro": 0.7119425467690247,
          "balanced_accuracy": 0.7020666847197441,
          "n": 252
        },
        "phase": {
          "f1_macro": 0.33856437082243535,
          "balanced_accuracy": 0.3653653653653654,
          "n": 217
        },
        "fatigue": {
          "mae": 1.199094742063492,
          "pearson_r": 0.17007609239776703,
          "n": 252
        },
        "reps": {
          "mae": 0.559758134847768,
          "n": 214
        },
        "val_total": 0.6105640530586243,
        "val_total_per_task": {
          "exercise": 0.6238715052604675,
          "phase": 0.276077538728714,
          "fatigue": 1.1990947723388672,
          "reps": 0.21298104524612427
        }
      }
    },
    {
      "seed": 42,
      "fold": 1,
      "test_subjects": [
        "Raghild",
        "michael"
      ],
      "metrics": {
        "exercise": {
          "f1_macro": 0.4356429468812987,
          "balanced_accuracy": 0.5043052042851561,
          "n": 266
        },
        "phase": {
          "f1_macro": 0.28349423122203904,
          "balanced_accuracy": 0.3514610389610389,
          "n": 194
        },
        "fatigue": {
          "mae": 1.4271469689849625,
          "pearson_r": 0.2919416629754645,
          "n": 266
        },
        "reps": {
          "mae": 0.43579103497088584,
          "n": 189
        },
        "val_total": 1.4437788052666456,
        "val_total_per_task": {
          "exercise": 1.4028648451754921,
          "phase": 0.4162236747885109,
          "fatigue": 1.4271469725702042,
          "reps": 0.144882159125536
        }
      }
    },
    {
      "seed": 42,
      "fold": 2,
      "test_subjects": [
        "Juile",
        "lucas 2"
      ],
      "metrics": {
        "exercise": {
          "f1_macro": 0.4246634496822045,
          "balanced_accuracy": 0.4082491169544741,
          "n": 304
        },
        "phase": {
          "f1_macro": 0.2914381808876216,
          "balanced_accuracy": 0.34202165596835893,
          "n": 229
        },
        "fatigue": {
          "mae": 1.1168791118421053,
          "pearson_r": 0.21482744317056765,
          "n": 304
        },
        "reps": {
          "mae": 0.4245432741113107,
          "n": 223
        },
        "val_total": 1.1307333017650403,
        "val_total_per_task": {
          "exercise": 1.3558432867652492,
          "phase": 0.3287245882184882,
          "fatigue": 1.1168791181162785,
          "reps": 0.13468239574055924
        }
      }
    },
    {
      "seed": 42,
      "fold": 3,
      "test_subjects": [
        "Hytten",
        "lucas"
      ],
      "metrics": {
        "exercise": {
          "f1_macro": 0.3027922054321771,
          "balanced_accuracy": 0.30616967453612687,
          "n": 218
        },
        "phase": {
          "f1_macro": 0.2810280253131861,
          "balanced_accuracy": 0.3670886075949367,
          "n": 187
        },
        "fatigue": {
          "mae": 1.2033400229357798,
          "pearson_r": -0.20562150222691358,
          "n": 218
        },
        "reps": {
          "mae": 0.42585687890000967,
          "n": 184
        },
        "val_total": 1.1803909540176392,
        "val_total_per_task": {
          "exercise": 1.2972842454910278,
          "phase": 0.32970568537712097,
          "fatigue": 1.20333993434906,
          "reps": 0.15533587336540222
        }
      }
    },
    {
      "seed": 42,
      "fold": 4,
      "test_subjects": [
        "kiyomi"
      ],
      "metrics": {
        "exercise": {
          "f1_macro": 0.25613897596656215,
          "balanced_accuracy": 0.24417892156862747,
          "n": 149
        },
        "phase": {
          "f1_macro": 0.2901809497565904,
          "balanced_accuracy": 0.3524928774928775,
          "n": 149
        },
        "fatigue": {
          "mae": 1.0636010906040267,
          "pearson_r": 0.3625160956715924,
          "n": 149
        },
        "reps": {
          "mae": 0.48226320692306796,
          "n": 149
        },
        "val_total": 1.3766449689865112,
        "val_total_per_task": {
          "exercise": 1.6292970180511475,
          "phase": 0.31550753116607666,
          "fatigue": 1.0636011362075806,
          "reps": 0.16665808856487274
        }
      }
    }
  ]
}