{
  "arch": "lstm_raw",
  "summary": {
    "val_total": {
      "mean": 0.5885630688045894,
      "std": 0.18818505084813544,
      "n": 5
    },
    "exercise": {
      "f1_macro": {
        "mean": 0.31764518314828527,
        "std": 0.05046745894262625,
        "n": 5
      },
      "balanced_accuracy": {
        "mean": 0.38695043065949997,
        "std": 0.0615879766011247,
        "n": 5
      }
    },
    "phase": {
      "f1_macro": {
        "mean": 0.3137226873541671,
        "std": 0.029253807959076665,
        "n": 5
      },
      "balanced_accuracy": {
        "mean": 0.3253068227287942,
        "std": 0.025322704052244318,
        "n": 5
      }
    },
    "fatigue": {
      "mae": {
        "mean": 1.0618932170799706,
        "std": 0.07638423739464428,
        "n": 5
      },
      "pearson_r": {
        "mean": 0.1683931416563603,
        "std": 0.2192286495463677,
        "n": 5
      }
    },
    "reps": {
      "mae": {
        "mean": 0.21346228779951276,
        "std": 0.033964067216512836,
        "n": 5
      }
    }
  },
  "enabled_tasks": [
    "exercise",
    "phase",
    "fatigue",
    "reps"
  ],
  "all_results": [
    {
      "seed": 42,
      "fold": 0,
      "test_subjects": [
        "Tias",
        "sivert"
      ],
      "metrics": {
        "exercise": {
          "f1_macro": 0.3732853994518249,
          "balanced_accuracy": 0.4356978924823282,
          "n": 626
        },
        "phase": {
          "f1_macro": 0.28056094859776387,
          "balanced_accuracy": 0.3029239766081871,
          "n": 533
        },
        "fatigue": {
          "mae": 1.0552803015175718,
          "pearson_r": 0.320125561532253,
          "n": 626
        },
        "reps": {
          "mae": 0.27205430461346347,
          "n": 531
        },
        "val_total": 0.4322760672614978,
        "val_total_per_task": {
          "exercise": 1.1278828862376107,
          "phase": 0.2861076137318779,
          "fatigue": 1.0552803076113375,
          "reps": 0.05284759698632045
        }
      }
    },
    {
      "seed": 42,
      "fold": 1,
      "test_subjects": [
        "Raghild",
        "michael"
      ],
      "metrics": {
        "exercise": {
          "f1_macro": 0.28790583623025284,
          "balanced_accuracy": 0.37555245257820635,
          "n": 682
        },
        "phase": {
          "f1_macro": 0.3130121329347635,
          "balanced_accuracy": 0.3205005403281265,
          "n": 488
        },
        "fatigue": {
          "mae": 1.207701383797654,
          "pearson_r": 0.3570518921811949,
          "n": 682
        },
        "reps": {
          "mae": 0.19109168133207624,
          "n": 482
        },
        "val_total": 0.8930103995583274,
        "val_total_per_task": {
          "exercise": 1.2760472259213846,
          "phase": 0.5371789652581089,
          "fatigue": 1.207701383797654,
          "reps": 0.029185312933935798
        }
      }
    },
    {
      "seed": 42,
      "fold": 2,
      "test_subjects": [
        "Juile",
        "lucas 2"
      ],
      "metrics": {
        "exercise": {
          "f1_macro": 0.3253156672160293,
          "balanced_accuracy": 0.3951334560515416,
          "n": 755
        },
        "phase": {
          "f1_macro": 0.347881726948205,
          "balanced_accuracy": 0.3560397221872391,
          "n": 560
        },
        "fatigue": {
          "mae": 0.9934137003311259,
          "pearson_r": 0.27586474408264783,
          "n": 755
        },
        "reps": {
          "mae": 0.1710409201128536,
          "n": 554
        },
        "val_total": 0.5603650350444365,
        "val_total_per_task": {
          "exercise": 1.1468188904768584,
          "phase": 0.39515997909552214,
          "fatigue": 0.9934136959890656,
          "reps": 0.03148898908140643
        }
      }
    },
    {
      "seed": 42,
      "fold": 3,
      "test_subjects": [
        "Hytten",
        "lucas"
      ],
      "metrics": {
        "exercise": {
          "f1_macro": 0.2370935067704446,
          "balanced_accuracy": 0.27656112326976096,
          "n": 557
        },
        "phase": {
          "f1_macro": 0.34529555208290114,
          "balanced_accuracy": 0.35295698924731184,
          "n": 477
        },
        "fatigue": {
          "mae": 1.0081070466786355,
          "pearson_r": -0.24242119682663013,
          "n": 557
        },
        "reps": {
          "mae": 0.21934872205646214,
          "n": 474
        },
        "val_total": 0.6897707195213496,
        "val_total_per_task": {
          "exercise": 1.472934142905463,
          "phase": 0.40171722995528625,
          "fatigue": 1.0081070481767773,
          "reps": 0.04079879988553387
        }
      }
    },
    {
      "seed": 42,
      "fold": 4,
      "test_subjects": [
        "kiyomi"
      ],
      "metrics": {
        "exercise": {
          "f1_macro": 0.3646255060728745,
          "balanced_accuracy": 0.45180722891566266,
          "n": 374
        },
        "phase": {
          "f1_macro": 0.2818630762072019,
          "balanced_accuracy": 0.29411288527310625,
          "n": 374
        },
        "fatigue": {
          "mae": 1.0449636530748663,
          "pearson_r": 0.1313447073123359,
          "n": 374
        },
        "reps": {
          "mae": 0.21377581088270814,
          "n": 374
        },
        "val_total": 0.36739312263733565,
        "val_total_per_task": {
          "exercise": 1.0221528159105842,
          "phase": 0.3337483903303503,
          "fatigue": 1.0449636849490078,
          "reps": 0.03646911824132032
        }
      }
    }
  ]
}