{
  "exercise": {
    "f1_macro": 0.7895569847013721,
    "balanced_accuracy": 0.7854996565934066,
    "n": 304
  },
  "phase": {
    "f1_macro": 0.5519368632379327,
    "balanced_accuracy": 0.5385164015780627,
    "n": 229
  },
  "fatigue": {
    "mae": 0.9648951480263158,
    "pearson_r": 0.23712490755927462,
    "n": 304
  },
  "reps": {
    "mae": 0.252673091128836,
    "n": 223
  },
  "val_total": 1.7478152074311908,
  "val_total_per_task": {
    "exercise": 0.56582531489824,
    "phase": 0.26125251776293706,
    "fatigue": 0.9648951543004889,
    "reps": 0.05907096831422103
  }
}