{
  "exercise": {
    "f1_macro": 0.44011701813491294,
    "balanced_accuracy": 0.4567159821048891,
    "n": 755
  },
  "phase": {
    "f1_macro": 0.33640916761935874,
    "balanced_accuracy": 0.3575603225911777,
    "n": 560
  },
  "fatigue": {
    "mae": 0.9552824917218543,
    "pearson_r": 0.4260914487370378,
    "n": 755
  },
  "reps": {
    "mae": 0.17337089117586155,
    "n": 554
  },
  "val_total": 0.8986226587106061,
  "val_total_per_task": {
    "exercise": 1.1395800489463555,
    "phase": 0.3749816431509738,
    "fatigue": 0.9552824850903442,
    "reps": 0.027872796164245796
  }
}