{
  "exercise": {
    "f1_macro": 0.2323331665700184,
    "balanced_accuracy": 0.327161391572249,
    "n": 182309
  },
  "phase": {
    "f1_macro": 0.19190780201376598,
    "balanced_accuracy": 0.3119301149643325,
    "n": 58337
  },
  "fatigue": {
    "mae": 1.1519965216534531,
    "pearson_r": 0.2114535674602571,
    "n": 182309
  },
  "reps": {
    "mae": 4.543169230860404,
    "n": 182309
  }
}