{
  "exercise": {
    "f1_macro": 0.3375512153373593,
    "balanced_accuracy": 0.4068619111243435,
    "n": 626
  },
  "phase": {
    "f1_macro": 0.2557673407804216,
    "balanced_accuracy": 0.33458089668615987,
    "n": 533
  },
  "fatigue": {
    "mae": 1.1005640974440896,
    "pearson_r": 0.2519688333078006,
    "n": 626
  },
  "reps": {
    "mae": 0.2542979527456009,
    "n": 531
  },
  "val_total": 0.038443892527692994,
  "val_total_per_task": {
    "exercise": 1.2095089354834998,
    "phase": 0.28495609046171266,
    "fatigue": 1.1005641001101119,
    "reps": 0.04690985400051164
  }
}