{
  "exercise": {
    "f1_macro": 0.45017020987283457,
    "balanced_accuracy": 0.4718477812319102,
    "n": 252
  },
  "phase": {
    "f1_macro": 0.1695303550973654,
    "balanced_accuracy": 0.3333333333333333,
    "n": 217
  },
  "fatigue": {
    "mae": 1.1907862103174602,
    "pearson_r": 0.10181733682664323,
    "n": 252
  },
  "reps": {
    "mae": 0.6660896035903525,
    "n": 214
  },
  "val_total": 1.1952881813049316,
  "val_total_per_task": {
    "exercise": 1.0395363569259644,
    "phase": 0.3095075190067291,
    "fatigue": 1.1907862424850464,
    "reps": 0.30326157808303833
  }
}