{
  "exercise": {
    "f1_macro": 0.28189162316679095,
    "balanced_accuracy": 0.4001065797940798,
    "n": 682
  },
  "phase": {
    "f1_macro": 0.2493241113930769,
    "balanced_accuracy": 0.33890853718439923,
    "n": 488
  },
  "fatigue": {
    "mae": 1.1894989461143695,
    "pearson_r": 0.4069980656328811,
    "n": 682
  },
  "reps": {
    "mae": 0.18798580819053026,
    "n": 482
  },
  "val_total": 1.1653117686073102,
  "val_total_per_task": {
    "exercise": 1.2720824179411634,
    "phase": 0.5319751518562742,
    "fatigue": 1.1894989471631316,
    "reps": 0.028660452610586397
  }
}