{
  "exercise": {
    "f1_macro": 0.37034008307372795,
    "balanced_accuracy": 0.43311727231705704,
    "n": 626
  },
  "phase": {
    "f1_macro": 0.32351110622963514,
    "balanced_accuracy": 0.3367641325536062,
    "n": 533
  },
  "fatigue": {
    "mae": 1.0769331569488818,
    "pearson_r": 0.32755487384905413,
    "n": 626
  },
  "reps": {
    "mae": 0.26598626261983915,
    "n": 531
  },
  "val_total": 0.02376563175798605,
  "val_total_per_task": {
    "exercise": 1.1794353693057174,
    "phase": 0.2821390341265133,
    "fatigue": 1.0769331632330776,
    "reps": 0.050279018406669936
  }
}