{
  "lr": 0.002358002956111918,
  "weight_decay": 8.7380272576895e-05,
  "batch_size": 128,
  "dropout": 0.4425517368168687,
  "repr_dim": 64,
  "_patience": 50
}