{
  "exercise": {
    "f1_macro": 0.4494757915810547,
    "balanced_accuracy": 0.4921337727859696,
    "n": 252
  },
  "phase": {
    "f1_macro": 0.33683202132533635,
    "balanced_accuracy": 0.37691537691537685,
    "n": 217
  },
  "fatigue": {
    "mae": 1.142547123015873,
    "pearson_r": 0.16047638947223863,
    "n": 252
  },
  "reps": {
    "mae": 0.6412606816216607,
    "n": 214
  },
  "val_total": 1.344808578491211,
  "val_total_per_task": {
    "exercise": 1.1722888946533203,
    "phase": 0.30253028869628906,
    "fatigue": 1.1425471305847168,
    "reps": 0.27854353189468384
  }
}