{
  "exercise": {
    "f1_macro": 0.4271063474425527,
    "balanced_accuracy": 0.41829171572475143,
    "n": 304
  },
  "phase": {
    "f1_macro": 0.2805567765567765,
    "balanced_accuracy": 0.30435064514037474,
    "n": 229
  },
  "fatigue": {
    "mae": 2.1483154296875,
    "pearson_r": 0.008801858512970188,
    "n": 304
  },
  "reps": {
    "mae": 0.4708219951252566,
    "n": 223
  },
  "val_total": 1.8911233952170925,
  "val_total_per_task": {
    "exercise": 1.2350327341180098,
    "phase": 0.3591590743315847,
    "fatigue": 2.1483154296875,
    "reps": 0.15471669874693217
  }
}