{
  "lr": 0.0026158371514206544,
  "weight_decay": 1.108373222824896e-06,
  "batch_size": 64,
  "dropout": 0.35303693810822845,
  "repr_dim": 64,
  "lstm_hidden": 32,
  "lstm_layers": 1,
  "_patience": 50
}