{
  "exercise": {
    "f1_macro": 0.3117804714967851,
    "balanced_accuracy": 0.30366759352732464,
    "n": 218
  },
  "phase": {
    "f1_macro": 0.2810280253131861,
    "balanced_accuracy": 0.3670886075949367,
    "n": 187
  },
  "fatigue": {
    "mae": 1.289779243119266,
    "pearson_r": -0.39279201334852365,
    "n": 218
  },
  "reps": {
    "mae": 0.42391286952340085,
    "n": 184
  },
  "val_total": 2.3014638423919678,
  "val_total_per_task": {
    "exercise": 1.2065589427947998,
    "phase": 0.33128756284713745,
    "fatigue": 1.2897791862487793,
    "reps": 0.14708374440670013
  }
}