{
  "arch": "lstm_raw",
  "summary": {
    "val_total": {
      "mean": 0.19951639363836302,
      "std": 0.1940437983333516,
      "n": 5
    },
    "exercise": {
      "f1_macro": {
        "mean": 0.3046131213464302,
        "std": 0.04264166519419464,
        "n": 5
      },
      "balanced_accuracy": {
        "mean": 0.371791354841598,
        "std": 0.0663994103354493,
        "n": 5
      }
    },
    "phase": {
      "f1_macro": {
        "mean": 0.2689022235085225,
        "std": 0.03529451958839954,
        "n": 5
      },
      "balanced_accuracy": {
        "mean": 0.31857508792769745,
        "std": 0.024758229498530796,
        "n": 5
      }
    },
    "fatigue": {
      "mae": {
        "mean": 1.1050056625488207,
        "std": 0.09685847117153779,
        "n": 5
      },
      "pearson_r": {
        "mean": 0.17234835313279756,
        "std": 0.21300542668246236,
        "n": 5
      }
    },
    "reps": {
      "mae": {
        "mean": 0.21050942719552695,
        "std": 0.034961062765330016,
        "n": 5
      }
    }
  },
  "enabled_tasks": [
    "exercise",
    "phase",
    "fatigue",
    "reps"
  ],
  "all_results": [
    {
      "seed": 42,
      "fold": 0,
      "test_subjects": [
        "Tias",
        "sivert"
      ],
      "metrics": {
        "exercise": {
          "f1_macro": 0.2910331765935214,
          "balanced_accuracy": 0.32575060364597774,
          "n": 626
        },
        "phase": {
          "f1_macro": 0.30663768930153706,
          "balanced_accuracy": 0.3246003898635478,
          "n": 533
        },
        "fatigue": {
          "mae": 1.0890200678913737,
          "pearson_r": 0.2748720873215503,
          "n": 626
        },
        "reps": {
          "mae": 0.2664374412693392,
          "n": 531
        },
        "val_total": 0.07264309340772537,
        "val_total_per_task": {
          "exercise": 1.1354180924808637,
          "phase": 0.28507288509664447,
          "fatigue": 1.089020073604279,
          "reps": 0.05089365374951507
        }
      }
    },
    {
      "seed": 42,
      "fold": 1,
      "test_subjects": [
        "Raghild",
        "michael"
      ],
      "metrics": {
        "exercise": {
          "f1_macro": 0.3082962296324365,
          "balanced_accuracy": 0.4047965656791034,
          "n": 682
        },
        "phase": {
          "f1_macro": 0.3092684871437114,
          "balanced_accuracy": 0.31879359465566365,
          "n": 488
        },
        "fatigue": {
          "mae": 1.2898185483870968,
          "pearson_r": 0.27184135454676256,
          "n": 682
        },
        "reps": {
          "mae": 0.18350021662461066,
          "n": 482
        },
        "val_total": 0.476003589518259,
        "val_total_per_task": {
          "exercise": 1.2640595390649834,
          "phase": 0.5080041395953674,
          "fatigue": 1.2898185536309072,
          "reps": 0.028219115349554246
        }
      }
    },
    {
      "seed": 42,
      "fold": 2,
      "test_subjects": [
        "Juile",
        "lucas 2"
      ],
      "metrics": {
        "exercise": {
          "f1_macro": 0.3226495726495726,
          "balanced_accuracy": 0.40149946310783863,
          "n": 755
        },
        "phase": {
          "f1_macro": 0.2595407809247461,
          "balanced_accuracy": 0.34443464916576877,
          "n": 560
        },
        "fatigue": {
          "mae": 1.025077607615894,
          "pearson_r": 0.40634596596447425,
          "n": 755
        },
        "reps": {
          "mae": 0.16618743245254544,
          "n": 554
        },
        "val_total": 0.1469056063140465,
        "val_total_per_task": {
          "exercise": 1.1500471260373955,
          "phase": 0.39459731480143717,
          "fatigue": 1.0250775975107358,
          "reps": 0.029783846193690174
        }
      }
    },
    {
      "seed": 42,
      "fold": 3,
      "test_subjects": [
        "Hytten",
        "lucas"
      ],
      "metrics": {
        "exercise": {
          "f1_macro": 0.23521668219944084,
          "balanced_accuracy": 0.2690788164738652,
          "n": 557
        },
        "phase": {
          "f1_macro": 0.21549442238608432,
          "balanced_accuracy": 0.3328917050691244,
          "n": 477
        },
        "fatigue": {
          "mae": 1.0933923361759426,
          "pearson_r": -0.21394049974738716,
          "n": 557
        },
        "reps": {
          "mae": 0.2274541544903832,
          "n": 474
        },
        "val_total": 0.3610746858363948,
        "val_total_per_task": {
          "exercise": 1.5282124901588343,
          "phase": 0.39967260738463545,
          "fatigue": 1.0933923447367533,
          "reps": 0.042904028946557204
        }
      }
    },
    {
      "seed": 42,
      "fold": 4,
      "test_subjects": [
        "kiyomi"
      ],
      "metrics": {
        "exercise": {
          "f1_macro": 0.3658699456571797,
          "balanced_accuracy": 0.45783132530120485,
          "n": 374
        },
        "phase": {
          "f1_macro": 0.2535697377865335,
          "balanced_accuracy": 0.27215510088438266,
          "n": 374
        },
        "fatigue": {
          "mae": 1.027719752673797,
          "pearson_r": 0.1226228575785878,
          "n": 374
        },
        "reps": {
          "mae": 0.20896789114075628,
          "n": 374
        },
        "val_total": -0.05904500688461059,
        "val_total_per_task": {
          "exercise": 1.0314938257084811,
          "phase": 0.33265454899818503,
          "fatigue": 1.027719789647801,
          "reps": 0.035009974962409166
        }
      }
    }
  ]
}