{
  "exercise": {
    "f1_macro": 0.3736344691587658,
    "balanced_accuracy": 0.45623930148052494,
    "n": 252
  },
  "phase": {
    "f1_macro": 0.22092521633212373,
    "balanced_accuracy": 0.3006853006853007,
    "n": 217
  },
  "fatigue": {
    "mae": 1.1499255952380953,
    "pearson_r": 0.12610632351336762,
    "n": 252
  },
  "reps": {
    "mae": 0.644623376255002,
    "n": 214
  },
  "val_total": 1.0159467458724976,
  "val_total_per_task": {
    "exercise": 1.1328861713409424,
    "phase": 0.3202758729457855,
    "fatigue": 1.149925708770752,
    "reps": 0.2770267426967621
  }
}