{
  "exercise": {
    "f1_macro": 0.38694987520145385,
    "balanced_accuracy": 0.44702272764482043,
    "n": 1361
  },
  "phase": {
    "f1_macro": 0.2605694564279551,
    "balanced_accuracy": 0.33555135195282076,
    "n": 969
  },
  "fatigue": {
    "mae": 1.2290394241366642,
    "pearson_r": 0.3663160673082145,
    "n": 1361
  },
  "reps": {
    "mae": 0.09633156713446084,
    "n": 964
  },
  "val_total": -0.17421014759139397,
  "val_total_per_task": {
    "exercise": 1.3179968740903307,
    "phase": 0.6873724241628093,
    "fatigue": 1.2290394227352324,
    "reps": 0.00772138994288392
  }
}