{
  "exercise": {
    "f1_macro": 0.36039473684210527,
    "balanced_accuracy": 0.435140562248996,
    "n": 374
  },
  "phase": {
    "f1_macro": 0.27993843152793435,
    "balanced_accuracy": 0.29786695808795255,
    "n": 374
  },
  "fatigue": {
    "mae": 0.8807967078877005,
    "pearson_r": 0.25434005838042334,
    "n": 374
  },
  "reps": {
    "mae": 0.2007856848848894,
    "n": 374
  },
  "val_total": 0.0894632479723762,
  "val_total_per_task": {
    "exercise": 1.0624590251535018,
    "phase": 0.3317348910844262,
    "fatigue": 0.8807967155374945,
    "reps": 0.03548887558281422
  }
}