{
  "lr": 0.0013119617076326779,
  "weight_decay": 6.179472163449363e-05,
  "batch_size": 128,
  "dropout": 0.4627512744402842,
  "repr_dim": 64,
  "_patience": 50
}