{
  "exercise": {
    "f1_macro": 0.3575117370892019,
    "balanced_accuracy": 0.4457831325301205,
    "n": 374
  },
  "phase": {
    "f1_macro": 0.26935553633217996,
    "balanced_accuracy": 0.2924129277720438,
    "n": 374
  },
  "fatigue": {
    "mae": 1.020199699197861,
    "pearson_r": 0.29154455135684143,
    "n": 374
  },
  "reps": {
    "mae": 0.21595599674893654,
    "n": 374
  },
  "val_total": 0.8930475150837618,
  "val_total_per_task": {
    "exercise": 1.068908046911107,
    "phase": 0.3381018724671022,
    "fatigue": 1.0201996736985477,
    "reps": 0.036169804473293016
  }
}