{
  "exercise": {
    "f1_macro": 0.6107215172500593,
    "balanced_accuracy": 0.6290493360805861,
    "n": 304
  },
  "phase": {
    "f1_macro": 0.3425280910992732,
    "balanced_accuracy": 0.3665629255008753,
    "n": 229
  },
  "fatigue": {
    "mae": 1.3552888569078947,
    "pearson_r": 0.08381773656177519,
    "n": 304
  },
  "reps": {
    "mae": 0.3427828248515057,
    "n": 223
  },
  "val_total": 1.4866814174150165,
  "val_total_per_task": {
    "exercise": 1.0166886997850317,
    "phase": 0.2818269447276467,
    "fatigue": 1.355288869456241,
    "reps": 0.09395590110829002
  }
}