{
  "exercise": {
    "f1_macro": 0.3997361546499478,
    "balanced_accuracy": 0.441305482146611,
    "n": 252
  },
  "phase": {
    "f1_macro": 0.3730607165679308,
    "balanced_accuracy": 0.3717563717563717,
    "n": 217
  },
  "fatigue": {
    "mae": 1.1202566964285714,
    "pearson_r": 0.004460890417937425,
    "n": 252
  },
  "reps": {
    "mae": 0.45000621289989656,
    "n": 214
  },
  "val_total": 1.2678739191993835,
  "val_total_per_task": {
    "exercise": 0.9998536980341352,
    "phase": 0.28965799202994696,
    "fatigue": 1.1202567058896262,
    "reps": 0.1573351938573141
  }
}