{
  "exercise": {
    "f1_macro": 0.3414424475075306,
    "balanced_accuracy": 0.41892851450883967,
    "n": 1256
  },
  "phase": {
    "f1_macro": 0.2856392116691742,
    "balanced_accuracy": 0.31967341008050165,
    "n": 1069
  },
  "fatigue": {
    "mae": 1.0951588624601911,
    "pearson_r": 0.30278745847749666,
    "n": 1256
  },
  "reps": {
    "mae": 0.114567005251392,
    "n": 1067
  },
  "val_total": -0.5414942100549199,
  "val_total_per_task": {
    "exercise": 1.169102762914767,
    "phase": 0.4258430890596596,
    "fatigue": 1.0951588647380757,
    "reps": 0.010711560162246987
  }
}