{
  "exercise": {
    "f1_macro": 0.25731147540983607,
    "balanced_accuracy": 0.24540441176470587,
    "n": 149
  },
  "phase": {
    "f1_macro": 0.2652435043739392,
    "balanced_accuracy": 0.27934472934472937,
    "n": 149
  },
  "fatigue": {
    "mae": 1.2049601510067114,
    "pearson_r": 0.1994417232048525,
    "n": 149
  },
  "reps": {
    "mae": 0.5103273922640005,
    "n": 149
  },
  "val_total": 1.3625104427337646,
  "val_total_per_task": {
    "exercise": 1.5560200214385986,
    "phase": 0.3057079017162323,
    "fatigue": 1.2049601078033447,
    "reps": 0.18090958893299103
  }
}