{
  "exercise": {
    "f1_macro": 0.17374517374517376,
    "balanced_accuracy": 0.25,
    "n": 218
  },
  "phase": {
    "f1_macro": 0.26720856194540404,
    "balanced_accuracy": 0.34436133486766396,
    "n": 187
  },
  "fatigue": {
    "mae": 1.1318090596330275,
    "pearson_r": -0.2221168671700762,
    "n": 218
  },
  "reps": {
    "mae": 0.4997401571144228,
    "n": 184
  },
  "val_total": 1.3818695534259902,
  "val_total_per_task": {
    "exercise": 1.3025238098354515,
    "phase": 0.33342528753324385,
    "fatigue": 1.1318090552583746,
    "reps": 0.1975457449571802
  }
}