{
  "exercise": {
    "f1_macro": 0.3028717590977793,
    "balanced_accuracy": 0.31832107843137253,
    "n": 149
  },
  "phase": {
    "f1_macro": 0.2682445759368836,
    "balanced_accuracy": 0.2987179487179487,
    "n": 149
  },
  "fatigue": {
    "mae": 0.6524486157718121,
    "pearson_r": 0.5641759663520448,
    "n": 149
  },
  "reps": {
    "mae": 0.465713298048249,
    "n": 149
  },
  "val_total": 1.0378261140528942,
  "val_total_per_task": {
    "exercise": 1.1889505010323236,
    "phase": 0.31229832708435573,
    "fatigue": 0.6524486197721238,
    "reps": 0.1827749308923747
  }
}