{
  "exercise": {
    "f1_macro": 0.40430529904682294,
    "balanced_accuracy": 0.38535943223443225,
    "n": 304
  },
  "phase": {
    "f1_macro": 0.33585359566973105,
    "balanced_accuracy": 0.3599818452959865,
    "n": 229
  },
  "fatigue": {
    "mae": 1.211464329769737,
    "pearson_r": 0.22340841522704843,
    "n": 304
  },
  "reps": {
    "mae": 0.40293399343526015,
    "n": 223
  },
  "val_total": 1.008244144289117,
  "val_total_per_task": {
    "exercise": 1.3559863441868831,
    "phase": 0.3603923140387786,
    "fatigue": 1.211464329769737,
    "reps": 0.1311127265032969
  }
}