{
  "arch": "lstm_raw",
  "summary": {
    "val_total": {
      "mean": 1.0024979353206966,
      "std": 0.21536142924964416,
      "n": 5
    },
    "exercise": {
      "f1_macro": {
        "mean": 0.3296906399751546,
        "std": 0.055579491805530595,
        "n": 5
      },
      "balanced_accuracy": {
        "mean": 0.38323692114424146,
        "std": 0.07042193910987926,
        "n": 5
      }
    },
    "phase": {
      "f1_macro": {
        "mean": 0.3082684681838034,
        "std": 0.009308278746991349,
        "n": 5
      },
      "balanced_accuracy": {
        "mean": 0.32062644293772985,
        "std": 0.0067519291517034764,
        "n": 5
      }
    },
    "fatigue": {
      "mae": {
        "mean": 0.9528822394177888,
        "std": 0.2309028928638785,
        "n": 5
      },
      "pearson_r": {
        "mean": 0.30403276937658247,
        "std": 0.28304763635477687,
        "n": 5
      }
    },
    "reps": {
      "mae": {
        "mean": 0.10802548734842217,
        "std": 0.014004004377145723,
        "n": 5
      }
    }
  },
  "enabled_tasks": [
    "exercise",
    "phase",
    "fatigue",
    "reps"
  ],
  "all_results": [
    {
      "seed": 42,
      "fold": 0,
      "test_subjects": [
        "Tias",
        "sivert"
      ],
      "metrics": {
        "exercise": {
          "f1_macro": 0.39230849237176896,
          "balanced_accuracy": 0.48240966838564253,
          "n": 1256
        },
        "phase": {
          "f1_macro": 0.3035254505842741,
          "balanced_accuracy": 0.32907420680777616,
          "n": 1069
        },
        "fatigue": {
          "mae": 1.0715627488057324,
          "pearson_r": 0.4454319996697218,
          "n": 1256
        },
        "reps": {
          "mae": 0.13144524653521633,
          "n": 1067
        },
        "val_total": 0.8217787180736567,
        "val_total_per_task": {
          "exercise": 1.1593795088446064,
          "phase": 0.42908463983019446,
          "fatigue": 1.0715627518429118,
          "reps": 0.012834770332096488
        }
      }
    },
    {
      "seed": 42,
      "fold": 1,
      "test_subjects": [
        "Raghild",
        "michael"
      ],
      "metrics": {
        "exercise": {
          "f1_macro": 0.32450698168180264,
          "balanced_accuracy": 0.3765419502011547,
          "n": 1361
        },
        "phase": {
          "f1_macro": 0.30575932333717804,
          "balanced_accuracy": 0.3123682355995698,
          "n": 969
        },
        "fatigue": {
          "mae": 1.286472205639236,
          "pearson_r": 0.2984357498927649,
          "n": 1361
        },
        "reps": {
          "mae": 0.09891313420129454,
          "n": 964
        },
        "val_total": 1.3478400095870264,
        "val_total_per_task": {
          "exercise": 1.3444907241319577,
          "phase": 0.772479987862704,
          "fatigue": 1.286472202923962,
          "reps": 0.008487424042012918
        }
      }
    },
    {
      "seed": 42,
      "fold": 2,
      "test_subjects": [
        "Juile",
        "lucas 2"
      ],
      "metrics": {
        "exercise": {
          "f1_macro": 0.35124754110247947,
          "balanced_accuracy": 0.37872576857498297,
          "n": 1509
        },
        "phase": {
          "f1_macro": 0.32209197088361446,
          "balanced_accuracy": 0.32564258247318356,
          "n": 1113
        },
        "fatigue": {
          "mae": 0.8539388667992047,
          "pearson_r": 0.457263930166063,
          "n": 1509
        },
        "reps": {
          "mae": 0.09087230242888066,
          "n": 1107
        },
        "val_total": 1.1093249855411218,
        "val_total_per_task": {
          "exercise": 1.1374392420981718,
          "phase": 0.8222565525331743,
          "fatigue": 0.8539388619012751,
          "reps": 0.007839335091942842
        }
      }
    },
    {
      "seed": 42,
      "fold": 3,
      "test_subjects": [
        "Hytten",
        "lucas"
      ],
      "metrics": {
        "exercise": {
          "f1_macro": 0.2272942289092624,
          "balanced_accuracy": 0.2650014134670834,
          "n": 1106
        },
        "phase": {
          "f1_macro": 0.31477431885538304,
          "balanced_accuracy": 0.32300700447443015,
          "n": 944
        },
        "fatigue": {
          "mae": 0.9619652746383364,
          "pearson_r": -0.23753858500748473,
          "n": 1106
        },
        "reps": {
          "mae": 0.11448621417803534,
          "n": 941
        },
        "val_total": 0.9927245548793248,
        "val_total_per_task": {
          "exercise": 1.4545602636785662,
          "phase": 0.501750059520142,
          "fatigue": 0.9619652686024229,
          "reps": 0.012035117989867441
        }
      }
    },
    {
      "seed": 42,
      "fold": 4,
      "test_subjects": [
        "kiyomi"
      ],
      "metrics": {
        "exercise": {
          "f1_macro": 0.35309595581045927,
          "balanced_accuracy": 0.4135058050923436,
          "n": 746
        },
        "phase": {
          "f1_macro": 0.295191277258567,
          "balanced_accuracy": 0.3130401853336897,
          "n": 746
        },
        "fatigue": {
          "mae": 0.5904721012064343,
          "pearson_r": 0.5565707521618476,
          "n": 746
        },
        "reps": {
          "mae": 0.10441053939868394,
          "n": 746
        },
        "val_total": 0.7408214085223528,
        "val_total_per_task": {
          "exercise": 1.4815263217639667,
          "phase": 0.4845847311671873,
          "fatigue": 0.5904721028044141,
          "reps": 0.010326332004426233
        }
      }
    }
  ]
}