{
  "arch": "lstm_raw",
  "summary": {
    "val_total": {
      "mean": -0.1048816452640122,
      "std": 0.2419915424388441,
      "n": 5
    },
    "exercise": {
      "f1_macro": {
        "mean": 0.3029503959615978,
        "std": 0.09157118717272189,
        "n": 5
      },
      "balanced_accuracy": {
        "mean": 0.3400700544616882,
        "std": 0.10258709107811104,
        "n": 5
      }
    },
    "phase": {
      "f1_macro": {
        "mean": 0.3125177483059721,
        "std": 0.01797803728064313,
        "n": 5
      },
      "balanced_accuracy": {
        "mean": 0.324776143687054,
        "std": 0.014175040239222558,
        "n": 5
      }
    },
    "fatigue": {
      "mae": {
        "mean": 1.0289767962804237,
        "std": 0.13166961557626294,
        "n": 5
      },
      "pearson_r": {
        "mean": 0.21423761161985114,
        "std": 0.2091024447043128,
        "n": 5
      }
    },
    "reps": {
      "mae": {
        "mean": 0.10882381475479228,
        "std": 0.017186643838534,
        "n": 5
      }
    }
  },
  "enabled_tasks": [
    "exercise",
    "phase",
    "fatigue",
    "reps"
  ],
  "all_results": [
    {
      "seed": 42,
      "fold": 0,
      "test_subjects": [
        "Tias",
        "sivert"
      ],
      "metrics": {
        "exercise": {
          "f1_macro": 0.3675899285471525,
          "balanced_accuracy": 0.4412417608688228,
          "n": 1256
        },
        "phase": {
          "f1_macro": 0.2981556065175584,
          "balanced_accuracy": 0.31646870383101966,
          "n": 1069
        },
        "fatigue": {
          "mae": 1.0853590266719746,
          "pearson_r": 0.3128423785183243,
          "n": 1256
        },
        "reps": {
          "mae": 0.13699090810084144,
          "n": 1067
        },
        "val_total": -0.40616637126655336,
        "val_total_per_task": {
          "exercise": 1.1616364292278412,
          "phase": 0.4287986939500092,
          "fatigue": 1.0853590276210932,
          "reps": 0.013593561680406142
        }
      }
    },
    {
      "seed": 42,
      "fold": 1,
      "test_subjects": [
        "Raghild",
        "michael"
      ],
      "metrics": {
        "exercise": {
          "f1_macro": 0.3652106840072433,
          "balanced_accuracy": 0.40563826872054987,
          "n": 1361
        },
        "phase": {
          "f1_macro": 0.3207025442216571,
          "balanced_accuracy": 0.32713178294573647,
          "n": 969
        },
        "fatigue": {
          "mae": 1.2312738220977222,
          "pearson_r": 0.3300985977568587,
          "n": 1361
        },
        "reps": {
          "mae": 0.09391761778880885,
          "n": 964
        },
        "val_total": 0.18096777939078215,
        "val_total_per_task": {
          "exercise": 1.6823425659092799,
          "phase": 0.702886685126849,
          "fatigue": 1.2312738199079851,
          "reps": 0.0073908526918451895
        }
      }
    },
    {
      "seed": 42,
      "fold": 2,
      "test_subjects": [
        "Juile",
        "lucas 2"
      ],
      "metrics": {
        "exercise": {
          "f1_macro": 0.32774453717253416,
          "balanced_accuracy": 0.32407693508264895,
          "n": 1509
        },
        "phase": {
          "f1_macro": 0.34197309074124654,
          "balanced_accuracy": 0.34579032584497066,
          "n": 1113
        },
        "fatigue": {
          "mae": 0.9813618290258449,
          "pearson_r": 0.36272677104009254,
          "n": 1509
        },
        "reps": {
          "mae": 0.08882889453727204,
          "n": 1107
        },
        "val_total": 0.05357737427440363,
        "val_total_per_task": {
          "exercise": 1.3135118012083848,
          "phase": 0.7636392416149832,
          "fatigue": 0.9813618304478245,
          "reps": 0.007728614600904834
        }
      }
    },
    {
      "seed": 42,
      "fold": 3,
      "test_subjects": [
        "Hytten",
        "lucas"
      ],
      "metrics": {
        "exercise": {
          "f1_macro": 0.12281650192907308,
          "balanced_accuracy": 0.1496584591515709,
          "n": 1106
        },
        "phase": {
          "f1_macro": 0.31098412882578447,
          "balanced_accuracy": 0.330939161805702,
          "n": 944
        },
        "fatigue": {
          "mae": 1.018418710443038,
          "pearson_r": -0.19913996215828048,
          "n": 1106
        },
        "reps": {
          "mae": 0.11659839990505241,
          "n": 941
        },
        "val_total": 0.029737522546033533,
        "val_total_per_task": {
          "exercise": 1.8768696869044796,
          "phase": 0.5050834097224162,
          "fatigue": 1.0184187082873546,
          "reps": 0.012055837870937575
        }
      }
    },
    {
      "seed": 42,
      "fold": 4,
      "test_subjects": [
        "kiyomi"
      ],
      "metrics": {
        "exercise": {
          "f1_macro": 0.3313903281519862,
          "balanced_accuracy": 0.3797348484848485,
          "n": 746
        },
        "phase": {
          "f1_macro": 0.2907733712236143,
          "balanced_accuracy": 0.30355074400784104,
          "n": 746
        },
        "fatigue": {
          "mae": 0.8284705931635389,
          "pearson_r": 0.2646602729422606,
          "n": 746
        },
        "reps": {
          "mae": 0.1077832534419867,
          "n": 746
        },
        "val_total": -0.38252453126472696,
        "val_total_per_task": {
          "exercise": 1.6450825204158916,
          "phase": 0.4881515414241811,
          "fatigue": 0.82847059859667,
          "reps": 0.009861580332136905
        }
      }
    }
  ]
}