{
  "exercise": {
    "f1_macro": 0.6212539728873667,
    "balanced_accuracy": 0.6254797182477262,
    "n": 252
  },
  "phase": {
    "f1_macro": 0.21962971115513488,
    "balanced_accuracy": 0.28220528220528224,
    "n": 217
  },
  "fatigue": {
    "mae": 1.1042751736111112,
    "pearson_r": 0.27444057924814147,
    "n": 252
  },
  "reps": {
    "mae": 0.5774691225003417,
    "n": 214
  },
  "val_total": 0.748654620041923,
  "val_total_per_task": {
    "exercise": 0.8442339074044001,
    "phase": 0.3072723311091226,
    "fatigue": 1.1042751490123688,
    "reps": 0.23860615066119603
  }
}