{
  "lr": 0.0042052224626108895,
  "weight_decay": 1.4846175239598608e-06,
  "batch_size": 64,
  "dropout": 0.17783501631110718,
  "repr_dim": 64,
  "lstm_hidden": 128,
  "lstm_layers": 2,
  "_patience": 50
}