{
  "exercise": {
    "f1_macro": 0.35994533371781606,
    "balanced_accuracy": 0.45273478883023943,
    "n": 626
  },
  "phase": {
    "f1_macro": 0.20561994113318618,
    "balanced_accuracy": 0.3368421052631579,
    "n": 533
  },
  "fatigue": {
    "mae": 1.0719349041533546,
    "pearson_r": 0.29950483967443414,
    "n": 626
  },
  "reps": {
    "mae": 0.2712832025792485,
    "n": 531
  },
  "val_total": 0.14539649768378407,
  "val_total_per_task": {
    "exercise": 1.0862994114050089,
    "phase": 0.2622018400282144,
    "fatigue": 1.0719349026299132,
    "reps": 0.05155360025053207
  }
}