{
  "exercise": {
    "f1_macro": 0.21595176837852093,
    "balanced_accuracy": 0.23664581439304544,
    "n": 1106
  },
  "phase": {
    "f1_macro": 0.3008634524005229,
    "balanced_accuracy": 0.3138285660739804,
    "n": 944
  },
  "fatigue": {
    "mae": 1.2411738528481013,
    "pearson_r": -0.3927060202079177,
    "n": 1106
  },
  "reps": {
    "mae": 0.12510794107099513,
    "n": 941
  },
  "val_total": 0.1039484043017865,
  "val_total_per_task": {
    "exercise": 1.491952743711351,
    "phase": 0.5086498709958026,
    "fatigue": 1.2411738468121878,
    "reps": 0.012916346690255414
  }
}