{
  "exercise": {
    "f1_macro": 0.3251154406738124,
    "balanced_accuracy": 0.40279375671115203,
    "n": 1509
  },
  "phase": {
    "f1_macro": 0.31435398532172726,
    "balanced_accuracy": 0.32837482291034203,
    "n": 1113
  },
  "fatigue": {
    "mae": 1.0042816020543406,
    "pearson_r": 0.5087371093256701,
    "n": 1509
  },
  "reps": {
    "mae": 0.08660683014944141,
    "n": 1107
  },
  "val_total": 1.0846867392282757,
  "val_total_per_task": {
    "exercise": 1.1459171843892142,
    "phase": 0.8367502835114481,
    "fatigue": 1.0042816007903588,
    "reps": 0.0072272204537243345
  }
}