{
  "exercise": {
    "f1_macro": 0.198734610123119,
    "balanced_accuracy": 0.22174771906886848,
    "n": 557
  },
  "phase": {
    "f1_macro": 0.33820777219184617,
    "balanced_accuracy": 0.34727342549923196,
    "n": 477
  },
  "fatigue": {
    "mae": 0.9926363330341114,
    "pearson_r": -0.19962274512851627,
    "n": 557
  },
  "reps": {
    "mae": 0.22545827812179214,
    "n": 474
  },
  "val_total": 0.8998667091612756,
  "val_total_per_task": {
    "exercise": 1.523960849541094,
    "phase": 0.39836803586949565,
    "fatigue": 0.9926363353883343,
    "reps": 0.0419297975887623
  }
}