{
  "exercise": {
    "f1_macro": 0.3127254738425812,
    "balanced_accuracy": 0.406496103468838,
    "n": 266
  },
  "phase": {
    "f1_macro": 0.2939369296105539,
    "balanced_accuracy": 0.33315295815295815,
    "n": 194
  },
  "fatigue": {
    "mae": 1.2098214285714286,
    "pearson_r": 0.2724658983711888,
    "n": 266
  },
  "reps": {
    "mae": 0.44640171002576906,
    "n": 189
  },
  "val_total": 1.3753314520183362,
  "val_total_per_task": {
    "exercise": 1.2328337493695711,
    "phase": 0.3895138260117151,
    "fatigue": 1.2098214303640495,
    "reps": 0.15142052155688293
  }
}