{
  "exercise": {
    "f1_macro": 0.1567354214413038,
    "balanced_accuracy": 0.24147727272727273,
    "n": 149
  },
  "phase": {
    "f1_macro": 0.34965034965034963,
    "balanced_accuracy": 0.3671652421652422,
    "n": 149
  },
  "fatigue": {
    "mae": 0.9233169043624161,
    "pearson_r": -0.09221307979279694,
    "n": 149
  },
  "reps": {
    "mae": 0.37095066873769234,
    "n": 149
  },
  "val_total": 0.5848216918490877,
  "val_total_per_task": {
    "exercise": 1.4073379791823009,
    "phase": 0.281513742852531,
    "fatigue": 0.9233169067626031,
    "reps": 0.11430369947580683
  }
}