{
  "exercise": {
    "f1_macro": 0.4182722956624553,
    "balanced_accuracy": 0.4497411011228556,
    "n": 1509
  },
  "phase": {
    "f1_macro": 0.3620835378943214,
    "balanced_accuracy": 0.36616069621534103,
    "n": 1113
  },
  "fatigue": {
    "mae": 1.0269140366136513,
    "pearson_r": 0.30607109827702067,
    "n": 1509
  },
  "reps": {
    "mae": 0.08636346395407629,
    "n": 1107
  },
  "val_total": -0.14145309045031973,
  "val_total_per_task": {
    "exercise": 1.1616539036382343,
    "phase": 0.8237334587780982,
    "fatigue": 1.026914033374698,
    "reps": 0.007047087220120817
  }
}