{
  "lr": 0.002035339515379306,
  "weight_decay": 4.8923632983572444e-05,
  "batch_size": 128,
  "dropout": 0.4153048016480654,
  "repr_dim": 64,
  "lstm_hidden": 32,
  "lstm_layers": 1,
  "_patience": 50
}