{
  "exercise": {
    "f1_macro": 0.312949801942695,
    "balanced_accuracy": 0.34354659920984565,
    "n": 557
  },
  "phase": {
    "f1_macro": 0.29851289833080424,
    "balanced_accuracy": 0.35069124423963133,
    "n": 477
  },
  "fatigue": {
    "mae": 0.9689112993716338,
    "pearson_r": -0.08509517421940054,
    "n": 557
  },
  "reps": {
    "mae": 0.23886754436227828,
    "n": 474
  },
  "val_total": 0.31757133653390773,
  "val_total_per_task": {
    "exercise": 1.5012123762384137,
    "phase": 0.40247875746319495,
    "fatigue": 0.9689112978734918,
    "reps": 0.04489449838333541
  }
}