{
  "exercise": {
    "f1_macro": 0.3992981738526703,
    "balanced_accuracy": 0.4932581786030062,
    "n": 266
  },
  "phase": {
    "f1_macro": 0.2983603088966466,
    "balanced_accuracy": 0.3244047619047619,
    "n": 194
  },
  "fatigue": {
    "mae": 1.933373472744361,
    "pearson_r": 0.15895384877825097,
    "n": 266
  },
  "reps": {
    "mae": 0.44405820298565446,
    "n": 189
  },
  "val_total": 1.7979070620429247,
  "val_total_per_task": {
    "exercise": 1.2943959612595408,
    "phase": 0.40612857861626417,
    "fatigue": 1.9333734763296027,
    "reps": 0.14536859039077185
  }
}