{
  "exercise": {
    "f1_macro": 0.3226495726495726,
    "balanced_accuracy": 0.40149946310783863,
    "n": 755
  },
  "phase": {
    "f1_macro": 0.2595407809247461,
    "balanced_accuracy": 0.34443464916576877,
    "n": 560
  },
  "fatigue": {
    "mae": 1.025077607615894,
    "pearson_r": 0.40634596596447425,
    "n": 755
  },
  "reps": {
    "mae": 0.16618743245254544,
    "n": 554
  },
  "val_total": 0.1469056063140465,
  "val_total_per_task": {
    "exercise": 1.1500471260373955,
    "phase": 0.39459731480143717,
    "fatigue": 1.0250775975107358,
    "reps": 0.029783846193690174
  }
}