{
  "exercise": {
    "f1_macro": 0.3598767585164516,
    "balanced_accuracy": 0.45151515151515154,
    "n": 746
  },
  "phase": {
    "f1_macro": 0.2120658135283364,
    "balanced_accuracy": 0.3333333333333333,
    "n": 746
  },
  "fatigue": {
    "mae": 1.0579627806635388,
    "pearson_r": 0.28624769243714854,
    "n": 746
  },
  "reps": {
    "mae": 0.10845339653299417,
    "n": 746
  },
  "val_total": 0.7195526137748288,
  "val_total_per_task": {
    "exercise": 1.0781557451304418,
    "phase": 0.48046281742026914,
    "fatigue": 1.057962805592023,
    "reps": 0.01000615091989411
  }
}