{
  "exercise": {
    "f1_macro": 0.36626641387543013,
    "balanced_accuracy": 0.45606060606060606,
    "n": 746
  },
  "phase": {
    "f1_macro": 0.2763730404833985,
    "balanced_accuracy": 0.3316626570435713,
    "n": 746
  },
  "fatigue": {
    "mae": 0.8494941772788204,
    "pearson_r": 0.35671606380801146,
    "n": 746
  },
  "reps": {
    "mae": 0.10734249203498337,
    "n": 746
  },
  "val_total": -0.6900818900831902,
  "val_total_per_task": {
    "exercise": 1.0731793440698618,
    "phase": 0.47781773986189996,
    "fatigue": 0.849494186547103,
    "reps": 0.009718248606896672
  }
}