{
  "exercise": {
    "f1_macro": 0.11069651741293532,
    "balanced_accuracy": 0.25,
    "n": 626
  },
  "phase": {
    "f1_macro": 0.1978891820580475,
    "balanced_accuracy": 0.3333333333333333,
    "n": 533
  },
  "fatigue": {
    "mae": 1.0723529852236422,
    "pearson_r": 0.2983294047070144,
    "n": 626
  },
  "reps": {
    "mae": 0.27802838611446334,
    "n": 531
  },
  "val_total": 0.9764028757144088,
  "val_total_per_task": {
    "exercise": 1.3510882542156184,
    "phase": 0.2615206584381981,
    "fatigue": 1.072352988460955,
    "reps": 0.05382848855929253
  }
}