{
  "exercise": {
    "f1_macro": 0.3725382367550203,
    "balanced_accuracy": 0.4575140944326991,
    "n": 746
  },
  "phase": {
    "f1_macro": 0.2120658135283364,
    "balanced_accuracy": 0.3333333333333333,
    "n": 746
  },
  "fatigue": {
    "mae": 1.0584104808981234,
    "pearson_r": 0.1335815731946504,
    "n": 746
  },
  "reps": {
    "mae": 0.1090282104639761,
    "n": 746
  },
  "val_total": -0.5118245154858914,
  "val_total_per_task": {
    "exercise": 1.0040890288416886,
    "phase": 0.4788982470297622,
    "fatigue": 1.0584104847332747,
    "reps": 0.009985292128139941
  }
}