{
  "exercise": {
    "f1_macro": 0.3053419917023375,
    "balanced_accuracy": 0.2877119062152038,
    "n": 132918
  },
  "phase": {
    "f1_macro": 0.2701824827555542,
    "balanced_accuracy": 0.29930282547530623,
    "n": 78741
  },
  "fatigue": {
    "mae": 1.0325959426621758,
    "pearson_r": 0.3581367504728889,
    "n": 132918
  },
  "reps": {
    "mae": 2.955255576695681,
    "n": 132918
  }
}