{
  "exercise": {
    "f1_macro": 0.30800039800980294,
    "balanced_accuracy": 0.3480742616941037,
    "n": 1361
  },
  "phase": {
    "f1_macro": 0.3406563175476518,
    "balanced_accuracy": 0.36391676866585065,
    "n": 969
  },
  "fatigue": {
    "mae": 1.3016422896767084,
    "pearson_r": 0.375099121124677,
    "n": 1361
  },
  "reps": {
    "mae": 0.09566520031394739,
    "n": 964
  },
  "val_total": 0.2661259123545022,
  "val_total_per_task": {
    "exercise": 1.6045527533517876,
    "phase": 0.7496050828349319,
    "fatigue": 1.3016422895015294,
    "reps": 0.007911576780652754
  }
}