{
  "arch": "cnn1d_raw",
  "summary": {
    "val_total": {
      "mean": 1.3015319108963013,
      "std": 0.24382177524476667,
      "n": 5
    },
    "exercise": {
      "f1_macro": {
        "mean": 0.4186288050543584,
        "std": 0.13673264617118217,
        "n": 5
      },
      "balanced_accuracy": {
        "mean": 0.4317003330268282,
        "std": 0.14285654452518728,
        "n": 5
      }
    },
    "phase": {
      "f1_macro": {
        "mean": 0.30949077316659535,
        "std": 0.026046710268886757,
        "n": 5
      },
      "balanced_accuracy": {
        "mean": 0.33921785947136873,
        "std": 0.022332677725314692,
        "n": 5
      }
    },
    "fatigue": {
      "mae": {
        "mean": 1.218876029554635,
        "std": 0.33558050250377985,
        "n": 5
      },
      "pearson_r": {
        "mean": 0.11869046531373276,
        "std": 0.3306857047059426,
        "n": 5
      }
    },
    "reps": {
      "mae": {
        "mean": 0.4609877319543517,
        "std": 0.0498071924783661,
        "n": 5
      }
    }
  },
  "enabled_tasks": [
    "exercise",
    "phase",
    "fatigue",
    "reps"
  ],
  "all_results": [
    {
      "seed": 42,
      "fold": 0,
      "test_subjects": [
        "Tias",
        "sivert"
      ],
      "metrics": {
        "exercise": {
          "f1_macro": 0.6567679691400113,
          "balanced_accuracy": 0.6470868119162737,
          "n": 252
        },
        "phase": {
          "f1_macro": 0.324989824989825,
          "balanced_accuracy": 0.3471548471548472,
          "n": 217
        },
        "fatigue": {
          "mae": 1.2522321428571428,
          "pearson_r": 0.11193512478298631,
          "n": 252
        },
        "reps": {
          "mae": 0.5448942828192332,
          "n": 214
        },
        "val_total": 0.8708564043045044,
        "val_total_per_task": {
          "exercise": 0.7461321353912354,
          "phase": 0.2669244110584259,
          "fatigue": 1.2522321939468384,
          "reps": 0.20289702713489532
        }
      }
    },
    {
      "seed": 42,
      "fold": 1,
      "test_subjects": [
        "Raghild",
        "michael"
      ],
      "metrics": {
        "exercise": {
          "f1_macro": 0.46838044853777305,
          "balanced_accuracy": 0.5442497892377604,
          "n": 266
        },
        "phase": {
          "f1_macro": 0.30244145490782265,
          "balanced_accuracy": 0.3261183261183261,
          "n": 194
        },
        "fatigue": {
          "mae": 1.737767269736842,
          "pearson_r": -0.21043772597310778,
          "n": 266
        },
        "reps": {
          "mae": 0.3906700754114402,
          "n": 189
        },
        "val_total": 1.5965724995261745,
        "val_total_per_task": {
          "exercise": 1.3970728117720526,
          "phase": 0.41410741949439944,
          "fatigue": 1.7377672688405317,
          "reps": 0.12135897184673108
        }
      }
    },
    {
      "seed": 42,
      "fold": 2,
      "test_subjects": [
        "Juile",
        "lucas 2"
      ],
      "metrics": {
        "exercise": {
          "f1_macro": 0.3784712522079795,
          "balanced_accuracy": 0.3618401687598116,
          "n": 304
        },
        "phase": {
          "f1_macro": 0.34793939914654753,
          "balanced_accuracy": 0.3702262854178824,
          "n": 229
        },
        "fatigue": {
          "mae": 1.1330052425986843,
          "pearson_r": 0.3711129420844793,
          "n": 304
        },
        "reps": {
          "mae": 0.44453978246587406,
          "n": 223
        },
        "val_total": 1.237672586190073,
        "val_total_per_task": {
          "exercise": 1.3420014695117348,
          "phase": 0.33047229365298625,
          "fatigue": 1.1330052551470304,
          "reps": 0.14345653511975942
        }
      }
    },
    {
      "seed": 42,
      "fold": 3,
      "test_subjects": [
        "Hytten",
        "lucas"
      ],
      "metrics": {
        "exercise": {
          "f1_macro": 0.32634606081238465,
          "balanced_accuracy": 0.3516484246320599,
          "n": 218
        },
        "phase": {
          "f1_macro": 0.30223136146097257,
          "balanced_accuracy": 0.34824510932105873,
          "n": 187
        },
        "fatigue": {
          "mae": 1.2828268348623852,
          "pearson_r": -0.2703888230474506,
          "n": 218
        },
        "reps": {
          "mae": 0.45392379521027854,
          "n": 184
        },
        "val_total": 1.3820701837539673,
        "val_total_per_task": {
          "exercise": 1.4187285900115967,
          "phase": 0.3369291424751282,
          "fatigue": 1.2828267812728882,
          "reps": 0.16591769456863403
        }
      }
    },
    {
      "seed": 42,
      "fold": 4,
      "test_subjects": [
        "kiyomi"
      ],
      "metrics": {
        "exercise": {
          "f1_macro": 0.2631782945736434,
          "balanced_accuracy": 0.2536764705882353,
          "n": 149
        },
        "phase": {
          "f1_macro": 0.26985182532780877,
          "balanced_accuracy": 0.3043447293447294,
          "n": 149
        },
        "fatigue": {
          "mae": 0.6885486577181208,
          "pearson_r": 0.5912308087217565,
          "n": 149
        },
        "reps": {
          "mae": 0.4709107238649322,
          "n": 149
        },
        "val_total": 1.420487880706787,
        "val_total_per_task": {
          "exercise": 1.8338401317596436,
          "phase": 0.3312508463859558,
          "fatigue": 0.6885486841201782,
          "reps": 0.17846255004405975
        }
      }
    }
  ]
}