{
  "exercise": {
    "f1_macro": 0.5114784504852008,
    "balanced_accuracy": 0.5657292636415507,
    "n": 252
  },
  "phase": {
    "f1_macro": 0.295351707116413,
    "balanced_accuracy": 0.3221683221683222,
    "n": 217
  },
  "fatigue": {
    "mae": 1.1153738839285714,
    "pearson_r": 0.19774599171427967,
    "n": 252
  },
  "reps": {
    "mae": 0.6162020322109494,
    "n": 214
  },
  "val_total": 0.7669749666774084,
  "val_total_per_task": {
    "exercise": 0.8998984476876637,
    "phase": 0.32058809721280657,
    "fatigue": 1.1153738498687744,
    "reps": 0.2608176465072329
  }
}