{
  "exercise": {
    "f1_macro": 0.4357671496733394,
    "balanced_accuracy": 0.4437416962737468,
    "n": 69958
  },
  "phase": {
    "f1_macro": 0.2804365115313011,
    "balanced_accuracy": 0.3187520973857365,
    "n": 40865
  },
  "fatigue": {
    "mae": 0.9438396901221984,
    "pearson_r": 0.28325942527808107,
    "n": 69958
  },
  "reps": {
    "mae": 2.2612421896688124,
    "n": 69958
  }
}