{
  "exercise": {
    "f1_macro": 0.15625,
    "balanced_accuracy": 0.25,
    "n": 218
  },
  "phase": {
    "f1_macro": 0.2666990414744413,
    "balanced_accuracy": 0.3268603759110088,
    "n": 187
  },
  "fatigue": {
    "mae": 1.1720004300458715,
    "pearson_r": -0.24001681579174153,
    "n": 218
  },
  "reps": {
    "mae": 0.5422029569745064,
    "n": 184
  },
  "val_total": 1.46149742603302,
  "val_total_per_task": {
    "exercise": 1.3133376836776733,
    "phase": 0.3322417736053467,
    "fatigue": 1.1720004081726074,
    "reps": 0.20680928230285645
  }
}