{
  "exercise": {
    "f1_macro": 0.2822362278244631,
    "balanced_accuracy": 0.3922136422136422,
    "n": 682
  },
  "phase": {
    "f1_macro": 0.3236261562051739,
    "balanced_accuracy": 0.3470134590824246,
    "n": 488
  },
  "fatigue": {
    "mae": 1.3752405608504399,
    "pearson_r": 0.21187543658504795,
    "n": 682
  },
  "reps": {
    "mae": 0.18285815638037886,
    "n": 482
  },
  "val_total": 0.33724377913908526,
  "val_total_per_task": {
    "exercise": 1.2489831580444515,
    "phase": 0.3500641976808173,
    "fatigue": 1.3752405671430123,
    "reps": 0.029668208228047294
  }
}