{
  "exercise": {
    "f1_macro": 0.27485874791260756,
    "balanced_accuracy": 0.2917763254992945,
    "n": 218
  },
  "phase": {
    "f1_macro": 0.3049990012892448,
    "balanced_accuracy": 0.3621116225546605,
    "n": 187
  },
  "fatigue": {
    "mae": 1.0983909116972477,
    "pearson_r": -0.2842259082280119,
    "n": 218
  },
  "reps": {
    "mae": 0.4171804484465848,
    "n": 184
  },
  "val_total": 2.484370918448912,
  "val_total_per_task": {
    "exercise": 1.2065912572615738,
    "phase": 0.3665071485239431,
    "fatigue": 1.0983909127909108,
    "reps": 0.14003279483919845
  }
}