{
  "exercise": {
    "f1_macro": 0.6787691357947273,
    "balanced_accuracy": 0.6681111825352527,
    "n": 252
  },
  "phase": {
    "f1_macro": 0.32501619115792346,
    "balanced_accuracy": 0.3471548471548472,
    "n": 217
  },
  "fatigue": {
    "mae": 1.223725818452381,
    "pearson_r": 0.14415984729927456,
    "n": 252
  },
  "reps": {
    "mae": 0.5874920067177197,
    "n": 214
  },
  "val_total": 0.9361486434936523,
  "val_total_per_task": {
    "exercise": 0.7138704657554626,
    "phase": 0.27665266394615173,
    "fatigue": 1.2237259149551392,
    "reps": 0.23910556733608246
  }
}