{
  "exercise": {
    "f1_macro": 0.3124732115624149,
    "balanced_accuracy": 0.3075426299892037,
    "n": 75011
  },
  "phase": {
    "f1_macro": 0.26843140970474444,
    "balanced_accuracy": 0.2938615139714122,
    "n": 44914
  },
  "fatigue": {
    "mae": 1.1828332987505623,
    "pearson_r": 0.24792339706314284,
    "n": 75011
  },
  "reps": {
    "mae": 2.5003895986841567,
    "n": 75011
  }
}