{
  "exercise": {
    "f1_macro": 0.374784622879252,
    "balanced_accuracy": 0.4025399823390895,
    "n": 304
  },
  "phase": {
    "f1_macro": 0.2906050431233129,
    "balanced_accuracy": 0.314368151462102,
    "n": 229
  },
  "fatigue": {
    "mae": 1.8617007606907894,
    "pearson_r": -0.12650149169686498,
    "n": 304
  },
  "reps": {
    "mae": 0.39539700053682375,
    "n": 223
  },
  "val_total": 1.7591922534139532,
  "val_total_per_task": {
    "exercise": 1.2471714960901361,
    "phase": 0.363903956193673,
    "fatigue": 1.8617007606907894,
    "reps": 0.1288342922925949
  }
}