{
  "arch": "lstm_raw",
  "summary": {
    "val_total": {
      "mean": 0.7053115563566601,
      "std": 0.13752723006335021,
      "n": 5
    },
    "exercise": {
      "f1_macro": {
        "mean": 0.3190144680411867,
        "std": 0.07722497892679289,
        "n": 5
      },
      "balanced_accuracy": {
        "mean": 0.37179110174506463,
        "std": 0.08959941702231491,
        "n": 5
      }
    },
    "phase": {
      "f1_macro": {
        "mean": 0.29651068882157217,
        "std": 0.02696255531433432,
        "n": 5
      },
      "balanced_accuracy": {
        "mean": 0.32405894550308734,
        "std": 0.01638576438043152,
        "n": 5
      }
    },
    "fatigue": {
      "mae": {
        "mean": 1.0365252334159802,
        "std": 0.10697167294644576,
        "n": 5
      },
      "pearson_r": {
        "mean": 0.2084506928605872,
        "std": 0.22080885263778696,
        "n": 5
      }
    },
    "reps": {
      "mae": {
        "mean": 0.21650476865378585,
        "std": 0.033639946588419574,
        "n": 5
      }
    }
  },
  "enabled_tasks": [
    "exercise",
    "phase",
    "fatigue",
    "reps"
  ],
  "all_results": [
    {
      "seed": 42,
      "fold": 0,
      "test_subjects": [
        "Tias",
        "sivert"
      ],
      "metrics": {
        "exercise": {
          "f1_macro": 0.41025051765756865,
          "balanced_accuracy": 0.45503497455618147,
          "n": 626
        },
        "phase": {
          "f1_macro": 0.2944562599735014,
          "balanced_accuracy": 0.3118908382066277,
          "n": 533
        },
        "fatigue": {
          "mae": 1.1210251098242812,
          "pearson_r": 0.30951600065158597,
          "n": 626
        },
        "reps": {
          "mae": 0.27258831957572627,
          "n": 531
        },
        "val_total": 0.6276411564586262,
        "val_total_per_task": {
          "exercise": 1.1343431507055752,
          "phase": 0.25981527681167893,
          "fatigue": 1.121025115156326,
          "reps": 0.05156415165327608
        }
      }
    },
    {
      "seed": 42,
      "fold": 1,
      "test_subjects": [
        "Raghild",
        "michael"
      ],
      "metrics": {
        "exercise": {
          "f1_macro": 0.2623173408890185,
          "balanced_accuracy": 0.3226887938728391,
          "n": 682
        },
        "phase": {
          "f1_macro": 0.2934419960174599,
          "balanced_accuracy": 0.30039787798408485,
          "n": 488
        },
        "fatigue": {
          "mae": 1.2009427694281525,
          "pearson_r": 0.34003627998823427,
          "n": 682
        },
        "reps": {
          "mae": 0.1890422317636087,
          "n": 482
        },
        "val_total": 0.8025798584359133,
        "val_total_per_task": {
          "exercise": 1.276192767529194,
          "phase": 0.3530256248289539,
          "fatigue": 1.2009427813141227,
          "reps": 0.03078454999455259
        }
      }
    },
    {
      "seed": 42,
      "fold": 2,
      "test_subjects": [
        "Juile",
        "lucas 2"
      ],
      "metrics": {
        "exercise": {
          "f1_macro": 0.35361125317617026,
          "balanced_accuracy": 0.4017235676484124,
          "n": 755
        },
        "phase": {
          "f1_macro": 0.302858899178642,
          "balanced_accuracy": 0.32753079682259817,
          "n": 560
        },
        "fatigue": {
          "mae": 0.9409664735099338,
          "pearson_r": 0.42720264269183733,
          "n": 755
        },
        "reps": {
          "mae": 0.17566544718162866,
          "n": 554
        },
        "val_total": 0.69387081837812,
        "val_total_per_task": {
          "exercise": 1.1428744319258937,
          "phase": 0.368950617747591,
          "fatigue": 0.9409664695626063,
          "reps": 0.027929145980947066
        }
      }
    },
    {
      "seed": 42,
      "fold": 3,
      "test_subjects": [
        "Hytten",
        "lucas"
      ],
      "metrics": {
        "exercise": {
          "f1_macro": 0.198734610123119,
          "balanced_accuracy": 0.22174771906886848,
          "n": 557
        },
        "phase": {
          "f1_macro": 0.33820777219184617,
          "balanced_accuracy": 0.34727342549923196,
          "n": 477
        },
        "fatigue": {
          "mae": 0.9926363330341114,
          "pearson_r": -0.19962274512851627,
          "n": 557
        },
        "reps": {
          "mae": 0.22545827812179214,
          "n": 474
        },
        "val_total": 0.8998667091612756,
        "val_total_per_task": {
          "exercise": 1.523960849541094,
          "phase": 0.39836803586949565,
          "fatigue": 0.9926363353883343,
          "reps": 0.0419297975887623
        }
      }
    },
    {
      "seed": 42,
      "fold": 4,
      "test_subjects": [
        "kiyomi"
      ],
      "metrics": {
        "exercise": {
          "f1_macro": 0.3701586183600572,
          "balanced_accuracy": 0.45776045357902195,
          "n": 374
        },
        "phase": {
          "f1_macro": 0.2535885167464115,
          "balanced_accuracy": 0.33320178900289393,
          "n": 374
        },
        "fatigue": {
          "mae": 0.9270554812834224,
          "pearson_r": 0.16512128609979473,
          "n": 374
        },
        "reps": {
          "mae": 0.21976956662617345,
          "n": 374
        },
        "val_total": 0.5025992393493652,
        "val_total_per_task": {
          "exercise": 1.0288077592849731,
          "phase": 0.33217599987983704,
          "fatigue": 0.9270554780960083,
          "reps": 0.03671876713633537
        }
      }
    }
  ]
}