{
  "exercise": {
    "f1_macro": 0.2912623944105142,
    "balanced_accuracy": 0.36945708271085154,
    "n": 682
  },
  "phase": {
    "f1_macro": 0.25922772804266936,
    "balanced_accuracy": 0.3293299931230966,
    "n": 488
  },
  "fatigue": {
    "mae": 1.198485612170088,
    "pearson_r": 0.24039196550560646,
    "n": 682
  },
  "reps": {
    "mae": 0.19341065766313018,
    "n": 482
  },
  "val_total": 1.2733733444269801,
  "val_total_per_task": {
    "exercise": 1.302376396145639,
    "phase": 0.5471962651898784,
    "fatigue": 1.1984856142676121,
    "reps": 0.02883525957459928
  }
}