{
  "exercise": {
    "f1_macro": 0.20496469343951224,
    "balanced_accuracy": 0.23909984935906545,
    "n": 557
  },
  "phase": {
    "f1_macro": 0.3190144599460315,
    "balanced_accuracy": 0.33968253968253964,
    "n": 477
  },
  "fatigue": {
    "mae": 1.029321420556553,
    "pearson_r": -0.22318260502108708,
    "n": 557
  },
  "reps": {
    "mae": 0.2215729264659367,
    "n": 474
  },
  "val_total": 0.6222165264389887,
  "val_total_per_task": {
    "exercise": 1.5694034345702166,
    "phase": 0.407410493765956,
    "fatigue": 1.0293214338258097,
    "reps": 0.04095168036861843
  }
}