{
  "exercise": {
    "f1_macro": 0.2335199397804063,
    "balanced_accuracy": 0.30990745097466776,
    "n": 182309
  },
  "phase": {
    "f1_macro": 0.20932471746803247,
    "balanced_accuracy": 0.2742197638202079,
    "n": 58337
  },
  "fatigue": {
    "mae": 1.0081037048963724,
    "pearson_r": 0.24818110736247403,
    "n": 182309
  },
  "reps": {
    "mae": 4.481092102402373,
    "n": 182309
  }
}