{
  "exercise": {
    "f1_macro": 0.3598767585164516,
    "balanced_accuracy": 0.45151515151515154,
    "n": 746
  },
  "phase": {
    "f1_macro": 0.2120658135283364,
    "balanced_accuracy": 0.3333333333333333,
    "n": 746
  },
  "fatigue": {
    "mae": 1.1713409014745308,
    "pearson_r": 0.09909565188761098,
    "n": 746
  },
  "reps": {
    "mae": 0.10824560954787296,
    "n": 746
  },
  "val_total": 0.6491685786132199,
  "val_total_per_task": {
    "exercise": 1.053751501896426,
    "phase": 0.4797998782616838,
    "fatigue": 1.1713409705072562,
    "reps": 0.010093756244785024
  }
}