{
  "exercise": {
    "f1_macro": 0.29520661157024797,
    "balanced_accuracy": 0.4393210371558407,
    "n": 266
  },
  "phase": {
    "f1_macro": 0.3326984126984127,
    "balanced_accuracy": 0.35380591630591635,
    "n": 194
  },
  "fatigue": {
    "mae": 1.2665061090225564,
    "pearson_r": 0.34239945135438526,
    "n": 266
  },
  "reps": {
    "mae": 0.4378753520016159,
    "n": 189
  },
  "val_total": 1.224226713180542,
  "val_total_per_task": {
    "exercise": 1.1780179738998413,
    "phase": 0.31648942828178406,
    "fatigue": 1.2665061950683594,
    "reps": 0.1501709669828415
  }
}