{
  "exercise": {
    "f1_macro": 0.3658699456571797,
    "balanced_accuracy": 0.45783132530120485,
    "n": 374
  },
  "phase": {
    "f1_macro": 0.2642424242424242,
    "balanced_accuracy": 0.2943152611660899,
    "n": 374
  },
  "fatigue": {
    "mae": 1.0427285260695187,
    "pearson_r": 0.11535130771552334,
    "n": 374
  },
  "reps": {
    "mae": 0.20727496655199695,
    "n": 374
  },
  "val_total": -0.07004571152243384,
  "val_total_per_task": {
    "exercise": 1.0171796083450317,
    "phase": 0.33201905112853025,
    "fatigue": 1.0427284916454458,
    "reps": 0.03531764864045031
  }
}