{
  "exercise": {
    "f1_macro": 0.24765581908439052,
    "balanced_accuracy": 0.25612745098039214,
    "n": 149
  },
  "phase": {
    "f1_macro": 0.28135904499540865,
    "balanced_accuracy": 0.3074786324786325,
    "n": 149
  },
  "fatigue": {
    "mae": 0.967465394295302,
    "pearson_r": 0.35194033765564753,
    "n": 149
  },
  "reps": {
    "mae": 0.5383387382873552,
    "n": 149
  },
  "val_total": 1.3547072410583496,
  "val_total_per_task": {
    "exercise": 1.3962188959121704,
    "phase": 0.33566105365753174,
    "fatigue": 0.9674654006958008,
    "reps": 0.1926257163286209
  }
}