{
  "exercise": {
    "f1_macro": 0.38183711631857964,
    "balanced_accuracy": 0.4500243809094525,
    "n": 626
  },
  "phase": {
    "f1_macro": 0.2855316995590255,
    "balanced_accuracy": 0.3228849902534113,
    "n": 533
  },
  "fatigue": {
    "mae": 1.0802840455271565,
    "pearson_r": 0.34787950811824336,
    "n": 626
  },
  "reps": {
    "mae": 0.25564907667035913,
    "n": 531
  },
  "val_total": 0.02890656778987604,
  "val_total_per_task": {
    "exercise": 1.2280570759940832,
    "phase": 0.2815702646113813,
    "fatigue": 1.0802840489548997,
    "reps": 0.046748187922583985
  }
}