{
  "exercise": {
    "f1_macro": 0.35717399728734744,
    "balanced_accuracy": 0.43283132530120483,
    "n": 374
  },
  "phase": {
    "f1_macro": 0.310593489127401,
    "balanced_accuracy": 0.32724181895452614,
    "n": 374
  },
  "fatigue": {
    "mae": 0.7328292112299465,
    "pearson_r": 0.5497646464234223,
    "n": 374
  },
  "reps": {
    "mae": 0.21359170870955058,
    "n": 374
  },
  "val_total": -0.15207310347633565,
  "val_total_per_task": {
    "exercise": 1.2246632473991517,
    "phase": 0.33655452329844715,
    "fatigue": 0.732829220792189,
    "reps": 0.037146618460270175
  }
}