{
  "arch": "lstm_raw",
  "summary": {
    "val_total": {
      "mean": 0.34238165333539844,
      "std": 0.14864560961511036,
      "n": 5
    },
    "exercise": {
      "f1_macro": {
        "mean": 0.32626214161587563,
        "std": 0.048659940172220396,
        "n": 5
      },
      "balanced_accuracy": {
        "mean": 0.37857892771895224,
        "std": 0.06551752030049433,
        "n": 5
      }
    },
    "phase": {
      "f1_macro": {
        "mean": 0.3052336368621059,
        "std": 0.031128205413039248,
        "n": 5
      },
      "balanced_accuracy": {
        "mean": 0.33473947286667166,
        "std": 0.008088753380293365,
        "n": 5
      }
    },
    "fatigue": {
      "mae": {
        "mean": 1.0555141837240058,
        "std": 0.08168752597123712,
        "n": 5
      },
      "pearson_r": {
        "mean": 0.19597299356336392,
        "std": 0.20278025268283323,
        "n": 5
      }
    },
    "reps": {
      "mae": {
        "mean": 0.11154532220502408,
        "std": 0.02019422551542336,
        "n": 5
      }
    }
  },
  "enabled_tasks": [
    "exercise",
    "phase",
    "fatigue",
    "reps"
  ],
  "all_results": [
    {
      "seed": 42,
      "fold": 0,
      "test_subjects": [
        "Tias",
        "sivert"
      ],
      "metrics": {
        "exercise": {
          "f1_macro": 0.35647923127834025,
          "balanced_accuracy": 0.4287962615120157,
          "n": 1256
        },
        "phase": {
          "f1_macro": 0.2923242308267426,
          "balanced_accuracy": 0.32824895533158777,
          "n": 1069
        },
        "fatigue": {
          "mae": 1.0889698198646496,
          "pearson_r": 0.3195949295625929,
          "n": 1256
        },
        "reps": {
          "mae": 0.14553012100162704,
          "n": 1067
        },
        "val_total": 0.25255287414903094,
        "val_total_per_task": {
          "exercise": 1.1319700023930543,
          "phase": 0.416680543855497,
          "fatigue": 1.0889698141699384,
          "reps": 0.015057639088363025
        }
      }
    },
    {
      "seed": 42,
      "fold": 1,
      "test_subjects": [
        "Raghild",
        "michael"
      ],
      "metrics": {
        "exercise": {
          "f1_macro": 0.3324851793988582,
          "balanced_accuracy": 0.3825054487991828,
          "n": 1361
        },
        "phase": {
          "f1_macro": 0.3222402685880596,
          "balanced_accuracy": 0.3263558473350395,
          "n": 969
        },
        "fatigue": {
          "mae": 1.1926604977957385,
          "pearson_r": 0.31284111639807943,
          "n": 1361
        },
        "reps": {
          "mae": 0.09612033383812585,
          "n": 964
        },
        "val_total": 0.4513582241701607,
        "val_total_per_task": {
          "exercise": 1.343127177972114,
          "phase": 0.4966289864840707,
          "fatigue": 1.1926604989344018,
          "reps": 0.008251950740444691
        }
      }
    },
    {
      "seed": 42,
      "fold": 2,
      "test_subjects": [
        "Juile",
        "lucas 2"
      ],
      "metrics": {
        "exercise": {
          "f1_macro": 0.33978099317662913,
          "balanced_accuracy": 0.3557224793575605,
          "n": 1509
        },
        "phase": {
          "f1_macro": 0.3214417120767547,
          "balanced_accuracy": 0.3421776968225056,
          "n": 1113
        },
        "fatigue": {
          "mae": 0.9778464628893306,
          "pearson_r": 0.36562601528695143,
          "n": 1509
        },
        "reps": {
          "mae": 0.08783802918394877,
          "n": 1107
        },
        "val_total": 0.39351322624839796,
        "val_total_per_task": {
          "exercise": 1.2626105509821828,
          "phase": 0.5130912066098473,
          "fatigue": 0.9778464643903092,
          "reps": 0.007490711835335824
        }
      }
    },
    {
      "seed": 42,
      "fold": 3,
      "test_subjects": [
        "Hytten",
        "lucas"
      ],
      "metrics": {
        "exercise": {
          "f1_macro": 0.23252059483657905,
          "balanced_accuracy": 0.26829469135024464,
          "n": 1106
        },
        "phase": {
          "f1_macro": 0.33935340022296545,
          "balanced_accuracy": 0.3465738983765549,
          "n": 944
        },
        "fatigue": {
          "mae": 1.0483230673598554,
          "pearson_r": -0.18765916968545346,
          "n": 1106
        },
        "reps": {
          "mae": 0.120071074697481,
          "n": 941
        },
        "val_total": 0.5139403641762829,
        "val_total_per_task": {
          "exercise": 1.5722501750018238,
          "phase": 0.5135906424919046,
          "fatigue": 1.0483230647730353,
          "reps": 0.011403281965830228
        }
      }
    },
    {
      "seed": 42,
      "fold": 4,
      "test_subjects": [
        "kiyomi"
      ],
      "metrics": {
        "exercise": {
          "f1_macro": 0.3700447093889717,
          "balanced_accuracy": 0.4575757575757576,
          "n": 746
        },
        "phase": {
          "f1_macro": 0.2508085725960072,
          "balanced_accuracy": 0.3303409664676706,
          "n": 746
        },
        "fatigue": {
          "mae": 0.9697710707104558,
          "pearson_r": 0.16946207625464932,
          "n": 746
        },
        "reps": {
          "mae": 0.10816705230393774,
          "n": 746
        },
        "val_total": 0.1005435779331197,
        "val_total_per_task": {
          "exercise": 1.0112779079749181,
          "phase": 0.47855863031049833,
          "fatigue": 0.9697710895666168,
          "reps": 0.00999960343006389
        }
      }
    }
  ]
}