{
  "exercise": {
    "f1_macro": 0.3595238095238095,
    "balanced_accuracy": 0.4411764705882353,
    "n": 149
  },
  "phase": {
    "f1_macro": 0.3030243743376539,
    "balanced_accuracy": 0.3173789173789174,
    "n": 149
  },
  "fatigue": {
    "mae": 0.8781721895973155,
    "pearson_r": 0.3318148055185148,
    "n": 149
  },
  "reps": {
    "mae": 0.4813820806600703,
    "n": 149
  },
  "val_total": 1.1777838716570963,
  "val_total_per_task": {
    "exercise": 1.1633808660827227,
    "phase": 0.32071645967912354,
    "fatigue": 0.8781721911974402,
    "reps": 0.1818891861694771
  }
}