{
  "exercise": {
    "f1_macro": 0.17470196584120634,
    "balanced_accuracy": 0.20126907881647388,
    "n": 557
  },
  "phase": {
    "f1_macro": 0.26299016504157696,
    "balanced_accuracy": 0.33060035842293906,
    "n": 477
  },
  "fatigue": {
    "mae": 1.0274208931777378,
    "pearson_r": -0.21396418398459385,
    "n": 557
  },
  "reps": {
    "mae": 0.22658598291115906,
    "n": 474
  },
  "val_total": 0.5150105518755408,
  "val_total_per_task": {
    "exercise": 1.551330891717058,
    "phase": 0.40705444322668244,
    "fatigue": 1.0274208961740217,
    "reps": 0.04198342225308692
  }
}