{
  "arch": "cnn1d_raw",
  "summary": {
    "val_total": {
      "mean": 1.359136871108435,
      "std": 0.1538004633499858,
      "n": 5
    },
    "exercise": {
      "f1_macro": {
        "mean": 0.3780594371668776,
        "std": 0.11131981003443281,
        "n": 5
      },
      "balanced_accuracy": {
        "mean": 0.42476292203946214,
        "std": 0.1020802204344392,
        "n": 5
      }
    },
    "phase": {
      "f1_macro": {
        "mean": 0.2773260106922314,
        "std": 0.053817153679710295,
        "n": 5
      },
      "balanced_accuracy": {
        "mean": 0.32744437021366535,
        "std": 0.04003775250185021,
        "n": 5
      }
    },
    "fatigue": {
      "mae": {
        "mean": 1.3189629825278255,
        "std": 0.0970353461974324,
        "n": 5
      },
      "pearson_r": {
        "mean": 0.08762466230115772,
        "std": 0.2931261631669441,
        "n": 5
      }
    },
    "reps": {
      "mae": {
        "mean": 0.47740896926268306,
        "std": 0.05521669942250742,
        "n": 5
      }
    }
  },
  "enabled_tasks": [
    "exercise",
    "phase",
    "fatigue",
    "reps"
  ],
  "all_results": [
    {
      "seed": 42,
      "fold": 0,
      "test_subjects": [
        "Tias",
        "sivert"
      ],
      "metrics": {
        "exercise": {
          "f1_macro": 0.5892464351581126,
          "balanced_accuracy": 0.5781820037569732,
          "n": 252
        },
        "phase": {
          "f1_macro": 0.36519607843137253,
          "balanced_accuracy": 0.3922768922768923,
          "n": 217
        },
        "fatigue": {
          "mae": 1.2853422619047619,
          "pearson_r": 0.08398573380033823,
          "n": 252
        },
        "reps": {
          "mae": 0.5839835180091524,
          "n": 214
        },
        "val_total": 1.1761964559555054,
        "val_total_per_task": {
          "exercise": 1.0543088912963867,
          "phase": 0.2753329575061798,
          "fatigue": 1.2853423357009888,
          "reps": 0.23076941072940826
        }
      }
    },
    {
      "seed": 42,
      "fold": 1,
      "test_subjects": [
        "Raghild",
        "michael"
      ],
      "metrics": {
        "exercise": {
          "f1_macro": 0.3381322223760944,
          "balanced_accuracy": 0.4744900581909403,
          "n": 266
        },
        "phase": {
          "f1_macro": 0.2835433371515846,
          "balanced_accuracy": 0.34537337662337664,
          "n": 194
        },
        "fatigue": {
          "mae": 1.486577772556391,
          "pearson_r": 0.2574825213942618,
          "n": 266
        },
        "reps": {
          "mae": 0.4522959345054847,
          "n": 189
        },
        "val_total": 1.5136638870812897,
        "val_total_per_task": {
          "exercise": 1.3627596994988005,
          "phase": 0.4089819560373636,
          "fatigue": 1.4865777761416328,
          "reps": 0.1624580612756256
        }
      }
    },
    {
      "seed": 42,
      "fold": 2,
      "test_subjects": [
        "Juile",
        "lucas 2"
      ],
      "metrics": {
        "exercise": {
          "f1_macro": 0.37953016457388294,
          "balanced_accuracy": 0.41236181972789115,
          "n": 304
        },
        "phase": {
          "f1_macro": 0.28683350846718564,
          "balanced_accuracy": 0.30674965959929973,
          "n": 229
        },
        "fatigue": {
          "mae": 1.2462222450657894,
          "pearson_r": 0.10907986357771968,
          "n": 304
        },
        "reps": {
          "mae": 0.4457910667829249,
          "n": 223
        },
        "val_total": 1.247184772240488,
        "val_total_per_task": {
          "exercise": 1.185861493411817,
          "phase": 0.3459533335346925,
          "fatigue": 1.2462222576141357,
          "reps": 0.1420008736221414
        }
      }
    },
    {
      "seed": 42,
      "fold": 3,
      "test_subjects": [
        "Hytten",
        "lucas"
      ],
      "metrics": {
        "exercise": {
          "f1_macro": 0.3122646976873781,
          "balanced_accuracy": 0.3916238657764082,
          "n": 218
        },
        "phase": {
          "f1_macro": 0.20037620037620038,
          "balanced_accuracy": 0.3202435749904104,
          "n": 187
        },
        "fatigue": {
          "mae": 1.36143563646789,
          "pearson_r": -0.4436359329617429,
          "n": 218
        },
        "reps": {
          "mae": 0.4299734348188276,
          "n": 184
        },
        "val_total": 1.5681407451629639,
        "val_total_per_task": {
          "exercise": 1.6529988050460815,
          "phase": 0.3299480974674225,
          "fatigue": 1.3614355325698853,
          "reps": 0.1672801971435547
        }
      }
    },
    {
      "seed": 42,
      "fold": 4,
      "test_subjects": [
        "kiyomi"
      ],
      "metrics": {
        "exercise": {
          "f1_macro": 0.27112366603892024,
          "balanced_accuracy": 0.26715686274509803,
          "n": 149
        },
        "phase": {
          "f1_macro": 0.25068092903481404,
          "balanced_accuracy": 0.2725783475783476,
          "n": 149
        },
        "fatigue": {
          "mae": 1.2152369966442953,
          "pearson_r": 0.4312111256952118,
          "n": 149
        },
        "reps": {
          "mae": 0.4750008921970257,
          "n": 149
        },
        "val_total": 1.2904984951019287,
        "val_total_per_task": {
          "exercise": 1.3404275178909302,
          "phase": 0.3232717216014862,
          "fatigue": 1.215237021446228,
          "reps": 0.1678086370229721
        }
      }
    }
  ]
}