{
  "exercise": {
    "f1_macro": 0.3662603930461073,
    "balanced_accuracy": 0.42165868344394725,
    "n": 252
  },
  "phase": {
    "f1_macro": 0.272312285636736,
    "balanced_accuracy": 0.2913682913682914,
    "n": 217
  },
  "fatigue": {
    "mae": 1.0685298859126984,
    "pearson_r": 0.3376214493269454,
    "n": 252
  },
  "reps": {
    "mae": 0.6615307974829295,
    "n": 214
  },
  "val_total": 1.2854019403457642,
  "val_total_per_task": {
    "exercise": 1.150018572807312,
    "phase": 0.3236347734928131,
    "fatigue": 1.0685299634933472,
    "reps": 0.2909259498119354
  }
}