{
  "exercise": {
    "f1_macro": 0.3240512014372333,
    "balanced_accuracy": 0.35477941176470584,
    "n": 149
  },
  "phase": {
    "f1_macro": 0.2394155790856111,
    "balanced_accuracy": 0.2566951566951567,
    "n": 149
  },
  "fatigue": {
    "mae": 0.9155568372483222,
    "pearson_r": 0.508566838327224,
    "n": 149
  },
  "reps": {
    "mae": 0.428308258408168,
    "n": 149
  },
  "val_total": 0.6353489872593208,
  "val_total_per_task": {
    "exercise": 1.0632060038163358,
    "phase": 0.30114453080916564,
    "fatigue": 0.9155568332480104,
    "reps": 0.14219701610155552
  }
}