{
  "arch": "lstm_raw",
  "summary": {
    "val_total": {
      "mean": 0.4520212390967151,
      "std": 0.18948996140489893,
      "n": 5
    },
    "exercise": {
      "f1_macro": {
        "mean": 0.32138668675172644,
        "std": 0.048190404475254696,
        "n": 5
      },
      "balanced_accuracy": {
        "mean": 0.3877503745830674,
        "std": 0.06544839063568858,
        "n": 5
      }
    },
    "phase": {
      "f1_macro": {
        "mean": 0.2983126567517411,
        "std": 0.044978962611257216,
        "n": 5
      },
      "balanced_accuracy": {
        "mean": 0.3332720752452553,
        "std": 0.005202935481659542,
        "n": 5
      }
    },
    "fatigue": {
      "mae": {
        "mean": 1.094573426079122,
        "std": 0.08725956912667104,
        "n": 5
      },
      "pearson_r": {
        "mean": 0.1796100721331139,
        "std": 0.2328038468929416,
        "n": 5
      }
    },
    "reps": {
      "mae": {
        "mean": 0.11010475318605961,
        "std": 0.01906718261310581,
        "n": 5
      }
    }
  },
  "enabled_tasks": [
    "exercise",
    "phase",
    "fatigue",
    "reps"
  ],
  "all_results": [
    {
      "seed": 42,
      "fold": 0,
      "test_subjects": [
        "Tias",
        "sivert"
      ],
      "metrics": {
        "exercise": {
          "f1_macro": 0.35374805212921984,
          "balanced_accuracy": 0.4243515419555343,
          "n": 1256
        },
        "phase": {
          "f1_macro": 0.3231594880290301,
          "balanced_accuracy": 0.33308709877175274,
          "n": 1069
        },
        "fatigue": {
          "mae": 1.047182897093949,
          "pearson_r": 0.3457108715631049,
          "n": 1256
        },
        "reps": {
          "mae": 0.14237611066687925,
          "n": 1067
        },
        "val_total": 0.28770262382592365,
        "val_total_per_task": {
          "exercise": 1.0848902828374487,
          "phase": 0.42643598063736204,
          "fatigue": 1.047182895195712,
          "reps": 0.01446144407982849
        }
      }
    },
    {
      "seed": 42,
      "fold": 1,
      "test_subjects": [
        "Raghild",
        "michael"
      ],
      "metrics": {
        "exercise": {
          "f1_macro": 0.33245096132473884,
          "balanced_accuracy": 0.3891866544810877,
          "n": 1361
        },
        "phase": {
          "f1_macro": 0.32099647850493357,
          "balanced_accuracy": 0.3248514520974741,
          "n": 969
        },
        "fatigue": {
          "mae": 1.2597527094048493,
          "pearson_r": 0.27036841596376726,
          "n": 1361
        },
        "reps": {
          "mae": 0.09512915540123319,
          "n": 964
        },
        "val_total": 0.7638446165304864,
        "val_total_per_task": {
          "exercise": 1.284369632043355,
          "phase": 0.7027045308799099,
          "fatigue": 1.2597527092296703,
          "reps": 0.007683106768577963
        }
      }
    },
    {
      "seed": 42,
      "fold": 2,
      "test_subjects": [
        "Juile",
        "lucas 2"
      ],
      "metrics": {
        "exercise": {
          "f1_macro": 0.32610602699008207,
          "balanced_accuracy": 0.40441402055529985,
          "n": 1509
        },
        "phase": {
          "f1_macro": 0.2977255151168195,
          "balanced_accuracy": 0.33380894555757945,
          "n": 1113
        },
        "fatigue": {
          "mae": 1.005063369781312,
          "pearson_r": 0.4124672484629505,
          "n": 1509
        },
        "reps": {
          "mae": 0.08765364536517506,
          "n": 1107
        },
        "val_total": 0.4363576003144797,
        "val_total_per_task": {
          "exercise": 1.1401945530301771,
          "phase": 0.5320356574534106,
          "fatigue": 1.0050633793401749,
          "reps": 0.008651298871961274
        }
      }
    },
    {
      "seed": 42,
      "fold": 3,
      "test_subjects": [
        "Hytten",
        "lucas"
      ],
      "metrics": {
        "exercise": {
          "f1_macro": 0.22926767747540708,
          "balanced_accuracy": 0.26473904986280905,
          "n": 1106
        },
        "phase": {
          "f1_macro": 0.337615988579586,
          "balanced_accuracy": 0.3412795464661372,
          "n": 944
        },
        "fatigue": {
          "mae": 1.072396304249548,
          "pearson_r": -0.2399308024476314,
          "n": 1106
        },
        "reps": {
          "mae": 0.11684999079394029,
          "n": 941
        },
        "val_total": 0.5383527887880695,
        "val_total_per_task": {
          "exercise": 1.5501322707474554,
          "phase": 0.507536278064169,
          "fatigue": 1.0723962917465844,
          "reps": 0.011417288641372921
        }
      }
    },
    {
      "seed": 42,
      "fold": 4,
      "test_subjects": [
        "kiyomi"
      ],
      "metrics": {
        "exercise": {
          "f1_macro": 0.3653607158391847,
          "balanced_accuracy": 0.45606060606060606,
          "n": 746
        },
        "phase": {
          "f1_macro": 0.2120658135283364,
          "balanced_accuracy": 0.3333333333333333,
          "n": 746
        },
        "fatigue": {
          "mae": 1.0884718498659518,
          "pearson_r": 0.1094346271233781,
          "n": 746
        },
        "reps": {
          "mae": 0.10851486370307031,
          "n": 746
        },
        "val_total": 0.23384856602461665,
        "val_total_per_task": {
          "exercise": 1.039403174262264,
          "phase": 0.4789657374649201,
          "fatigue": 1.088471874155244,
          "reps": 0.010020877973703372
        }
      }
    }
  ]
}