{
  "exercise": {
    "f1_macro": 0.3481540932749092,
    "balanced_accuracy": 0.40727331719899046,
    "n": 1361
  },
  "phase": {
    "f1_macro": 0.3068533954695044,
    "balanced_accuracy": 0.3427528652498053,
    "n": 969
  },
  "fatigue": {
    "mae": 1.3116461356539308,
    "pearson_r": 0.38339416812771565,
    "n": 1361
  },
  "reps": {
    "mae": 0.09506938820395665,
    "n": 964
  },
  "val_total": -0.015878749191542044,
  "val_total_per_task": {
    "exercise": 1.304719208707536,
    "phase": 0.6877478086974672,
    "fatigue": 1.3116461351283941,
    "reps": 0.007634426722361882
  }
}