{
  "exercise": {
    "f1_macro": 0.6487986994169683,
    "balanced_accuracy": 0.6361546466135982,
    "n": 252
  },
  "phase": {
    "f1_macro": 0.3055229754737144,
    "balanced_accuracy": 0.32748132748132747,
    "n": 217
  },
  "fatigue": {
    "mae": 1.2388082837301588,
    "pearson_r": 0.12306009372465557,
    "n": 252
  },
  "reps": {
    "mae": 0.5991874986510968,
    "n": 214
  },
  "val_total": 1.0209897756576538,
  "val_total_per_task": {
    "exercise": 0.8449835777282715,
    "phase": 0.2794983983039856,
    "fatigue": 1.2388083934783936,
    "reps": 0.24840785562992096
  }
}