{
  "exercise": {
    "f1_macro": 0.12189054726368159,
    "balanced_accuracy": 0.25,
    "n": 304
  },
  "phase": {
    "f1_macro": 0.1983640081799591,
    "balanced_accuracy": 0.3333333333333333,
    "n": 229
  },
  "fatigue": {
    "mae": 2.4093081825657894,
    "pearson_r": 0.6371398881814689,
    "n": 304
  },
  "reps": {
    "mae": 0.6190110410484297,
    "n": 223
  },
  "val_total": 2.197723627090454,
  "val_total_per_task": {
    "exercise": 1.378016471862793,
    "phase": 0.38712042570114136,
    "fatigue": 2.4093081951141357,
    "reps": 0.27313077449798584
  }
}