{
  "exercise": {
    "f1_macro": 0.4433940180251934,
    "balanced_accuracy": 0.5051662451421874,
    "n": 266
  },
  "phase": {
    "f1_macro": 0.24057428214731583,
    "balanced_accuracy": 0.3098394660894661,
    "n": 194
  },
  "fatigue": {
    "mae": 1.4518620770676691,
    "pearson_r": 0.12341926911692079,
    "n": 266
  },
  "reps": {
    "mae": 0.41910406942208295,
    "n": 189
  },
  "val_total": 1.5683791619494445,
  "val_total_per_task": {
    "exercise": 1.5024928114467995,
    "phase": 0.44948393240907136,
    "fatigue": 1.4518620770676691,
    "reps": 0.13621387625099124
  }
}