{
  "exercise": {
    "f1_macro": 0.3693152784874808,
    "balanced_accuracy": 0.45606060606060606,
    "n": 746
  },
  "phase": {
    "f1_macro": 0.30605075715313657,
    "balanced_accuracy": 0.35482936826160566,
    "n": 746
  },
  "fatigue": {
    "mae": 0.8526045157506702,
    "pearson_r": 0.363374930631071,
    "n": 746
  },
  "reps": {
    "mae": 0.10792980560328781,
    "n": 746
  },
  "val_total": -0.6909362521951384,
  "val_total_per_task": {
    "exercise": 1.0289673242747943,
    "phase": 0.47789676475460985,
    "fatigue": 0.8526045141526905,
    "reps": 0.009848361050874874
  }
}