{
  "exercise": {
    "f1_macro": 0.5659756648385982,
    "balanced_accuracy": 0.5601568335808237,
    "n": 96301
  },
  "phase": {
    "f1_macro": 0.3334055673130381,
    "balanced_accuracy": 0.3438654333129641,
    "n": 55121
  },
  "fatigue": {
    "mae": 1.0048974877910262,
    "pearson_r": 0.24541031887420764,
    "n": 96301
  },
  "reps": {
    "mae": 2.8526694280316582,
    "n": 96301
  }
}