{
  "exercise": {
    "f1_macro": 0.2561024844720497,
    "balanced_accuracy": 0.304635761589404,
    "n": 557
  },
  "phase": {
    "f1_macro": 0.2477276827220626,
    "balanced_accuracy": 0.3126088069636457,
    "n": 477
  },
  "fatigue": {
    "mae": 1.0675213195691202,
    "pearson_r": -0.2635031776926857,
    "n": 557
  },
  "reps": {
    "mae": 0.22155059710732478,
    "n": 474
  },
  "val_total": 0.9244482138426556,
  "val_total_per_task": {
    "exercise": 1.466166582098983,
    "phase": 0.40271450956377136,
    "fatigue": 1.067521322565404,
    "reps": 0.040615066003114576
  }
}