{
  "exercise": {
    "f1_macro": 0.08524109014675052,
    "balanced_accuracy": 0.10785748799135945,
    "n": 557
  },
  "phase": {
    "f1_macro": 0.3097752808988764,
    "balanced_accuracy": 0.329531490015361,
    "n": 477
  },
  "fatigue": {
    "mae": 1.0429336849192101,
    "pearson_r": -0.23727415703659507,
    "n": 557
  },
  "reps": {
    "mae": 0.23337335293701916,
    "n": 474
  },
  "val_total": 0.4609543618008735,
  "val_total_per_task": {
    "exercise": 1.656716366858628,
    "phase": 0.405802825194929,
    "fatigue": 1.0429336915538383,
    "reps": 0.042644181200161016
  }
}