{
  "exercise": {
    "f1_macro": 0.27757261972890107,
    "balanced_accuracy": 0.3768326033763082,
    "n": 266
  },
  "phase": {
    "f1_macro": 0.18942189421894218,
    "balanced_accuracy": 0.3333333333333333,
    "n": 194
  },
  "fatigue": {
    "mae": 1.3335291353383458,
    "pearson_r": 0.27667248456109633,
    "n": 266
  },
  "reps": {
    "mae": 0.43297340672601153,
    "n": 189
  },
  "val_total": 0.9114712234726525,
  "val_total_per_task": {
    "exercise": 1.2329892027646976,
    "phase": 0.3798778182581851,
    "fatigue": 1.3335291371309668,
    "reps": 0.14055756160191127
  }
}