{
  "exercise": {
    "f1_macro": 0.35124754110247947,
    "balanced_accuracy": 0.37872576857498297,
    "n": 1509
  },
  "phase": {
    "f1_macro": 0.32209197088361446,
    "balanced_accuracy": 0.32564258247318356,
    "n": 1113
  },
  "fatigue": {
    "mae": 0.8539388667992047,
    "pearson_r": 0.457263930166063,
    "n": 1509
  },
  "reps": {
    "mae": 0.09087230242888066,
    "n": 1107
  },
  "val_total": 1.1093249855411218,
  "val_total_per_task": {
    "exercise": 1.1374392420981718,
    "phase": 0.8222565525331743,
    "fatigue": 0.8539388619012751,
    "reps": 0.007839335091942842
  }
}