{
  "exercise": {
    "f1_macro": 0.24779240436776068,
    "balanced_accuracy": 0.3434624880334559,
    "n": 1361
  },
  "phase": {
    "f1_macro": 0.2192982456140351,
    "balanced_accuracy": 0.3333333333333333,
    "n": 969
  },
  "fatigue": {
    "mae": 1.2621435295738428,
    "pearson_r": 0.3400421632623154,
    "n": 1361
  },
  "reps": {
    "mae": 0.09568156586975415,
    "n": 964
  },
  "val_total": 1.1687846740845982,
  "val_total_per_task": {
    "exercise": 1.2579351074112242,
    "phase": 0.7131402010781024,
    "fatigue": 1.2621435309752744,
    "reps": 0.007753554028154383
  }
}