{
  "arch": "lstm_raw",
  "summary": {
    "val_total": {
      "mean": 0.25317534960621124,
      "std": 0.19881925105570672,
      "n": 5
    },
    "exercise": {
      "f1_macro": {
        "mean": 0.3011127268208367,
        "std": 0.044494352448620426,
        "n": 5
      },
      "balanced_accuracy": {
        "mean": 0.37013189223755527,
        "std": 0.06475737888065378,
        "n": 5
      }
    },
    "phase": {
      "f1_macro": {
        "mean": 0.2755986019354898,
        "std": 0.03827849303684137,
        "n": 5
      },
      "balanced_accuracy": {
        "mean": 0.32051285087393483,
        "std": 0.019844828793506825,
        "n": 5
      }
    },
    "fatigue": {
      "mae": {
        "mean": 1.092677082192949,
        "std": 0.09045560675321204,
        "n": 5
      },
      "pearson_r": {
        "mean": 0.18419240400282716,
        "std": 0.2078105270934632,
        "n": 5
      }
    },
    "reps": {
      "mae": {
        "mean": 0.21023694826375508,
        "std": 0.034107037459740405,
        "n": 5
      }
    }
  },
  "enabled_tasks": [
    "exercise",
    "phase",
    "fatigue",
    "reps"
  ],
  "all_results": [
    {
      "seed": 42,
      "fold": 0,
      "test_subjects": [
        "Tias",
        "sivert"
      ],
      "metrics": {
        "exercise": {
          "f1_macro": 0.2869979149852031,
          "balanced_accuracy": 0.32434610926395524,
          "n": 626
        },
        "phase": {
          "f1_macro": 0.3068067106889437,
          "balanced_accuracy": 0.3242884990253411,
          "n": 533
        },
        "fatigue": {
          "mae": 1.0816381289936101,
          "pearson_r": 0.28184940068221803,
          "n": 626
        },
        "reps": {
          "mae": 0.26583513577263485,
          "n": 531
        },
        "val_total": 0.1122356889346918,
        "val_total_per_task": {
          "exercise": 1.1344538256764032,
          "phase": 0.2846156797660425,
          "fatigue": 1.081638134135225,
          "reps": 0.050698798268843
        }
      }
    },
    {
      "seed": 42,
      "fold": 1,
      "test_subjects": [
        "Raghild",
        "michael"
      ],
      "metrics": {
        "exercise": {
          "f1_macro": 0.2803362200713194,
          "balanced_accuracy": 0.393349823037323,
          "n": 682
        },
        "phase": {
          "f1_macro": 0.3228855786995322,
          "balanced_accuracy": 0.3304843304843305,
          "n": 488
        },
        "fatigue": {
          "mae": 1.2646283907624634,
          "pearson_r": 0.3296811099235971,
          "n": 682
        },
        "reps": {
          "mae": 0.18413284845279212,
          "n": 482
        },
        "val_total": 0.5428783341237178,
        "val_total_per_task": {
          "exercise": 1.261379970133829,
          "phase": 0.5150079901966531,
          "fatigue": 1.2646283897137012,
          "reps": 0.02824711135405599
        }
      }
    },
    {
      "seed": 42,
      "fold": 2,
      "test_subjects": [
        "Juile",
        "lucas 2"
      ],
      "metrics": {
        "exercise": {
          "f1_macro": 0.3342857142857143,
          "balanced_accuracy": 0.4028345029912563,
          "n": 755
        },
        "phase": {
          "f1_macro": 0.27435115178847774,
          "balanced_accuracy": 0.3333893063543372,
          "n": 560
        },
        "fatigue": {
          "mae": 1.0144194950331127,
          "pearson_r": 0.3661308827761272,
          "n": 755
        },
        "reps": {
          "mae": 0.16839725894950977,
          "n": 554
        },
        "val_total": 0.21510447682134362,
        "val_total_per_task": {
          "exercise": 1.1499097064630874,
          "phase": 0.39481253687119644,
          "fatigue": 1.014419486901618,
          "reps": 0.030348030332204522
        }
      }
    },
    {
      "seed": 42,
      "fold": 3,
      "test_subjects": [
        "Hytten",
        "lucas"
      ],
      "metrics": {
        "exercise": {
          "f1_macro": 0.23807383910476693,
          "balanced_accuracy": 0.2722977005940369,
          "n": 557
        },
        "phase": {
          "f1_macro": 0.21319394947335077,
          "balanced_accuracy": 0.3330389144905274,
          "n": 477
        },
        "fatigue": {
          "mae": 1.0803481261220826,
          "pearson_r": -0.20409429203220542,
          "n": 557
        },
        "reps": {
          "mae": 0.2268285061628656,
          "n": 474
        },
        "val_total": 0.4055282635149451,
        "val_total_per_task": {
          "exercise": 1.5239108818009683,
          "phase": 0.3999082678310319,
          "fatigue": 1.0803481291183663,
          "reps": 0.04280681257375267
        }
      }
    },
    {
      "seed": 42,
      "fold": 4,
      "test_subjects": [
        "kiyomi"
      ],
      "metrics": {
        "exercise": {
          "f1_macro": 0.3658699456571797,
          "balanced_accuracy": 0.45783132530120485,
          "n": 374
        },
        "phase": {
          "f1_macro": 0.26075561902714434,
          "balanced_accuracy": 0.2813632040151377,
          "n": 374
        },
        "fatigue": {
          "mae": 1.022351270053476,
          "pearson_r": 0.14739491866439886,
          "n": 374
        },
        "reps": {
          "mae": 0.20599099198097293,
          "n": 374
        },
        "val_total": -0.009870015363642239,
        "val_total_per_task": {
          "exercise": 1.024764293017872,
          "phase": 0.33228430837233436,
          "fatigue": 1.022351235629403,
          "reps": 0.03525847563131608
        }
      }
    }
  ]
}