{
  "exercise": {
    "f1_macro": 0.44033007481882536,
    "balanced_accuracy": 0.45867987295515056,
    "n": 218
  },
  "phase": {
    "f1_macro": 0.2862836548653805,
    "balanced_accuracy": 0.36752013808975836,
    "n": 187
  },
  "fatigue": {
    "mae": 1.204773509174312,
    "pearson_r": -0.16763606760696523,
    "n": 218
  },
  "reps": {
    "mae": 0.431284972830959,
    "n": 184
  },
  "val_total": 1.1921534538269043,
  "val_total_per_task": {
    "exercise": 1.2624598741531372,
    "phase": 0.3399914801120758,
    "fatigue": 1.2047734260559082,
    "reps": 0.1544974446296692
  }
}