{
  "exercise": {
    "f1_macro": 0.35309595581045927,
    "balanced_accuracy": 0.4135058050923436,
    "n": 746
  },
  "phase": {
    "f1_macro": 0.295191277258567,
    "balanced_accuracy": 0.3130401853336897,
    "n": 746
  },
  "fatigue": {
    "mae": 0.5904721012064343,
    "pearson_r": 0.5565707521618476,
    "n": 746
  },
  "reps": {
    "mae": 0.10441053939868394,
    "n": 746
  },
  "val_total": 0.7408214085223528,
  "val_total_per_task": {
    "exercise": 1.4815263217639667,
    "phase": 0.4845847311671873,
    "fatigue": 0.5904721028044141,
    "reps": 0.010326332004426233
  }
}