{
  "exercise": {
    "f1_macro": 0.25703932761286447,
    "balanced_accuracy": 0.29567884386088406,
    "n": 1106
  },
  "phase": {
    "f1_macro": 0.32227832942507967,
    "balanced_accuracy": 0.3403612340993745,
    "n": 944
  },
  "fatigue": {
    "mae": 1.0194464850813743,
    "pearson_r": -0.28670885751184405,
    "n": 1106
  },
  "reps": {
    "mae": 0.11425867176804727,
    "n": 941
  },
  "val_total": 1.2056108437222555,
  "val_total_per_task": {
    "exercise": 1.4551571538607855,
    "phase": 0.5124823174036864,
    "fatigue": 1.0194464777520509,
    "reps": 0.010858130656438753
  }
}