{
  "lr": 0.0025254184090116928,
  "weight_decay": 7.853025071482363e-05,
  "batch_size": 64,
  "dropout": 0.34370398248420503,
  "repr_dim": 64,
  "lstm_hidden": 32,
  "lstm_layers": 1,
  "_patience": 50
}