{
  "exercise": {
    "f1_macro": 0.1341946007787592,
    "balanced_accuracy": 0.13077995152439414,
    "n": 557
  },
  "phase": {
    "f1_macro": 0.33541447810057695,
    "balanced_accuracy": 0.3431707629288274,
    "n": 477
  },
  "fatigue": {
    "mae": 1.0427443334829443,
    "pearson_r": -0.24129016224035862,
    "n": 557
  },
  "reps": {
    "mae": 0.22684334721642188,
    "n": 474
  },
  "val_total": 1.0359274121118405,
  "val_total_per_task": {
    "exercise": 1.807830643183025,
    "phase": 0.3962166201276454,
    "fatigue": 1.0427443336969646,
    "reps": 0.04103446346532079
  }
}