{
  "exercise": {
    "f1_macro": 0.3940739459523516,
    "balanced_accuracy": 0.3919884059392988,
    "n": 304
  },
  "phase": {
    "f1_macro": 0.29534313725490197,
    "balanced_accuracy": 0.3311936717888867,
    "n": 229
  },
  "fatigue": {
    "mae": 1.070762232730263,
    "pearson_r": 0.25383897317096715,
    "n": 304
  },
  "reps": {
    "mae": 0.4126879380631674,
    "n": 223
  },
  "val_total": 1.2523175854431956,
  "val_total_per_task": {
    "exercise": 1.497655219153354,
    "phase": 0.31416145437642146,
    "fatigue": 1.070762232730263,
    "reps": 0.13547014601920782
  }
}