{
  "exercise": {
    "f1_macro": 0.23236881797253311,
    "balanced_accuracy": 0.32272131808333754,
    "n": 1361
  },
  "phase": {
    "f1_macro": 0.2451318862249533,
    "balanced_accuracy": 0.3312992841511813,
    "n": 969
  },
  "fatigue": {
    "mae": 1.2531227038941954,
    "pearson_r": 0.3929335695419955,
    "n": 1361
  },
  "reps": {
    "mae": 0.09725495196562028,
    "n": 964
  },
  "val_total": 1.3368318702787445,
  "val_total_per_task": {
    "exercise": 1.3207072560004152,
    "phase": 0.7018910918841899,
    "fatigue": 1.2531227062591115,
    "reps": 0.007867657354349253
  }
}