{
  "exercise": {
    "f1_macro": 0.36037835439853094,
    "balanced_accuracy": 0.43856866796443655,
    "n": 1256
  },
  "phase": {
    "f1_macro": 0.28006743381141525,
    "balanced_accuracy": 0.33271896591236,
    "n": 1069
  },
  "fatigue": {
    "mae": 1.0758142167595541,
    "pearson_r": 0.31743202003071797,
    "n": 1256
  },
  "reps": {
    "mae": 0.11605145719780428,
    "n": 1067
  },
  "val_total": -0.5325033072453396,
  "val_total_per_task": {
    "exercise": 1.1803357525236289,
    "phase": 0.42542696378792927,
    "fatigue": 1.0758142173290253,
    "reps": 0.010956381862852603
  }
}