{
  "lr": 0.0016284765129487649,
  "weight_decay": 0.00019158219548093185,
  "batch_size": 128,
  "dropout": 0.3090931317527976,
  "repr_dim": 64,
  "lstm_hidden": 64,
  "lstm_layers": 2,
  "_patience": 50
}