{
  "exercise": {
    "f1_macro": 0.39345975686771156,
    "balanced_accuracy": 0.3988501440838216,
    "n": 96301
  },
  "phase": {
    "f1_macro": 0.19699661046382275,
    "balanced_accuracy": 0.3342439936108199,
    "n": 55121
  },
  "fatigue": {
    "mae": 1.0119854699569957,
    "pearson_r": -0.2606556527147121,
    "n": 96301
  },
  "reps": {
    "mae": 2.7110130389387033,
    "n": 96301
  }
}