{
  "arch": "lstm_raw",
  "summary": {
    "val_total": {
      "mean": 0.7938707086432241,
      "std": 0.17923464589591664,
      "n": 5
    },
    "exercise": {
      "f1_macro": {
        "mean": 0.3170344326151247,
        "std": 0.049465781072754574,
        "n": 5
      },
      "balanced_accuracy": {
        "mean": 0.38760275953705936,
        "std": 0.062155349056275094,
        "n": 5
      }
    },
    "phase": {
      "f1_macro": {
        "mean": 0.27101649625293306,
        "std": 0.022707589485347,
        "n": 5
      },
      "balanced_accuracy": {
        "mean": 0.3204426596253457,
        "std": 0.018806988099095093,
        "n": 5
      }
    },
    "fatigue": {
      "mae": {
        "mean": 1.0320120346090598,
        "std": 0.11156448939371993,
        "n": 5
      },
      "pearson_r": {
        "mean": 0.23515225355643327,
        "std": 0.260793271193387,
        "n": 5
      }
    },
    "reps": {
      "mae": {
        "mean": 0.21678353351198623,
        "std": 0.03113535557180837,
        "n": 5
      }
    }
  },
  "enabled_tasks": [
    "exercise",
    "phase",
    "fatigue",
    "reps"
  ],
  "all_results": [
    {
      "seed": 42,
      "fold": 0,
      "test_subjects": [
        "Tias",
        "sivert"
      ],
      "metrics": {
        "exercise": {
          "f1_macro": 0.37406972460163945,
          "balanced_accuracy": 0.44401602161245707,
          "n": 626
        },
        "phase": {
          "f1_macro": 0.2988196137621425,
          "balanced_accuracy": 0.31064327485380117,
          "n": 533
        },
        "fatigue": {
          "mae": 1.0340018470447285,
          "pearson_r": 0.37566367008967927,
          "n": 626
        },
        "reps": {
          "mae": 0.26837023872822496,
          "n": 531
        },
        "val_total": 0.6675990616170743,
        "val_total_per_task": {
          "exercise": 1.1394932258624237,
          "phase": 0.2873070729426302,
          "fatigue": 1.034001853138494,
          "reps": 0.05129429451026284
        }
      }
    },
    {
      "seed": 42,
      "fold": 1,
      "test_subjects": [
        "Raghild",
        "michael"
      ],
      "metrics": {
        "exercise": {
          "f1_macro": 0.260184547623101,
          "balanced_accuracy": 0.3207555130058271,
          "n": 682
        },
        "phase": {
          "f1_macro": 0.2978538372136254,
          "balanced_accuracy": 0.3367717850476471,
          "n": 488
        },
        "fatigue": {
          "mae": 1.2093738544721409,
          "pearson_r": 0.21656466966937363,
          "n": 682
        },
        "reps": {
          "mae": 0.19385168059145513,
          "n": 482
        },
        "val_total": 1.0614273974622799,
        "val_total_per_task": {
          "exercise": 1.2895862891876801,
          "phase": 0.5286770817820977,
          "fatigue": 1.2093738579680144,
          "reps": 0.0304912188885149
        }
      }
    },
    {
      "seed": 42,
      "fold": 2,
      "test_subjects": [
        "Juile",
        "lucas 2"
      ],
      "metrics": {
        "exercise": {
          "f1_macro": 0.3376196979067653,
          "balanced_accuracy": 0.41981132075471694,
          "n": 755
        },
        "phase": {
          "f1_macro": 0.2502867034512604,
          "balanced_accuracy": 0.3470140725503641,
          "n": 560
        },
        "fatigue": {
          "mae": 0.981275869205298,
          "pearson_r": 0.4368617262763095,
          "n": 755
        },
        "reps": {
          "mae": 0.17684805540734438,
          "n": 554
        },
        "val_total": 0.7556355808744367,
        "val_total_per_task": {
          "exercise": 1.1176937343268996,
          "phase": 0.39589516607341385,
          "fatigue": 0.981275862889574,
          "reps": 0.02998966368421024
        }
      }
    },
    {
      "seed": 42,
      "fold": 3,
      "test_subjects": [
        "Hytten",
        "lucas"
      ],
      "metrics": {
        "exercise": {
          "f1_macro": 0.2561024844720497,
          "balanced_accuracy": 0.304635761589404,
          "n": 557
        },
        "phase": {
          "f1_macro": 0.2477276827220626,
          "balanced_accuracy": 0.3126088069636457,
          "n": 477
        },
        "fatigue": {
          "mae": 1.0675213195691202,
          "pearson_r": -0.2635031776926857,
          "n": 557
        },
        "reps": {
          "mae": 0.22155059710732478,
          "n": 474
        },
        "val_total": 0.9244482138426556,
        "val_total_per_task": {
          "exercise": 1.466166582098983,
          "phase": 0.40271450956377136,
          "fatigue": 1.067521322565404,
          "reps": 0.040615066003114576
        }
      }
    },
    {
      "seed": 42,
      "fold": 4,
      "test_subjects": [
        "kiyomi"
      ],
      "metrics": {
        "exercise": {
          "f1_macro": 0.35719570847206805,
          "balanced_accuracy": 0.4487951807228916,
          "n": 374
        },
        "phase": {
          "f1_macro": 0.2603946441155744,
          "balanced_accuracy": 0.2951753587112703,
          "n": 374
        },
        "fatigue": {
          "mae": 0.8678872827540107,
          "pearson_r": 0.41017437943948964,
          "n": 374
        },
        "reps": {
          "mae": 0.22329709572558176,
          "n": 374
        },
        "val_total": 0.5602432894196739,
        "val_total_per_task": {
          "exercise": 1.0494928168740503,
          "phase": 0.33386077504744505,
          "fatigue": 0.8678872661794571,
          "reps": 0.03755163335624863
        }
      }
    }
  ]
}