{
  "exercise": {
    "f1_macro": 0.3695597165991903,
    "balanced_accuracy": 0.4575757575757576,
    "n": 746
  },
  "phase": {
    "f1_macro": 0.29006739016857463,
    "balanced_accuracy": 0.33289524488401795,
    "n": 746
  },
  "fatigue": {
    "mae": 0.7754691689008043,
    "pearson_r": 0.4028888291866706,
    "n": 746
  },
  "reps": {
    "mae": 0.10695576583392338,
    "n": 746
  },
  "val_total": -0.7321543092702093,
  "val_total_per_task": {
    "exercise": 1.0821215767643086,
    "phase": 0.47901416288304266,
    "fatigue": 0.7754691720967638,
    "reps": 0.009667671464093969
  }
}