{
  "exercise": {
    "f1_macro": 0.10237128704018311,
    "balanced_accuracy": 0.1423992673992674,
    "n": 304
  },
  "phase": {
    "f1_macro": 0.3051683262209578,
    "balanced_accuracy": 0.328113855929456,
    "n": 229
  },
  "fatigue": {
    "mae": 1.0071443256578947,
    "pearson_r": 0.11491846984544798,
    "n": 304
  },
  "reps": {
    "mae": 0.39496385705795123,
    "n": 223
  },
  "val_total": 0.927277828517713,
  "val_total_per_task": {
    "exercise": 1.5436770853243376,
    "phase": 0.3690315124235655,
    "fatigue": 1.0071443319320679,
    "reps": 0.14548539566366295
  }
}