{
  "exercise": {
    "f1_macro": 0.12362030905077263,
    "balanced_accuracy": 0.25,
    "n": 682
  },
  "phase": {
    "f1_macro": 0.21481481481481482,
    "balanced_accuracy": 0.3333333333333333,
    "n": 488
  },
  "fatigue": {
    "mae": 1.2577437683284458,
    "pearson_r": 0.2613550386032906,
    "n": 682
  },
  "reps": {
    "mae": 0.17632864833774656,
    "n": 482
  },
  "val_total": 1.4463742017046797,
  "val_total_per_task": {
    "exercise": 1.354220109950762,
    "phase": 0.35107021676130656,
    "fatigue": 1.2577437774177171,
    "reps": 0.028488531572159782
  }
}