{
  "lr": 0.0028735469624427603,
  "weight_decay": 6.745879827967496e-06,
  "batch_size": 64,
  "dropout": 0.26566270295976413,
  "repr_dim": 64,
  "lstm_hidden": 32,
  "lstm_layers": 1,
  "_patience": 50
}