{
  "exercise": {
    "f1_macro": 0.3486904746400427,
    "balanced_accuracy": 0.4266415834804654,
    "n": 682
  },
  "phase": {
    "f1_macro": 0.33989705521490426,
    "balanced_accuracy": 0.34924845269672855,
    "n": 488
  },
  "fatigue": {
    "mae": 1.2476344849706744,
    "pearson_r": 0.27727588471287823,
    "n": 682
  },
  "reps": {
    "mae": 0.1786606362885583,
    "n": 482
  },
  "val_total": 0.45579533423146895,
  "val_total_per_task": {
    "exercise": 1.4201551924003535,
    "phase": 0.5051367891149438,
    "fatigue": 1.2476344870681986,
    "reps": 0.02643637538305825
  }
}