{
  "exercise": {
    "f1_macro": 0.42030634988381466,
    "balanced_accuracy": 0.49363086792918387,
    "n": 266
  },
  "phase": {
    "f1_macro": 0.18942189421894218,
    "balanced_accuracy": 0.3333333333333333,
    "n": 194
  },
  "fatigue": {
    "mae": 1.200936912593985,
    "pearson_r": 0.27589107057864065,
    "n": 266
  },
  "reps": {
    "mae": 0.4440786880613477,
    "n": 189
  },
  "val_total": 1.4497582930371278,
  "val_total_per_task": {
    "exercise": 1.2623781485665113,
    "phase": 0.3454934959124802,
    "fatigue": 1.200936912593985,
    "reps": 0.14672149930681502
  }
}