{
  "exercise": {
    "f1_macro": 0.4018009226417541,
    "balanced_accuracy": 0.46052067344354175,
    "n": 1256
  },
  "phase": {
    "f1_macro": 0.26252132665260236,
    "balanced_accuracy": 0.3267179127110669,
    "n": 1069
  },
  "fatigue": {
    "mae": 1.078249402866242,
    "pearson_r": 0.36596939966799014,
    "n": 1256
  },
  "reps": {
    "mae": 0.1166116549430944,
    "n": 1067
  },
  "val_total": 0.0572267011472374,
  "val_total_per_task": {
    "exercise": 1.3933143623315605,
    "phase": 0.425703087050444,
    "fatigue": 1.0782493979308256,
    "reps": 0.010780613305889497
  }
}