{
  "exercise": {
    "f1_macro": 0.43079772559887153,
    "balanced_accuracy": 0.49148469146464335,
    "n": 266
  },
  "phase": {
    "f1_macro": 0.33062089173992243,
    "balanced_accuracy": 0.354527417027417,
    "n": 194
  },
  "fatigue": {
    "mae": 1.683145852913534,
    "pearson_r": 0.10355873425873714,
    "n": 266
  },
  "reps": {
    "mae": 0.4043880408856446,
    "n": 189
  },
  "val_total": 1.5195623985806803,
  "val_total_per_task": {
    "exercise": 1.3026028934277987,
    "phase": 0.41671030682728705,
    "fatigue": 1.6831458538098443,
    "reps": 0.1259951340524774
  }
}