{
  "exercise": {
    "f1_macro": 0.4182080385136553,
    "balanced_accuracy": 0.47778177039592157,
    "n": 252
  },
  "phase": {
    "f1_macro": 0.33373655913978495,
    "balanced_accuracy": 0.35662585662585666,
    "n": 217
  },
  "fatigue": {
    "mae": 1.0544084821428572,
    "pearson_r": 0.3720631619250933,
    "n": 252
  },
  "reps": {
    "mae": 0.6121089478310581,
    "n": 214
  },
  "val_total": 1.045174379197378,
  "val_total_per_task": {
    "exercise": 1.0811794371831984,
    "phase": 0.31276154707348536,
    "fatigue": 1.0544084764662243,
    "reps": 0.25992409388224286
  }
}