{
  "lr": 0.00010218376758008094,
  "weight_decay": 0.0002795015916508333,
  "batch_size": 256,
  "dropout": 0.12961786069363615,
  "repr_dim": 256,
  "_patience": 50
}