{
  "exercise": {
    "f1_macro": 0.350337268618607,
    "balanced_accuracy": 0.4186303974135674,
    "n": 1256
  },
  "phase": {
    "f1_macro": 0.28240596972706394,
    "balanced_accuracy": 0.32382282813802793,
    "n": 1069
  },
  "fatigue": {
    "mae": 1.076420680732484,
    "pearson_r": 0.3143348264572479,
    "n": 1256
  },
  "reps": {
    "mae": 0.11745654972140951,
    "n": 1067
  },
  "val_total": -0.5416326743022651,
  "val_total_per_task": {
    "exercise": 1.14836615969421,
    "phase": 0.42618568858523276,
    "fatigue": 1.0764206811121315,
    "reps": 0.011262604557452309
  }
}