{
  "exercise": {
    "f1_macro": 0.519507307303823,
    "balanced_accuracy": 0.5781979314457262,
    "n": 266
  },
  "phase": {
    "f1_macro": 0.33609831029185866,
    "balanced_accuracy": 0.3590367965367965,
    "n": 194
  },
  "fatigue": {
    "mae": 1.1875,
    "pearson_r": 0.29699882376021197,
    "n": 266
  },
  "reps": {
    "mae": 0.4167758728914633,
    "n": 189
  },
  "val_total": 1.308238635385843,
  "val_total_per_task": {
    "exercise": 1.295598990935132,
    "phase": 0.39021251076146174,
    "fatigue": 1.187500001792621,
    "reps": 0.1415393657254097
  }
}