{
  "lr": 0.00029528133401304535,
  "weight_decay": 5.684599066351e-05,
  "batch_size": 64,
  "dropout": 0.37824538660638235,
  "repr_dim": 64,
  "lstm_hidden": 32,
  "lstm_layers": 1,
  "_patience": 50
}