{
  "arch": "cnn1d_raw",
  "summary": {
    "val_total": {
      "mean": 1.3268956184387206,
      "std": 0.10905797391358939,
      "n": 5
    },
    "exercise": {
      "f1_macro": {
        "mean": 0.38688266583953546,
        "std": 0.10177204239258074,
        "n": 5
      },
      "balanced_accuracy": {
        "mean": 0.42028630417255536,
        "std": 0.0967073632661698,
        "n": 5
      }
    },
    "phase": {
      "f1_macro": {
        "mean": 0.27084054074373787,
        "std": 0.053605098131203,
        "n": 5
      },
      "balanced_accuracy": {
        "mean": 0.3347347696049464,
        "std": 0.014012737323123605,
        "n": 5
      }
    },
    "fatigue": {
      "mae": {
        "mean": 1.2415241223408509,
        "std": 0.0872628167611127,
        "n": 5
      },
      "pearson_r": {
        "mean": 0.10678473748266752,
        "std": 0.25705524254599654,
        "n": 5
      }
    },
    "reps": {
      "mae": {
        "mean": 0.5059585699382577,
        "std": 0.09923158520648921,
        "n": 5
      }
    }
  },
  "enabled_tasks": [
    "exercise",
    "phase",
    "fatigue",
    "reps"
  ],
  "all_results": [
    {
      "seed": 42,
      "fold": 0,
      "test_subjects": [
        "Tias",
        "sivert"
      ],
      "metrics": {
        "exercise": {
          "f1_macro": 0.45017020987283457,
          "balanced_accuracy": 0.4718477812319102,
          "n": 252
        },
        "phase": {
          "f1_macro": 0.1695303550973654,
          "balanced_accuracy": 0.3333333333333333,
          "n": 217
        },
        "fatigue": {
          "mae": 1.1907862103174602,
          "pearson_r": 0.10181733682664323,
          "n": 252
        },
        "reps": {
          "mae": 0.6660896035903525,
          "n": 214
        },
        "val_total": 1.1952881813049316,
        "val_total_per_task": {
          "exercise": 1.0395363569259644,
          "phase": 0.3095075190067291,
          "fatigue": 1.1907862424850464,
          "reps": 0.30326157808303833
        }
      }
    },
    {
      "seed": 42,
      "fold": 1,
      "test_subjects": [
        "Raghild",
        "michael"
      ],
      "metrics": {
        "exercise": {
          "f1_macro": 0.43973595094356377,
          "balanced_accuracy": 0.5237364546706968,
          "n": 266
        },
        "phase": {
          "f1_macro": 0.28709536827925036,
          "balanced_accuracy": 0.3085768398268398,
          "n": 194
        },
        "fatigue": {
          "mae": 1.3812999295112782,
          "pearson_r": 0.2835586677597459,
          "n": 266
        },
        "reps": {
          "mae": 0.44731083917357617,
          "n": 189
        },
        "val_total": 1.3471596240997314,
        "val_total_per_task": {
          "exercise": 1.3490736484527588,
          "phase": 0.3145879805088043,
          "fatigue": 1.3812999725341797,
          "reps": 0.15891112387180328
        }
      }
    },
    {
      "seed": 42,
      "fold": 2,
      "test_subjects": [
        "Juile",
        "lucas 2"
      ],
      "metrics": {
        "exercise": {
          "f1_macro": 0.5008054452677911,
          "balanced_accuracy": 0.48397027080062793,
          "n": 304
        },
        "phase": {
          "f1_macro": 0.3142347736127314,
          "balanced_accuracy": 0.3465927510860403,
          "n": 229
        },
        "fatigue": {
          "mae": 1.2816097861842106,
          "pearson_r": 0.06873895647461459,
          "n": 304
        },
        "reps": {
          "mae": 0.40167004994697236,
          "n": 223
        },
        "val_total": 1.3074536323547363,
        "val_total_per_task": {
          "exercise": 1.3599680662155151,
          "phase": 0.3279990255832672,
          "fatigue": 1.2816097736358643,
          "reps": 0.12319905310869217
        }
      }
    },
    {
      "seed": 42,
      "fold": 3,
      "test_subjects": [
        "Hytten",
        "lucas"
      ],
      "metrics": {
        "exercise": {
          "f1_macro": 0.2191919191919192,
          "balanced_accuracy": 0.25882554357130627,
          "n": 218
        },
        "phase": {
          "f1_macro": 0.31500214995360626,
          "balanced_accuracy": 0.34656693517453013,
          "n": 187
        },
        "fatigue": {
          "mae": 1.2318216026376148,
          "pearson_r": -0.34004289679536825,
          "n": 218
        },
        "reps": {
          "mae": 0.43926931690910587,
          "n": 184
        },
        "val_total": 1.5203638076782227,
        "val_total_per_task": {
          "exercise": 1.7368711233139038,
          "phase": 0.3242829740047455,
          "fatigue": 1.2318215370178223,
          "reps": 0.17327237129211426
        }
      }
    },
    {
      "seed": 42,
      "fold": 4,
      "test_subjects": [
        "kiyomi"
      ],
      "metrics": {
        "exercise": {
          "f1_macro": 0.32450980392156864,
          "balanced_accuracy": 0.3630514705882353,
          "n": 149
        },
        "phase": {
          "f1_macro": 0.26834005677573586,
          "balanced_accuracy": 0.3386039886039886,
          "n": 149
        },
        "fatigue": {
          "mae": 1.1221030830536913,
          "pearson_r": 0.41985162314770214,
          "n": 149
        },
        "reps": {
          "mae": 0.5754530400712818,
          "n": 149
        },
        "val_total": 1.2642128467559814,
        "val_total_per_task": {
          "exercise": 1.3792482614517212,
          "phase": 0.3188902735710144,
          "fatigue": 1.1221030950546265,
          "reps": 0.2185760885477066
        }
      }
    }
  ]
}