{
  "arch": "cnn1d_raw",
  "summary": {
    "val_total": {
      "mean": 1.4016339260832709,
      "std": 0.20016488869841226,
      "n": 5
    },
    "exercise": {
      "f1_macro": {
        "mean": 0.38341796180557774,
        "std": 0.1337899806783103,
        "n": 5
      },
      "balanced_accuracy": {
        "mean": 0.4114010699281173,
        "std": 0.13433056388784356,
        "n": 5
      }
    },
    "phase": {
      "f1_macro": {
        "mean": 0.3250541644280848,
        "std": 0.022672957286083675,
        "n": 5
      },
      "balanced_accuracy": {
        "mean": 0.35542918175615973,
        "std": 0.017138105089897045,
        "n": 5
      }
    },
    "fatigue": {
      "mae": {
        "mean": 1.2366085788711292,
        "std": 0.26684062887924315,
        "n": 5
      },
      "pearson_r": {
        "mean": 0.0602836779248622,
        "std": 0.22965112800099047,
        "n": 5
      }
    },
    "reps": {
      "mae": {
        "mean": 0.4894692081939723,
        "std": 0.07529443471071022,
        "n": 5
      }
    }
  },
  "enabled_tasks": [
    "exercise",
    "phase",
    "fatigue",
    "reps"
  ],
  "all_results": [
    {
      "seed": 42,
      "fold": 0,
      "test_subjects": [
        "Tias",
        "sivert"
      ],
      "metrics": {
        "exercise": {
          "f1_macro": 0.584023199023199,
          "balanced_accuracy": 0.572886107173147,
          "n": 252
        },
        "phase": {
          "f1_macro": 0.31379495437466454,
          "balanced_accuracy": 0.33960883960883964,
          "n": 217
        },
        "fatigue": {
          "mae": 1.2553168402777777,
          "pearson_r": 0.18190662964524876,
          "n": 252
        },
        "reps": {
          "mae": 0.5256288149437615,
          "n": 214
        },
        "val_total": 1.100350260734558,
        "val_total_per_task": {
          "exercise": 0.8832080364227295,
          "phase": 0.27539512515068054,
          "fatigue": 1.2553168535232544,
          "reps": 0.197483628988266
        }
      }
    },
    {
      "seed": 42,
      "fold": 1,
      "test_subjects": [
        "Raghild",
        "michael"
      ],
      "metrics": {
        "exercise": {
          "f1_macro": 0.43399433009814514,
          "balanced_accuracy": 0.5191202475685235,
          "n": 266
        },
        "phase": {
          "f1_macro": 0.3105263157894737,
          "balanced_accuracy": 0.34875541125541126,
          "n": 194
        },
        "fatigue": {
          "mae": 1.7264450187969924,
          "pearson_r": -0.0296876932465786,
          "n": 266
        },
        "reps": {
          "mae": 0.4579684826885424,
          "n": 189
        },
        "val_total": 1.6668753480552732,
        "val_total_per_task": {
          "exercise": 1.3397716973957263,
          "phase": 0.4088350525475982,
          "fatigue": 1.7264450205896134,
          "reps": 0.15122238675454505
        }
      }
    },
    {
      "seed": 42,
      "fold": 2,
      "test_subjects": [
        "Juile",
        "lucas 2"
      ],
      "metrics": {
        "exercise": {
          "f1_macro": 0.3822453440496773,
          "balanced_accuracy": 0.3611390469649398,
          "n": 304
        },
        "phase": {
          "f1_macro": 0.35978835978835977,
          "balanced_accuracy": 0.3844906957141931,
          "n": 229
        },
        "fatigue": {
          "mae": 1.1161081414473684,
          "pearson_r": 0.1766221378326971,
          "n": 304
        },
        "reps": {
          "mae": 0.3812407017497538,
          "n": 223
        },
        "val_total": 1.3256045517168547,
        "val_total_per_task": {
          "exercise": 1.3712425231933594,
          "phase": 0.33090922393296895,
          "fatigue": 1.1161081539957147,
          "reps": 0.11452188617304752
        }
      }
    },
    {
      "seed": 42,
      "fold": 3,
      "test_subjects": [
        "Hytten",
        "lucas"
      ],
      "metrics": {
        "exercise": {
          "f1_macro": 0.17053644473878998,
          "balanced_accuracy": 0.1878060263653484,
          "n": 218
        },
        "phase": {
          "f1_macro": 0.3427841634738186,
          "balanced_accuracy": 0.36454737245876484,
          "n": 187
        },
        "fatigue": {
          "mae": 1.1564291857798166,
          "pearson_r": -0.3425928176514573,
          "n": 218
        },
        "reps": {
          "mae": 0.4742849854671437,
          "n": 184
        },
        "val_total": 1.5741698741912842,
        "val_total_per_task": {
          "exercise": 1.6698076725006104,
          "phase": 0.33279627561569214,
          "fatigue": 1.1564291715621948,
          "reps": 0.1971801370382309
        }
      }
    },
    {
      "seed": 42,
      "fold": 4,
      "test_subjects": [
        "kiyomi"
      ],
      "metrics": {
        "exercise": {
          "f1_macro": 0.3462904911180773,
          "balanced_accuracy": 0.41605392156862747,
          "n": 149
        },
        "phase": {
          "f1_macro": 0.2983770287141074,
          "balanced_accuracy": 0.3397435897435897,
          "n": 149
        },
        "fatigue": {
          "mae": 0.9287437080536913,
          "pearson_r": 0.3151701330444011,
          "n": 149
        },
        "reps": {
          "mae": 0.6082230561206605,
          "n": 149
        },
        "val_total": 1.3411695957183838,
        "val_total_per_task": {
          "exercise": 1.421340823173523,
          "phase": 0.3483574390411377,
          "fatigue": 0.9287437200546265,
          "reps": 0.2418540120124817
        }
      }
    }
  ]
}