{
  "exercise": {
    "f1_macro": 0.26237579042457093,
    "balanced_accuracy": 0.31501883239171374,
    "n": 218
  },
  "phase": {
    "f1_macro": 0.235042735042735,
    "balanced_accuracy": 0.30370157268891446,
    "n": 187
  },
  "fatigue": {
    "mae": 1.2847620412844036,
    "pearson_r": -0.3393566712742888,
    "n": 218
  },
  "reps": {
    "mae": 0.500483233967553,
    "n": 184
  },
  "val_total": 1.2012148690879891,
  "val_total_per_task": {
    "exercise": 1.3425696300804069,
    "phase": 0.3219129568939909,
    "fatigue": 1.2847620565956885,
    "reps": 0.17841459783392216
  }
}