{
  "exercise": {
    "f1_macro": 0.36877689151240045,
    "balanced_accuracy": 0.40713096045894764,
    "n": 266
  },
  "phase": {
    "f1_macro": 0.30274731753330975,
    "balanced_accuracy": 0.3522727272727273,
    "n": 194
  },
  "fatigue": {
    "mae": 1.543497415413534,
    "pearson_r": 0.32560162510990986,
    "n": 266
  },
  "reps": {
    "mae": 0.5082563380538313,
    "n": 189
  },
  "val_total": 1.3165927650336933,
  "val_total_per_task": {
    "exercise": 1.3096875086762851,
    "phase": 0.3825071091042425,
    "fatigue": 1.543497413620913,
    "reps": 0.17005515994882225
  }
}