{
  "exercise": {
    "f1_macro": 0.3805306061515693,
    "balanced_accuracy": 0.4090634650819096,
    "n": 626
  },
  "phase": {
    "f1_macro": 0.3377347526674332,
    "balanced_accuracy": 0.3457309941520468,
    "n": 533
  },
  "fatigue": {
    "mae": 1.052746855031949,
    "pearson_r": 0.3740377500962549,
    "n": 626
  },
  "reps": {
    "mae": 0.26202500348195096,
    "n": 531
  },
  "val_total": 0.005011371911143343,
  "val_total_per_task": {
    "exercise": 1.1966964467264973,
    "phase": 0.2777499380393531,
    "fatigue": 1.0527468601735637,
    "reps": 0.04818577892459429
  }
}