{
  "exercise": {
    "f1_macro": 0.3017263001349331,
    "balanced_accuracy": 0.30638363483412356,
    "n": 132918
  },
  "phase": {
    "f1_macro": 0.17066394511538244,
    "balanced_accuracy": 0.33253544466949,
    "n": 78741
  },
  "fatigue": {
    "mae": 1.1171739346558553,
    "pearson_r": 0.3389377719683877,
    "n": 132918
  },
  "reps": {
    "mae": 3.114350836215914,
    "n": 132918
  }
}