{
  "arch": "lstm_raw",
  "summary": {
    "val_total": {
      "mean": 0.16461979486633763,
      "std": 0.243960747462924,
      "n": 5
    },
    "exercise": {
      "f1_macro": {
        "mean": 0.3352691995277655,
        "std": 0.10551680108708235,
        "n": 5
      },
      "balanced_accuracy": {
        "mean": 0.3593531477513981,
        "std": 0.11624615166684067,
        "n": 5
      }
    },
    "phase": {
      "f1_macro": {
        "mean": 0.3200528585808267,
        "std": 0.020225302529551615,
        "n": 5
      },
      "balanced_accuracy": {
        "mean": 0.336219619571855,
        "std": 0.020529281984297817,
        "n": 5
      }
    },
    "fatigue": {
      "mae": {
        "mean": 1.0087634471459976,
        "std": 0.1438972049446025,
        "n": 5
      },
      "pearson_r": {
        "mean": 0.26888450260542085,
        "std": 0.25961940825197233,
        "n": 5
      }
    },
    "reps": {
      "mae": {
        "mean": 0.19965478638767098,
        "std": 0.02121523601249467,
        "n": 5
      }
    }
  },
  "enabled_tasks": [
    "exercise",
    "phase",
    "fatigue",
    "reps"
  ],
  "all_results": [
    {
      "seed": 42,
      "fold": 0,
      "test_subjects": [
        "Tias",
        "sivert"
      ],
      "metrics": {
        "exercise": {
          "f1_macro": 0.4328155897317724,
          "balanced_accuracy": 0.4624740674022046,
          "n": 626
        },
        "phase": {
          "f1_macro": 0.2946748936642086,
          "balanced_accuracy": 0.3118908382066277,
          "n": 533
        },
        "fatigue": {
          "mae": 1.0938685603035143,
          "pearson_r": 0.2588805779393749,
          "n": 626
        },
        "reps": {
          "mae": 0.22411799070683155,
          "n": 531
        },
        "val_total": 0.07243128706471988,
        "val_total_per_task": {
          "exercise": 1.2342669651531184,
          "phase": 0.277639369518993,
          "fatigue": 1.093868565445129,
          "reps": 0.03849570681683172
        }
      }
    },
    {
      "seed": 42,
      "fold": 1,
      "test_subjects": [
        "Raghild",
        "michael"
      ],
      "metrics": {
        "exercise": {
          "f1_macro": 0.3753618659391187,
          "balanced_accuracy": 0.4122602333579093,
          "n": 682
        },
        "phase": {
          "f1_macro": 0.3152421229658208,
          "balanced_accuracy": 0.3398418312211416,
          "n": 488
        },
        "fatigue": {
          "mae": 1.131105663489736,
          "pearson_r": 0.41748240309039314,
          "n": 682
        },
        "reps": {
          "mae": 0.18280138357453574,
          "n": 482
        },
        "val_total": 0.42682341466551305,
        "val_total_per_task": {
          "exercise": 1.461031148860182,
          "phase": 0.5091267862627583,
          "fatigue": 1.131105663489736,
          "reps": 0.0277552363460015
        }
      }
    },
    {
      "seed": 42,
      "fold": 2,
      "test_subjects": [
        "Juile",
        "lucas 2"
      ],
      "metrics": {
        "exercise": {
          "f1_macro": 0.39600691571947383,
          "balanced_accuracy": 0.43037935241873315,
          "n": 755
        },
        "phase": {
          "f1_macro": 0.3558999647763297,
          "balanced_accuracy": 0.37124106180820843,
          "n": 560
        },
        "fatigue": {
          "mae": 0.9523644453642384,
          "pearson_r": 0.4486708884497846,
          "n": 755
        },
        "reps": {
          "mae": 0.17027180587674495,
          "n": 554
        },
        "val_total": -0.08093897664783806,
        "val_total_per_task": {
          "exercise": 1.1952436305039766,
          "phase": 0.394876769796902,
          "fatigue": 0.9523644362064387,
          "reps": 0.029348530575929097
        }
      }
    },
    {
      "seed": 42,
      "fold": 3,
      "test_subjects": [
        "Hytten",
        "lucas"
      ],
      "metrics": {
        "exercise": {
          "f1_macro": 0.13317183816676717,
          "balanced_accuracy": 0.13786487792399738,
          "n": 557
        },
        "phase": {
          "f1_macro": 0.3234327712926935,
          "balanced_accuracy": 0.33837045570916535,
          "n": 477
        },
        "fatigue": {
          "mae": 1.115904118043088,
          "pearson_r": -0.23076389834056762,
          "n": 557
        },
        "reps": {
          "mae": 0.22210749965072668,
          "n": 474
        },
        "val_total": 0.48273270241448013,
        "val_total_per_task": {
          "exercise": 1.7286786819060787,
          "phase": 0.4033435223560573,
          "fatigue": 1.1159041248917365,
          "reps": 0.04060696399163729
        }
      }
    },
    {
      "seed": 42,
      "fold": 4,
      "test_subjects": [
        "kiyomi"
      ],
      "metrics": {
        "exercise": {
          "f1_macro": 0.33898978808169533,
          "balanced_accuracy": 0.353787207654146,
          "n": 374
        },
        "phase": {
          "f1_macro": 0.3110145402050809,
          "balanced_accuracy": 0.3197539109141319,
          "n": 374
        },
        "fatigue": {
          "mae": 0.7505744485294118,
          "pearson_r": 0.45015254188811943,
          "n": 374
        },
        "reps": {
          "mae": 0.19897525212951603,
          "n": 374
        },
        "val_total": -0.07794945316518692,
        "val_total_per_task": {
          "exercise": 1.448857220736417,
          "phase": 0.33725768933321704,
          "fatigue": 0.7505744529917916,
          "reps": 0.03558122514084699
        }
      }
    }
  ]
}