{
  "exercise": {
    "f1_macro": 0.3262622543842221,
    "balanced_accuracy": 0.41008674567125436,
    "n": 1256
  },
  "phase": {
    "f1_macro": 0.2628379485498935,
    "balanced_accuracy": 0.32683859202590093,
    "n": 1069
  },
  "fatigue": {
    "mae": 1.1210159982085988,
    "pearson_r": 0.2106828428959187,
    "n": 1256
  },
  "reps": {
    "mae": 0.1411195407960225,
    "n": 1067
  },
  "val_total": 1.1242356383876435,
  "val_total_per_task": {
    "exercise": 1.0984290997693493,
    "phase": 0.42076617270518263,
    "fatigue": 1.1210159970696565,
    "reps": 0.014500396871927437
  }
}