{
  "exercise": {
    "f1_macro": 0.12293853073463268,
    "balanced_accuracy": 0.25,
    "n": 1509
  },
  "phase": {
    "f1_macro": 0.298076239374079,
    "balanced_accuracy": 0.33906091884233963,
    "n": 1113
  },
  "fatigue": {
    "mae": 1.1748467528164348,
    "pearson_r": 0.5394312461198529,
    "n": 1509
  },
  "reps": {
    "mae": 0.08628909221817525,
    "n": 1107
  },
  "val_total": 1.4439055250526818,
  "val_total_per_task": {
    "exercise": 1.3721311415482074,
    "phase": 0.5345447133360042,
    "fatigue": 1.1748467595313383,
    "reps": 0.008088348840713263
  }
}