{
  "exercise": {
    "f1_macro": 0.12293853073463268,
    "balanced_accuracy": 0.25,
    "n": 1509
  },
  "phase": {
    "f1_macro": 0.31789500108399227,
    "balanced_accuracy": 0.3326249747014774,
    "n": 1113
  },
  "fatigue": {
    "mae": 0.9601324345593109,
    "pearson_r": 0.1885172170399974,
    "n": 1509
  },
  "reps": {
    "mae": 0.08798670228242592,
    "n": 1107
  },
  "val_total": 1.3088391633757381,
  "val_total_per_task": {
    "exercise": 1.3065972730290265,
    "phase": 0.5150209446866596,
    "fatigue": 0.9601324365737819,
    "reps": 0.007515597484284991
  }
}