{
  "exercise": {
    "f1_macro": 0.34640690832971965,
    "balanced_accuracy": 0.4026793357301832,
    "n": 218
  },
  "phase": {
    "f1_macro": 0.2824062206271896,
    "balanced_accuracy": 0.2991944764096663,
    "n": 187
  },
  "fatigue": {
    "mae": 1.1369606508027523,
    "pearson_r": -0.38485928895488436,
    "n": 218
  },
  "reps": {
    "mae": 0.4671323905172555,
    "n": 184
  },
  "val_total": 1.1512587070465088,
  "val_total_per_task": {
    "exercise": 1.318009409335775,
    "phase": 0.3185463419201177,
    "fatigue": 1.1369606486154258,
    "reps": 0.16032492034479018
  }
}