{
  "arch": "cnn_lstm_raw",
  "summary": {
    "val_total": {
      "mean": 0.8483578302510507,
      "std": 0.1889307337510942,
      "n": 5
    },
    "exercise": {
      "f1_macro": {
        "mean": 0.5137238783716096,
        "std": 0.0786413625538307,
        "n": 5
      },
      "balanced_accuracy": {
        "mean": 0.5299019719831586,
        "std": 0.06719846546014023,
        "n": 5
      }
    },
    "phase": {
      "f1_macro": {
        "mean": 0.33969537731524313,
        "std": 0.062055092183653786,
        "n": 5
      },
      "balanced_accuracy": {
        "mean": 0.36777816262445595,
        "std": 0.026996596048233627,
        "n": 5
      }
    },
    "fatigue": {
      "mae": {
        "mean": 1.1507347666726289,
        "std": 0.25706218752529697,
        "n": 5
      },
      "pearson_r": {
        "mean": 0.22975839104302578,
        "std": 0.29451409953890884,
        "n": 5
      }
    },
    "reps": {
      "mae": {
        "mean": 0.4344162226399512,
        "std": 0.056889036768953676,
        "n": 5
      }
    }
  },
  "enabled_tasks": [
    "exercise",
    "phase",
    "fatigue",
    "reps"
  ],
  "all_results": [
    {
      "seed": 42,
      "fold": 0,
      "test_subjects": [
        "Tias",
        "sivert"
      ],
      "metrics": {
        "exercise": {
          "f1_macro": 0.6422638504128367,
          "balanced_accuracy": 0.654713309450113,
          "n": 252
        },
        "phase": {
          "f1_macro": 0.32409863444346204,
          "balanced_accuracy": 0.349002849002849,
          "n": 217
        },
        "fatigue": {
          "mae": 1.0334046378968254,
          "pearson_r": 0.3812854080399396,
          "n": 252
        },
        "reps": {
          "mae": 0.5303272218138815,
          "n": 214
        },
        "val_total": 0.6456912926265171,
        "val_total_per_task": {
          "exercise": 0.8476494001963782,
          "phase": 0.2944228072015066,
          "fatigue": 1.0334046360046145,
          "reps": 0.1976499514920371
        }
      }
    },
    {
      "seed": 42,
      "fold": 1,
      "test_subjects": [
        "Raghild",
        "michael"
      ],
      "metrics": {
        "exercise": {
          "f1_macro": 0.4130364940224095,
          "balanced_accuracy": 0.48343717229042005,
          "n": 266
        },
        "phase": {
          "f1_macro": 0.3469489167163586,
          "balanced_accuracy": 0.3684613997113997,
          "n": 194
        },
        "fatigue": {
          "mae": 1.5886909656954886,
          "pearson_r": 0.40092103602515095,
          "n": 266
        },
        "reps": {
          "mae": 0.4660033452270365,
          "n": 189
        },
        "val_total": 1.1569862867656506,
        "val_total_per_task": {
          "exercise": 1.2414738343174296,
          "phase": 0.35816228837895214,
          "fatigue": 1.5886909656954886,
          "reps": 0.15259058672682682
        }
      }
    },
    {
      "seed": 42,
      "fold": 2,
      "test_subjects": [
        "Juile",
        "lucas 2"
      ],
      "metrics": {
        "exercise": {
          "f1_macro": 0.5559549095306456,
          "balanced_accuracy": 0.544011234301413,
          "n": 304
        },
        "phase": {
          "f1_macro": 0.3821809425524596,
          "balanced_accuracy": 0.4094858328470466,
          "n": 229
        },
        "fatigue": {
          "mae": 1.1542069284539473,
          "pearson_r": 0.26921566909488803,
          "n": 304
        },
        "reps": {
          "mae": 0.40544545732755966,
          "n": 223
        },
        "val_total": 0.9344242058302227,
        "val_total_per_task": {
          "exercise": 1.2107716547815424,
          "phase": 0.35705938621571187,
          "fatigue": 1.1542069284539473,
          "reps": 0.12065998504036352
        }
      }
    },
    {
      "seed": 42,
      "fold": 3,
      "test_subjects": [
        "Hytten",
        "lucas"
      ],
      "metrics": {
        "exercise": {
          "f1_macro": 0.4820383268165527,
          "balanced_accuracy": 0.47010549681502345,
          "n": 218
        },
        "phase": {
          "f1_macro": 0.2316010498687664,
          "balanced_accuracy": 0.3307441503644035,
          "n": 187
        },
        "fatigue": {
          "mae": 1.17881844896789,
          "pearson_r": -0.34773884613370193,
          "n": 218
        },
        "reps": {
          "mae": 0.39723602941502695,
          "n": 184
        },
        "val_total": 0.8426321296516909,
        "val_total_per_task": {
          "exercise": 1.1310167400115128,
          "phase": 0.31770584643433947,
          "fatigue": 1.178818455529869,
          "reps": 0.12550881060711835
        }
      }
    },
    {
      "seed": 42,
      "fold": 4,
      "test_subjects": [
        "kiyomi"
      ],
      "metrics": {
        "exercise": {
          "f1_macro": 0.47532581107560395,
          "balanced_accuracy": 0.4972426470588235,
          "n": 149
        },
        "phase": {
          "f1_macro": 0.4136473429951691,
          "balanced_accuracy": 0.3811965811965812,
          "n": 149
        },
        "fatigue": {
          "mae": 0.7985528523489933,
          "pearson_r": 0.44510868818885224,
          "n": 149
        },
        "reps": {
          "mae": 0.3730690594162517,
          "n": 149
        },
        "val_total": 0.6620552363811724,
        "val_total_per_task": {
          "exercise": 1.2660918731817463,
          "phase": 0.28077149261164186,
          "fatigue": 0.7985528619497414,
          "reps": 0.102693922367672
        }
      }
    }
  ]
}