{
  "exercise": {
    "f1_macro": 0.36073055822459166,
    "balanced_accuracy": 0.45180722891566266,
    "n": 374
  },
  "phase": {
    "f1_macro": 0.2684412374333566,
    "balanced_accuracy": 0.3183473984578957,
    "n": 374
  },
  "fatigue": {
    "mae": 1.0027260193850267,
    "pearson_r": 0.18546491564382753,
    "n": 374
  },
  "reps": {
    "mae": 0.2133921268595293,
    "n": 374
  },
  "val_total": 0.4477672019106819,
  "val_total_per_task": {
    "exercise": 1.0297081094374632,
    "phase": 0.3331554265902004,
    "fatigue": 1.0027260321346834,
    "reps": 0.03614889860232884
  }
}