{
  "exercise": {
    "f1_macro": 0.36157120743034055,
    "balanced_accuracy": 0.45180722891566266,
    "n": 374
  },
  "phase": {
    "f1_macro": 0.27228440464769216,
    "balanced_accuracy": 0.30721672434379615,
    "n": 374
  },
  "fatigue": {
    "mae": 1.0599933155080214,
    "pearson_r": 0.09818038800233074,
    "n": 374
  },
  "reps": {
    "mae": 0.20769876864474804,
    "n": 374
  },
  "val_total": -0.02544387394094212,
  "val_total_per_task": {
    "exercise": 1.0260427661120572,
    "phase": 0.33306565609845246,
    "fatigue": 1.0599933308076093,
    "reps": 0.03548383645036004
  }
}