{
  "exercise": {
    "f1_macro": 0.46838044853777305,
    "balanced_accuracy": 0.5442497892377604,
    "n": 266
  },
  "phase": {
    "f1_macro": 0.30244145490782265,
    "balanced_accuracy": 0.3261183261183261,
    "n": 194
  },
  "fatigue": {
    "mae": 1.737767269736842,
    "pearson_r": -0.21043772597310778,
    "n": 266
  },
  "reps": {
    "mae": 0.3906700754114402,
    "n": 189
  },
  "val_total": 1.5965724995261745,
  "val_total_per_task": {
    "exercise": 1.3970728117720526,
    "phase": 0.41410741949439944,
    "fatigue": 1.7377672688405317,
    "reps": 0.12135897184673108
  }
}