{
  "exercise": {
    "f1_macro": 0.3509583044229887,
    "balanced_accuracy": 0.39876886313084825,
    "n": 755
  },
  "phase": {
    "f1_macro": 0.33073916133617626,
    "balanced_accuracy": 0.33895395752580587,
    "n": 560
  },
  "fatigue": {
    "mae": 0.9814983443708609,
    "pearson_r": 0.3354939563754519,
    "n": 755
  },
  "reps": {
    "mae": 0.1718366694483664,
    "n": 554
  },
  "val_total": 0.4251378009650881,
  "val_total_per_task": {
    "exercise": 1.1602808298654115,
    "phase": 0.39590071530531573,
    "fatigue": 0.9814983400288008,
    "reps": 0.03086091870602393
  }
}