{
  "exercise": {
    "f1_macro": 0.3628955085661367,
    "balanced_accuracy": 0.45481927710843373,
    "n": 374
  },
  "phase": {
    "f1_macro": 0.29383686437487766,
    "balanced_accuracy": 0.306983992066865,
    "n": 374
  },
  "fatigue": {
    "mae": 0.9733351437165776,
    "pearson_r": 0.24952427437204938,
    "n": 374
  },
  "reps": {
    "mae": 0.20721785095893844,
    "n": 374
  },
  "val_total": 0.1767647419383819,
  "val_total_per_task": {
    "exercise": 1.0254958925400188,
    "phase": 0.33060582500090574,
    "fatigue": 0.9733351118424359,
    "reps": 0.03552851630723413
  }
}