{
  "exercise": {
    "f1_macro": 0.367494019138756,
    "balanced_accuracy": 0.4545454545454546,
    "n": 746
  },
  "phase": {
    "f1_macro": 0.21397804837406423,
    "balanced_accuracy": 0.33419465977605517,
    "n": 746
  },
  "fatigue": {
    "mae": 0.8103426608579088,
    "pearson_r": 0.36232696556099975,
    "n": 746
  },
  "reps": {
    "mae": 0.11092466574871349,
    "n": 746
  },
  "val_total": -0.1503109775343785,
  "val_total_per_task": {
    "exercise": 1.2710854272100944,
    "phase": 0.5062966966756867,
    "fatigue": 0.8103426698065954,
    "reps": 0.009597398192139877
  }
}