{
  "exercise": {
    "f1_macro": 0.39907313997477933,
    "balanced_accuracy": 0.49853751567865445,
    "n": 266
  },
  "phase": {
    "f1_macro": 0.316862299633977,
    "balanced_accuracy": 0.34347943722943725,
    "n": 194
  },
  "fatigue": {
    "mae": 1.3872767857142858,
    "pearson_r": 0.26464358482623895,
    "n": 266
  },
  "reps": {
    "mae": 0.42716420685290973,
    "n": 189
  },
  "val_total": 2.157544881777656,
  "val_total_per_task": {
    "exercise": 1.5802764928430544,
    "phase": 0.38423803695162434,
    "fatigue": 1.3872767892995275,
    "reps": 0.15541875810551464
  }
}