{
  "exercise": {
    "f1_macro": 0.3795978789475251,
    "balanced_accuracy": 0.4025151240604387,
    "n": 755
  },
  "phase": {
    "f1_macro": 0.32695597203629334,
    "balanced_accuracy": 0.340269323519397,
    "n": 560
  },
  "fatigue": {
    "mae": 0.9346078228476821,
    "pearson_r": 0.4911012883061329,
    "n": 755
  },
  "reps": {
    "mae": 0.1667884392117483,
    "n": 554
  },
  "val_total": -0.011529489226688613,
  "val_total_per_task": {
    "exercise": 1.1965150945233982,
    "phase": 0.3926772376559428,
    "fatigue": 0.9346078144793479,
    "reps": 0.02952453921616867
  }
}