{
  "exercise": {
    "f1_macro": 0.29851494113034654,
    "balanced_accuracy": 0.3012136782423813,
    "n": 374
  },
  "phase": {
    "f1_macro": 0.2174174174174174,
    "balanced_accuracy": 0.3333333333333333,
    "n": 374
  },
  "fatigue": {
    "mae": 0.8523145053475936,
    "pearson_r": 0.284290723793384,
    "n": 374
  },
  "reps": {
    "mae": 0.21613518010456373,
    "n": 374
  },
  "val_total": 0.4814733862876892,
  "val_total_per_task": {
    "exercise": 1.2649128437042236,
    "phase": 0.34441548585891724,
    "fatigue": 0.8523145318031311,
    "reps": 0.03464362025260925
  }
}