{
  "exercise": {
    "f1_macro": 0.6132708307203478,
    "balanced_accuracy": 0.603878450418629,
    "n": 304
  },
  "phase": {
    "f1_macro": 0.5374356208017056,
    "balanced_accuracy": 0.5275313093830891,
    "n": 229
  },
  "fatigue": {
    "mae": 1.2864412006578947,
    "pearson_r": -0.19024875053570453,
    "n": 304
  },
  "reps": {
    "mae": 0.3671898561417054,
    "n": 223
  },
  "val_total": 1.3777715532403243,
  "val_total_per_task": {
    "exercise": 0.9809076911524722,
    "phase": 0.26977723680044474,
    "fatigue": 1.2864412006578947,
    "reps": 0.08697766300879027
  }
}