{
  "exercise": {
    "f1_macro": 0.11069651741293532,
    "balanced_accuracy": 0.25,
    "n": 626
  },
  "phase": {
    "f1_macro": 0.1978891820580475,
    "balanced_accuracy": 0.3333333333333333,
    "n": 533
  },
  "fatigue": {
    "mae": 1.0586998302715656,
    "pearson_r": 0.33375417834899224,
    "n": 626
  },
  "reps": {
    "mae": 0.2684482727699655,
    "n": 531
  },
  "val_total": 0.7900428905273779,
  "val_total_per_task": {
    "exercise": 1.391475982940235,
    "phase": 0.2630928263496667,
    "fatigue": 1.0586998365557612,
    "reps": 0.05125501563849921
  }
}