{
  "exercise": {
    "f1_macro": 0.2901960784313726,
    "balanced_accuracy": 0.29534313725490197,
    "n": 149
  },
  "phase": {
    "f1_macro": 0.3018717642373556,
    "balanced_accuracy": 0.3264957264957265,
    "n": 149
  },
  "fatigue": {
    "mae": 0.7911335989932886,
    "pearson_r": 0.39114751161718525,
    "n": 149
  },
  "reps": {
    "mae": 0.4814206660668922,
    "n": 149
  },
  "val_total": 1.1628585053770335,
  "val_total_per_task": {
    "exercise": 1.1654364118640055,
    "phase": 0.30837156908624125,
    "fatigue": 0.7911336061938498,
    "reps": 0.1739510025754071
  }
}