{
  "exercise": {
    "f1_macro": 0.14709636247606891,
    "balanced_accuracy": 0.25,
    "n": 1106
  },
  "phase": {
    "f1_macro": 0.22001419446415896,
    "balanced_accuracy": 0.3333333333333333,
    "n": 944
  },
  "fatigue": {
    "mae": 1.1431361607142858,
    "pearson_r": -0.15622388317974067,
    "n": 1106
  },
  "reps": {
    "mae": 0.11244668416935241,
    "n": 941
  },
  "val_total": 0.9579174518585205,
  "val_total_per_task": {
    "exercise": 1.3308833895712606,
    "phase": 0.5117444420809341,
    "fatigue": 1.1431361585586024,
    "reps": 0.010537663670879861
  }
}