{
  "arch": "cnn1d_raw",
  "summary": {
    "val_total": {
      "mean": 1.9572106376410503,
      "std": 1.1227324297138408,
      "n": 5
    },
    "exercise": {
      "f1_macro": {
        "mean": 0.47129786836037607,
        "std": 0.2353047167941802,
        "n": 5
      },
      "balanced_accuracy": {
        "mean": 0.482539843909563,
        "std": 0.22567877774504944,
        "n": 5
      }
    },
    "phase": {
      "f1_macro": {
        "mean": 0.3278487506131525,
        "std": 0.12861914078585818,
        "n": 5
      },
      "balanced_accuracy": {
        "mean": 0.39321589982359756,
        "std": 0.07591212415648198,
        "n": 5
      }
    },
    "fatigue": {
      "mae": {
        "mean": 1.3129144165530893,
        "std": 0.04249795487206262,
        "n": 5
      },
      "pearson_r": {
        "mean": 0.03664981491670686,
        "std": 0.2547223896431233,
        "n": 5
      }
    },
    "reps": {
      "mae": {
        "mean": 0.4247670757986867,
        "std": 0.04144508141481435,
        "n": 5
      }
    }
  },
  "enabled_tasks": [
    "exercise",
    "phase",
    "fatigue",
    "reps"
  ],
  "all_results": [
    {
      "seed": 42,
      "fold": 0,
      "test_subjects": [
        "Tias",
        "sivert"
      ],
      "metrics": {
        "exercise": {
          "f1_macro": 0.8601480381032012,
          "balanced_accuracy": 0.8548634835259628,
          "n": 252
        },
        "phase": {
          "f1_macro": 0.4144094319642351,
          "balanced_accuracy": 0.42369292369292366,
          "n": 217
        },
        "fatigue": {
          "mae": 1.2668805803571428,
          "pearson_r": 0.09043673359337304,
          "n": 252
        },
        "reps": {
          "mae": 0.3930788968002128,
          "n": 214
        },
        "val_total": 0.06888157176592993,
        "val_total_per_task": {
          "exercise": 0.3156977891921997,
          "phase": 0.34507011090006146,
          "fatigue": 1.2668805708960882,
          "reps": 0.12973574016775405
        }
      }
    },
    {
      "seed": 42,
      "fold": 1,
      "test_subjects": [
        "Raghild",
        "michael"
      ],
      "metrics": {
        "exercise": {
          "f1_macro": 0.23241078452406494,
          "balanced_accuracy": 0.23919715008327677,
          "n": 266
        },
        "phase": {
          "f1_macro": 0.23081629815046587,
          "balanced_accuracy": 0.32463023088023085,
          "n": 194
        },
        "fatigue": {
          "mae": 1.3681860902255638,
          "pearson_r": 0.4100227800266466,
          "n": 266
        },
        "reps": {
          "mae": 0.473312789593976,
          "n": 189
        },
        "val_total": 2.904285416567236,
        "val_total_per_task": {
          "exercise": 1.4566604517456283,
          "phase": 0.37628525719606787,
          "fatigue": 1.3681860902255638,
          "reps": 0.1595076869304915
        }
      }
    },
    {
      "seed": 42,
      "fold": 2,
      "test_subjects": [
        "Juile",
        "lucas 2"
      ],
      "metrics": {
        "exercise": {
          "f1_macro": 0.6132708307203478,
          "balanced_accuracy": 0.603878450418629,
          "n": 304
        },
        "phase": {
          "f1_macro": 0.5374356208017056,
          "balanced_accuracy": 0.5275313093830891,
          "n": 229
        },
        "fatigue": {
          "mae": 1.2864412006578947,
          "pearson_r": -0.19024875053570453,
          "n": 304
        },
        "reps": {
          "mae": 0.3671898561417054,
          "n": 223
        },
        "val_total": 1.3777715532403243,
        "val_total_per_task": {
          "exercise": 0.9809076911524722,
          "phase": 0.26977723680044474,
          "fatigue": 1.2864412006578947,
          "reps": 0.08697766300879027
        }
      }
    },
    {
      "seed": 42,
      "fold": 3,
      "test_subjects": [
        "Hytten",
        "lucas"
      ],
      "metrics": {
        "exercise": {
          "f1_macro": 0.27147631502470215,
          "balanced_accuracy": 0.28402818364828886,
          "n": 218
        },
        "phase": {
          "f1_macro": 0.1962264150943396,
          "balanced_accuracy": 0.32911392405063294,
          "n": 187
        },
        "fatigue": {
          "mae": 1.3603067660550459,
          "pearson_r": -0.29862103479313884,
          "n": 218
        },
        "reps": {
          "mae": 0.4218517784839091,
          "n": 184
        },
        "val_total": 3.134630115754014,
        "val_total_per_task": {
          "exercise": 1.37448300352884,
          "phase": 0.3149736898207883,
          "fatigue": 1.3603067901156365,
          "reps": 0.16581633604994608
        }
      }
    },
    {
      "seed": 42,
      "fold": 4,
      "test_subjects": [
        "kiyomi"
      ],
      "metrics": {
        "exercise": {
          "f1_macro": 0.37918337342956426,
          "balanced_accuracy": 0.43073195187165775,
          "n": 149
        },
        "phase": {
          "f1_macro": 0.2603559870550162,
          "balanced_accuracy": 0.3611111111111111,
          "n": 149
        },
        "fatigue": {
          "mae": 1.2827574454697988,
          "pearson_r": 0.17165934629235807,
          "n": 149
        },
        "reps": {
          "mae": 0.4684020579736305,
          "n": 149
        },
        "val_total": 2.300484530877747,
        "val_total_per_task": {
          "exercise": 1.1338765209153194,
          "phase": 0.32952320395700085,
          "fatigue": 1.2827574518702973,
          "reps": 0.17992878600254955
        }
      }
    }
  ]
}