{
  "exercise": {
    "f1_macro": 0.38344418776730554,
    "balanced_accuracy": 0.42313824568288855,
    "n": 304
  },
  "phase": {
    "f1_macro": 0.2902523016375009,
    "balanced_accuracy": 0.3360241198210465,
    "n": 229
  },
  "fatigue": {
    "mae": 0.942858244243421,
    "pearson_r": 0.34028692887045925,
    "n": 304
  },
  "reps": {
    "mae": 0.39728883271744564,
    "n": 223
  },
  "val_total": 1.2309167887035168,
  "val_total_per_task": {
    "exercise": 1.1654610884817023,
    "phase": 0.37210750109271,
    "fatigue": 0.9428582505175942,
    "reps": 0.13637467434531764
  }
}