{
  "arch": "lstm_raw",
  "summary": {
    "val_total": {
      "mean": -0.3028980850378863,
      "std": 0.2245105098020096,
      "n": 5
    },
    "exercise": {
      "f1_macro": {
        "mean": 0.3428109199827783,
        "std": 0.08732714015900257,
        "n": 5
      },
      "balanced_accuracy": {
        "mean": 0.39014400844402264,
        "std": 0.09191863052843968,
        "n": 5
      }
    },
    "phase": {
      "f1_macro": {
        "mean": 0.31518749100207877,
        "std": 0.009656507069176907,
        "n": 5
      },
      "balanced_accuracy": {
        "mean": 0.33243214910940955,
        "std": 0.01273492867321856,
        "n": 5
      }
    },
    "fatigue": {
      "mae": {
        "mean": 1.0498947642009608,
        "std": 0.1330400150822411,
        "n": 5
      },
      "pearson_r": {
        "mean": 0.2314894622509783,
        "std": 0.2595244119147073,
        "n": 5
      }
    },
    "reps": {
      "mae": {
        "mean": 0.1086550815485358,
        "std": 0.017268552424241947,
        "n": 5
      }
    }
  },
  "enabled_tasks": [
    "exercise",
    "phase",
    "fatigue",
    "reps"
  ],
  "all_results": [
    {
      "seed": 42,
      "fold": 0,
      "test_subjects": [
        "Tias",
        "sivert"
      ],
      "metrics": {
        "exercise": {
          "f1_macro": 0.35376271144144567,
          "balanced_accuracy": 0.41754892250947717,
          "n": 1256
        },
        "phase": {
          "f1_macro": 0.30500172419198096,
          "balanced_accuracy": 0.3314475666661791,
          "n": 1069
        },
        "fatigue": {
          "mae": 1.091121989450637,
          "pearson_r": 0.3091833698402936,
          "n": 1256
        },
        "reps": {
          "mae": 0.1376043326821922,
          "n": 1067
        },
        "val_total": -0.4240108538585104,
        "val_total_per_task": {
          "exercise": 1.1621661353263126,
          "phase": 0.42626180561484805,
          "fatigue": 1.0911219909692267,
          "reps": 0.013760163027579618
        }
      }
    },
    {
      "seed": 42,
      "fold": 1,
      "test_subjects": [
        "Raghild",
        "michael"
      ],
      "metrics": {
        "exercise": {
          "f1_macro": 0.3865551312359823,
          "balanced_accuracy": 0.44080197769866425,
          "n": 1361
        },
        "phase": {
          "f1_macro": 0.3157719435736677,
          "balanced_accuracy": 0.3192700567486369,
          "n": 969
        },
        "fatigue": {
          "mae": 1.2443917615723732,
          "pearson_r": 0.3524226494105377,
          "n": 1361
        },
        "reps": {
          "mae": 0.09705291095448666,
          "n": 964
        },
        "val_total": -0.1324097337659714,
        "val_total_per_task": {
          "exercise": 1.3126547808685696,
          "phase": 0.6895159424270978,
          "fatigue": 1.2443917652511316,
          "reps": 0.007836758564886671
        }
      }
    },
    {
      "seed": 42,
      "fold": 2,
      "test_subjects": [
        "Juile",
        "lucas 2"
      ],
      "metrics": {
        "exercise": {
          "f1_macro": 0.4288942405434172,
          "balanced_accuracy": 0.4281948757539832,
          "n": 1509
        },
        "phase": {
          "f1_macro": 0.3173762613916161,
          "balanced_accuracy": 0.3212001619105444,
          "n": 1113
        },
        "fatigue": {
          "mae": 0.9624596172962226,
          "pearson_r": 0.4155828399839033,
          "n": 1509
        },
        "reps": {
          "mae": 0.08656599375275456,
          "n": 1107
        },
        "val_total": -0.11995664837346162,
        "val_total_per_task": {
          "exercise": 1.170605224201109,
          "phase": 0.8013470219886406,
          "fatigue": 0.9624596191131966,
          "reps": 0.007220206616200739
        }
      }
    },
    {
      "seed": 42,
      "fold": 3,
      "test_subjects": [
        "Hytten",
        "lucas"
      ],
      "metrics": {
        "exercise": {
          "f1_macro": 0.17552723820556543,
          "balanced_accuracy": 0.2081136601973826,
          "n": 1106
        },
        "phase": {
          "f1_macro": 0.33173676869999263,
          "balanced_accuracy": 0.3354135919600815,
          "n": 944
        },
        "fatigue": {
          "mae": 1.0988959369349005,
          "pearson_r": -0.28311647861091405,
          "n": 1106
        },
        "reps": {
          "mae": 0.11412236474995778,
          "n": 941
        },
        "val_total": -0.1471769369963496,
        "val_total_per_task": {
          "exercise": 1.6789727364052054,
          "phase": 0.5071882322080312,
          "fatigue": 1.0988959369349005,
          "reps": 0.011644279804909315
        }
      }
    },
    {
      "seed": 42,
      "fold": 4,
      "test_subjects": [
        "kiyomi"
      ],
      "metrics": {
        "exercise": {
          "f1_macro": 0.3693152784874808,
          "balanced_accuracy": 0.45606060606060606,
          "n": 746
        },
        "phase": {
          "f1_macro": 0.30605075715313657,
          "balanced_accuracy": 0.35482936826160566,
          "n": 746
        },
        "fatigue": {
          "mae": 0.8526045157506702,
          "pearson_r": 0.363374930631071,
          "n": 746
        },
        "reps": {
          "mae": 0.10792980560328781,
          "n": 746
        },
        "val_total": -0.6909362521951384,
        "val_total_per_task": {
          "exercise": 1.0289673242747943,
          "phase": 0.47789676475460985,
          "fatigue": 0.8526045141526905,
          "reps": 0.009848361050874874
        }
      }
    }
  ]
}