{
  "exercise": {
    "f1_macro": 0.38955656059763033,
    "balanced_accuracy": 0.3865831984918665,
    "n": 96301
  },
  "phase": {
    "f1_macro": 0.2744006956422152,
    "balanced_accuracy": 0.34209795203064713,
    "n": 55121
  },
  "fatigue": {
    "mae": 0.99234738158637,
    "pearson_r": 0.05388014199769104,
    "n": 96301
  },
  "reps": {
    "mae": 2.773336570840579,
    "n": 96301
  }
}