{
  "lr": 0.0035966069211823192,
  "weight_decay": 9.667421268223955e-05,
  "batch_size": 128,
  "dropout": 0.3221809853148736,
  "repr_dim": 64,
  "_patience": 50
}