{
  "arch": "lstm_raw",
  "summary": {
    "val_total": {
      "mean": -0.3331896438090594,
      "std": 0.21885151344276088,
      "n": 5
    },
    "exercise": {
      "f1_macro": {
        "mean": 0.3540160383883854,
        "std": 0.0599444105484388,
        "n": 5
      },
      "balanced_accuracy": {
        "mean": 0.4057584840367114,
        "std": 0.06733742173739561,
        "n": 5
      }
    },
    "phase": {
      "f1_macro": {
        "mean": 0.31830484413815496,
        "std": 0.015452143110947473,
        "n": 5
      },
      "balanced_accuracy": {
        "mean": 0.3385340533439836,
        "std": 0.008090635622117372,
        "n": 5
      }
    },
    "fatigue": {
      "mae": {
        "mean": 1.0434576815082135,
        "std": 0.08478939301398612,
        "n": 5
      },
      "pearson_r": {
        "mean": 0.21812854402269277,
        "std": 0.23303016643384583,
        "n": 5
      }
    },
    "reps": {
      "mae": {
        "mean": 0.10526939192542237,
        "std": 0.012808746849469492,
        "n": 5
      }
    }
  },
  "enabled_tasks": [
    "exercise",
    "phase",
    "fatigue",
    "reps"
  ],
  "all_results": [
    {
      "seed": 42,
      "fold": 0,
      "test_subjects": [
        "Tias",
        "sivert"
      ],
      "metrics": {
        "exercise": {
          "f1_macro": 0.35149763979283005,
          "balanced_accuracy": 0.4178819029404733,
          "n": 1256
        },
        "phase": {
          "f1_macro": 0.2946530875906436,
          "balanced_accuracy": 0.32944599661610324,
          "n": 1069
        },
        "fatigue": {
          "mae": 1.067137116839172,
          "pearson_r": 0.3426377189836532,
          "n": 1256
        },
        "reps": {
          "mae": 0.12461995581014827,
          "n": 1067
        },
        "val_total": -0.4727924674939198,
        "val_total_per_task": {
          "exercise": 1.1904109260838502,
          "phase": 0.4256608763318153,
          "fatigue": 1.0671371179781142,
          "reps": 0.011823151438574122
        }
      }
    },
    {
      "seed": 42,
      "fold": 1,
      "test_subjects": [
        "Raghild",
        "michael"
      ],
      "metrics": {
        "exercise": {
          "f1_macro": 0.4177764431741102,
          "balanced_accuracy": 0.4646252077765181,
          "n": 1361
        },
        "phase": {
          "f1_macro": 0.3235283102778363,
          "balanced_accuracy": 0.3512881569674715,
          "n": 969
        },
        "fatigue": {
          "mae": 1.163020641991183,
          "pearson_r": 0.3912003777279032,
          "n": 1361
        },
        "reps": {
          "mae": 0.09540191954929242,
          "n": 964
        },
        "val_total": -0.21284785540466533,
        "val_total_per_task": {
          "exercise": 1.2617918177617988,
          "phase": 0.6936681030604175,
          "fatigue": 1.1630206429546672,
          "reps": 0.007839690009782106
        }
      }
    },
    {
      "seed": 42,
      "fold": 2,
      "test_subjects": [
        "Juile",
        "lucas 2"
      ],
      "metrics": {
        "exercise": {
          "f1_macro": 0.3873656897519149,
          "balanced_accuracy": 0.4108134578826772,
          "n": 1509
        },
        "phase": {
          "f1_macro": 0.3078824659094429,
          "balanced_accuracy": 0.33643999190447277,
          "n": 1113
        },
        "fatigue": {
          "mae": 0.9800002070907886,
          "pearson_r": 0.3607780287014825,
          "n": 1509
        },
        "reps": {
          "mae": 0.08757711865484055,
          "n": 1107
        },
        "val_total": -0.11095890815562962,
        "val_total_per_task": {
          "exercise": 1.2333147194782104,
          "phase": 0.8213536862587597,
          "fatigue": 0.9800002028248498,
          "reps": 0.007090287157158492
        }
      }
    },
    {
      "seed": 42,
      "fold": 3,
      "test_subjects": [
        "Hytten",
        "lucas"
      ],
      "metrics": {
        "exercise": {
          "f1_macro": 0.2422650308257074,
          "balanced_accuracy": 0.27789609400813087,
          "n": 1106
        },
        "phase": {
          "f1_macro": 0.32631352282515075,
          "balanced_accuracy": 0.33156698760746833,
          "n": 944
        },
        "fatigue": {
          "mae": 1.086873445976492,
          "pearson_r": -0.23523397375374755,
          "n": 1106
        },
        "reps": {
          "mae": 0.11032181703158943,
          "n": 941
        },
        "val_total": -0.17436316043515748,
        "val_total_per_task": {
          "exercise": 1.548543364617967,
          "phase": 0.5061939029969531,
          "fatigue": 1.086873439078305,
          "reps": 0.012314713147433497
        }
      }
    },
    {
      "seed": 42,
      "fold": 4,
      "test_subjects": [
        "kiyomi"
      ],
      "metrics": {
        "exercise": {
          "f1_macro": 0.3711753883973645,
          "balanced_accuracy": 0.4575757575757576,
          "n": 746
        },
        "phase": {
          "f1_macro": 0.33914683408770135,
          "balanced_accuracy": 0.3439291336244023,
          "n": 746
        },
        "fatigue": {
          "mae": 0.9202569956434317,
          "pearson_r": 0.23126056845417245,
          "n": 746
        },
        "reps": {
          "mae": 0.10842614858124115,
          "n": 746
        },
        "val_total": -0.6949858275559249,
        "val_total_per_task": {
          "exercise": 1.0320706968333062,
          "phase": 0.47666465788680173,
          "fatigue": 0.9202570010765628,
          "reps": 0.009900513596972575
        }
      }
    }
  ]
}