{
  "exercise": {
    "f1_macro": 0.2869059678867766,
    "balanced_accuracy": 0.3096281116931201,
    "n": 96301
  },
  "phase": {
    "f1_macro": 0.24138637517361614,
    "balanced_accuracy": 0.33906357054777314,
    "n": 55121
  },
  "fatigue": {
    "mae": 0.9427755712018221,
    "pearson_r": -0.13199865181164025,
    "n": 96301
  },
  "reps": {
    "mae": 2.7753802327069623,
    "n": 96301
  }
}