{
  "arch": "lstm_raw",
  "summary": {
    "val_total": {
      "mean": 0.7736670348827238,
      "std": 0.06613205271156804,
      "n": 5
    },
    "exercise": {
      "f1_macro": {
        "mean": 0.25277688138731647,
        "std": 0.08035967027569219,
        "n": 5
      },
      "balanced_accuracy": {
        "mean": 0.34692798581788004,
        "std": 0.07833981706353917,
        "n": 5
      }
    },
    "phase": {
      "f1_macro": {
        "mean": 0.24382349720472435,
        "std": 0.037120398398672184,
        "n": 5
      },
      "balanced_accuracy": {
        "mean": 0.32938059923396934,
        "std": 0.01460696342341981,
        "n": 5
      }
    },
    "fatigue": {
      "mae": {
        "mean": 1.1600680623398327,
        "std": 0.12643529390752922,
        "n": 5
      },
      "pearson_r": {
        "mean": 0.1883258272649401,
        "std": 0.25311871716823436,
        "n": 5
      }
    },
    "reps": {
      "mae": {
        "mean": 0.2129910981739623,
        "std": 0.038029627862798045,
        "n": 5
      }
    }
  },
  "enabled_tasks": [
    "exercise",
    "phase",
    "fatigue",
    "reps"
  ],
  "all_results": [
    {
      "seed": 42,
      "fold": 0,
      "test_subjects": [
        "Tias",
        "sivert"
      ],
      "metrics": {
        "exercise": {
          "f1_macro": 0.3292794270406211,
          "balanced_accuracy": 0.42721531596143114,
          "n": 626
        },
        "phase": {
          "f1_macro": 0.22786550535807015,
          "balanced_accuracy": 0.3393372319688109,
          "n": 533
        },
        "fatigue": {
          "mae": 1.0905114317092652,
          "pearson_r": 0.26609850183450134,
          "n": 626
        },
        "reps": {
          "mae": 0.27724643805539567,
          "n": 531
        },
        "val_total": 0.6872027583015613,
        "val_total_per_task": {
          "exercise": 1.226036775988131,
          "phase": 0.261893856354034,
          "fatigue": 1.0905114381838912,
          "reps": 0.05353674725197946
        }
      }
    },
    {
      "seed": 42,
      "fold": 1,
      "test_subjects": [
        "Raghild",
        "michael"
      ],
      "metrics": {
        "exercise": {
          "f1_macro": 0.24962969767254942,
          "balanced_accuracy": 0.3349119208494209,
          "n": 682
        },
        "phase": {
          "f1_macro": 0.27923547020927314,
          "balanced_accuracy": 0.3415733372629925,
          "n": 488
        },
        "fatigue": {
          "mae": 1.3795935667155426,
          "pearson_r": 0.2955902827840663,
          "n": 682
        },
        "reps": {
          "mae": 0.18335342077206032,
          "n": 482
        },
        "val_total": 0.8587356940392525,
        "val_total_per_task": {
          "exercise": 1.240995974135189,
          "phase": 0.35078442096710205,
          "fatigue": 1.3795935852436725,
          "reps": 0.029327617772469772
        }
      }
    },
    {
      "seed": 42,
      "fold": 2,
      "test_subjects": [
        "Juile",
        "lucas 2"
      ],
      "metrics": {
        "exercise": {
          "f1_macro": 0.17314976061980217,
          "balanced_accuracy": 0.27672955974842767,
          "n": 755
        },
        "phase": {
          "f1_macro": 0.20776035936927026,
          "balanced_accuracy": 0.33449477351916374,
          "n": 560
        },
        "fatigue": {
          "mae": 1.073540976821192,
          "pearson_r": 0.5342933634057219,
          "n": 755
        },
        "reps": {
          "mae": 0.16712340591088717,
          "n": 554
        },
        "val_total": 0.804214942928971,
        "val_total_per_task": {
          "exercise": 1.2788687502311555,
          "phase": 0.3679355491076084,
          "fatigue": 1.0735409645055303,
          "reps": 0.026728171268046295
        }
      }
    },
    {
      "seed": 42,
      "fold": 3,
      "test_subjects": [
        "Hytten",
        "lucas"
      ],
      "metrics": {
        "exercise": {
          "f1_macro": 0.1557486631016043,
          "balanced_accuracy": 0.25,
          "n": 557
        },
        "phase": {
          "f1_macro": 0.20772946859903382,
          "balanced_accuracy": 0.33026113671274965,
          "n": 477
        },
        "fatigue": {
          "mae": 1.0350720938061042,
          "pearson_r": -0.2222879436052095,
          "n": 557
        },
        "reps": {
          "mae": 0.2239544448862245,
          "n": 474
        },
        "val_total": 0.8129257824091338,
        "val_total_per_task": {
          "exercise": 1.317645801890046,
          "phase": 0.40039019310709817,
          "fatigue": 1.0350720972304284,
          "reps": 0.0408092626542709
        }
      }
    },
    {
      "seed": 42,
      "fold": 4,
      "test_subjects": [
        "kiyomi"
      ],
      "metrics": {
        "exercise": {
          "f1_macro": 0.35607685850200543,
          "balanced_accuracy": 0.4457831325301205,
          "n": 374
        },
        "phase": {
          "f1_macro": 0.29652668248797437,
          "balanced_accuracy": 0.30123651670612994,
          "n": 374
        },
        "fatigue": {
          "mae": 1.2216222426470589,
          "pearson_r": 0.06793493190562053,
          "n": 374
        },
        "reps": {
          "mae": 0.2132777812452439,
          "n": 374
        },
        "val_total": 0.7052559967347007,
        "val_total_per_task": {
          "exercise": 1.1443158171393655,
          "phase": 0.3339507584584588,
          "fatigue": 1.221622208222986,
          "reps": 0.03531716449216088
        }
      }
    }
  ]
}