{
  "exercise": {
    "f1_macro": 0.3662007593735168,
    "balanced_accuracy": 0.46372062180001233,
    "n": 266
  },
  "phase": {
    "f1_macro": 0.24957079606035962,
    "balanced_accuracy": 0.2932900432900433,
    "n": 194
  },
  "fatigue": {
    "mae": 1.4875029370300752,
    "pearson_r": 0.12692595060679454,
    "n": 266
  },
  "reps": {
    "mae": 0.45647003201068076,
    "n": 189
  },
  "val_total": 1.634170643369058,
  "val_total_per_task": {
    "exercise": 1.5539763063416445,
    "phase": 0.4369516229270992,
    "fatigue": 1.4875029397190065,
    "reps": 0.1524308857164885
  }
}