{
  "lr": 0.0005418282319533242,
  "weight_decay": 7.4763120622522945e-06,
  "batch_size": 64,
  "dropout": 0.2465447373174767,
  "repr_dim": 128,
  "_patience": 50
}