{
  "exercise": {
    "f1_macro": 0.5251191315804908,
    "balanced_accuracy": 0.5158011566568738,
    "n": 252
  },
  "phase": {
    "f1_macro": 0.26143790849673204,
    "balanced_accuracy": 0.2957957957957958,
    "n": 217
  },
  "fatigue": {
    "mae": 1.0512617807539681,
    "pearson_r": 0.3256263896317989,
    "n": 252
  },
  "reps": {
    "mae": 0.5976984231062582,
    "n": 214
  },
  "val_total": 0.8824374372996981,
  "val_total_per_task": {
    "exercise": 1.0838810792044988,
    "phase": 0.30598765658953836,
    "fatigue": 1.051261754263015,
    "reps": 0.24497135622160776
  }
}