{
  "exercise": {
    "f1_macro": 0.31315037446552413,
    "balanced_accuracy": 0.31056538826798546,
    "n": 96301
  },
  "phase": {
    "f1_macro": 0.26042102555858976,
    "balanced_accuracy": 0.3154674958448351,
    "n": 55121
  },
  "fatigue": {
    "mae": 1.0608693729663699,
    "pearson_r": -0.01767697350935387,
    "n": 96301
  },
  "reps": {
    "mae": 2.7384788435746636,
    "n": 96301
  }
}