{
  "arch": "cnn_lstm_raw",
  "summary": {
    "val_total": {
      "mean": 1.16339866794784,
      "std": 0.11539780313308075,
      "n": 5
    },
    "exercise": {
      "f1_macro": {
        "mean": 0.3694591831181785,
        "std": 0.06446661591194655,
        "n": 5
      },
      "balanced_accuracy": {
        "mean": 0.4290906643023581,
        "std": 0.06398401633674487,
        "n": 5
      }
    },
    "phase": {
      "f1_macro": {
        "mean": 0.27204612182630844,
        "std": 0.023002268626610315,
        "n": 5
      },
      "balanced_accuracy": {
        "mean": 0.30691333778360325,
        "std": 0.008418500529402899,
        "n": 5
      }
    },
    "fatigue": {
      "mae": {
        "mean": 1.3066323683465624,
        "std": 0.2103873561199287,
        "n": 5
      },
      "pearson_r": {
        "mean": 0.10807812171794332,
        "std": 0.23279043466201155,
        "n": 5
      }
    },
    "reps": {
      "mae": {
        "mean": 0.506509037718233,
        "std": 0.07903621945884731,
        "n": 5
      }
    }
  },
  "enabled_tasks": [
    "exercise",
    "phase",
    "fatigue",
    "reps"
  ],
  "all_results": [
    {
      "seed": 42,
      "fold": 0,
      "test_subjects": [
        "Tias",
        "sivert"
      ],
      "metrics": {
        "exercise": {
          "f1_macro": 0.46117251257657305,
          "balanced_accuracy": 0.5111123508938344,
          "n": 252
        },
        "phase": {
          "f1_macro": 0.2883988785329999,
          "balanced_accuracy": 0.308000308000308,
          "n": 217
        },
        "fatigue": {
          "mae": 1.0929904513888888,
          "pearson_r": 0.24660961781713078,
          "n": 252
        },
        "reps": {
          "mae": 0.6502754908646936,
          "n": 214
        },
        "val_total": 1.1092150078879461,
        "val_total_per_task": {
          "exercise": 1.075466551477947,
          "phase": 0.31690769205017694,
          "fatigue": 1.0929904400356232,
          "reps": 0.29016159995207713
        }
      }
    },
    {
      "seed": 42,
      "fold": 1,
      "test_subjects": [
        "Raghild",
        "michael"
      ],
      "metrics": {
        "exercise": {
          "f1_macro": 0.38329367939596987,
          "balanced_accuracy": 0.45567824316821914,
          "n": 266
        },
        "phase": {
          "f1_macro": 0.30004310079428603,
          "balanced_accuracy": 0.3226461038961039,
          "n": 194
        },
        "fatigue": {
          "mae": 1.6705386513157894,
          "pearson_r": 0.2676584435982922,
          "n": 266
        },
        "reps": {
          "mae": 0.47563683461378176,
          "n": 189
        },
        "val_total": 1.3554156525690753,
        "val_total_per_task": {
          "exercise": 1.2352505985059237,
          "phase": 0.3709918036496729,
          "fatigue": 1.6705386549010313,
          "reps": 0.1524074597466261
        }
      }
    },
    {
      "seed": 42,
      "fold": 2,
      "test_subjects": [
        "Juile",
        "lucas 2"
      ],
      "metrics": {
        "exercise": {
          "f1_macro": 0.3890546426931873,
          "balanced_accuracy": 0.42982036564625853,
          "n": 304
        },
        "phase": {
          "f1_macro": 0.2783239089459185,
          "balanced_accuracy": 0.29893665305063866,
          "n": 229
        },
        "fatigue": {
          "mae": 1.373817845394737,
          "pearson_r": 0.09627138270609631,
          "n": 304
        },
        "reps": {
          "mae": 0.4091146551114361,
          "n": 223
        },
        "val_total": 1.1460027004543103,
        "val_total_per_task": {
          "exercise": 1.0777242591506557,
          "phase": 0.3554533249453494,
          "fatigue": 1.37381785166891,
          "reps": 0.13290750980377197
        }
      }
    },
    {
      "seed": 42,
      "fold": 3,
      "test_subjects": [
        "Hytten",
        "lucas"
      ],
      "metrics": {
        "exercise": {
          "f1_macro": 0.26237579042457093,
          "balanced_accuracy": 0.31501883239171374,
          "n": 218
        },
        "phase": {
          "f1_macro": 0.235042735042735,
          "balanced_accuracy": 0.30370157268891446,
          "n": 187
        },
        "fatigue": {
          "mae": 1.2847620412844036,
          "pearson_r": -0.3393566712742888,
          "n": 218
        },
        "reps": {
          "mae": 0.500483233967553,
          "n": 184
        },
        "val_total": 1.2012148690879891,
        "val_total_per_task": {
          "exercise": 1.3425696300804069,
          "phase": 0.3219129568939909,
          "fatigue": 1.2847620565956885,
          "reps": 0.17841459783392216
        }
      }
    },
    {
      "seed": 42,
      "fold": 4,
      "test_subjects": [
        "kiyomi"
      ],
      "metrics": {
        "exercise": {
          "f1_macro": 0.35139929050059127,
          "balanced_accuracy": 0.4338235294117647,
          "n": 149
        },
        "phase": {
          "f1_macro": 0.25842198581560283,
          "balanced_accuracy": 0.30128205128205127,
          "n": 149
        },
        "fatigue": {
          "mae": 1.1110528523489933,
          "pearson_r": 0.2692078357424861,
          "n": 149
        },
        "reps": {
          "mae": 0.49703497403370056,
          "n": 149
        },
        "val_total": 1.0051451097398796,
        "val_total_per_task": {
          "exercise": 1.1033108162399907,
          "phase": 0.3134456582917463,
          "fatigue": 1.1110528547491803,
          "reps": 0.17986137694960472
        }
      }
    }
  ]
}