{
  "exercise": {
    "f1_macro": 0.18825515280739163,
    "balanced_accuracy": 0.2142938350908109,
    "n": 557
  },
  "phase": {
    "f1_macro": 0.2966711392243307,
    "balanced_accuracy": 0.3274257552483359,
    "n": 477
  },
  "fatigue": {
    "mae": 1.050178130610413,
    "pearson_r": -0.2162885126390147,
    "n": 557
  },
  "reps": {
    "mae": 0.2236898145987161,
    "n": 474
  },
  "val_total": 0.43602950911119553,
  "val_total_per_task": {
    "exercise": 1.6335681527050436,
    "phase": 0.40739070400729427,
    "fatigue": 1.0501781357468993,
    "reps": 0.04071472032761445
  }
}