{
  "exercise": {
    "f1_macro": 0.22397394181340916,
    "balanced_accuracy": 0.2591167344241571,
    "n": 1106
  },
  "phase": {
    "f1_macro": 0.30391960082995584,
    "balanced_accuracy": 0.3367254667697426,
    "n": 944
  },
  "fatigue": {
    "mae": 1.0577990788878842,
    "pearson_r": -0.22623626828841778,
    "n": 1106
  },
  "reps": {
    "mae": 0.10877247935870621,
    "n": 941
  },
  "val_total": -0.060540888451753865,
  "val_total_per_task": {
    "exercise": 1.4905028009069763,
    "phase": 0.5043764546594396,
    "fatigue": 1.0577990737142442,
    "reps": 0.0116306314174133
  }
}