{
  "exercise": {
    "f1_macro": 0.32168072627344024,
    "balanced_accuracy": 0.3199709723471609,
    "n": 132918
  },
  "phase": {
    "f1_macro": 0.30363119820178247,
    "balanced_accuracy": 0.3226840298674642,
    "n": 78741
  },
  "fatigue": {
    "mae": 0.9130404141021035,
    "pearson_r": 0.3625400202150521,
    "n": 132918
  },
  "reps": {
    "mae": 2.7793571478241526,
    "n": 132918
  }
}