{
  "arch": "lstm_raw",
  "summary": {
    "val_total": {
      "mean": 0.4497857428583541,
      "std": 0.21631310433413564,
      "n": 5
    },
    "exercise": {
      "f1_macro": {
        "mean": 0.32192319767367317,
        "std": 0.058978569434372734,
        "n": 5
      },
      "balanced_accuracy": {
        "mean": 0.3809252173490645,
        "std": 0.07378590417362682,
        "n": 5
      }
    },
    "phase": {
      "f1_macro": {
        "mean": 0.3045904134470607,
        "std": 0.0177678368655245,
        "n": 5
      },
      "balanced_accuracy": {
        "mean": 0.3209775836177838,
        "std": 0.015185606367602156,
        "n": 5
      }
    },
    "fatigue": {
      "mae": {
        "mean": 1.0447375826336265,
        "std": 0.08108720858075576,
        "n": 5
      },
      "pearson_r": {
        "mean": 0.21221518938945608,
        "std": 0.22283294650136598,
        "n": 5
      }
    },
    "reps": {
      "mae": {
        "mean": 0.21123778953173494,
        "std": 0.03385578061571542,
        "n": 5
      }
    }
  },
  "enabled_tasks": [
    "exercise",
    "phase",
    "fatigue",
    "reps"
  ],
  "all_results": [
    {
      "seed": 42,
      "fold": 0,
      "test_subjects": [
        "Tias",
        "sivert"
      ],
      "metrics": {
        "exercise": {
          "f1_macro": 0.33872428968088586,
          "balanced_accuracy": 0.4120620175048778,
          "n": 626
        },
        "phase": {
          "f1_macro": 0.2817297692329314,
          "balanced_accuracy": 0.31329434697855746,
          "n": 533
        },
        "fatigue": {
          "mae": 1.0414025059904153,
          "pearson_r": 0.396265076788601,
          "n": 626
        },
        "reps": {
          "mae": 0.26966336654786816,
          "n": 531
        },
        "val_total": 0.2661994872763515,
        "val_total_per_task": {
          "exercise": 1.103872577984112,
          "phase": 0.28519130495790473,
          "fatigue": 1.0414025042765438,
          "reps": 0.05091590385515088
        }
      }
    },
    {
      "seed": 42,
      "fold": 1,
      "test_subjects": [
        "Raghild",
        "michael"
      ],
      "metrics": {
        "exercise": {
          "f1_macro": 0.35207319225884226,
          "balanced_accuracy": 0.39987607964209726,
          "n": 682
        },
        "phase": {
          "f1_macro": 0.2976318123452868,
          "balanced_accuracy": 0.3059730818351508,
          "n": 488
        },
        "fatigue": {
          "mae": 1.1981304985337244,
          "pearson_r": 0.3029752444322654,
          "n": 682
        },
        "reps": {
          "mae": 0.18589813423756493,
          "n": 482
        },
        "val_total": 0.7586101576729604,
        "val_total_per_task": {
          "exercise": 1.2838850304528067,
          "phase": 0.5256221846751103,
          "fatigue": 1.1981304992328992,
          "reps": 0.029176558217694683
        }
      }
    },
    {
      "seed": 42,
      "fold": 2,
      "test_subjects": [
        "Juile",
        "lucas 2"
      ],
      "metrics": {
        "exercise": {
          "f1_macro": 0.3509583044229887,
          "balanced_accuracy": 0.39876886313084825,
          "n": 755
        },
        "phase": {
          "f1_macro": 0.33073916133617626,
          "balanced_accuracy": 0.33895395752580587,
          "n": 560
        },
        "fatigue": {
          "mae": 0.9814983443708609,
          "pearson_r": 0.3354939563754519,
          "n": 755
        },
        "reps": {
          "mae": 0.1718366694483664,
          "n": 554
        },
        "val_total": 0.4251378009650881,
        "val_total_per_task": {
          "exercise": 1.1602808298654115,
          "phase": 0.39590071530531573,
          "fatigue": 0.9814983400288008,
          "reps": 0.03086091870602393
        }
      }
    },
    {
      "seed": 42,
      "fold": 3,
      "test_subjects": [
        "Hytten",
        "lucas"
      ],
      "metrics": {
        "exercise": {
          "f1_macro": 0.20496469343951224,
          "balanced_accuracy": 0.23909984935906545,
          "n": 557
        },
        "phase": {
          "f1_macro": 0.3190144599460315,
          "balanced_accuracy": 0.33968253968253964,
          "n": 477
        },
        "fatigue": {
          "mae": 1.029321420556553,
          "pearson_r": -0.22318260502108708,
          "n": 557
        },
        "reps": {
          "mae": 0.2215729264659367,
          "n": 474
        },
        "val_total": 0.6222165264389887,
        "val_total_per_task": {
          "exercise": 1.5694034345702166,
          "phase": 0.407410493765956,
          "fatigue": 1.0293214338258097,
          "reps": 0.04095168036861843
        }
      }
    },
    {
      "seed": 42,
      "fold": 4,
      "test_subjects": [
        "kiyomi"
      ],
      "metrics": {
        "exercise": {
          "f1_macro": 0.3628955085661367,
          "balanced_accuracy": 0.45481927710843373,
          "n": 374
        },
        "phase": {
          "f1_macro": 0.29383686437487766,
          "balanced_accuracy": 0.306983992066865,
          "n": 374
        },
        "fatigue": {
          "mae": 0.9733351437165776,
          "pearson_r": 0.24952427437204938,
          "n": 374
        },
        "reps": {
          "mae": 0.20721785095893844,
          "n": 374
        },
        "val_total": 0.1767647419383819,
        "val_total_per_task": {
          "exercise": 1.0254958925400188,
          "phase": 0.33060582500090574,
          "fatigue": 0.9733351118424359,
          "reps": 0.03552851630723413
        }
      }
    }
  ]
}