{
  "exercise": {
    "f1_macro": 0.1461038961038961,
    "balanced_accuracy": 0.25,
    "n": 218
  },
  "phase": {
    "f1_macro": 0.1979949874686717,
    "balanced_accuracy": 0.3333333333333333,
    "n": 187
  },
  "fatigue": {
    "mae": 0.9530533256880734,
    "pearson_r": -0.18523803137389058,
    "n": 218
  },
  "reps": {
    "mae": 0.5105045240210451,
    "n": 184
  },
  "val_total": 1.1481051445007324,
  "val_total_per_task": {
    "exercise": 1.2262130975723267,
    "phase": 0.32333382964134216,
    "fatigue": 0.9530532956123352,
    "reps": 0.1931445598602295
  }
}