{
  "exercise": {
    "f1_macro": 0.1214574898785425,
    "balanced_accuracy": 0.25,
    "n": 374
  },
  "phase": {
    "f1_macro": 0.347503930511667,
    "balanced_accuracy": 0.3695687369720519,
    "n": 374
  },
  "fatigue": {
    "mae": 0.9102606951871658,
    "pearson_r": -0.07328128487298083,
    "n": 374
  },
  "reps": {
    "mae": 0.21634856345789397,
    "n": 374
  },
  "val_total": 1.220014457396645,
  "val_total_per_task": {
    "exercise": 1.37482505941136,
    "phase": 0.3283543220178329,
    "fatigue": 0.9102607098492709,
    "reps": 0.035636433704014134
  }
}