{
  "exercise": {
    "f1_macro": 0.34117284362085054,
    "balanced_accuracy": 0.4005112622868795,
    "n": 1509
  },
  "phase": {
    "f1_macro": 0.29756973211819937,
    "balanced_accuracy": 0.3290325844970654,
    "n": 1113
  },
  "fatigue": {
    "mae": 1.0428677932405566,
    "pearson_r": 0.42993496900322054,
    "n": 1509
  },
  "reps": {
    "mae": 0.08739666938874281,
    "n": 1107
  },
  "val_total": 0.17825318133301732,
  "val_total_per_task": {
    "exercise": 1.1661579995221694,
    "phase": 0.8275713020203681,
    "fatigue": 1.0428677877896348,
    "reps": 0.007464677646245148
  }
}