{
  "exercise": {
    "f1_macro": 0.3362127334492111,
    "balanced_accuracy": 0.3235435686573433,
    "n": 96301
  },
  "phase": {
    "f1_macro": 0.26591935964918406,
    "balanced_accuracy": 0.3124149861354638,
    "n": 55121
  },
  "fatigue": {
    "mae": 1.0229504814838786,
    "pearson_r": 0.021840456659598856,
    "n": 96301
  },
  "reps": {
    "mae": 2.5999169333751246,
    "n": 96301
  }
}