{
  "repr_dim": 64,
  "dropout": 0.12602063719411183,
  "lr": 0.004444833953509465,
  "kernel_size": 3
}