{
  "exercise": {
    "f1_macro": 0.5412325105027492,
    "balanced_accuracy": 0.5381681128511197,
    "n": 96301
  },
  "phase": {
    "f1_macro": 0.3358975941401081,
    "balanced_accuracy": 0.3616908567517169,
    "n": 55121
  },
  "fatigue": {
    "mae": 0.991199857409927,
    "pearson_r": 0.2488353264483601,
    "n": 96301
  },
  "reps": {
    "mae": 2.893975939783203,
    "n": 96301
  }
}