{
  "exercise": {
    "f1_macro": 0.36423405654174884,
    "balanced_accuracy": 0.45606060606060606,
    "n": 746
  },
  "phase": {
    "f1_macro": 0.2120658135283364,
    "balanced_accuracy": 0.3333333333333333,
    "n": 746
  },
  "fatigue": {
    "mae": 1.0737422503351206,
    "pearson_r": 0.14696576897263006,
    "n": 746
  },
  "reps": {
    "mae": 0.10895874404695494,
    "n": 746
  },
  "val_total": -0.541606011083874,
  "val_total_per_task": {
    "exercise": 1.0433218715657497,
    "phase": 0.47800336878037647,
    "fatigue": 1.0737423174502703,
    "reps": 0.009965742950704718
  }
}