{
  "exercise": {
    "f1_macro": 0.30694444444444446,
    "balanced_accuracy": 0.3265931372549019,
    "n": 149
  },
  "phase": {
    "f1_macro": 0.24509264355164193,
    "balanced_accuracy": 0.34622507122507123,
    "n": 149
  },
  "fatigue": {
    "mae": 1.1125996224832215,
    "pearson_r": 0.32604062400922107,
    "n": 149
  },
  "reps": {
    "mae": 0.45123760040924454,
    "n": 149
  },
  "val_total": 1.5629578828811646,
  "val_total_per_task": {
    "exercise": 1.708264708518982,
    "phase": 0.3269830048084259,
    "fatigue": 1.1125996112823486,
    "reps": 0.16718921065330505
  }
}