{
  "exercise": {
    "f1_macro": 0.7336737203066682,
    "balanced_accuracy": 0.7254025309862262,
    "n": 252
  },
  "phase": {
    "f1_macro": 0.3260551678298438,
    "balanced_accuracy": 0.34642334642334643,
    "n": 217
  },
  "fatigue": {
    "mae": 1.2274925595238095,
    "pearson_r": 0.12452877140929713,
    "n": 252
  },
  "reps": {
    "mae": 0.5310211340748818,
    "n": 214
  },
  "val_total": 0.49801772832870483,
  "val_total_per_task": {
    "exercise": 0.5561535954475403,
    "phase": 0.2677798569202423,
    "fatigue": 1.2274925708770752,
    "reps": 0.19639983773231506
  }
}