{
  "exercise": {
    "f1_macro": 0.30531319910514537,
    "balanced_accuracy": 0.3600281701725166,
    "n": 266
  },
  "phase": {
    "f1_macro": 0.2206896551724138,
    "balanced_accuracy": 0.3333333333333333,
    "n": 194
  },
  "fatigue": {
    "mae": 1.1742686795112782,
    "pearson_r": 0.3820478497034895,
    "n": 266
  },
  "reps": {
    "mae": 0.4490291243961091,
    "n": 189
  },
  "val_total": 1.2354596853256226,
  "val_total_per_task": {
    "exercise": 1.271488904953003,
    "phase": 0.3175782859325409,
    "fatigue": 1.1742687225341797,
    "reps": 0.15602149069309235
  }
}