{
  "exercise": {
    "f1_macro": 0.11447347355360324,
    "balanced_accuracy": 0.14547508740016485,
    "n": 557
  },
  "phase": {
    "f1_macro": 0.30928390232841574,
    "balanced_accuracy": 0.3334869431643625,
    "n": 477
  },
  "fatigue": {
    "mae": 1.0105265372531418,
    "pearson_r": -0.2264493340598116,
    "n": 557
  },
  "reps": {
    "mae": 0.2162583077396168,
    "n": 474
  },
  "val_total": 0.5854054274208028,
  "val_total_per_task": {
    "exercise": 1.672846299955618,
    "phase": 0.4081003892250506,
    "fatigue": 1.0105265385372635,
    "reps": 0.04100524298378552
  }
}