{
  "exercise": {
    "f1_macro": 0.34719617930723146,
    "balanced_accuracy": 0.35667363582407924,
    "n": 1509
  },
  "phase": {
    "f1_macro": 0.32655109687110623,
    "balanced_accuracy": 0.34530459421169807,
    "n": 1113
  },
  "fatigue": {
    "mae": 0.9843879431742876,
    "pearson_r": 0.40870595676175353,
    "n": 1509
  },
  "reps": {
    "mae": 0.08544952461374848,
    "n": 1107
  },
  "val_total": 0.1907820657359756,
  "val_total_per_task": {
    "exercise": 1.2292290387997333,
    "phase": 0.8190883239465806,
    "fatigue": 0.9843879437272797,
    "reps": 0.006837055649956463
  }
}