{
  "exercise": {
    "f1_macro": 0.12322946175637393,
    "balanced_accuracy": 0.25,
    "n": 266
  },
  "phase": {
    "f1_macro": 0.2206896551724138,
    "balanced_accuracy": 0.3333333333333333,
    "n": 194
  },
  "fatigue": {
    "mae": 2.5007195723684212,
    "pearson_r": 0.18206183925437705,
    "n": 266
  },
  "reps": {
    "mae": 0.5912181464905935,
    "n": 189
  },
  "val_total": 2.1858434677124023,
  "val_total_per_task": {
    "exercise": 1.3473074436187744,
    "phase": 0.3383740484714508,
    "fatigue": 2.5007195472717285,
    "reps": 0.23978346586227417
  }
}