{
  "exercise": {
    "f1_macro": 0.4383930787504875,
    "balanced_accuracy": 0.4982638215207311,
    "n": 682
  },
  "phase": {
    "f1_macro": 0.3092731335436383,
    "balanced_accuracy": 0.35385352195697023,
    "n": 488
  },
  "fatigue": {
    "mae": 1.166015625,
    "pearson_r": 0.3309265936593141,
    "n": 682
  },
  "reps": {
    "mae": 0.1794154679023997,
    "n": 482
  },
  "val_total": 0.5254426002502441,
  "val_total_per_task": {
    "exercise": 1.5264969585228525,
    "phase": 0.5371217475958234,
    "fatigue": 1.166015628845461,
    "reps": 0.02792330466407485
  }
}