{
  "exercise": {
    "f1_macro": 0.41327437933438915,
    "balanced_accuracy": 0.4795705201357398,
    "n": 252
  },
  "phase": {
    "f1_macro": 0.2809265010351967,
    "balanced_accuracy": 0.30415030415030414,
    "n": 217
  },
  "fatigue": {
    "mae": 1.0655071924603174,
    "pearson_r": 0.32921770375091974,
    "n": 252
  },
  "reps": {
    "mae": 0.6193753266794102,
    "n": 214
  },
  "val_total": 1.0175080507520646,
  "val_total_per_task": {
    "exercise": 1.0813057536170596,
    "phase": 0.31237353077010505,
    "fatigue": 1.0655071602927313,
    "reps": 0.26487240857548183
  }
}