{
  "lr": 0.0025254184083443286,
  "weight_decay": 1.3572735459329318e-05,
  "batch_size": 64,
  "dropout": 0.34370398248420503,
  "repr_dim": 64,
  "lstm_hidden": 32,
  "lstm_layers": 1,
  "_patience": 50
}