{
  "exercise": {
    "f1_macro": 0.14746835443037976,
    "balanced_accuracy": 0.25,
    "n": 557
  },
  "phase": {
    "f1_macro": 0.27881751589793125,
    "balanced_accuracy": 0.32700332821300565,
    "n": 477
  },
  "fatigue": {
    "mae": 0.8943699506283662,
    "pearson_r": -0.2700573494130343,
    "n": 557
  },
  "reps": {
    "mae": 0.22501965156483233,
    "n": 474
  },
  "val_total": 1.2317516574739769,
  "val_total_per_task": {
    "exercise": 1.314908969124087,
    "phase": 0.3975564688711663,
    "fatigue": 0.8943699531966095,
    "reps": 0.041618766774769535
  }
}