{
  "exercise": {
    "f1_macro": 0.19217894400255806,
    "balanced_accuracy": 0.2285549839411079,
    "n": 557
  },
  "phase": {
    "f1_macro": 0.2150616006771372,
    "balanced_accuracy": 0.3313556067588325,
    "n": 477
  },
  "fatigue": {
    "mae": 1.0121114789048473,
    "pearson_r": -0.2049259722664088,
    "n": 557
  },
  "reps": {
    "mae": 0.2140216563964844,
    "n": 474
  },
  "val_total": 0.7328981202851506,
  "val_total_per_task": {
    "exercise": 1.6388857734909605,
    "phase": 0.40525839396182256,
    "fatigue": 1.0121114763366041,
    "reps": 0.04072294434736511
  }
}