{
  "exercise": {
    "f1_macro": 0.39099499893234013,
    "balanced_accuracy": 0.4165371118173297,
    "n": 1509
  },
  "phase": {
    "f1_macro": 0.32192316603468013,
    "balanced_accuracy": 0.3380692167577413,
    "n": 1113
  },
  "fatigue": {
    "mae": 1.002948455102717,
    "pearson_r": 0.38535097105574095,
    "n": 1509
  },
  "reps": {
    "mae": 0.0870807434494465,
    "n": 1107
  },
  "val_total": -0.11125881305350777,
  "val_total_per_task": {
    "exercise": 1.2078741210592432,
    "phase": 0.8271147888413006,
    "fatigue": 1.0029484547077228,
    "reps": 0.007198015521382302
  }
}