{
  "exercise": {
    "f1_macro": 0.34593013250731375,
    "balanced_accuracy": 0.40587121212121213,
    "n": 746
  },
  "phase": {
    "f1_macro": 0.2685183731977316,
    "balanced_accuracy": 0.3086667260684903,
    "n": 746
  },
  "fatigue": {
    "mae": 1.0004503183646112,
    "pearson_r": 0.2580841362652725,
    "n": 746
  },
  "reps": {
    "mae": 0.10686388966844644,
    "n": 746
  },
  "val_total": 0.7873467772639788,
  "val_total_per_task": {
    "exercise": 1.1148853832531231,
    "phase": 0.48408898399598477,
    "fatigue": 1.000450364706024,
    "reps": 0.009986738566978367
  }
}