{
  "exercise": {
    "f1_macro": 0.297849712831473,
    "balanced_accuracy": 0.31147973374534965,
    "n": 69958
  },
  "phase": {
    "f1_macro": 0.28459692266413,
    "balanced_accuracy": 0.3227296486500339,
    "n": 40865
  },
  "fatigue": {
    "mae": 1.055025070001707,
    "pearson_r": -0.2132181263662267,
    "n": 69958
  },
  "reps": {
    "mae": 2.365350804408257,
    "n": 69958
  }
}