{
  "exercise": {
    "f1_macro": 0.4590920126973863,
    "balanced_accuracy": 0.4890944106655849,
    "n": 75011
  },
  "phase": {
    "f1_macro": 0.28357410715349224,
    "balanced_accuracy": 0.3291051355168366,
    "n": 44914
  },
  "fatigue": {
    "mae": 1.2152853820682188,
    "pearson_r": 0.02085712340596335,
    "n": 75011
  },
  "reps": {
    "mae": 2.552421256651716,
    "n": 75011
  }
}