{
  "lr": 0.0030661653445491484,
  "weight_decay": 3.6148224715239847e-06,
  "batch_size": 64,
  "dropout": 0.3796369811324729,
  "repr_dim": 128,
  "lstm_hidden": 32,
  "lstm_layers": 1,
  "_patience": 50
}