{
  "exercise": {
    "f1_macro": 0.38357063843018063,
    "balanced_accuracy": 0.45572427512721564,
    "n": 1256
  },
  "phase": {
    "f1_macro": 0.2999070079761092,
    "balanced_accuracy": 0.31676735466065953,
    "n": 1069
  },
  "fatigue": {
    "mae": 1.0883011544585988,
    "pearson_r": 0.32455747562600074,
    "n": 1256
  },
  "reps": {
    "mae": 0.1388386181248448,
    "n": 1067
  },
  "val_total": 0.45557387011825656,
  "val_total_per_task": {
    "exercise": 1.107792793565495,
    "phase": 0.4269518831353279,
    "fatigue": 1.0883011571161307,
    "reps": 0.013888722665275738
  }
}