{
  "exercise": {
    "f1_macro": 0.3908709865204605,
    "balanced_accuracy": 0.460078547488331,
    "n": 266
  },
  "phase": {
    "f1_macro": 0.31598803772716816,
    "balanced_accuracy": 0.3556998556998557,
    "n": 194
  },
  "fatigue": {
    "mae": 1.957479147086466,
    "pearson_r": 0.26402348184343216,
    "n": 266
  },
  "reps": {
    "mae": 0.4407039878682958,
    "n": 189
  },
  "val_total": 1.8429054021835327,
  "val_total_per_task": {
    "exercise": 1.3143484592437744,
    "phase": 0.3392581343650818,
    "fatigue": 1.9574792385101318,
    "reps": 0.15197016298770905
  }
}