{
  "exercise": {
    "f1_macro": 0.17890980681678356,
    "balanced_accuracy": 0.19204331450094161,
    "n": 218
  },
  "phase": {
    "f1_macro": 0.3651077604565976,
    "balanced_accuracy": 0.3872746451860376,
    "n": 187
  },
  "fatigue": {
    "mae": 1.1736131020642202,
    "pearson_r": -0.2345882953110936,
    "n": 218
  },
  "reps": {
    "mae": 0.48902809328359104,
    "n": 184
  },
  "val_total": 1.756667137145996,
  "val_total_per_task": {
    "exercise": 1.8991284370422363,
    "phase": 0.32322296500205994,
    "fatigue": 1.1736130714416504,
    "reps": 0.2177557349205017
  }
}