{
  "arch": "lstm_raw",
  "summary": {
    "val_total": {
      "mean": 0.3435948873678005,
      "std": 0.2351269500123555,
      "n": 5
    },
    "exercise": {
      "f1_macro": {
        "mean": 0.316353983282532,
        "std": 0.11059195880874448,
        "n": 5
      },
      "balanced_accuracy": {
        "mean": 0.3656081791745916,
        "std": 0.12015241972607553,
        "n": 5
      }
    },
    "phase": {
      "f1_macro": {
        "mean": 0.29887385572444847,
        "std": 0.025357945810920084,
        "n": 5
      },
      "balanced_accuracy": {
        "mean": 0.3246323270389232,
        "std": 0.022426988962606247,
        "n": 5
      }
    },
    "fatigue": {
      "mae": {
        "mean": 1.0131628323541777,
        "std": 0.11283503075832013,
        "n": 5
      },
      "pearson_r": {
        "mean": 0.24792517072296766,
        "std": 0.23946607128394548,
        "n": 5
      }
    },
    "reps": {
      "mae": {
        "mean": 0.20791768144634232,
        "std": 0.033659895782653604,
        "n": 5
      }
    }
  },
  "enabled_tasks": [
    "exercise",
    "phase",
    "fatigue",
    "reps"
  ],
  "all_results": [
    {
      "seed": 42,
      "fold": 0,
      "test_subjects": [
        "Tias",
        "sivert"
      ],
      "metrics": {
        "exercise": {
          "f1_macro": 0.44063010739486275,
          "balanced_accuracy": 0.49176803616938164,
          "n": 626
        },
        "phase": {
          "f1_macro": 0.2983189170698333,
          "balanced_accuracy": 0.3191423001949318,
          "n": 533
        },
        "fatigue": {
          "mae": 1.0915535143769968,
          "pearson_r": 0.30947592608053615,
          "n": 626
        },
        "reps": {
          "mae": 0.26546019516804603,
          "n": 531
        },
        "val_total": 0.1589907819089798,
        "val_total_per_task": {
          "exercise": 1.0889262741746994,
          "phase": 0.28501782449670493,
          "fatigue": 1.0915535193281813,
          "reps": 0.04957381531167716
        }
      }
    },
    {
      "seed": 42,
      "fold": 1,
      "test_subjects": [
        "Raghild",
        "michael"
      ],
      "metrics": {
        "exercise": {
          "f1_macro": 0.29858423792815475,
          "balanced_accuracy": 0.34201846992362067,
          "n": 682
        },
        "phase": {
          "f1_macro": 0.27095083144175885,
          "balanced_accuracy": 0.29692258571568914,
          "n": 488
        },
        "fatigue": {
          "mae": 1.1718349065249267,
          "pearson_r": 0.3624678345398311,
          "n": 682
        },
        "reps": {
          "mae": 0.18442509151005892,
          "n": 482
        },
        "val_total": 0.6428499571389117,
        "val_total_per_task": {
          "exercise": 1.3290402116663644,
          "phase": 0.5202530591019437,
          "fatigue": 1.1718349079232762,
          "reps": 0.02830849994312633
        }
      }
    },
    {
      "seed": 42,
      "fold": 2,
      "test_subjects": [
        "Juile",
        "lucas 2"
      ],
      "metrics": {
        "exercise": {
          "f1_macro": 0.3707019516267115,
          "balanced_accuracy": 0.4113295031830035,
          "n": 755
        },
        "phase": {
          "f1_macro": 0.3407980097413605,
          "balanced_accuracy": 0.36270984052353433,
          "n": 560
        },
        "fatigue": {
          "mae": 0.9452038493377484,
          "pearson_r": 0.40920048500694034,
          "n": 755
        },
        "reps": {
          "mae": 0.16630360577843867,
          "n": 554
        },
        "val_total": 0.2894334731512512,
        "val_total_per_task": {
          "exercise": 1.1802148725812798,
          "phase": 0.39349078464981735,
          "fatigue": 0.9452038430220244,
          "reps": 0.029703455317198046
        }
      }
    },
    {
      "seed": 42,
      "fold": 3,
      "test_subjects": [
        "Hytten",
        "lucas"
      ],
      "metrics": {
        "exercise": {
          "f1_macro": 0.11447347355360324,
          "balanced_accuracy": 0.14547508740016485,
          "n": 557
        },
        "phase": {
          "f1_macro": 0.30928390232841574,
          "balanced_accuracy": 0.3334869431643625,
          "n": 477
        },
        "fatigue": {
          "mae": 1.0105265372531418,
          "pearson_r": -0.2264493340598116,
          "n": 557
        },
        "reps": {
          "mae": 0.2162583077396168,
          "n": 474
        },
        "val_total": 0.5854054274208028,
        "val_total_per_task": {
          "exercise": 1.672846299955618,
          "phase": 0.4081003892250506,
          "fatigue": 1.0105265385372635,
          "reps": 0.04100524298378552
        }
      }
    },
    {
      "seed": 42,
      "fold": 4,
      "test_subjects": [
        "kiyomi"
      ],
      "metrics": {
        "exercise": {
          "f1_macro": 0.35738014590932776,
          "balanced_accuracy": 0.43744979919678717,
          "n": 374
        },
        "phase": {
          "f1_macro": 0.2750176180408738,
          "balanced_accuracy": 0.31089996559609817,
          "n": 374
        },
        "fatigue": {
          "mae": 0.8466953542780749,
          "pearson_r": 0.3849309420473423,
          "n": 374
        },
        "reps": {
          "mae": 0.20714120703555125,
          "n": 374
        },
        "val_total": 0.041294797219057135,
        "val_total_per_task": {
          "exercise": 1.1394081957199995,
          "phase": 0.328963588106441,
          "fatigue": 0.8466953530031092,
          "reps": 0.035196446619409925
        }
      }
    }
  ]
}