{
  "exercise": {
    "f1_macro": 0.1218274111675127,
    "balanced_accuracy": 0.25,
    "n": 149
  },
  "phase": {
    "f1_macro": 0.30596877869605144,
    "balanced_accuracy": 0.3316239316239316,
    "n": 149
  },
  "fatigue": {
    "mae": 0.7328544463087249,
    "pearson_r": 0.37345297932239924,
    "n": 149
  },
  "reps": {
    "mae": 0.4811879407314446,
    "n": 149
  },
  "val_total": 1.2819088697433472,
  "val_total_per_task": {
    "exercise": 1.37879478931427,
    "phase": 0.30886590480804443,
    "fatigue": 0.732854425907135,
    "reps": 0.18533238768577576
  }
}