{
  "exercise": {
    "f1_macro": 0.26116396496635147,
    "balanced_accuracy": 0.25764242004844473,
    "n": 75011
  },
  "phase": {
    "f1_macro": 0.20961931184471563,
    "balanced_accuracy": 0.28191473599732314,
    "n": 44914
  },
  "fatigue": {
    "mae": 1.2082093590010954,
    "pearson_r": 0.236000577773094,
    "n": 75011
  },
  "reps": {
    "mae": 2.483168730176563,
    "n": 75011
  }
}