{
  "exercise": {
    "f1_macro": 0.21265530214610318,
    "balanced_accuracy": 0.28952011732458804,
    "n": 182309
  },
  "phase": {
    "f1_macro": 0.18540974431704216,
    "balanced_accuracy": 0.33383360413543756,
    "n": 58337
  },
  "fatigue": {
    "mae": 1.06490799137395,
    "pearson_r": -0.16945656895524086,
    "n": 182309
  },
  "reps": {
    "mae": 4.591224345638094,
    "n": 182309
  }
}