{
  "exercise": {
    "f1_macro": 0.17552723820556543,
    "balanced_accuracy": 0.2081136601973826,
    "n": 1106
  },
  "phase": {
    "f1_macro": 0.33173676869999263,
    "balanced_accuracy": 0.3354135919600815,
    "n": 944
  },
  "fatigue": {
    "mae": 1.0988959369349005,
    "pearson_r": -0.28311647861091405,
    "n": 1106
  },
  "reps": {
    "mae": 0.11412236474995778,
    "n": 941
  },
  "val_total": -0.1471769369963496,
  "val_total_per_task": {
    "exercise": 1.6789727364052054,
    "phase": 0.5071882322080312,
    "fatigue": 1.0988959369349005,
    "reps": 0.011644279804909315
  }
}