{
  "exercise": {
    "f1_macro": 0.32086260137771894,
    "balanced_accuracy": 0.40031982942430705,
    "n": 252
  },
  "phase": {
    "f1_macro": 0.2695975107899227,
    "balanced_accuracy": 0.34434434434434436,
    "n": 217
  },
  "fatigue": {
    "mae": 1.0369233630952381,
    "pearson_r": 0.42925267099010894,
    "n": 252
  },
  "reps": {
    "mae": 0.6441096588621072,
    "n": 214
  },
  "val_total": 1.4424502603591434,
  "val_total_per_task": {
    "exercise": 1.3069176768499708,
    "phase": 0.3304025909257314,
    "fatigue": 1.036923336604285,
    "reps": 0.28040092450285714
  }
}