{
  "exercise": {
    "f1_macro": 0.3385945798508334,
    "balanced_accuracy": 0.4238011061582041,
    "n": 682
  },
  "phase": {
    "f1_macro": 0.2984463326634465,
    "balanced_accuracy": 0.3060344827586207,
    "n": 488
  },
  "fatigue": {
    "mae": 1.261380819281525,
    "pearson_r": 0.30580668435965025,
    "n": 682
  },
  "reps": {
    "mae": 0.18401420701496088,
    "n": 482
  },
  "val_total": 0.47206087615832554,
  "val_total_per_task": {
    "exercise": 1.2661182709103804,
    "phase": 0.5156171377802874,
    "fatigue": 1.2613808231269859,
    "reps": 0.02811311067374221
  }
}