{
  "lr": 0.0027515182702208744,
  "weight_decay": 6.660515162731036e-05,
  "batch_size": 64,
  "dropout": 0.3566004938578879,
  "repr_dim": 64,
  "lstm_hidden": 32,
  "lstm_layers": 1,
  "_patience": 50
}