{
  "exercise": {
    "f1_macro": 0.2448404893872443,
    "balanced_accuracy": 0.24142156862745096,
    "n": 149
  },
  "phase": {
    "f1_macro": 0.30705747949596734,
    "balanced_accuracy": 0.3257834757834758,
    "n": 149
  },
  "fatigue": {
    "mae": 0.8230390100671141,
    "pearson_r": 0.13304241084064622,
    "n": 149
  },
  "reps": {
    "mae": 0.43462459381744767,
    "n": 149
  },
  "val_total": 0.521986177303647,
  "val_total_per_task": {
    "exercise": 1.3176253145973154,
    "phase": 0.2883377433223212,
    "fatigue": 0.8230390112672076,
    "reps": 0.13079969389926668
  }
}