{
  "exercise": {
    "f1_macro": 0.14180090512057725,
    "balanced_accuracy": 0.14930650328252718,
    "n": 1106
  },
  "phase": {
    "f1_macro": 0.3348650253926304,
    "balanced_accuracy": 0.3401176002061517,
    "n": 944
  },
  "fatigue": {
    "mae": 1.0511626921338155,
    "pearson_r": -0.20679318045157402,
    "n": 1106
  },
  "reps": {
    "mae": 0.11271154757477264,
    "n": 941
  },
  "val_total": 0.6118168589435046,
  "val_total_per_task": {
    "exercise": 1.68514247613186,
    "phase": 0.5102445240693325,
    "fatigue": 1.0511626899781321,
    "reps": 0.011427859883506194
  }
}