{
  "arch": "lstm_raw",
  "summary": {
    "val_total": {
      "mean": 0.3927266989517499,
      "std": 0.22569866893203364,
      "n": 5
    },
    "exercise": {
      "f1_macro": {
        "mean": 0.31645045071770783,
        "std": 0.030136010198667382,
        "n": 5
      },
      "balanced_accuracy": {
        "mean": 0.35109565884917826,
        "std": 0.045328707903184266,
        "n": 5
      }
    },
    "phase": {
      "f1_macro": {
        "mean": 0.3215264366997995,
        "std": 0.01563060677751067,
        "n": 5
      },
      "balanced_accuracy": {
        "mean": 0.33567170261090673,
        "std": 0.008829012588546875,
        "n": 5
      }
    },
    "fatigue": {
      "mae": {
        "mean": 1.0149860612019448,
        "std": 0.08360522322254428,
        "n": 5
      },
      "pearson_r": {
        "mean": 0.2949662440163333,
        "std": 0.2287626703989572,
        "n": 5
      }
    },
    "reps": {
      "mae": {
        "mean": 0.10893439437587496,
        "std": 0.018389477882112024,
        "n": 5
      }
    }
  },
  "enabled_tasks": [
    "exercise",
    "phase",
    "fatigue",
    "reps"
  ],
  "all_results": [
    {
      "seed": 42,
      "fold": 0,
      "test_subjects": [
        "Tias",
        "sivert"
      ],
      "metrics": {
        "exercise": {
          "f1_macro": 0.3615864392459939,
          "balanced_accuracy": 0.4210135418935331,
          "n": 1256
        },
        "phase": {
          "f1_macro": 0.3166040523968097,
          "balanced_accuracy": 0.33323947164401796,
          "n": 1069
        },
        "fatigue": {
          "mae": 1.0800345839968153,
          "pearson_r": 0.37588307361736395,
          "n": 1256
        },
        "reps": {
          "mae": 0.14113201609844972,
          "n": 1067
        },
        "val_total": 0.2547364485491613,
        "val_total_per_task": {
          "exercise": 1.3861414140956416,
          "phase": 0.4283866646942819,
          "fatigue": 1.0800345843764627,
          "reps": 0.01457368206992081
        }
      }
    },
    {
      "seed": 42,
      "fold": 1,
      "test_subjects": [
        "Raghild",
        "michael"
      ],
      "metrics": {
        "exercise": {
          "f1_macro": 0.31119498099822873,
          "balanced_accuracy": 0.3504126720545676,
          "n": 1361
        },
        "phase": {
          "f1_macro": 0.3356795902146074,
          "balanced_accuracy": 0.3440480694336263,
          "n": 969
        },
        "fatigue": {
          "mae": 1.1390579077883909,
          "pearson_r": 0.41862346066361306,
          "n": 1361
        },
        "reps": {
          "mae": 0.09715041487875754,
          "n": 964
        },
        "val_total": 0.6068288850749266,
        "val_total_per_task": {
          "exercise": 1.3870846874831269,
          "phase": 0.7204684135582761,
          "fatigue": 1.1390579091022333,
          "reps": 0.008105860047266818
        }
      }
    },
    {
      "seed": 42,
      "fold": 2,
      "test_subjects": [
        "Juile",
        "lucas 2"
      ],
      "metrics": {
        "exercise": {
          "f1_macro": 0.3061902686151083,
          "balanced_accuracy": 0.29598741479899815,
          "n": 1509
        },
        "phase": {
          "f1_macro": 0.3435454817711774,
          "balanced_accuracy": 0.34755110301558384,
          "n": 1113
        },
        "fatigue": {
          "mae": 0.9143265407554672,
          "pearson_r": 0.44640548049393863,
          "n": 1509
        },
        "reps": {
          "mae": 0.087857621666818,
          "n": 1107
        },
        "val_total": 0.6612342915999486,
        "val_total_per_task": {
          "exercise": 1.332405949128709,
          "phase": 0.8110112762158876,
          "fatigue": 0.9143265427304389,
          "reps": 0.007332011765070294
        }
      }
    },
    {
      "seed": 42,
      "fold": 3,
      "test_subjects": [
        "Hytten",
        "lucas"
      ],
      "metrics": {
        "exercise": {
          "f1_macro": 0.27055922204646227,
          "balanced_accuracy": 0.31050784731697406,
          "n": 1106
        },
        "phase": {
          "f1_macro": 0.3024429223744292,
          "balanced_accuracy": 0.32937896783564086,
          "n": 944
        },
        "fatigue": {
          "mae": 0.9960443037974683,
          "pearson_r": -0.16009326704401064,
          "n": 1106
        },
        "reps": {
          "mae": 0.11521849049355214,
          "n": 941
        },
        "val_total": 0.39121030920452926,
        "val_total_per_task": {
          "exercise": 1.6534275950402506,
          "phase": 0.5052696491236282,
          "fatigue": 0.9960442990549649,
          "reps": 0.012041705032342382
        }
      }
    },
    {
      "seed": 42,
      "fold": 4,
      "test_subjects": [
        "kiyomi"
      ],
      "metrics": {
        "exercise": {
          "f1_macro": 0.3327213426827458,
          "balanced_accuracy": 0.3775568181818182,
          "n": 746
        },
        "phase": {
          "f1_macro": 0.3093601367419738,
          "balanced_accuracy": 0.32414090112566457,
          "n": 746
        },
        "fatigue": {
          "mae": 0.9454669696715817,
          "pearson_r": 0.394012472350762,
          "n": 746
        },
        "reps": {
          "mae": 0.10331342874179736,
          "n": 746
        },
        "val_total": 0.04962356033018383,
        "val_total_per_task": {
          "exercise": 1.23808144756041,
          "phase": 0.49984026418614325,
          "fatigue": 0.9454669728675412,
          "reps": 0.009897061857087762
        }
      }
    }
  ]
}