{
  "arch": "lstm_raw",
  "summary": {
    "val_total": {
      "mean": -0.3040946716746329,
      "std": 0.2178342497532925,
      "n": 5
    },
    "exercise": {
      "f1_macro": {
        "mean": 0.3428892125569393,
        "std": 0.08483380054543466,
        "n": 5
      },
      "balanced_accuracy": {
        "mean": 0.39672873428741146,
        "std": 0.10038469431146757,
        "n": 5
      }
    },
    "phase": {
      "f1_macro": {
        "mean": 0.30156285339070354,
        "std": 0.014129221790664177,
        "n": 5
      },
      "balanced_accuracy": {
        "mean": 0.33628865254327583,
        "std": 0.013545059023527702,
        "n": 5
      }
    },
    "fatigue": {
      "mae": {
        "mean": 1.063097024999349,
        "std": 0.1536167694874785,
        "n": 5
      },
      "pearson_r": {
        "mean": 0.23148146036548817,
        "std": 0.26475268670998203,
        "n": 5
      }
    },
    "reps": {
      "mae": {
        "mean": 0.10963641365328516,
        "std": 0.017561790788513415,
        "n": 5
      }
    }
  },
  "enabled_tasks": [
    "exercise",
    "phase",
    "fatigue",
    "reps"
  ],
  "all_results": [
    {
      "seed": 42,
      "fold": 0,
      "test_subjects": [
        "Tias",
        "sivert"
      ],
      "metrics": {
        "exercise": {
          "f1_macro": 0.372305471268749,
          "balanced_accuracy": 0.451014878817891,
          "n": 1256
        },
        "phase": {
          "f1_macro": 0.279122106943336,
          "balanced_accuracy": 0.33153655242358193,
          "n": 1069
        },
        "fatigue": {
          "mae": 1.0971524183917198,
          "pearson_r": 0.3154952931704351,
          "n": 1256
        },
        "reps": {
          "mae": 0.13715663303393302,
          "n": 1067
        },
        "val_total": -0.39512219702362256,
        "val_total_per_task": {
          "exercise": 1.1636293207763866,
          "phase": 0.42678221870379845,
          "fatigue": 1.0971524199103093,
          "reps": 0.01367144280700547
        }
      }
    },
    {
      "seed": 42,
      "fold": 1,
      "test_subjects": [
        "Raghild",
        "michael"
      ],
      "metrics": {
        "exercise": {
          "f1_macro": 0.40909404295896823,
          "balanced_accuracy": 0.46290844735526526,
          "n": 1361
        },
        "phase": {
          "f1_macro": 0.3007943081279611,
          "balanced_accuracy": 0.35848967026445605,
          "n": 969
        },
        "fatigue": {
          "mae": 1.275739346069067,
          "pearson_r": 0.3312855210072146,
          "n": 1361
        },
        "reps": {
          "mae": 0.09733545533439368,
          "n": 964
        },
        "val_total": -0.16195095400000914,
        "val_total_per_task": {
          "exercise": 1.2901647991331775,
          "phase": 0.6878062466502978,
          "fatigue": 1.2757393447552245,
          "reps": 0.007696024137415665
        }
      }
    },
    {
      "seed": 42,
      "fold": 2,
      "test_subjects": [
        "Juile",
        "lucas 2"
      ],
      "metrics": {
        "exercise": {
          "f1_macro": 0.3923548921556572,
          "balanced_accuracy": 0.4232227142729789,
          "n": 1509
        },
        "phase": {
          "f1_macro": 0.32043312498141757,
          "balanced_accuracy": 0.336247723132969,
          "n": 1113
        },
        "fatigue": {
          "mae": 0.997300053843605,
          "pearson_r": 0.393373887752563,
          "n": 1509
        },
        "reps": {
          "mae": 0.08603379443286167,
          "n": 1107
        },
        "val_total": -0.12337556431987097,
        "val_total_per_task": {
          "exercise": 1.2020491969909315,
          "phase": 0.8223088699670088,
          "fatigue": 0.9973000528956186,
          "reps": 0.0071344711599319755
        }
      }
    },
    {
      "seed": 42,
      "fold": 3,
      "test_subjects": [
        "Hytten",
        "lucas"
      ],
      "metrics": {
        "exercise": {
          "f1_macro": 0.17610270101394532,
          "balanced_accuracy": 0.19763399462728592,
          "n": 1106
        },
        "phase": {
          "f1_macro": 0.31174785100286534,
          "balanced_accuracy": 0.33877292852624913,
          "n": 944
        },
        "fatigue": {
          "mae": 1.1322120818264014,
          "pearson_r": -0.2931433547736548,
          "n": 1106
        },
        "reps": {
          "mae": 0.11836584807545794,
          "n": 941
        },
        "val_total": -0.14685050488380583,
        "val_total_per_task": {
          "exercise": 1.6018097348928884,
          "phase": 0.505413149946637,
          "fatigue": 1.1322120714791213,
          "reps": 0.011887320787199583
        }
      }
    },
    {
      "seed": 42,
      "fold": 4,
      "test_subjects": [
        "kiyomi"
      ],
      "metrics": {
        "exercise": {
          "f1_macro": 0.364588955387377,
          "balanced_accuracy": 0.44886363636363635,
          "n": 746
        },
        "phase": {
          "f1_macro": 0.29571687589793777,
          "balanced_accuracy": 0.3163963883691229,
          "n": 746
        },
        "fatigue": {
          "mae": 0.8130812248659517,
          "pearson_r": 0.4103959546708832,
          "n": 746
        },
        "reps": {
          "mae": 0.10929033738977947,
          "n": 746
        },
        "val_total": -0.6931741381458558,
        "val_total_per_task": {
          "exercise": 1.1033387382292557,
          "phase": 0.47938548032464035,
          "fatigue": 0.8130812290206991,
          "reps": 0.009630987998697377
        }
      }
    }
  ]
}