{
  "arch": "lstm_raw",
  "summary": {
    "val_total": {
      "mean": -0.2933091881865577,
      "std": 0.18839520125325582,
      "n": 5
    },
    "exercise": {
      "f1_macro": {
        "mean": 0.311852135934874,
        "std": 0.042104166078057226,
        "n": 5
      },
      "balanced_accuracy": {
        "mean": 0.3759039424687103,
        "std": 0.05518060832462876,
        "n": 5
      }
    },
    "phase": {
      "f1_macro": {
        "mean": 0.29965658433462405,
        "std": 0.04487956799805855,
        "n": 5
      },
      "balanced_accuracy": {
        "mean": 0.33411501115285275,
        "std": 0.004084014681759367,
        "n": 5
      }
    },
    "fatigue": {
      "mae": {
        "mean": 1.1058764937404364,
        "std": 0.08886061320039758,
        "n": 5
      },
      "pearson_r": {
        "mean": 0.1899196382331238,
        "std": 0.2210905653777256,
        "n": 5
      }
    },
    "reps": {
      "mae": {
        "mean": 0.10945367787715636,
        "std": 0.018027504055183437,
        "n": 5
      }
    }
  },
  "enabled_tasks": [
    "exercise",
    "phase",
    "fatigue",
    "reps"
  ],
  "all_results": [
    {
      "seed": 42,
      "fold": 0,
      "test_subjects": [
        "Tias",
        "sivert"
      ],
      "metrics": {
        "exercise": {
          "f1_macro": 0.3258009700582346,
          "balanced_accuracy": 0.3716011805152374,
          "n": 1256
        },
        "phase": {
          "f1_macro": 0.31822619343095887,
          "balanced_accuracy": 0.33665018601680247,
          "n": 1069
        },
        "fatigue": {
          "mae": 1.0749122959792994,
          "pearson_r": 0.31121454861541953,
          "n": 1256
        },
        "reps": {
          "mae": 0.1390342836385207,
          "n": 1067
        },
        "val_total": -0.3915117424764451,
        "val_total_per_task": {
          "exercise": 1.1858681850372605,
          "phase": 0.427010692798408,
          "fatigue": 1.0749122952200045,
          "reps": 0.013974570692961763
        }
      }
    },
    {
      "seed": 42,
      "fold": 1,
      "test_subjects": [
        "Raghild",
        "michael"
      ],
      "metrics": {
        "exercise": {
          "f1_macro": 0.27966215921301774,
          "balanced_accuracy": 0.3665633595748027,
          "n": 1361
        },
        "phase": {
          "f1_macro": 0.33606983571531934,
          "balanced_accuracy": 0.3404265420422092,
          "n": 969
        },
        "fatigue": {
          "mae": 1.2793069204628948,
          "pearson_r": 0.3306771540772271,
          "n": 1361
        },
        "reps": {
          "mae": 0.09633389635289791,
          "n": 964
        },
        "val_total": -0.13873472220752275,
        "val_total_per_task": {
          "exercise": 1.3180093930802916,
          "phase": 0.6845670920098029,
          "fatigue": 1.2793069181855683,
          "reps": 0.007735285949041351
        }
      }
    },
    {
      "seed": 42,
      "fold": 2,
      "test_subjects": [
        "Juile",
        "lucas 2"
      ],
      "metrics": {
        "exercise": {
          "f1_macro": 0.34112468898776577,
          "balanced_accuracy": 0.401808065670304,
          "n": 1509
        },
        "phase": {
          "f1_macro": 0.30605241601654043,
          "balanced_accuracy": 0.3286682857721109,
          "n": 1113
        },
        "fatigue": {
          "mae": 1.0710683813783963,
          "pearson_r": 0.3606302385712633,
          "n": 1509
        },
        "reps": {
          "mae": 0.08657250255842668,
          "n": 1107
        },
        "val_total": -0.07049242639636424,
        "val_total_per_task": {
          "exercise": 1.1579286890996854,
          "phase": 0.8258547659857215,
          "fatigue": 1.0710683794034246,
          "reps": 0.007275784041638739
        }
      }
    },
    {
      "seed": 42,
      "fold": 3,
      "test_subjects": [
        "Hytten",
        "lucas"
      ],
      "metrics": {
        "exercise": {
          "f1_macro": 0.2483911502253648,
          "balanced_accuracy": 0.2850016520377527,
          "n": 1106
        },
        "phase": {
          "f1_macro": 0.3258686629819652,
          "balanced_accuracy": 0.3314967085998079,
          "n": 944
        },
        "fatigue": {
          "mae": 1.0788560974231465,
          "pearson_r": -0.23514348575730282,
          "n": 1106
        },
        "reps": {
          "mae": 0.11676598517308319,
          "n": 941
        },
        "val_total": -0.2666111843926566,
        "val_total_per_task": {
          "exercise": 1.4698718072708434,
          "phase": 0.5029522429538679,
          "fatigue": 1.0788560974231465,
          "reps": 0.012073973064086859
        }
      }
    },
    {
      "seed": 42,
      "fold": 4,
      "test_subjects": [
        "kiyomi"
      ],
      "metrics": {
        "exercise": {
          "f1_macro": 0.3642817111899869,
          "balanced_accuracy": 0.4545454545454546,
          "n": 746
        },
        "phase": {
          "f1_macro": 0.2120658135283364,
          "balanced_accuracy": 0.3333333333333333,
          "n": 746
        },
        "fatigue": {
          "mae": 1.025238773458445,
          "pearson_r": 0.18221973565901187,
          "n": 746
        },
        "reps": {
          "mae": 0.10856172166285342,
          "n": 746
        },
        "val_total": -0.5991958654598001,
        "val_total_per_task": {
          "exercise": 1.0421875619376952,
          "phase": 0.47902276760451595,
          "fatigue": 1.0252387625921828,
          "reps": 0.01000418939100873
        }
      }
    }
  ]
}