{
  "exercise": {
    "f1_macro": 0.375550177166352,
    "balanced_accuracy": 0.45011897651862137,
    "n": 1256
  },
  "phase": {
    "f1_macro": 0.30293696438947837,
    "balanced_accuracy": 0.31046155571483597,
    "n": 1069
  },
  "fatigue": {
    "mae": 1.0698957503980893,
    "pearson_r": 0.354074756893253,
    "n": 1256
  },
  "reps": {
    "mae": 0.13807904960207062,
    "n": 1067
  },
  "val_total": -0.13173785331142937,
  "val_total_per_task": {
    "exercise": 1.3822577713401454,
    "phase": 0.42575264299751087,
    "fatigue": 1.0698957521065025,
    "reps": 0.013986771327152753
  }
}