{
  "exercise": {
    "f1_macro": 0.47739834669616993,
    "balanced_accuracy": 0.4994113621191245,
    "n": 75011
  },
  "phase": {
    "f1_macro": 0.28275838792908864,
    "balanced_accuracy": 0.32969973347427173,
    "n": 44914
  },
  "fatigue": {
    "mae": 1.153873627279681,
    "pearson_r": 0.1091470492471611,
    "n": 75011
  },
  "reps": {
    "mae": 2.5127267916477067,
    "n": 75011
  }
}