{
  "exercise": {
    "f1_macro": 0.12287712287712288,
    "balanced_accuracy": 0.25,
    "n": 755
  },
  "phase": {
    "f1_macro": 0.20519159456118666,
    "balanced_accuracy": 0.3333333333333333,
    "n": 560
  },
  "fatigue": {
    "mae": 0.9659871688741721,
    "pearson_r": 0.3408890485436166,
    "n": 755
  },
  "reps": {
    "mae": 0.16649934162204205,
    "n": 554
  },
  "val_total": 1.3218349620995933,
  "val_total_per_task": {
    "exercise": 1.376030875199678,
    "phase": 0.36856328043716635,
    "fatigue": 0.9659871552164191,
    "reps": 0.026650250688293912
  }
}