{
  "arch": "lstm_raw",
  "summary": {
    "val_total": {
      "mean": -0.33515491769488887,
      "std": 0.24187012254151924,
      "n": 5
    },
    "exercise": {
      "f1_macro": {
        "mean": 0.32493443302022196,
        "std": 0.08380834552073313,
        "n": 5
      },
      "balanced_accuracy": {
        "mean": 0.37980574776191434,
        "std": 0.09434107624317271,
        "n": 5
      }
    },
    "phase": {
      "f1_macro": {
        "mean": 0.2956281184215932,
        "std": 0.014300541447093347,
        "n": 5
      },
      "balanced_accuracy": {
        "mean": 0.3338603073543555,
        "std": 0.004385374901989619,
        "n": 5
      }
    },
    "fatigue": {
      "mae": {
        "mean": 1.0384533926330533,
        "std": 0.11984717590710478,
        "n": 5
      },
      "pearson_r": {
        "mean": 0.2190985065148702,
        "std": 0.24026695957404443,
        "n": 5
      }
    },
    "reps": {
      "mae": {
        "mean": 0.10442521466940449,
        "std": 0.011625103021942348,
        "n": 5
      }
    }
  },
  "enabled_tasks": [
    "exercise",
    "phase",
    "fatigue",
    "reps"
  ],
  "all_results": [
    {
      "seed": 42,
      "fold": 0,
      "test_subjects": [
        "Tias",
        "sivert"
      ],
      "metrics": {
        "exercise": {
          "f1_macro": 0.3546759881252286,
          "balanced_accuracy": 0.41838920005008934,
          "n": 1256
        },
        "phase": {
          "f1_macro": 0.28356632494563533,
          "balanced_accuracy": 0.32790154518282305,
          "n": 1069
        },
        "fatigue": {
          "mae": 1.08812699044586,
          "pearson_r": 0.30671949783950314,
          "n": 1256
        },
        "reps": {
          "mae": 0.11274298380025172,
          "n": 1067
        },
        "val_total": -0.5638839127911124,
        "val_total_per_task": {
          "exercise": 1.1602665649098196,
          "phase": 0.42534422912415426,
          "fatigue": 1.0881269912051548,
          "reps": 0.01054561755080132
        }
      }
    },
    {
      "seed": 42,
      "fold": 1,
      "test_subjects": [
        "Raghild",
        "michael"
      ],
      "metrics": {
        "exercise": {
          "f1_macro": 0.39216614359799806,
          "balanced_accuracy": 0.4494419399083086,
          "n": 1361
        },
        "phase": {
          "f1_macro": 0.30958001400268703,
          "balanced_accuracy": 0.34067430733281406,
          "n": 969
        },
        "fatigue": {
          "mae": 1.219444572005878,
          "pearson_r": 0.34544251024648354,
          "n": 1361
        },
        "reps": {
          "mae": 0.09717314941344853,
          "n": 964
        },
        "val_total": -0.1541323794940217,
        "val_total_per_task": {
          "exercise": 1.3340060043475104,
          "phase": 0.6885652007818397,
          "fatigue": 1.2194445709548043,
          "reps": 0.007879099957124876
        }
      }
    },
    {
      "seed": 42,
      "fold": 2,
      "test_subjects": [
        "Juile",
        "lucas 2"
      ],
      "metrics": {
        "exercise": {
          "f1_macro": 0.3518079198358083,
          "balanced_accuracy": 0.3751272960472368,
          "n": 1509
        },
        "phase": {
          "f1_macro": 0.31327877106092006,
          "balanced_accuracy": 0.3365917830398704,
          "n": 1113
        },
        "fatigue": {
          "mae": 1.0147552186878728,
          "pearson_r": 0.34683406299385333,
          "n": 1509
        },
        "reps": {
          "mae": 0.08604020718190661,
          "n": 1107
        },
        "val_total": -0.11987981059995213,
        "val_total_per_task": {
          "exercise": 1.1926147556210134,
          "phase": 0.8229518419587114,
          "fatigue": 1.014755214974926,
          "reps": 0.007064206864514479
        }
      }
    },
    {
      "seed": 42,
      "fold": 3,
      "test_subjects": [
        "Hytten",
        "lucas"
      ],
      "metrics": {
        "exercise": {
          "f1_macro": 0.15975569966664474,
          "balanced_accuracy": 0.2000096967433308,
          "n": 1106
        },
        "phase": {
          "f1_macro": 0.295342441615325,
          "balanced_accuracy": 0.33247124417269897,
          "n": 944
        },
        "fatigue": {
          "mae": 1.0204460047468353,
          "pearson_r": -0.2602196023135004,
          "n": 1106
        },
        "reps": {
          "mae": 0.1188272409164322,
          "n": 941
        },
        "val_total": -0.14779659550616797,
        "val_total_per_task": {
          "exercise": 1.6688578994321563,
          "phase": 0.5066670815293656,
          "fatigue": 1.0204460060402454,
          "reps": 0.012080616917238851
        }
      }
    },
    {
      "seed": 42,
      "fold": 4,
      "test_subjects": [
        "kiyomi"
      ],
      "metrics": {
        "exercise": {
          "f1_macro": 0.36626641387543013,
          "balanced_accuracy": 0.45606060606060606,
          "n": 746
        },
        "phase": {
          "f1_macro": 0.2763730404833985,
          "balanced_accuracy": 0.3316626570435713,
          "n": 746
        },
        "fatigue": {
          "mae": 0.8494941772788204,
          "pearson_r": 0.35671606380801146,
          "n": 746
        },
        "reps": {
          "mae": 0.10734249203498337,
          "n": 746
        },
        "val_total": -0.6900818900831902,
        "val_total_per_task": {
          "exercise": 1.0731793440698618,
          "phase": 0.47781773986189996,
          "fatigue": 0.849494186547103,
          "reps": 0.009718248606896672
        }
      }
    }
  ]
}