{
  "exercise": {
    "f1_macro": 0.36638453354763234,
    "balanced_accuracy": 0.42573315707382886,
    "n": 69958
  },
  "phase": {
    "f1_macro": 0.26623368693105426,
    "balanced_accuracy": 0.31869248653856647,
    "n": 40865
  },
  "fatigue": {
    "mae": 0.7967640123174007,
    "pearson_r": 0.6282840741797939,
    "n": 69958
  },
  "reps": {
    "mae": 2.333908947974332,
    "n": 69958
  }
}