{
  "exercise": {
    "f1_macro": 0.10990712074303406,
    "balanced_accuracy": 0.25,
    "n": 252
  },
  "phase": {
    "f1_macro": 0.1695303550973654,
    "balanced_accuracy": 0.3333333333333333,
    "n": 217
  },
  "fatigue": {
    "mae": 1.0932694692460319,
    "pearson_r": 0.2706877965491667,
    "n": 252
  },
  "reps": {
    "mae": 0.6637091066026799,
    "n": 214
  },
  "val_total": 1.3223621845245361,
  "val_total_per_task": {
    "exercise": 1.3879976272583008,
    "phase": 0.325319766998291,
    "fatigue": 1.0932695865631104,
    "reps": 0.2884064316749573
  }
}