{
  "exercise": {
    "f1_macro": 0.1988541318166611,
    "balanced_accuracy": 0.21134651600753296,
    "n": 218
  },
  "phase": {
    "f1_macro": 0.31225086367260163,
    "balanced_accuracy": 0.3344840813195244,
    "n": 187
  },
  "fatigue": {
    "mae": 1.3330794868119267,
    "pearson_r": -0.3152978045609453,
    "n": 218
  },
  "reps": {
    "mae": 0.4758695004426915,
    "n": 184
  },
  "val_total": 1.513718843460083,
  "val_total_per_task": {
    "exercise": 1.4935123920440674,
    "phase": 0.32735583186149597,
    "fatigue": 1.33307945728302,
    "reps": 0.18554696440696716
  }
}