{
  "exercise": {
    "f1_macro": 0.37801095807568963,
    "balanced_accuracy": 0.45125228985855426,
    "n": 252
  },
  "phase": {
    "f1_macro": 0.18556850782583434,
    "balanced_accuracy": 0.30538230538230543,
    "n": 217
  },
  "fatigue": {
    "mae": 1.0925874255952381,
    "pearson_r": 0.2826392732226724,
    "n": 252
  },
  "reps": {
    "mae": 0.6555618736022544,
    "n": 214
  },
  "val_total": 1.1788043975830078,
  "val_total_per_task": {
    "exercise": 1.1016535758972168,
    "phase": 0.32352036237716675,
    "fatigue": 1.0925874710083008,
    "reps": 0.2863370180130005
  }
}