{
  "exercise": {
    "f1_macro": 0.26590909090909093,
    "balanced_accuracy": 0.2588848039215686,
    "n": 149
  },
  "phase": {
    "f1_macro": 0.2577091377091377,
    "balanced_accuracy": 0.2950854700854701,
    "n": 149
  },
  "fatigue": {
    "mae": 1.6643377726510067,
    "pearson_r": 0.30220665829955423,
    "n": 149
  },
  "reps": {
    "mae": 0.4974609544288192,
    "n": 149
  },
  "val_total": 1.7749766111373901,
  "val_total_per_task": {
    "exercise": 1.607131004333496,
    "phase": 0.32083627581596375,
    "fatigue": 1.6643377542495728,
    "reps": 0.17311355471611023
  }
}