{
  "exercise": {
    "f1_macro": 0.36351063829787233,
    "balanced_accuracy": 0.45151515151515154,
    "n": 746
  },
  "phase": {
    "f1_macro": 0.31666050499743803,
    "balanced_accuracy": 0.34983218984822834,
    "n": 746
  },
  "fatigue": {
    "mae": 0.7668450485924933,
    "pearson_r": 0.43855464486613654,
    "n": 746
  },
  "reps": {
    "mae": 0.10740128530553934,
    "n": 746
  },
  "val_total": -0.7261930397304709,
  "val_total_per_task": {
    "exercise": 1.0955424363108166,
    "phase": 0.47765523259185916,
    "fatigue": 0.7668450466749176,
    "reps": 0.00972098423712375
  }
}