{
  "exercise": {
    "f1_macro": 0.397324991705768,
    "balanced_accuracy": 0.4590920859436148,
    "n": 1361
  },
  "phase": {
    "f1_macro": 0.22299780391655852,
    "balanced_accuracy": 0.3333422350803012,
    "n": 969
  },
  "fatigue": {
    "mae": 1.2939704261572373,
    "pearson_r": 0.24136790036758482,
    "n": 1361
  },
  "reps": {
    "mae": 0.09666699783768334,
    "n": 964
  },
  "val_total": -0.17988682283714008,
  "val_total_per_task": {
    "exercise": 1.218380421159199,
    "phase": 0.7084837583476002,
    "fatigue": 1.2939704298359958,
    "reps": 0.007620935073063533
  }
}