{
  "exercise": {
    "f1_macro": 0.35374805212921984,
    "balanced_accuracy": 0.4243515419555343,
    "n": 1256
  },
  "phase": {
    "f1_macro": 0.3231594880290301,
    "balanced_accuracy": 0.33308709877175274,
    "n": 1069
  },
  "fatigue": {
    "mae": 1.047182897093949,
    "pearson_r": 0.3457108715631049,
    "n": 1256
  },
  "reps": {
    "mae": 0.14237611066687925,
    "n": 1067
  },
  "val_total": 0.28770262382592365,
  "val_total_per_task": {
    "exercise": 1.0848902828374487,
    "phase": 0.42643598063736204,
    "fatigue": 1.047182895195712,
    "reps": 0.01446144407982849
  }
}