{
  "exercise": {
    "f1_macro": 0.37163478575604025,
    "balanced_accuracy": 0.41619023844559894,
    "n": 252
  },
  "phase": {
    "f1_macro": 0.3610126582278481,
    "balanced_accuracy": 0.3855778855778856,
    "n": 217
  },
  "fatigue": {
    "mae": 1.329008556547619,
    "pearson_r": 0.20135697107517714,
    "n": 252
  },
  "reps": {
    "mae": 0.6445921122261854,
    "n": 214
  },
  "val_total": 1.6276404857635498,
  "val_total_per_task": {
    "exercise": 1.3685612678527832,
    "phase": 0.34254392981529236,
    "fatigue": 1.3290085792541504,
    "reps": 0.27607518434524536
  }
}