{
  "exercise": {
    "f1_macro": 0.5223320158102767,
    "balanced_accuracy": 0.5296583603421711,
    "n": 218
  },
  "phase": {
    "f1_macro": 0.3299392927119134,
    "balanced_accuracy": 0.35490985807441505,
    "n": 187
  },
  "fatigue": {
    "mae": 1.219520498853211,
    "pearson_r": -0.3038804987604848,
    "n": 218
  },
  "reps": {
    "mae": 0.4589025426817977,
    "n": 184
  },
  "val_total": 0.8514579403291055,
  "val_total_per_task": {
    "exercise": 1.147149581427968,
    "phase": 0.3139799160694857,
    "fatigue": 1.2195205207264752,
    "reps": 0.15386488685093888
  }
}