{
  "exercise": {
    "f1_macro": 0.24867466813690148,
    "balanced_accuracy": 0.33740978348035283,
    "n": 266
  },
  "phase": {
    "f1_macro": 0.2825868089025984,
    "balanced_accuracy": 0.3088023088023088,
    "n": 194
  },
  "fatigue": {
    "mae": 1.3769971804511278,
    "pearson_r": 0.33003841899764463,
    "n": 266
  },
  "reps": {
    "mae": 0.4504285405375182,
    "n": 189
  },
  "val_total": 1.559240298163622,
  "val_total_per_task": {
    "exercise": 1.2826065416622878,
    "phase": 0.37966570101286234,
    "fatigue": 1.3769971858289904,
    "reps": 0.15753410454083205
  }
}