{
  "exercise": {
    "f1_macro": 0.3258009700582346,
    "balanced_accuracy": 0.3716011805152374,
    "n": 1256
  },
  "phase": {
    "f1_macro": 0.31822619343095887,
    "balanced_accuracy": 0.33665018601680247,
    "n": 1069
  },
  "fatigue": {
    "mae": 1.0749122959792994,
    "pearson_r": 0.31121454861541953,
    "n": 1256
  },
  "reps": {
    "mae": 0.1390342836385207,
    "n": 1067
  },
  "val_total": -0.3915117424764451,
  "val_total_per_task": {
    "exercise": 1.1858681850372605,
    "phase": 0.427010692798408,
    "fatigue": 1.0749122952200045,
    "reps": 0.013974570692961763
  }
}