{
  "arch": "cnn_lstm_raw",
  "summary": {
    "val_total": {
      "mean": 0.8249215909323542,
      "std": 0.12480533935010889,
      "n": 5
    },
    "exercise": {
      "f1_macro": {
        "mean": 0.21197062164717564,
        "std": 0.0620047289561252,
        "n": 5
      },
      "balanced_accuracy": {
        "mean": 0.28338145683611066,
        "std": 0.06791474824764408,
        "n": 5
      }
    },
    "phase": {
      "f1_macro": {
        "mean": 0.2556352927223899,
        "std": 0.07445151703827627,
        "n": 5
      },
      "balanced_accuracy": {
        "mean": 0.3315538678444727,
        "std": 0.05297467698074902,
        "n": 5
      }
    },
    "fatigue": {
      "mae": {
        "mean": 1.1416253690879647,
        "std": 0.13629843664267632,
        "n": 5
      },
      "pearson_r": {
        "mean": 0.044180588492925055,
        "std": 0.3100301259901048,
        "n": 5
      }
    },
    "reps": {
      "mae": {
        "mean": 0.46510651176600115,
        "std": 0.07984298182438813,
        "n": 5
      }
    }
  },
  "enabled_tasks": [
    "exercise",
    "phase",
    "fatigue",
    "reps"
  ],
  "all_results": [
    {
      "seed": 42,
      "fold": 0,
      "test_subjects": [
        "Tias",
        "sivert"
      ],
      "metrics": {
        "exercise": {
          "f1_macro": 0.16055995130858186,
          "balanced_accuracy": 0.26928736598696656,
          "n": 252
        },
        "phase": {
          "f1_macro": 0.22032242305813385,
          "balanced_accuracy": 0.27107877107877104,
          "n": 217
        },
        "fatigue": {
          "mae": 1.0886656746031746,
          "pearson_r": 0.34077506442739414,
          "n": 252
        },
        "reps": {
          "mae": 0.6055469053719088,
          "n": 214
        },
        "val_total": 0.9747440360841297,
        "val_total_per_task": {
          "exercise": 1.3307310853685652,
          "phase": 0.3264109482840886,
          "fatigue": 1.0886656310823228,
          "reps": 0.24954877368041448
        }
      }
    },
    {
      "seed": 42,
      "fold": 1,
      "test_subjects": [
        "Raghild",
        "michael"
      ],
      "metrics": {
        "exercise": {
          "f1_macro": 0.27757261972890107,
          "balanced_accuracy": 0.3768326033763082,
          "n": 266
        },
        "phase": {
          "f1_macro": 0.18942189421894218,
          "balanced_accuracy": 0.3333333333333333,
          "n": 194
        },
        "fatigue": {
          "mae": 1.3335291353383458,
          "pearson_r": 0.27667248456109633,
          "n": 266
        },
        "reps": {
          "mae": 0.43297340672601153,
          "n": 189
        },
        "val_total": 0.9114712234726525,
        "val_total_per_task": {
          "exercise": 1.2329892027646976,
          "phase": 0.3798778182581851,
          "fatigue": 1.3335291371309668,
          "reps": 0.14055756160191127
        }
      }
    },
    {
      "seed": 42,
      "fold": 2,
      "test_subjects": [
        "Juile",
        "lucas 2"
      ],
      "metrics": {
        "exercise": {
          "f1_macro": 0.20340340898529713,
          "balanced_accuracy": 0.20130167451596026,
          "n": 304
        },
        "phase": {
          "f1_macro": 0.39042059571920373,
          "balanced_accuracy": 0.4261492576022823,
          "n": 229
        },
        "fatigue": {
          "mae": 1.1224557976973684,
          "pearson_r": -0.016450299126746934,
          "n": 304
        },
        "reps": {
          "mae": 0.3764684449071106,
          "n": 223
        },
        "val_total": 0.7526853147305941,
        "val_total_per_task": {
          "exercise": 1.3063434738861888,
          "phase": 0.3418091982603073,
          "fatigue": 1.1224558039715415,
          "reps": 0.12031230487321552
        }
      }
    },
    {
      "seed": 42,
      "fold": 3,
      "test_subjects": [
        "Hytten",
        "lucas"
      ],
      "metrics": {
        "exercise": {
          "f1_macro": 0.2872195672374884,
          "balanced_accuracy": 0.34552730696798495,
          "n": 218
        },
        "phase": {
          "f1_macro": 0.1979949874686717,
          "balanced_accuracy": 0.3333333333333333,
          "n": 187
        },
        "fatigue": {
          "mae": 1.2329235951834863,
          "pearson_r": -0.5255849721759966,
          "n": 218
        },
        "reps": {
          "mae": 0.49444026888712594,
          "n": 184
        },
        "val_total": 0.8637997513517327,
        "val_total_per_task": {
          "exercise": 1.349224133229037,
          "phase": 0.32214770568620177,
          "fatigue": 1.2329236181504135,
          "reps": 0.18161509726025643
        }
      }
    },
    {
      "seed": 42,
      "fold": 4,
      "test_subjects": [
        "kiyomi"
      ],
      "metrics": {
        "exercise": {
          "f1_macro": 0.13109756097560976,
          "balanced_accuracy": 0.22395833333333334,
          "n": 149
        },
        "phase": {
          "f1_macro": 0.2800165631469979,
          "balanced_accuracy": 0.29387464387464385,
          "n": 149
        },
        "fatigue": {
          "mae": 0.9305526426174496,
          "pearson_r": 0.1454906647788783,
          "n": 149
        },
        "reps": {
          "mae": 0.41610353293784913,
          "n": 149
        },
        "val_total": 0.6219076290226623,
        "val_total_per_task": {
          "exercise": 1.3616689331579528,
          "phase": 0.293438624715645,
          "fatigue": 0.9305526450176367,
          "reps": 0.14363078943034946
        }
      }
    }
  ]
}