{
  "arch": "cnn1d_raw",
  "summary": {
    "val_total": {
      "mean": 1.238996468092266,
      "std": 0.275792529213683,
      "n": 5
    },
    "exercise": {
      "f1_macro": {
        "mean": 0.4345469543380759,
        "std": 0.14646630265726013,
        "n": 5
      },
      "balanced_accuracy": {
        "mean": 0.45474780898550654,
        "std": 0.1488101200572034,
        "n": 5
      }
    },
    "phase": {
      "f1_macro": {
        "mean": 0.31019792435631877,
        "std": 0.019981054442087486,
        "n": 5
      },
      "balanced_accuracy": {
        "mean": 0.3382508767462841,
        "std": 0.022332102398932532,
        "n": 5
      }
    },
    "fatigue": {
      "mae": {
        "mean": 1.2427300960296535,
        "std": 0.28634320643270644,
        "n": 5
      },
      "pearson_r": {
        "mean": 0.17450257182022763,
        "std": 0.2872166545906092,
        "n": 5
      }
    },
    "reps": {
      "mae": {
        "mean": 0.497906690827277,
        "std": 0.055903799752091844,
        "n": 5
      }
    }
  },
  "enabled_tasks": [
    "exercise",
    "phase",
    "fatigue",
    "reps"
  ],
  "all_results": [
    {
      "seed": 42,
      "fold": 0,
      "test_subjects": [
        "Tias",
        "sivert"
      ],
      "metrics": {
        "exercise": {
          "f1_macro": 0.6976820596879286,
          "balanced_accuracy": 0.6879259991239253,
          "n": 252
        },
        "phase": {
          "f1_macro": 0.3311627906976744,
          "balanced_accuracy": 0.35404635404635404,
          "n": 217
        },
        "fatigue": {
          "mae": 1.2428850446428572,
          "pearson_r": 0.11232290559378909,
          "n": 252
        },
        "reps": {
          "mae": 0.5587899754885758,
          "n": 214
        },
        "val_total": 0.7420588731765747,
        "val_total_per_task": {
          "exercise": 0.644564688205719,
          "phase": 0.2621985971927643,
          "fatigue": 1.2428851127624512,
          "reps": 0.21567131578922272
        }
      }
    },
    {
      "seed": 42,
      "fold": 1,
      "test_subjects": [
        "Raghild",
        "michael"
      ],
      "metrics": {
        "exercise": {
          "f1_macro": 0.4502228500025857,
          "balanced_accuracy": 0.5319587522875414,
          "n": 266
        },
        "phase": {
          "f1_macro": 0.3335335816412351,
          "balanced_accuracy": 0.35376082251082247,
          "n": 194
        },
        "fatigue": {
          "mae": 1.7490968632518797,
          "pearson_r": 0.4898244630703069,
          "n": 266
        },
        "reps": {
          "mae": 0.5501839519631138,
          "n": 189
        },
        "val_total": 1.5801122565018504,
        "val_total_per_task": {
          "exercise": 1.2923863955906458,
          "phase": 0.39738629993639496,
          "fatigue": 1.7490968650445007,
          "reps": 0.20803610722821458
        }
      }
    },
    {
      "seed": 42,
      "fold": 2,
      "test_subjects": [
        "Juile",
        "lucas 2"
      ],
      "metrics": {
        "exercise": {
          "f1_macro": 0.4018639210680024,
          "balanced_accuracy": 0.4005020277341706,
          "n": 304
        },
        "phase": {
          "f1_macro": 0.30225964429933844,
          "balanced_accuracy": 0.32334824612591584,
          "n": 229
        },
        "fatigue": {
          "mae": 1.157008120888158,
          "pearson_r": 0.19249203141519722,
          "n": 304
        },
        "reps": {
          "mae": 0.4118414131189475,
          "n": 223
        },
        "val_total": 1.2175490981654118,
        "val_total_per_task": {
          "exercise": 1.391269028186798,
          "phase": 0.30997171527461004,
          "fatigue": 1.157008133436504,
          "reps": 0.1255121615372206
        }
      }
    },
    {
      "seed": 42,
      "fold": 3,
      "test_subjects": [
        "Hytten",
        "lucas"
      ],
      "metrics": {
        "exercise": {
          "f1_macro": 0.36813278415220163,
          "balanced_accuracy": 0.41223706970346363,
          "n": 218
        },
        "phase": {
          "f1_macro": 0.30401704199634816,
          "balanced_accuracy": 0.3587456846950518,
          "n": 187
        },
        "fatigue": {
          "mae": 1.202139478211009,
          "pearson_r": -0.3299080966144867,
          "n": 218
        },
        "reps": {
          "mae": 0.4577867126335268,
          "n": 184
        },
        "val_total": 1.3072782754898071,
        "val_total_per_task": {
          "exercise": 1.3864113092422485,
          "phase": 0.3273089528083801,
          "fatigue": 1.2021393775939941,
          "reps": 0.1708373874425888
        }
      }
    },
    {
      "seed": 42,
      "fold": 4,
      "test_subjects": [
        "kiyomi"
      ],
      "metrics": {
        "exercise": {
          "f1_macro": 0.254833156779661,
          "balanced_accuracy": 0.24111519607843138,
          "n": 149
        },
        "phase": {
          "f1_macro": 0.2800165631469979,
          "balanced_accuracy": 0.30135327635327636,
          "n": 149
        },
        "fatigue": {
          "mae": 0.8625209731543624,
          "pearson_r": 0.4077815556363316,
          "n": 149
        },
        "reps": {
          "mae": 0.5109314009322216,
          "n": 149
        },
        "val_total": 1.3479838371276855,
        "val_total_per_task": {
          "exercise": 1.6570004224777222,
          "phase": 0.31458574533462524,
          "fatigue": 0.8625209927558899,
          "reps": 0.17806749045848846
        }
      }
    }
  ]
}