{
  "arch": "lstm_raw",
  "summary": {
    "val_total": {
      "mean": 1.0030165217832068,
      "std": 0.05686065602518441,
      "n": 5
    },
    "exercise": {
      "f1_macro": {
        "mean": 0.20196976526800547,
        "std": 0.0945991865052198,
        "n": 5
      },
      "balanced_accuracy": {
        "mean": 0.3098784859515281,
        "std": 0.07963939350945572,
        "n": 5
      }
    },
    "phase": {
      "f1_macro": {
        "mean": 0.2231183673096148,
        "std": 0.016175003652801227,
        "n": 5
      },
      "balanced_accuracy": {
        "mean": 0.3326321102156188,
        "std": 0.006889877388177319,
        "n": 5
      }
    },
    "fatigue": {
      "mae": {
        "mean": 1.1133848742705996,
        "std": 0.12574301760074993,
        "n": 5
      },
      "pearson_r": {
        "mean": 0.19512946584788227,
        "std": 0.2569313988428975,
        "n": 5
      }
    },
    "reps": {
      "mae": {
        "mean": 0.21550667015739466,
        "std": 0.03778553921328525,
        "n": 5
      }
    }
  },
  "enabled_tasks": [
    "exercise",
    "phase",
    "fatigue",
    "reps"
  ],
  "all_results": [
    {
      "seed": 42,
      "fold": 0,
      "test_subjects": [
        "Tias",
        "sivert"
      ],
      "metrics": {
        "exercise": {
          "f1_macro": 0.11069651741293532,
          "balanced_accuracy": 0.25,
          "n": 626
        },
        "phase": {
          "f1_macro": 0.1978891820580475,
          "balanced_accuracy": 0.3333333333333333,
          "n": 533
        },
        "fatigue": {
          "mae": 1.0723529852236422,
          "pearson_r": 0.2983294047070144,
          "n": 626
        },
        "reps": {
          "mae": 0.27802838611446334,
          "n": 531
        },
        "val_total": 0.9764028757144088,
        "val_total_per_task": {
          "exercise": 1.3510882542156184,
          "phase": 0.2615206584381981,
          "fatigue": 1.072352988460955,
          "reps": 0.05382848855929253
        }
      }
    },
    {
      "seed": 42,
      "fold": 1,
      "test_subjects": [
        "Raghild",
        "michael"
      ],
      "metrics": {
        "exercise": {
          "f1_macro": 0.2620362903225807,
          "balanced_accuracy": 0.35059724903474904,
          "n": 682
        },
        "phase": {
          "f1_macro": 0.21481481481481482,
          "balanced_accuracy": 0.3333333333333333,
          "n": 488
        },
        "fatigue": {
          "mae": 1.3390991568914956,
          "pearson_r": 0.3405081460544609,
          "n": 682
        },
        "reps": {
          "mae": 0.18638991732227606,
          "n": 482
        },
        "val_total": 1.0946830895639235,
        "val_total_per_task": {
          "exercise": 1.2359606702306754,
          "phase": 0.3507552003580804,
          "fatigue": 1.3390991603873692,
          "reps": 0.029700844354730898
        }
      }
    },
    {
      "seed": 42,
      "fold": 2,
      "test_subjects": [
        "Juile",
        "lucas 2"
      ],
      "metrics": {
        "exercise": {
          "f1_macro": 0.12287712287712288,
          "balanced_accuracy": 0.25,
          "n": 755
        },
        "phase": {
          "f1_macro": 0.2271273435228379,
          "balanced_accuracy": 0.34244760692013115,
          "n": 560
        },
        "fatigue": {
          "mae": 1.0107771109271524,
          "pearson_r": 0.507519707318461,
          "n": 755
        },
        "reps": {
          "mae": 0.16777154552709944,
          "n": 554
        },
        "val_total": 1.0145874058173983,
        "val_total_per_task": {
          "exercise": 1.3183102298256577,
          "phase": 0.3677135561080958,
          "fatigue": 1.0107771101376868,
          "reps": 0.02647790779538502
        }
      }
    },
    {
      "seed": 42,
      "fold": 3,
      "test_subjects": [
        "Hytten",
        "lucas"
      ],
      "metrics": {
        "exercise": {
          "f1_macro": 0.15595716198125836,
          "balanced_accuracy": 0.25,
          "n": 557
        },
        "phase": {
          "f1_macro": 0.2291970802919708,
          "balanced_accuracy": 0.3208141321044547,
          "n": 477
        },
        "fatigue": {
          "mae": 0.9931973743267505,
          "pearson_r": -0.23258409928487941,
          "n": 557
        },
        "reps": {
          "mae": 0.22324869043109272,
          "n": 474
        },
        "val_total": 1.0093428091258079,
        "val_total_per_task": {
          "exercise": 1.3104986626541164,
          "phase": 0.40009391933840094,
          "fatigue": 0.9931973790351963,
          "reps": 0.040447442302450246
        }
      }
    },
    {
      "seed": 42,
      "fold": 4,
      "test_subjects": [
        "kiyomi"
      ],
      "metrics": {
        "exercise": {
          "f1_macro": 0.35828173374613004,
          "balanced_accuracy": 0.4487951807228916,
          "n": 374
        },
        "phase": {
          "f1_macro": 0.24656341586040295,
          "balanced_accuracy": 0.33323214538684154,
          "n": 374
        },
        "fatigue": {
          "mae": 1.1514977439839573,
          "pearson_r": 0.061874170444354566,
          "n": 374
        },
        "reps": {
          "mae": 0.2220948113920416,
          "n": 374
        },
        "val_total": 0.9200664286944955,
        "val_total_per_task": {
          "exercise": 1.1027557779760921,
          "phase": 0.3334225288686905,
          "fatigue": 1.151497714659747,
          "reps": 0.036741091725341776
        }
      }
    }
  ]
}