{
  "exercise": {
    "f1_macro": 0.3028944206967843,
    "balanced_accuracy": 0.37890625,
    "n": 304
  },
  "phase": {
    "f1_macro": 0.1983640081799591,
    "balanced_accuracy": 0.3333333333333333,
    "n": 229
  },
  "fatigue": {
    "mae": 1.0099326685855263,
    "pearson_r": 0.22605183751475133,
    "n": 304
  },
  "reps": {
    "mae": 0.39873330076663616,
    "n": 223
  },
  "val_total": 1.3226728439331055,
  "val_total_per_task": {
    "exercise": 1.246620535850525,
    "phase": 0.3605625331401825,
    "fatigue": 1.0099326372146606,
    "reps": 0.13962742686271667
  }
}