{
  "exercise": {
    "f1_macro": 0.12170385395537525,
    "balanced_accuracy": 0.25,
    "n": 746
  },
  "phase": {
    "f1_macro": 0.2120658135283364,
    "balanced_accuracy": 0.3333333333333333,
    "n": 746
  },
  "fatigue": {
    "mae": 1.01336817191689,
    "pearson_r": 0.15764437133606074,
    "n": 746
  },
  "reps": {
    "mae": 0.11118213839868918,
    "n": 746
  },
  "val_total": 0.8686433666193454,
  "val_total_per_task": {
    "exercise": 1.3777581817662747,
    "phase": 0.4785225089369766,
    "fatigue": 1.0133681821439604,
    "reps": 0.00996769876556406
  }
}