{
  "arch": "lstm_raw",
  "summary": {
    "val_total": {
      "mean": 0.8326434946021986,
      "std": 0.20976107801679644,
      "n": 5
    },
    "exercise": {
      "f1_macro": {
        "mean": 0.3078682060204512,
        "std": 0.032618188146097356,
        "n": 5
      },
      "balanced_accuracy": {
        "mean": 0.3809748432595678,
        "std": 0.049413800446045,
        "n": 5
      }
    },
    "phase": {
      "f1_macro": {
        "mean": 0.28676176064532016,
        "std": 0.04006530865355264,
        "n": 5
      },
      "balanced_accuracy": {
        "mean": 0.33060090147407195,
        "std": 0.005870229350533018,
        "n": 5
      }
    },
    "fatigue": {
      "mae": {
        "mean": 1.1136630729156267,
        "std": 0.09839032223735598,
        "n": 5
      },
      "pearson_r": {
        "mean": 0.18271206604379156,
        "std": 0.2433675794204397,
        "n": 5
      }
    },
    "reps": {
      "mae": {
        "mean": 0.11068904158803913,
        "std": 0.019320575477916737,
        "n": 5
      }
    }
  },
  "enabled_tasks": [
    "exercise",
    "phase",
    "fatigue",
    "reps"
  ],
  "all_results": [
    {
      "seed": 42,
      "fold": 0,
      "test_subjects": [
        "Tias",
        "sivert"
      ],
      "metrics": {
        "exercise": {
          "f1_macro": 0.28499168547869946,
          "balanced_accuracy": 0.33083811459080403,
          "n": 1256
        },
        "phase": {
          "f1_macro": 0.30386249073047206,
          "balanced_accuracy": 0.33692445718687986,
          "n": 1069
        },
        "fatigue": {
          "mae": 1.0862080762340764,
          "pearson_r": 0.26956985514744014,
          "n": 1256
        },
        "reps": {
          "mae": 0.1433461201193916,
          "n": 1067
        },
        "val_total": 0.6241125468235866,
        "val_total_per_task": {
          "exercise": 1.1303122909205734,
          "phase": 0.4277601247760141,
          "fatigue": 1.0862080762340764,
          "reps": 0.014668650171796607
        }
      }
    },
    {
      "seed": 42,
      "fold": 1,
      "test_subjects": [
        "Raghild",
        "michael"
      ],
      "metrics": {
        "exercise": {
          "f1_macro": 0.27880685498179797,
          "balanced_accuracy": 0.3956466972338389,
          "n": 1361
        },
        "phase": {
          "f1_macro": 0.28005145514007007,
          "balanced_accuracy": 0.3202373799191425,
          "n": 969
        },
        "fatigue": {
          "mae": 1.297776221528288,
          "pearson_r": 0.2653079066209437,
          "n": 1361
        },
        "reps": {
          "mae": 0.09659900142776459,
          "n": 964
        },
        "val_total": 1.058219896354367,
        "val_total_per_task": {
          "exercise": 1.2502152595688192,
          "phase": 0.7075133011850866,
          "fatigue": 1.2977762252070464,
          "reps": 0.007892942073851451
        }
      }
    },
    {
      "seed": 42,
      "fold": 2,
      "test_subjects": [
        "Juile",
        "lucas 2"
      ],
      "metrics": {
        "exercise": {
          "f1_macro": 0.3251154406738124,
          "balanced_accuracy": 0.40279375671115203,
          "n": 1509
        },
        "phase": {
          "f1_macro": 0.31435398532172726,
          "balanced_accuracy": 0.32837482291034203,
          "n": 1113
        },
        "fatigue": {
          "mae": 1.0042816020543406,
          "pearson_r": 0.5087371093256701,
          "n": 1509
        },
        "reps": {
          "mae": 0.08660683014944141,
          "n": 1107
        },
        "val_total": 1.0846867392282757,
        "val_total_per_task": {
          "exercise": 1.1459171843892142,
          "phase": 0.8367502835114481,
          "fatigue": 1.0042816007903588,
          "reps": 0.0072272204537243345
        }
      }
    },
    {
      "seed": 42,
      "fold": 3,
      "test_subjects": [
        "Hytten",
        "lucas"
      ],
      "metrics": {
        "exercise": {
          "f1_macro": 0.28614533777795903,
          "balanced_accuracy": 0.32105019321658934,
          "n": 1106
        },
        "phase": {
          "f1_macro": 0.32347505850599495,
          "balanced_accuracy": 0.334134514020662,
          "n": 944
        },
        "fatigue": {
          "mae": 1.071721716772152,
          "pearson_r": -0.2274013118185833,
          "n": 1106
        },
        "reps": {
          "mae": 0.1152140696784907,
          "n": 941
        },
        "val_total": 0.8118939585108007,
        "val_total_per_task": {
          "exercise": 1.4584395797084513,
          "phase": 0.5021957538442628,
          "fatigue": 1.0717217090116917,
          "reps": 0.012024189465111678
        }
      }
    },
    {
      "seed": 42,
      "fold": 4,
      "test_subjects": [
        "kiyomi"
      ],
      "metrics": {
        "exercise": {
          "f1_macro": 0.3642817111899869,
          "balanced_accuracy": 0.4545454545454546,
          "n": 746
        },
        "phase": {
          "f1_macro": 0.2120658135283364,
          "balanced_accuracy": 0.3333333333333333,
          "n": 746
        },
        "fatigue": {
          "mae": 1.1083277479892761,
          "pearson_r": 0.09734677094348707,
          "n": 746
        },
        "reps": {
          "mae": 0.11167918656510738,
          "n": 746
        },
        "val_total": 0.5843043320939624,
        "val_total_per_task": {
          "exercise": 1.0614854691814801,
          "phase": 0.47890688746608295,
          "fatigue": 1.1083277678042252,
          "reps": 0.010035928710795759
        }
      }
    }
  ]
}