{
  "arch": "cnn1d_raw",
  "summary": {
    "val_total": {
      "mean": 1.2529541872497787,
      "std": 0.4174422947111807,
      "n": 5
    },
    "exercise": {
      "f1_macro": {
        "mean": 0.45932994671547345,
        "std": 0.14498830483897848,
        "n": 5
      },
      "balanced_accuracy": {
        "mean": 0.4658185189291613,
        "std": 0.14671224012494868,
        "n": 5
      }
    },
    "phase": {
      "f1_macro": {
        "mean": 0.2781628396065571,
        "std": 0.05129266050299255,
        "n": 5
      },
      "balanced_accuracy": {
        "mean": 0.34265001109358895,
        "std": 0.026286122152823468,
        "n": 5
      }
    },
    "fatigue": {
      "mae": {
        "mean": 1.1781862663074179,
        "std": 0.18699490442087285,
        "n": 5
      },
      "pearson_r": {
        "mean": 0.1417677692384918,
        "std": 0.2882173852420182,
        "n": 5
      }
    },
    "reps": {
      "mae": {
        "mean": 0.48121013523992523,
        "std": 0.04300096360090993,
        "n": 5
      }
    }
  },
  "enabled_tasks": [
    "exercise",
    "phase",
    "fatigue",
    "reps"
  ],
  "all_results": [
    {
      "seed": 42,
      "fold": 0,
      "test_subjects": [
        "Tias",
        "sivert"
      ],
      "metrics": {
        "exercise": {
          "f1_macro": 0.7078933011743761,
          "balanced_accuracy": 0.6922466994452562,
          "n": 252
        },
        "phase": {
          "f1_macro": 0.36298605229734243,
          "balanced_accuracy": 0.3730268730268731,
          "n": 217
        },
        "fatigue": {
          "mae": 1.2769872271825398,
          "pearson_r": 0.09758425862416227,
          "n": 252
        },
        "reps": {
          "mae": 0.5444010621824554,
          "n": 214
        },
        "val_total": 0.5583857297897339,
        "val_total_per_task": {
          "exercise": 0.6110367774963379,
          "phase": 0.2632887363433838,
          "fatigue": 1.2769873142242432,
          "reps": 0.1973530650138855
        }
      }
    },
    {
      "seed": 42,
      "fold": 1,
      "test_subjects": [
        "Raghild",
        "michael"
      ],
      "metrics": {
        "exercise": {
          "f1_macro": 0.4388481291269259,
          "balanced_accuracy": 0.5214591943741904,
          "n": 266
        },
        "phase": {
          "f1_macro": 0.2664822134387352,
          "balanced_accuracy": 0.3393308080808081,
          "n": 194
        },
        "fatigue": {
          "mae": 1.4119918937969924,
          "pearson_r": 0.32316160027017693,
          "n": 266
        },
        "reps": {
          "mae": 0.5002639953874879,
          "n": 189
        },
        "val_total": 1.5540719175697268,
        "val_total_per_task": {
          "exercise": 1.428365036957246,
          "phase": 0.4060088512592746,
          "fatigue": 1.4119918973822343,
          "reps": 0.1763595638418556
        }
      }
    },
    {
      "seed": 42,
      "fold": 2,
      "test_subjects": [
        "Juile",
        "lucas 2"
      ],
      "metrics": {
        "exercise": {
          "f1_macro": 0.42174212714958476,
          "balanced_accuracy": 0.4048089187598116,
          "n": 304
        },
        "phase": {
          "f1_macro": 0.27257006559332136,
          "balanced_accuracy": 0.3000389029371717,
          "n": 229
        },
        "fatigue": {
          "mae": 0.9907612047697368,
          "pearson_r": 0.3119565355860553,
          "n": 304
        },
        "reps": {
          "mae": 0.42085885602746975,
          "n": 223
        },
        "val_total": 1.1553208200555098,
        "val_total_per_task": {
          "exercise": 1.442388327498185,
          "phase": 0.3163419977614754,
          "fatigue": 0.9907612047697368,
          "reps": 0.13596934472259722
        }
      }
    },
    {
      "seed": 42,
      "fold": 3,
      "test_subjects": [
        "Hytten",
        "lucas"
      ],
      "metrics": {
        "exercise": {
          "f1_macro": 0.47212943071965624,
          "balanced_accuracy": 0.4673179781449799,
          "n": 218
        },
        "phase": {
          "f1_macro": 0.2862836548653805,
          "balanced_accuracy": 0.36752013808975836,
          "n": 187
        },
        "fatigue": {
          "mae": 1.285514621559633,
          "pearson_r": -0.4019824668553849,
          "n": 218
        },
        "reps": {
          "mae": 0.44782087951898575,
          "n": 184
        },
        "val_total": 1.2086005210876465,
        "val_total_per_task": {
          "exercise": 1.1992411613464355,
          "phase": 0.33282899856567383,
          "fatigue": 1.2855145931243896,
          "reps": 0.15806461870670319
        }
      }
    },
    {
      "seed": 42,
      "fold": 4,
      "test_subjects": [
        "kiyomi"
      ],
      "metrics": {
        "exercise": {
          "f1_macro": 0.25603674540682414,
          "balanced_accuracy": 0.24325980392156862,
          "n": 149
        },
        "phase": {
          "f1_macro": 0.20249221183800623,
          "balanced_accuracy": 0.3333333333333333,
          "n": 149
        },
        "fatigue": {
          "mae": 0.9256763842281879,
          "pearson_r": 0.37811891856744934,
          "n": 149
        },
        "reps": {
          "mae": 0.4927058830832275,
          "n": 149
        },
        "val_total": 1.7883919477462769,
        "val_total_per_task": {
          "exercise": 1.8935891389846802,
          "phase": 0.3181852698326111,
          "fatigue": 0.9256764054298401,
          "reps": 0.182761549949646
        }
      }
    }
  ]
}