{
  "exercise": {
    "f1_macro": 0.27424242424242423,
    "balanced_accuracy": 0.27941176470588236,
    "n": 149
  },
  "phase": {
    "f1_macro": 0.29480406194967,
    "balanced_accuracy": 0.3157407407407407,
    "n": 149
  },
  "fatigue": {
    "mae": 1.1044463087248322,
    "pearson_r": 0.3337112412877961,
    "n": 149
  },
  "reps": {
    "mae": 0.4829025559452356,
    "n": 149
  },
  "val_total": 1.5172709346617628,
  "val_total_per_task": {
    "exercise": 1.605101718198533,
    "phase": 0.33268753174167354,
    "fatigue": 1.1044463047245205,
    "reps": 0.17539021927838358
  }
}