{
  "exercise": {
    "f1_macro": 0.6944846760636234,
    "balanced_accuracy": 0.6849838739073659,
    "n": 252
  },
  "phase": {
    "f1_macro": 0.318895966029724,
    "balanced_accuracy": 0.3398013398013398,
    "n": 217
  },
  "fatigue": {
    "mae": 1.2855437748015872,
    "pearson_r": 0.1031749238977109,
    "n": 252
  },
  "reps": {
    "mae": 0.5427440675410712,
    "n": 214
  },
  "val_total": 0.7311800122261047,
  "val_total_per_task": {
    "exercise": 0.6803042888641357,
    "phase": 0.25805866718292236,
    "fatigue": 1.2855437994003296,
    "reps": 0.20214267075061798
  }
}