{
  "arch": "lstm_raw",
  "summary": {
    "val_total": {
      "mean": 0.3365285401031795,
      "std": 0.2550443773824598,
      "n": 5
    },
    "exercise": {
      "f1_macro": {
        "mean": 0.32401381114423194,
        "std": 0.09306385618023655,
        "n": 5
      },
      "balanced_accuracy": {
        "mean": 0.3751588922068476,
        "std": 0.11439869252347208,
        "n": 5
      }
    },
    "phase": {
      "f1_macro": {
        "mean": 0.31010585196591817,
        "std": 0.019126111660187177,
        "n": 5
      },
      "balanced_accuracy": {
        "mean": 0.33333507837050724,
        "std": 0.005589148864009291,
        "n": 5
      }
    },
    "fatigue": {
      "mae": {
        "mean": 1.027928335858219,
        "std": 0.10884546892068464,
        "n": 5
      },
      "pearson_r": {
        "mean": 0.2397098936760021,
        "std": 0.24100107461010029,
        "n": 5
      }
    },
    "reps": {
      "mae": {
        "mean": 0.1079229169027129,
        "std": 0.015524569724733895,
        "n": 5
      }
    }
  },
  "enabled_tasks": [
    "exercise",
    "phase",
    "fatigue",
    "reps"
  ],
  "all_results": [
    {
      "seed": 42,
      "fold": 0,
      "test_subjects": [
        "Tias",
        "sivert"
      ],
      "metrics": {
        "exercise": {
          "f1_macro": 0.3602031940254764,
          "balanced_accuracy": 0.4394438088407727,
          "n": 1256
        },
        "phase": {
          "f1_macro": 0.30472224054734426,
          "balanced_accuracy": 0.32388743423586835,
          "n": 1069
        },
        "fatigue": {
          "mae": 1.1144257563694266,
          "pearson_r": 0.3395817179626783,
          "n": 1256
        },
        "reps": {
          "mae": 0.13379330559910363,
          "n": 1067
        },
        "val_total": 0.20338543812940074,
        "val_total_per_task": {
          "exercise": 1.2339579649032302,
          "phase": 0.4230399114690768,
          "fatigue": 1.1144257578880163,
          "reps": 0.012996731503943728
        }
      }
    },
    {
      "seed": 42,
      "fold": 1,
      "test_subjects": [
        "Raghild",
        "michael"
      ],
      "metrics": {
        "exercise": {
          "f1_macro": 0.4030321846907573,
          "balanced_accuracy": 0.4362087663070923,
          "n": 1361
        },
        "phase": {
          "f1_macro": 0.28284166713026415,
          "balanced_accuracy": 0.3377367308334261,
          "n": 969
        },
        "fatigue": {
          "mae": 1.1658592027920647,
          "pearson_r": 0.3738586781166684,
          "n": 1361
        },
        "reps": {
          "mae": 0.09866212692335866,
          "n": 964
        },
        "val_total": 0.6004316766502049,
        "val_total_per_task": {
          "exercise": 1.3484383990535134,
          "phase": 0.6967441543422142,
          "fatigue": 1.1658592015658118,
          "reps": 0.007779317686962433
        }
      }
    },
    {
      "seed": 42,
      "fold": 2,
      "test_subjects": [
        "Juile",
        "lucas 2"
      ],
      "metrics": {
        "exercise": {
          "f1_macro": 0.3451785642817966,
          "balanced_accuracy": 0.39789977654324,
          "n": 1509
        },
        "phase": {
          "f1_macro": 0.32841313374968334,
          "balanced_accuracy": 0.33262497470147745,
          "n": 1113
        },
        "fatigue": {
          "mae": 0.9316807488402916,
          "pearson_r": 0.4882499631707359,
          "n": 1509
        },
        "reps": {
          "mae": 0.08727018504808198,
          "n": 1107
        },
        "val_total": 0.33306003225173597,
        "val_total_per_task": {
          "exercise": 1.2968344646546128,
          "phase": 0.5379824032840388,
          "fatigue": 0.9316807490772882,
          "reps": 0.008598845665614047
        }
      }
    },
    {
      "seed": 42,
      "fold": 3,
      "test_subjects": [
        "Hytten",
        "lucas"
      ],
      "metrics": {
        "exercise": {
          "f1_macro": 0.14180090512057725,
          "balanced_accuracy": 0.14930650328252718,
          "n": 1106
        },
        "phase": {
          "f1_macro": 0.3348650253926304,
          "balanced_accuracy": 0.3401176002061517,
          "n": 944
        },
        "fatigue": {
          "mae": 1.0511626921338155,
          "pearson_r": -0.20679318045157402,
          "n": 1106
        },
        "reps": {
          "mae": 0.11271154757477264,
          "n": 941
        },
        "val_total": 0.6118168589435046,
        "val_total_per_task": {
          "exercise": 1.68514247613186,
          "phase": 0.5102445240693325,
          "fatigue": 1.0511626899781321,
          "reps": 0.011427859883506194
        }
      }
    },
    {
      "seed": 42,
      "fold": 4,
      "test_subjects": [
        "kiyomi"
      ],
      "metrics": {
        "exercise": {
          "f1_macro": 0.369854207602552,
          "balanced_accuracy": 0.45293560606060607,
          "n": 746
        },
        "phase": {
          "f1_macro": 0.29968719300966856,
          "balanced_accuracy": 0.3323086518756126,
          "n": 746
        },
        "fatigue": {
          "mae": 0.8765132791554959,
          "pearson_r": 0.20365228958150178,
          "n": 746
        },
        "reps": {
          "mae": 0.10717741936824757,
          "n": 746
        },
        "val_total": -0.06605130545894837,
        "val_total_per_task": {
          "exercise": 1.0629218596235996,
          "phase": 0.47965453649014633,
          "fatigue": 0.8765133015272125,
          "reps": 0.009863794339326368
        }
      }
    }
  ]
}