{
  "exercise": {
    "f1_macro": 0.32396640826873385,
    "balanced_accuracy": 0.3506526104417671,
    "n": 374
  },
  "phase": {
    "f1_macro": 0.2617756322387111,
    "balanced_accuracy": 0.2697873029364742,
    "n": 374
  },
  "fatigue": {
    "mae": 0.9577414772727273,
    "pearson_r": 0.1993817763367283,
    "n": 374
  },
  "reps": {
    "mae": 0.20887989715428992,
    "n": 374
  },
  "val_total": 0.2174179056748987,
  "val_total_per_task": {
    "exercise": 1.074771656072076,
    "phase": 0.3333939683628592,
    "fatigue": 0.9577414932097981,
    "reps": 0.0354085006317831
  }
}