{
  "exercise": {
    "f1_macro": 0.28790583623025284,
    "balanced_accuracy": 0.37555245257820635,
    "n": 682
  },
  "phase": {
    "f1_macro": 0.3130121329347635,
    "balanced_accuracy": 0.3205005403281265,
    "n": 488
  },
  "fatigue": {
    "mae": 1.207701383797654,
    "pearson_r": 0.3570518921811949,
    "n": 682
  },
  "reps": {
    "mae": 0.19109168133207624,
    "n": 482
  },
  "val_total": 0.8930103995583274,
  "val_total_per_task": {
    "exercise": 1.2760472259213846,
    "phase": 0.5371789652581089,
    "fatigue": 1.207701383797654,
    "reps": 0.029185312933935798
  }
}