{
  "exercise": {
    "f1_macro": 0.30522185106333644,
    "balanced_accuracy": 0.3105089814706455,
    "n": 132918
  },
  "phase": {
    "f1_macro": 0.24494869621268542,
    "balanced_accuracy": 0.3143913408941562,
    "n": 78741
  },
  "fatigue": {
    "mae": 0.9204690079026137,
    "pearson_r": -0.06524203349477604,
    "n": 132918
  },
  "reps": {
    "mae": 2.8303560315383276,
    "n": 132918
  }
}