{
  "exercise": {
    "f1_macro": 0.3747664473143496,
    "balanced_accuracy": 0.46860670737976273,
    "n": 266
  },
  "phase": {
    "f1_macro": 0.32258895827138473,
    "balanced_accuracy": 0.3432990620490621,
    "n": 194
  },
  "fatigue": {
    "mae": 1.5025552161654134,
    "pearson_r": 0.22818276675088148,
    "n": 266
  },
  "reps": {
    "mae": 0.480897116706406,
    "n": 189
  },
  "val_total": 1.7587332617967648,
  "val_total_per_task": {
    "exercise": 1.626533339794417,
    "phase": 0.4401973351500088,
    "fatigue": 1.502555215269103,
    "reps": 0.1718234872459469
  }
}