{
  "arch": "cnn1d_raw",
  "summary": {
    "val_total": {
      "mean": 1.316142780260932,
      "std": 0.352260919103104,
      "n": 5
    },
    "exercise": {
      "f1_macro": {
        "mean": 0.43822024029840934,
        "std": 0.18050790165479894,
        "n": 5
      },
      "balanced_accuracy": {
        "mean": 0.46319275921856,
        "std": 0.1659333692548742,
        "n": 5
      }
    },
    "phase": {
      "f1_macro": {
        "mean": 0.3378960025408603,
        "std": 0.05408344302815936,
        "n": 5
      },
      "balanced_accuracy": {
        "mean": 0.37394718139135075,
        "std": 0.029673162398866304,
        "n": 5
      }
    },
    "fatigue": {
      "mae": {
        "mean": 1.2351189317505398,
        "std": 0.20153550085710648,
        "n": 5
      },
      "pearson_r": {
        "mean": 0.1417493352116891,
        "std": 0.26021326274003265,
        "n": 5
      }
    },
    "reps": {
      "mae": {
        "mean": 0.4522068088329999,
        "std": 0.0345777886418869,
        "n": 5
      }
    }
  },
  "enabled_tasks": [
    "exercise",
    "phase",
    "fatigue",
    "reps"
  ],
  "all_results": [
    {
      "seed": 42,
      "fold": 0,
      "test_subjects": [
        "Tias",
        "sivert"
      ],
      "metrics": {
        "exercise": {
          "f1_macro": 0.7792085682957393,
          "balanced_accuracy": 0.7856909858533601,
          "n": 252
        },
        "phase": {
          "f1_macro": 0.40299837374243297,
          "balanced_accuracy": 0.41622391622391625,
          "n": 217
        },
        "fatigue": {
          "mae": 1.1641710069444444,
          "pearson_r": 0.16845443799324875,
          "n": 252
        },
        "reps": {
          "mae": 0.4723681365009223,
          "n": 214
        },
        "val_total": 0.6303167343139648,
        "val_total_per_task": {
          "exercise": 0.5167299509048462,
          "phase": 0.2758931517601013,
          "fatigue": 1.1641710996627808,
          "reps": 0.15491439402103424
        }
      }
    },
    {
      "seed": 42,
      "fold": 1,
      "test_subjects": [
        "Raghild",
        "michael"
      ],
      "metrics": {
        "exercise": {
          "f1_macro": 0.2745973606248317,
          "balanced_accuracy": 0.35402144634301813,
          "n": 266
        },
        "phase": {
          "f1_macro": 0.31555128359165363,
          "balanced_accuracy": 0.33468614718614714,
          "n": 194
        },
        "fatigue": {
          "mae": 1.6276433270676691,
          "pearson_r": 0.27275543929466073,
          "n": 266
        },
        "reps": {
          "mae": 0.4861226224848045,
          "n": 189
        },
        "val_total": 1.5342785577128704,
        "val_total_per_task": {
          "exercise": 1.3133618365553088,
          "phase": 0.3772499597162232,
          "fatigue": 1.6276433270676691,
          "reps": 0.15856787315884927
        }
      }
    },
    {
      "seed": 42,
      "fold": 2,
      "test_subjects": [
        "Juile",
        "lucas 2"
      ],
      "metrics": {
        "exercise": {
          "f1_macro": 0.44323395649286623,
          "balanced_accuracy": 0.43328304879644164,
          "n": 304
        },
        "phase": {
          "f1_macro": 0.36629072681704256,
          "balanced_accuracy": 0.38638097945625666,
          "n": 229
        },
        "fatigue": {
          "mae": 1.0679481907894737,
          "pearson_r": 0.308559289134906,
          "n": 304
        },
        "reps": {
          "mae": 0.38685728751974924,
          "n": 223
        },
        "val_total": 1.3338776701375057,
        "val_total_per_task": {
          "exercise": 1.5535197446220799,
          "phase": 0.2975438786180396,
          "fatigue": 1.0679481970636469,
          "reps": 0.10877109044476559
        }
      }
    },
    {
      "seed": 42,
      "fold": 3,
      "test_subjects": [
        "Hytten",
        "lucas"
      ],
      "metrics": {
        "exercise": {
          "f1_macro": 0.38711687163416497,
          "balanced_accuracy": 0.4163751778450785,
          "n": 218
        },
        "phase": {
          "f1_macro": 0.3595469850015305,
          "balanced_accuracy": 0.3862197928653625,
          "n": 187
        },
        "fatigue": {
          "mae": 1.20323251146789,
          "pearson_r": -0.36706311437359107,
          "n": 218
        },
        "reps": {
          "mae": 0.46444839725027914,
          "n": 184
        },
        "val_total": 1.5192830562591553,
        "val_total_per_task": {
          "exercise": 1.590221881866455,
          "phase": 0.3149358630180359,
          "fatigue": 1.2032324075698853,
          "reps": 0.176551952958107
        }
      }
    },
    {
      "seed": 42,
      "fold": 4,
      "test_subjects": [
        "kiyomi"
      ],
      "metrics": {
        "exercise": {
          "f1_macro": 0.30694444444444446,
          "balanced_accuracy": 0.3265931372549019,
          "n": 149
        },
        "phase": {
          "f1_macro": 0.24509264355164193,
          "balanced_accuracy": 0.34622507122507123,
          "n": 149
        },
        "fatigue": {
          "mae": 1.1125996224832215,
          "pearson_r": 0.32604062400922107,
          "n": 149
        },
        "reps": {
          "mae": 0.45123760040924454,
          "n": 149
        },
        "val_total": 1.5629578828811646,
        "val_total_per_task": {
          "exercise": 1.708264708518982,
          "phase": 0.3269830048084259,
          "fatigue": 1.1125996112823486,
          "reps": 0.16718921065330505
        }
      }
    }
  ]
}