{
  "exercise": {
    "f1_macro": 0.30383099933801816,
    "balanced_accuracy": 0.34526225683303224,
    "n": 182309
  },
  "phase": {
    "f1_macro": 0.2516939801309445,
    "balanced_accuracy": 0.3231803103654854,
    "n": 58337
  },
  "fatigue": {
    "mae": 0.956132280661724,
    "pearson_r": 0.0011116094992078109,
    "n": 182309
  },
  "reps": {
    "mae": 4.753730939833642,
    "n": 182309
  }
}