{
  "exercise": {
    "f1_macro": 0.3658897886628481,
    "balanced_accuracy": 0.44852941176470584,
    "n": 149
  },
  "phase": {
    "f1_macro": 0.2855297157622739,
    "balanced_accuracy": 0.3187321937321937,
    "n": 149
  },
  "fatigue": {
    "mae": 3.240640729865772,
    "pearson_r": 0.18557771620045324,
    "n": 149
  },
  "reps": {
    "mae": 0.46361575219405177,
    "n": 149
  },
  "val_total": 2.461707353591919,
  "val_total_per_task": {
    "exercise": 1.2318172454833984,
    "phase": 0.3155691623687744,
    "fatigue": 3.240640640258789,
    "reps": 0.17536643147468567
  }
}