{
  "exercise": {
    "f1_macro": 0.43452336760830024,
    "balanced_accuracy": 0.49376114081996436,
    "n": 149
  },
  "phase": {
    "f1_macro": 0.22987015146225084,
    "balanced_accuracy": 0.25356125356125353,
    "n": 149
  },
  "fatigue": {
    "mae": 0.6865037751677853,
    "pearson_r": 0.44530458721489957,
    "n": 149
  },
  "reps": {
    "mae": 0.481936899895136,
    "n": 149
  },
  "val_total": 0.8992639183998108,
  "val_total_per_task": {
    "exercise": 1.090717077255249,
    "phase": 0.315234899520874,
    "fatigue": 0.6865037679672241,
    "reps": 0.18409685790538788
  }
}