{
  "lr": 0.002640660883940979,
  "weight_decay": 0.00011711426667473586,
  "batch_size": 128,
  "dropout": 0.41579082652778593,
  "repr_dim": 64,
  "_patience": 50
}