{
  "exercise": {
    "f1_macro": 0.3669996300406955,
    "balanced_accuracy": 0.45783132530120485,
    "n": 374
  },
  "phase": {
    "f1_macro": 0.22326070336391438,
    "balanced_accuracy": 0.32593649444478173,
    "n": 374
  },
  "fatigue": {
    "mae": 0.9291339405080213,
    "pearson_r": 0.14240348924091129,
    "n": 374
  },
  "reps": {
    "mae": 0.20387376041305974,
    "n": 374
  },
  "val_total": 0.2902139469901508,
  "val_total_per_task": {
    "exercise": 1.2513430768793279,
    "phase": 0.34218884645936326,
    "fatigue": 0.9291339507077467,
    "reps": 0.03490840723329687
  }
}