{
  "exercise": {
    "f1_macro": 0.4247638629714101,
    "balanced_accuracy": 0.41450673457430176,
    "n": 755
  },
  "phase": {
    "f1_macro": 0.27803414859252423,
    "balanced_accuracy": 0.3359733941573495,
    "n": 560
  },
  "fatigue": {
    "mae": 0.8959281870860927,
    "pearson_r": 0.47111852327428405,
    "n": 755
  },
  "reps": {
    "mae": 0.17302781921333973,
    "n": 554
  },
  "val_total": 0.3987848432648261,
  "val_total_per_task": {
    "exercise": 1.2938305884797052,
    "phase": 0.36479690710440377,
    "fatigue": 0.8959281846387497,
    "reps": 0.027726394441348827
  }
}