{
  "exercise": {
    "f1_macro": 0.2731829573934837,
    "balanced_accuracy": 0.27849264705882354,
    "n": 149
  },
  "phase": {
    "f1_macro": 0.2863669285196947,
    "balanced_accuracy": 0.352991452991453,
    "n": 149
  },
  "fatigue": {
    "mae": 0.8851457634228188,
    "pearson_r": 0.29393273832960254,
    "n": 149
  },
  "reps": {
    "mae": 0.45762064981730594,
    "n": 149
  },
  "val_total": 1.2746034860610962,
  "val_total_per_task": {
    "exercise": 1.578128695487976,
    "phase": 0.30786123871803284,
    "fatigue": 0.8851457834243774,
    "reps": 0.16605645418167114
  }
}