{
  "exercise": {
    "f1_macro": 0.17804836104164845,
    "balanced_accuracy": 0.196835344714809,
    "n": 304
  },
  "phase": {
    "f1_macro": 0.3139751191721893,
    "balanced_accuracy": 0.34228100888283736,
    "n": 229
  },
  "fatigue": {
    "mae": 1.08642578125,
    "pearson_r": 0.13072292235563732,
    "n": 304
  },
  "reps": {
    "mae": 0.4146746693914046,
    "n": 223
  },
  "val_total": 2.958840194501375,
  "val_total_per_task": {
    "exercise": 1.4886988652379889,
    "phase": 0.3718452430085132,
    "fatigue": 1.08642578125,
    "reps": 0.13450587580078527
  }
}