{
  "exercise": {
    "f1_macro": 0.29424242424242425,
    "balanced_accuracy": 0.31587009803921573,
    "n": 149
  },
  "phase": {
    "f1_macro": 0.2739425816348893,
    "balanced_accuracy": 0.30334757834757836,
    "n": 149
  },
  "fatigue": {
    "mae": 0.8029309983221476,
    "pearson_r": 0.4617495088221703,
    "n": 149
  },
  "reps": {
    "mae": 0.4605729614803255,
    "n": 149
  },
  "val_total": 1.4593545198440552,
  "val_total_per_task": {
    "exercise": 1.6574478149414062,
    "phase": 0.3537515103816986,
    "fatigue": 0.802931010723114,
    "reps": 0.1766015589237213
  }
}