{
  "arch": "cnn_lstm_raw",
  "summary": {
    "val_total": {
      "mean": 1.0368660208874179,
      "std": 0.08585768457416139,
      "n": 5
    },
    "exercise": {
      "f1_macro": {
        "mean": 0.31128685350733615,
        "std": 0.07306529736990675,
        "n": 5
      },
      "balanced_accuracy": {
        "mean": 0.38681120229926913,
        "std": 0.06378925443447227,
        "n": 5
      }
    },
    "phase": {
      "f1_macro": {
        "mean": 0.26024422759823984,
        "std": 0.04780618326260984,
        "n": 5
      },
      "balanced_accuracy": {
        "mean": 0.3142082643348343,
        "std": 0.035159849671225506,
        "n": 5
      }
    },
    "fatigue": {
      "mae": {
        "mean": 1.3591450478771647,
        "std": 0.17281969868807034,
        "n": 5
      },
      "pearson_r": {
        "mean": 0.03052594220999641,
        "std": 0.26385447375634025,
        "n": 5
      }
    },
    "reps": {
      "mae": {
        "mean": 0.4962208856158118,
        "std": 0.0790872505085247,
        "n": 5
      }
    }
  },
  "enabled_tasks": [
    "exercise",
    "phase",
    "fatigue",
    "reps"
  ],
  "all_results": [
    {
      "seed": 42,
      "fold": 0,
      "test_subjects": [
        "Tias",
        "sivert"
      ],
      "metrics": {
        "exercise": {
          "f1_macro": 0.3736344691587658,
          "balanced_accuracy": 0.45623930148052494,
          "n": 252
        },
        "phase": {
          "f1_macro": 0.22092521633212373,
          "balanced_accuracy": 0.3006853006853007,
          "n": 217
        },
        "fatigue": {
          "mae": 1.1499255952380953,
          "pearson_r": 0.12610632351336762,
          "n": 252
        },
        "reps": {
          "mae": 0.644623376255002,
          "n": 214
        },
        "val_total": 1.0159467458724976,
        "val_total_per_task": {
          "exercise": 1.1328861713409424,
          "phase": 0.3202758729457855,
          "fatigue": 1.149925708770752,
          "reps": 0.2770267426967621
        }
      }
    },
    {
      "seed": 42,
      "fold": 1,
      "test_subjects": [
        "Raghild",
        "michael"
      ],
      "metrics": {
        "exercise": {
          "f1_macro": 0.3020918785890074,
          "balanced_accuracy": 0.39995476322661566,
          "n": 266
        },
        "phase": {
          "f1_macro": 0.2833500613360098,
          "balanced_accuracy": 0.3192640692640693,
          "n": 194
        },
        "fatigue": {
          "mae": 1.6761483787593985,
          "pearson_r": 0.33613161154170357,
          "n": 266
        },
        "reps": {
          "mae": 0.4706827299127345,
          "n": 189
        },
        "val_total": 1.171180764535316,
        "val_total_per_task": {
          "exercise": 1.2488981539145447,
          "phase": 0.3604023877839397,
          "fatigue": 1.6761483823446404,
          "reps": 0.1507593025838522
        }
      }
    },
    {
      "seed": 42,
      "fold": 2,
      "test_subjects": [
        "Juile",
        "lucas 2"
      ],
      "metrics": {
        "exercise": {
          "f1_macro": 0.3462691853693513,
          "balanced_accuracy": 0.37223026229722656,
          "n": 304
        },
        "phase": {
          "f1_macro": 0.34108897626961543,
          "balanced_accuracy": 0.36773001361602803,
          "n": 229
        },
        "fatigue": {
          "mae": 1.314208984375,
          "pearson_r": 0.13186418982862863,
          "n": 304
        },
        "reps": {
          "mae": 0.40700022978582856,
          "n": 223
        },
        "val_total": 1.0030243584984226,
        "val_total_per_task": {
          "exercise": 1.147519566510853,
          "phase": 0.3527561747714093,
          "fatigue": 1.3142089969233464,
          "reps": 0.13160257786512375
        }
      }
    },
    {
      "seed": 42,
      "fold": 3,
      "test_subjects": [
        "Hytten",
        "lucas"
      ],
      "metrics": {
        "exercise": {
          "f1_macro": 0.17337570621468928,
          "balanced_accuracy": 0.2727272727272727,
          "n": 218
        },
        "phase": {
          "f1_macro": 0.20891794217687076,
          "balanced_accuracy": 0.3240314537782892,
          "n": 187
        },
        "fatigue": {
          "mae": 1.304535192087156,
          "pearson_r": -0.45422143834519807,
          "n": 218
        },
        "reps": {
          "mae": 0.48540717978840286,
          "n": 184
        },
        "val_total": 1.0809639692306519,
        "val_total_per_task": {
          "exercise": 1.4079679250717163,
          "phase": 0.3223195970058441,
          "fatigue": 1.304535150527954,
          "reps": 0.17631016671657562
        }
      }
    },
    {
      "seed": 42,
      "fold": 4,
      "test_subjects": [
        "kiyomi"
      ],
      "metrics": {
        "exercise": {
          "f1_macro": 0.36106302820486713,
          "balanced_accuracy": 0.43290441176470584,
          "n": 149
        },
        "phase": {
          "f1_macro": 0.24693894187657942,
          "balanced_accuracy": 0.25933048433048433,
          "n": 149
        },
        "fatigue": {
          "mae": 1.3509070889261745,
          "pearson_r": 0.01274902451148038,
          "n": 149
        },
        "reps": {
          "mae": 0.47339091233709113,
          "n": 149
        },
        "val_total": 0.9132142663002014,
        "val_total_per_task": {
          "exercise": 1.1303714513778687,
          "phase": 0.31214582920074463,
          "fatigue": 1.3509070873260498,
          "reps": 0.16547110676765442
        }
      }
    }
  ]
}