{
  "exercise": {
    "f1_macro": 0.17221510883482716,
    "balanced_accuracy": 0.2481060606060606,
    "n": 149
  },
  "phase": {
    "f1_macro": 0.3456382001836547,
    "balanced_accuracy": 0.36168091168091165,
    "n": 149
  },
  "fatigue": {
    "mae": 1.148411283557047,
    "pearson_r": -0.04644814935834734,
    "n": 149
  },
  "reps": {
    "mae": 0.42576182317363737,
    "n": 149
  },
  "val_total": 0.7271788008261046,
  "val_total_per_task": {
    "exercise": 1.3857683999426413,
    "phase": 0.30082480079375656,
    "fatigue": 1.148411285957234,
    "reps": 0.13584244486269534
  }
}