{
  "exercise": {
    "f1_macro": 0.16334488612032766,
    "balanced_accuracy": 0.16687129462014863,
    "n": 557
  },
  "phase": {
    "f1_macro": 0.3479591914831737,
    "balanced_accuracy": 0.35567076292882743,
    "n": 477
  },
  "fatigue": {
    "mae": 1.099626907540395,
    "pearson_r": -0.3360635189973917,
    "n": 557
  },
  "reps": {
    "mae": 0.2417112276412916,
    "n": 474
  },
  "val_total": 0.5942664443911513,
  "val_total_per_task": {
    "exercise": 1.593908665210169,
    "phase": 0.4020809107986772,
    "fatigue": 1.0996269220937733,
    "reps": 0.04347253271129444
  }
}