{
  "exercise": {
    "f1_macro": 0.32789723924420955,
    "balanced_accuracy": 0.4067245743212149,
    "n": 1509
  },
  "phase": {
    "f1_macro": 0.29738804658045376,
    "balanced_accuracy": 0.34971665654725764,
    "n": 1113
  },
  "fatigue": {
    "mae": 1.061482666500994,
    "pearson_r": 0.3948253729721725,
    "n": 1509
  },
  "reps": {
    "mae": 0.08622207635232898,
    "n": 1107
  },
  "val_total": 0.5220981274637029,
  "val_total_per_task": {
    "exercise": 1.1543194455291514,
    "phase": 0.515251513701389,
    "fatigue": 1.0614826705299363,
    "reps": 0.007492033369725631
  }
}