{
  "exercise": {
    "f1_macro": 0.30630879911455455,
    "balanced_accuracy": 0.32996323529411764,
    "n": 149
  },
  "phase": {
    "f1_macro": 0.2424716719654357,
    "balanced_accuracy": 0.2537037037037037,
    "n": 149
  },
  "fatigue": {
    "mae": 0.8317953020134228,
    "pearson_r": 0.4240746892920883,
    "n": 149
  },
  "reps": {
    "mae": 0.3990274598609481,
    "n": 149
  },
  "val_total": 0.7358825518780907,
  "val_total_per_task": {
    "exercise": 1.0322453463637589,
    "phase": 0.2834534594076592,
    "fatigue": 0.8317953036135475,
    "reps": 0.13714097190223284
  }
}