{
  "lr": 0.0037327568795198704,
  "weight_decay": 2.780785591809562e-06,
  "batch_size": 64,
  "dropout": 0.14813719914809126,
  "repr_dim": 64,
  "lstm_hidden": 128,
  "lstm_layers": 2,
  "_patience": 50
}