{
  "exercise": {
    "f1_macro": 0.3253156672160293,
    "balanced_accuracy": 0.3951334560515416,
    "n": 755
  },
  "phase": {
    "f1_macro": 0.347881726948205,
    "balanced_accuracy": 0.3560397221872391,
    "n": 560
  },
  "fatigue": {
    "mae": 0.9934137003311259,
    "pearson_r": 0.27586474408264783,
    "n": 755
  },
  "reps": {
    "mae": 0.1710409201128536,
    "n": 554
  },
  "val_total": 0.5603650350444365,
  "val_total_per_task": {
    "exercise": 1.1468188904768584,
    "phase": 0.39515997909552214,
    "fatigue": 0.9934136959890656,
    "reps": 0.03148898908140643
  }
}