{
  "exercise": {
    "f1_macro": 0.470775258757361,
    "balanced_accuracy": 0.5246617523081036,
    "n": 266
  },
  "phase": {
    "f1_macro": 0.28836041127070083,
    "balanced_accuracy": 0.35840548340548345,
    "n": 194
  },
  "fatigue": {
    "mae": 1.4313028665413534,
    "pearson_r": 0.027857828943142888,
    "n": 266
  },
  "reps": {
    "mae": 0.3982214906681625,
    "n": 189
  },
  "val_total": 1.5487785715805857,
  "val_total_per_task": {
    "exercise": 1.3418042193678088,
    "phase": 0.3919184942890827,
    "fatigue": 1.4313028683339744,
    "reps": 0.12924717422714807
  }
}