{
  "exercise": {
    "f1_macro": 0.15,
    "balanced_accuracy": 0.25,
    "n": 218
  },
  "phase": {
    "f1_macro": 0.19455252918287938,
    "balanced_accuracy": 0.3164556962025316,
    "n": 187
  },
  "fatigue": {
    "mae": 0.937087872706422,
    "pearson_r": -0.1716301930385941,
    "n": 218
  },
  "reps": {
    "mae": 0.5051377619738164,
    "n": 184
  },
  "val_total": 1.1426881551742554,
  "val_total_per_task": {
    "exercise": 1.267242193222046,
    "phase": 0.320173054933548,
    "fatigue": 0.9370878338813782,
    "reps": 0.19421572983264923
  }
}