{
  "exercise": {
    "f1_macro": 0.33122098021771396,
    "balanced_accuracy": 0.34290786826214353,
    "n": 69958
  },
  "phase": {
    "f1_macro": 0.26764788856136523,
    "balanced_accuracy": 0.32266026607476955,
    "n": 40865
  },
  "fatigue": {
    "mae": 0.9690101323915273,
    "pearson_r": 0.3086071334341228,
    "n": 69958
  },
  "reps": {
    "mae": 2.3215300965198042,
    "n": 69958
  }
}