{
  "exercise": {
    "f1_macro": 0.22463432108530357,
    "balanced_accuracy": 0.31874390003381403,
    "n": 182309
  },
  "phase": {
    "f1_macro": 0.25017022191494737,
    "balanced_accuracy": 0.27085549814046483,
    "n": 58337
  },
  "fatigue": {
    "mae": 0.8846271263999164,
    "pearson_r": 0.2547654471254523,
    "n": 182309
  },
  "reps": {
    "mae": 4.31125518004498,
    "n": 182309
  }
}