{
  "exercise": {
    "f1_macro": 0.35208065896448437,
    "balanced_accuracy": 0.4059629784092652,
    "n": 755
  },
  "phase": {
    "f1_macro": 0.2886524822695035,
    "balanced_accuracy": 0.31780548442317474,
    "n": 560
  },
  "fatigue": {
    "mae": 1.0338990066225167,
    "pearson_r": 0.39879972252952256,
    "n": 755
  },
  "reps": {
    "mae": 0.16696480827974255,
    "n": 554
  },
  "val_total": 0.16811222903775852,
  "val_total_per_task": {
    "exercise": 1.1585981144810356,
    "phase": 0.39524680833942843,
    "fatigue": 1.0338990077277683,
    "reps": 0.030058670690320186
  }
}