{
  "arch": "lstm_raw",
  "summary": {
    "val_total": {
      "mean": 0.10045707448455052,
      "std": 0.2814324912971791,
      "n": 5
    },
    "exercise": {
      "f1_macro": {
        "mean": 0.3367712010780246,
        "std": 0.08757326351252954,
        "n": 5
      },
      "balanced_accuracy": {
        "mean": 0.38131928367306867,
        "std": 0.09046690442296193,
        "n": 5
      }
    },
    "phase": {
      "f1_macro": {
        "mean": 0.2907009473980381,
        "std": 0.04220065391517952,
        "n": 5
      },
      "balanced_accuracy": {
        "mean": 0.33468908740143233,
        "std": 0.0067283631107471955,
        "n": 5
      }
    },
    "fatigue": {
      "mae": {
        "mean": 0.9994725651931192,
        "std": 0.09318879617377578,
        "n": 5
      },
      "pearson_r": {
        "mean": 0.23533580842792792,
        "std": 0.22920134232930658,
        "n": 5
      }
    },
    "reps": {
      "mae": {
        "mean": 0.2059483884586629,
        "std": 0.03343994929021809,
        "n": 5
      }
    }
  },
  "enabled_tasks": [
    "exercise",
    "phase",
    "fatigue",
    "reps"
  ],
  "all_results": [
    {
      "seed": 42,
      "fold": 0,
      "test_subjects": [
        "Tias",
        "sivert"
      ],
      "metrics": {
        "exercise": {
          "f1_macro": 0.3614001230029938,
          "balanced_accuracy": 0.41957208723399364,
          "n": 626
        },
        "phase": {
          "f1_macro": 0.3241561464768556,
          "balanced_accuracy": 0.3314619883040935,
          "n": 533
        },
        "fatigue": {
          "mae": 1.0139027555910542,
          "pearson_r": 0.388969601918209,
          "n": 626
        },
        "reps": {
          "mae": 0.2504137266057205,
          "n": 531
        },
        "val_total": -0.04492481067157782,
        "val_total_per_task": {
          "exercise": 1.1678268852325293,
          "phase": 0.2784848029430682,
          "fatigue": 1.0139027578762163,
          "reps": 0.044854689716769106
        }
      }
    },
    {
      "seed": 42,
      "fold": 1,
      "test_subjects": [
        "Raghild",
        "michael"
      ],
      "metrics": {
        "exercise": {
          "f1_macro": 0.40757985149055737,
          "balanced_accuracy": 0.4151748830219308,
          "n": 682
        },
        "phase": {
          "f1_macro": 0.3001261431725008,
          "balanced_accuracy": 0.33115974064249926,
          "n": 488
        },
        "fatigue": {
          "mae": 1.162418667521994,
          "pearson_r": 0.37326746931356564,
          "n": 682
        },
        "reps": {
          "mae": 0.17690632319951205,
          "n": 482
        },
        "val_total": 0.39215625555983735,
        "val_total_per_task": {
          "exercise": 1.4244273345141816,
          "phase": 0.5194941671712657,
          "fatigue": 1.1624186661236446,
          "reps": 0.026700169459815598
        }
      }
    },
    {
      "seed": 42,
      "fold": 2,
      "test_subjects": [
        "Juile",
        "lucas 2"
      ],
      "metrics": {
        "exercise": {
          "f1_macro": 0.3832662759454582,
          "balanced_accuracy": 0.42136447307869307,
          "n": 755
        },
        "phase": {
          "f1_macro": 0.33024790927364317,
          "balanced_accuracy": 0.34814286180727555,
          "n": 560
        },
        "fatigue": {
          "mae": 0.883697226821192,
          "pearson_r": 0.4374971018518432,
          "n": 755
        },
        "reps": {
          "mae": 0.16197945147547668,
          "n": 554
        },
        "val_total": -0.10964384236872592,
        "val_total_per_task": {
          "exercise": 1.182783261671761,
          "phase": 0.393265930982615,
          "fatigue": 0.8836972245317422,
          "reps": 0.027910859125438114
        }
      }
    },
    {
      "seed": 42,
      "fold": 3,
      "test_subjects": [
        "Hytten",
        "lucas"
      ],
      "metrics": {
        "exercise": {
          "f1_macro": 0.1645855525308715,
          "balanced_accuracy": 0.20191569792229203,
          "n": 557
        },
        "phase": {
          "f1_macro": 0.2125055537454459,
          "balanced_accuracy": 0.3315028161802355,
          "n": 477
        },
        "fatigue": {
          "mae": 0.994747250897666,
          "pearson_r": -0.1807693329904775,
          "n": 557
        },
        "reps": {
          "mae": 0.23488151216201625,
          "n": 474
        },
        "val_total": 0.48136203699950897,
        "val_total_per_task": {
          "exercise": 1.7028488579943535,
          "phase": 0.40203763788007535,
          "fatigue": 0.9947472543219904,
          "reps": 0.045466143102844914
        }
      }
    },
    {
      "seed": 42,
      "fold": 4,
      "test_subjects": [
        "kiyomi"
      ],
      "metrics": {
        "exercise": {
          "f1_macro": 0.36702420242024203,
          "balanced_accuracy": 0.44856927710843375,
          "n": 374
        },
        "phase": {
          "f1_macro": 0.28646898432174506,
          "balanced_accuracy": 0.33117803007305774,
          "n": 374
        },
        "fatigue": {
          "mae": 0.9425969251336899,
          "pearson_r": 0.15771420204649916,
          "n": 374
        },
        "reps": {
          "mae": 0.2055609288505891,
          "n": 374
        },
        "val_total": -0.21666426709628997,
        "val_total_per_task": {
          "exercise": 1.0397089177911931,
          "phase": 0.3303345435443409,
          "fatigue": 0.9425969423457263,
          "reps": 0.03543490352716675
        }
      }
    }
  ]
}