{
  "exercise": {
    "f1_macro": 0.3793172043010753,
    "balanced_accuracy": 0.38086298401903307,
    "n": 218
  },
  "phase": {
    "f1_macro": 0.2862836548653805,
    "balanced_accuracy": 0.36752013808975836,
    "n": 187
  },
  "fatigue": {
    "mae": 1.2672914277522935,
    "pearson_r": -0.24221921058423143,
    "n": 218
  },
  "reps": {
    "mae": 0.40958813837041025,
    "n": 184
  },
  "val_total": 1.1777002811431885,
  "val_total_per_task": {
    "exercise": 1.245815396308899,
    "phase": 0.3403010368347168,
    "fatigue": 1.2672914266586304,
    "reps": 0.14447171986103058
  }
}