{
  "exercise": {
    "f1_macro": 0.28119463815755785,
    "balanced_accuracy": 0.393349823037323,
    "n": 682
  },
  "phase": {
    "f1_macro": 0.3115687318776259,
    "balanced_accuracy": 0.32163031731997244,
    "n": 488
  },
  "fatigue": {
    "mae": 1.2864965175953078,
    "pearson_r": 0.3063544589492103,
    "n": 682
  },
  "reps": {
    "mae": 0.1838319760774305,
    "n": 482
  },
  "val_total": 0.5043861523401703,
  "val_total_per_task": {
    "exercise": 1.2557034726716207,
    "phase": 0.5138493528114386,
    "fatigue": 1.2864965172457206,
    "reps": 0.028202083802992297
  }
}