{
  "exercise": {
    "f1_macro": 0.12028921119762999,
    "balanced_accuracy": 0.12594686058267954,
    "n": 1106
  },
  "phase": {
    "f1_macro": 0.32513943434693354,
    "balanced_accuracy": 0.35731253074706587,
    "n": 944
  },
  "fatigue": {
    "mae": 1.0810705809222423,
    "pearson_r": -0.2912084680320022,
    "n": 1106
  },
  "reps": {
    "mae": 0.10861733302896631,
    "n": 941
  },
  "val_total": 0.19778967679732531,
  "val_total_per_task": {
    "exercise": 1.9231470297301225,
    "phase": 0.5055890943430648,
    "fatigue": 1.0810705779042855,
    "reps": 0.010912476291048053
  }
}