{
  "arch": "cnn1d_raw",
  "summary": {
    "val_total": {
      "mean": 1.7102876080606215,
      "std": 0.11961606664338822,
      "n": 5
    },
    "exercise": {
      "f1_macro": {
        "mean": 0.3162507750471973,
        "std": 0.08592160456709359,
        "n": 5
      },
      "balanced_accuracy": {
        "mean": 0.3541571401317812,
        "std": 0.11282454831246617,
        "n": 5
      }
    },
    "phase": {
      "f1_macro": {
        "mean": 0.30333492906813336,
        "std": 0.02329914941493972,
        "n": 5
      },
      "balanced_accuracy": {
        "mean": 0.3333023376040391,
        "std": 0.01970335181583279,
        "n": 5
      }
    },
    "fatigue": {
      "mae": {
        "mean": 1.5662085670406058,
        "std": 0.2678848396836119,
        "n": 5
      },
      "pearson_r": {
        "mean": 0.017340209161726683,
        "std": 0.2650081272646339,
        "n": 5
      }
    },
    "reps": {
      "mae": {
        "mean": 0.5046488158552457,
        "std": 0.09880414648138149,
        "n": 5
      }
    }
  },
  "enabled_tasks": [
    "exercise",
    "phase",
    "fatigue",
    "reps"
  ],
  "all_results": [
    {
      "seed": 42,
      "fold": 0,
      "test_subjects": [
        "Tias",
        "sivert"
      ],
      "metrics": {
        "exercise": {
          "f1_macro": 0.39037436497980854,
          "balanced_accuracy": 0.4579210336646746,
          "n": 252
        },
        "phase": {
          "f1_macro": 0.32212630622444344,
          "balanced_accuracy": 0.35458535458535456,
          "n": 217
        },
        "fatigue": {
          "mae": 1.1119481646825398,
          "pearson_r": 0.2569159842886244,
          "n": 252
        },
        "reps": {
          "mae": 0.6871932653414312,
          "n": 214
        },
        "val_total": 1.4769867658615112,
        "val_total_per_task": {
          "exercise": 1.2864738702774048,
          "phase": 0.3193757236003876,
          "fatigue": 1.1119482517242432,
          "reps": 0.30694180727005005
        }
      }
    },
    {
      "seed": 42,
      "fold": 1,
      "test_subjects": [
        "Raghild",
        "michael"
      ],
      "metrics": {
        "exercise": {
          "f1_macro": 0.3800273943381292,
          "balanced_accuracy": 0.4666224580017684,
          "n": 266
        },
        "phase": {
          "f1_macro": 0.26797791580400276,
          "balanced_accuracy": 0.31236471861471865,
          "n": 194
        },
        "fatigue": {
          "mae": 1.7979763862781954,
          "pearson_r": 0.0761349522219481,
          "n": 266
        },
        "reps": {
          "mae": 0.4470222479905243,
          "n": 189
        },
        "val_total": 1.819072049363215,
        "val_total_per_task": {
          "exercise": 1.3678097796619386,
          "phase": 0.41799980894963545,
          "fatigue": 1.7979763880708164,
          "reps": 0.1456006846033541
        }
      }
    },
    {
      "seed": 42,
      "fold": 2,
      "test_subjects": [
        "Juile",
        "lucas 2"
      ],
      "metrics": {
        "exercise": {
          "f1_macro": 0.374784622879252,
          "balanced_accuracy": 0.4025399823390895,
          "n": 304
        },
        "phase": {
          "f1_macro": 0.2906050431233129,
          "balanced_accuracy": 0.314368151462102,
          "n": 229
        },
        "fatigue": {
          "mae": 1.8617007606907894,
          "pearson_r": -0.12650149169686498,
          "n": 304
        },
        "reps": {
          "mae": 0.39539700053682375,
          "n": 223
        },
        "val_total": 1.7591922534139532,
        "val_total_per_task": {
          "exercise": 1.2471714960901361,
          "phase": 0.363903956193673,
          "fatigue": 1.8617007606907894,
          "reps": 0.1288342922925949
        }
      }
    },
    {
      "seed": 42,
      "fold": 3,
      "test_subjects": [
        "Hytten",
        "lucas"
      ],
      "metrics": {
        "exercise": {
          "f1_macro": 0.16991168205539944,
          "balanced_accuracy": 0.18389830508474575,
          "n": 218
        },
        "phase": {
          "f1_macro": 0.334104938271605,
          "balanced_accuracy": 0.35869773686229384,
          "n": 187
        },
        "fatigue": {
          "mae": 1.4635177752293578,
          "pearson_r": -0.4188553566510921,
          "n": 218
        },
        "reps": {
          "mae": 0.5042092758028404,
          "n": 184
        },
        "val_total": 1.7517298460006714,
        "val_total_per_task": {
          "exercise": 1.6001827716827393,
          "phase": 0.32207468152046204,
          "fatigue": 1.463517665863037,
          "reps": 0.2089809775352478
        }
      }
    },
    {
      "seed": 42,
      "fold": 4,
      "test_subjects": [
        "kiyomi"
      ],
      "metrics": {
        "exercise": {
          "f1_macro": 0.2661558109833972,
          "balanced_accuracy": 0.25980392156862747,
          "n": 149
        },
        "phase": {
          "f1_macro": 0.3018604419173026,
          "balanced_accuracy": 0.3264957264957265,
          "n": 149
        },
        "fatigue": {
          "mae": 1.5958997483221478,
          "pearson_r": 0.299006957646018,
          "n": 149
        },
        "reps": {
          "mae": 0.48942228960460865,
          "n": 149
        },
        "val_total": 1.7444571256637573,
        "val_total_per_task": {
          "exercise": 1.4972292184829712,
          "phase": 0.3273279070854187,
          "fatigue": 1.5958997011184692,
          "reps": 0.17353589832782745
        }
      }
    }
  ]
}