{
  "exercise": {
    "f1_macro": 0.1461038961038961,
    "balanced_accuracy": 0.25,
    "n": 218
  },
  "phase": {
    "f1_macro": 0.1979949874686717,
    "balanced_accuracy": 0.3333333333333333,
    "n": 187
  },
  "fatigue": {
    "mae": 0.9590202121559633,
    "pearson_r": -0.19459494817214545,
    "n": 218
  },
  "reps": {
    "mae": 0.48579464626053104,
    "n": 184
  },
  "val_total": 1.3726842403411865,
  "val_total_per_task": {
    "exercise": 1.3001899719238281,
    "phase": 0.3218288719654083,
    "fatigue": 0.95902019739151,
    "reps": 0.19291101396083832
  }
}