{
  "arch": "cnn1d_raw",
  "summary": {
    "val_total": {
      "mean": 1.1586351660857521,
      "std": 0.3089471558379895,
      "n": 5
    },
    "exercise": {
      "f1_macro": {
        "mean": 0.43464969086690947,
        "std": 0.15703117322389726,
        "n": 5
      },
      "balanced_accuracy": {
        "mean": 0.44523138456953487,
        "std": 0.15551276529909863,
        "n": 5
      }
    },
    "phase": {
      "f1_macro": {
        "mean": 0.2711667248683615,
        "std": 0.0424004771266203,
        "n": 5
      },
      "balanced_accuracy": {
        "mean": 0.3416403303537973,
        "std": 0.0218520298105138,
        "n": 5
      }
    },
    "fatigue": {
      "mae": {
        "mean": 1.180756054110649,
        "std": 0.18767300499882097,
        "n": 5
      },
      "pearson_r": {
        "mean": 0.11353086167198674,
        "std": 0.18861912524269167,
        "n": 5
      }
    },
    "reps": {
      "mae": {
        "mean": 0.44944828309224816,
        "std": 0.05562380612818062,
        "n": 5
      }
    }
  },
  "enabled_tasks": [
    "exercise",
    "phase",
    "fatigue",
    "reps"
  ],
  "all_results": [
    {
      "seed": 42,
      "fold": 0,
      "test_subjects": [
        "Tias",
        "sivert"
      ],
      "metrics": {
        "exercise": {
          "f1_macro": 0.7289938132043395,
          "balanced_accuracy": 0.718878472844271,
          "n": 252
        },
        "phase": {
          "f1_macro": 0.332922149122807,
          "balanced_accuracy": 0.3557018557018557,
          "n": 217
        },
        "fatigue": {
          "mae": 1.2036365327380953,
          "pearson_r": 0.14627741014765322,
          "n": 252
        },
        "reps": {
          "mae": 0.5545239340270234,
          "n": 214
        },
        "val_total": 0.6150009632110596,
        "val_total_per_task": {
          "exercise": 0.5815508365631104,
          "phase": 0.2700800597667694,
          "fatigue": 1.203636646270752,
          "reps": 0.2133982926607132
        }
      }
    },
    {
      "seed": 42,
      "fold": 1,
      "test_subjects": [
        "Raghild",
        "michael"
      ],
      "metrics": {
        "exercise": {
          "f1_macro": 0.4433940180251934,
          "balanced_accuracy": 0.5051662451421874,
          "n": 266
        },
        "phase": {
          "f1_macro": 0.24057428214731583,
          "balanced_accuracy": 0.3098394660894661,
          "n": 194
        },
        "fatigue": {
          "mae": 1.4518620770676691,
          "pearson_r": 0.12341926911692079,
          "n": 266
        },
        "reps": {
          "mae": 0.41910406942208295,
          "n": 189
        },
        "val_total": 1.5683791619494445,
        "val_total_per_task": {
          "exercise": 1.5024928114467995,
          "phase": 0.44948393240907136,
          "fatigue": 1.4518620770676691,
          "reps": 0.13621387625099124
        }
      }
    },
    {
      "seed": 42,
      "fold": 2,
      "test_subjects": [
        "Juile",
        "lucas 2"
      ],
      "metrics": {
        "exercise": {
          "f1_macro": 0.34836046141045574,
          "balanced_accuracy": 0.34275657378335955,
          "n": 304
        },
        "phase": {
          "f1_macro": 0.20968660968660968,
          "balanced_accuracy": 0.32214873889645335,
          "n": 229
        },
        "fatigue": {
          "mae": 1.0958444695723684,
          "pearson_r": 0.24624410134998861,
          "n": 304
        },
        "reps": {
          "mae": 0.4064046238244181,
          "n": 223
        },
        "val_total": 1.1574919380639728,
        "val_total_per_task": {
          "exercise": 1.3862099396555048,
          "phase": 0.3294568281424673,
          "fatigue": 1.095844472709455,
          "reps": 0.1269683461440237
        }
      }
    },
    {
      "seed": 42,
      "fold": 3,
      "test_subjects": [
        "Hytten",
        "lucas"
      ],
      "metrics": {
        "exercise": {
          "f1_macro": 0.3793172043010753,
          "balanced_accuracy": 0.38086298401903307,
          "n": 218
        },
        "phase": {
          "f1_macro": 0.2862836548653805,
          "balanced_accuracy": 0.36752013808975836,
          "n": 187
        },
        "fatigue": {
          "mae": 1.2672914277522935,
          "pearson_r": -0.24221921058423143,
          "n": 218
        },
        "reps": {
          "mae": 0.40958813837041025,
          "n": 184
        },
        "val_total": 1.1777002811431885,
        "val_total_per_task": {
          "exercise": 1.245815396308899,
          "phase": 0.3403010368347168,
          "fatigue": 1.2672914266586304,
          "reps": 0.14447171986103058
        }
      }
    },
    {
      "seed": 42,
      "fold": 4,
      "test_subjects": [
        "kiyomi"
      ],
      "metrics": {
        "exercise": {
          "f1_macro": 0.2731829573934837,
          "balanced_accuracy": 0.27849264705882354,
          "n": 149
        },
        "phase": {
          "f1_macro": 0.2863669285196947,
          "balanced_accuracy": 0.352991452991453,
          "n": 149
        },
        "fatigue": {
          "mae": 0.8851457634228188,
          "pearson_r": 0.29393273832960254,
          "n": 149
        },
        "reps": {
          "mae": 0.45762064981730594,
          "n": 149
        },
        "val_total": 1.2746034860610962,
        "val_total_per_task": {
          "exercise": 1.578128695487976,
          "phase": 0.30786123871803284,
          "fatigue": 0.8851457834243774,
          "reps": 0.16605645418167114
        }
      }
    }
  ]
}