{
  "exercise": {
    "f1_macro": 0.367220223841511,
    "balanced_accuracy": 0.42188867045675926,
    "n": 218
  },
  "phase": {
    "f1_macro": 0.285838779956427,
    "balanced_accuracy": 0.35323168392788645,
    "n": 187
  },
  "fatigue": {
    "mae": 1.2329415137614679,
    "pearson_r": -0.20896186266302486,
    "n": 218
  },
  "reps": {
    "mae": 0.43374141240897385,
    "n": 184
  },
  "val_total": 1.243086338043213,
  "val_total_per_task": {
    "exercise": 1.3107647895812988,
    "phase": 0.33132046461105347,
    "fatigue": 1.2329415082931519,
    "reps": 0.15855471789836884
  }
}