{
  "exercise": {
    "f1_macro": 0.4351898417235259,
    "balanced_accuracy": 0.4528650584388084,
    "n": 75011
  },
  "phase": {
    "f1_macro": 0.2893392860231786,
    "balanced_accuracy": 0.3226800143835865,
    "n": 44914
  },
  "fatigue": {
    "mae": 1.2645868212280627,
    "pearson_r": 0.1415041526888146,
    "n": 75011
  },
  "reps": {
    "mae": 2.6043969743915554,
    "n": 75011
  }
}