{
  "exercise": {
    "f1_macro": 0.31203801202095083,
    "balanced_accuracy": 0.30564274925570567,
    "n": 132918
  },
  "phase": {
    "f1_macro": 0.21374770126074594,
    "balanced_accuracy": 0.31175769005578036,
    "n": 78741
  },
  "fatigue": {
    "mae": 1.186248304014878,
    "pearson_r": 0.2819067110346614,
    "n": 132918
  },
  "reps": {
    "mae": 2.724426521207264,
    "n": 132918
  }
}