{
  "exercise": {
    "f1_macro": 0.7379481967896603,
    "balanced_accuracy": 0.7265764260249554,
    "n": 149
  },
  "phase": {
    "f1_macro": 0.3463779743560607,
    "balanced_accuracy": 0.43817663817663816,
    "n": 149
  },
  "fatigue": {
    "mae": 1.1038695469798658,
    "pearson_r": 0.07180666626573923,
    "n": 149
  },
  "reps": {
    "mae": 0.32557016039804726,
    "n": 149
  },
  "val_total": 2.346181546281648,
  "val_total_per_task": {
    "exercise": 0.747394536165583,
    "phase": 0.25005850965944715,
    "fatigue": 1.1038695581807385,
    "reps": 0.0860567741946086
  }
}