{
  "exercise": {
    "f1_macro": 0.3615864392459939,
    "balanced_accuracy": 0.4210135418935331,
    "n": 1256
  },
  "phase": {
    "f1_macro": 0.3166040523968097,
    "balanced_accuracy": 0.33323947164401796,
    "n": 1069
  },
  "fatigue": {
    "mae": 1.0800345839968153,
    "pearson_r": 0.37588307361736395,
    "n": 1256
  },
  "reps": {
    "mae": 0.14113201609844972,
    "n": 1067
  },
  "val_total": 0.2547364485491613,
  "val_total_per_task": {
    "exercise": 1.3861414140956416,
    "phase": 0.4283866646942819,
    "fatigue": 1.0800345843764627,
    "reps": 0.01457368206992081
  }
}