{
  "exercise": {
    "f1_macro": 0.25603674540682414,
    "balanced_accuracy": 0.24325980392156862,
    "n": 149
  },
  "phase": {
    "f1_macro": 0.20249221183800623,
    "balanced_accuracy": 0.3333333333333333,
    "n": 149
  },
  "fatigue": {
    "mae": 0.9256763842281879,
    "pearson_r": 0.37811891856744934,
    "n": 149
  },
  "reps": {
    "mae": 0.4927058830832275,
    "n": 149
  },
  "val_total": 1.7883919477462769,
  "val_total_per_task": {
    "exercise": 1.8935891389846802,
    "phase": 0.3181852698326111,
    "fatigue": 0.9256764054298401,
    "reps": 0.182761549949646
  }
}