{
  "exercise": {
    "f1_macro": 0.35456903169356785,
    "balanced_accuracy": 0.3968748920794552,
    "n": 1509
  },
  "phase": {
    "f1_macro": 0.3318648457420535,
    "balanced_accuracy": 0.33859542602712,
    "n": 1113
  },
  "fatigue": {
    "mae": 0.8749922340954275,
    "pearson_r": 0.39348727353813584,
    "n": 1509
  },
  "reps": {
    "mae": 0.08859759416345375,
    "n": 1107
  },
  "val_total": 0.8431325334835874,
  "val_total_per_task": {
    "exercise": 1.1311649603903728,
    "phase": 0.533113803193615,
    "fatigue": 0.8749922314489654,
    "reps": 0.008637219079263445
  }
}