{
  "exercise": {
    "f1_macro": 0.3777339963582688,
    "balanced_accuracy": 0.385335560470084,
    "n": 1509
  },
  "phase": {
    "f1_macro": 0.3238953238953239,
    "balanced_accuracy": 0.32746407609795586,
    "n": 1113
  },
  "fatigue": {
    "mae": 0.9072440357852882,
    "pearson_r": 0.49280379899473725,
    "n": 1509
  },
  "reps": {
    "mae": 0.08676028976472669,
    "n": 1107
  },
  "val_total": -0.06938281811334346,
  "val_total_per_task": {
    "exercise": 1.2005403320705599,
    "phase": 0.8068988997072001,
    "fatigue": 0.9072440327043325,
    "reps": 0.0071236079677845605
  }
}