{
  "exercise": {
    "f1_macro": 0.26919025674786046,
    "balanced_accuracy": 0.2977941176470588,
    "n": 149
  },
  "phase": {
    "f1_macro": 0.33085453359425965,
    "balanced_accuracy": 0.3471509971509971,
    "n": 149
  },
  "fatigue": {
    "mae": 1.0185088087248322,
    "pearson_r": 0.26504839059870106,
    "n": 149
  },
  "reps": {
    "mae": 0.46233037682937694,
    "n": 149
  },
  "val_total": 1.4660806463868825,
  "val_total_per_task": {
    "exercise": 1.6162076732456283,
    "phase": 0.3511838488930824,
    "fatigue": 1.0185088135252063,
    "reps": 0.1609151864411847
  }
}