{
  "lr": 0.0028735469624427603,
  "weight_decay": 1.7503771013089902e-05,
  "batch_size": 64,
  "dropout": 0.36535722869574744,
  "repr_dim": 64,
  "lstm_hidden": 32,
  "lstm_layers": 1,
  "_patience": 50
}