{
  "exercise": {
    "f1_macro": 0.3832662759454582,
    "balanced_accuracy": 0.42136447307869307,
    "n": 755
  },
  "phase": {
    "f1_macro": 0.33024790927364317,
    "balanced_accuracy": 0.34814286180727555,
    "n": 560
  },
  "fatigue": {
    "mae": 0.883697226821192,
    "pearson_r": 0.4374971018518432,
    "n": 755
  },
  "reps": {
    "mae": 0.16197945147547668,
    "n": 554
  },
  "val_total": -0.10964384236872592,
  "val_total_per_task": {
    "exercise": 1.182783261671761,
    "phase": 0.393265930982615,
    "fatigue": 0.8836972245317422,
    "reps": 0.027910859125438114
  }
}