{
  "arch": "cnn_lstm_raw",
  "summary": {
    "val_total": {
      "mean": 1.1084769717312348,
      "std": 0.15402249446673155,
      "n": 5
    },
    "exercise": {
      "f1_macro": {
        "mean": 0.39383812418201014,
        "std": 0.03390540100785275,
        "n": 5
      },
      "balanced_accuracy": {
        "mean": 0.4513647206900421,
        "std": 0.031095062923657067,
        "n": 5
      }
    },
    "phase": {
      "f1_macro": {
        "mean": 0.28080655253051273,
        "std": 0.02245475861004502,
        "n": 5
      },
      "balanced_accuracy": {
        "mean": 0.31565969755259937,
        "std": 0.02131780427381444,
        "n": 5
      }
    },
    "fatigue": {
      "mae": {
        "mean": 1.1057223461025658,
        "std": 0.1937107050456393,
        "n": 5
      },
      "pearson_r": {
        "mean": 0.21633697509006727,
        "std": 0.3022763496417532,
        "n": 5
      }
    },
    "reps": {
      "mae": {
        "mean": 0.47625259612491827,
        "std": 0.06617427237655077,
        "n": 5
      }
    }
  },
  "enabled_tasks": [
    "exercise",
    "phase",
    "fatigue",
    "reps"
  ],
  "all_results": [
    {
      "seed": 42,
      "fold": 0,
      "test_subjects": [
        "Tias",
        "sivert"
      ],
      "metrics": {
        "exercise": {
          "f1_macro": 0.42728435247616836,
          "balanced_accuracy": 0.47825385146701105,
          "n": 252
        },
        "phase": {
          "f1_macro": 0.2586968703208679,
          "balanced_accuracy": 0.2864787864787865,
          "n": 217
        },
        "fatigue": {
          "mae": 1.052827380952381,
          "pearson_r": 0.38153121877429025,
          "n": 252
        },
        "reps": {
          "mae": 0.597621480751539,
          "n": 214
        },
        "val_total": 1.0571703759450761,
        "val_total_per_task": {
          "exercise": 1.0640962256325617,
          "phase": 0.3099776530076587,
          "fatigue": 1.052827346892584,
          "reps": 0.24494114683734047
        }
      }
    },
    {
      "seed": 42,
      "fold": 1,
      "test_subjects": [
        "Raghild",
        "michael"
      ],
      "metrics": {
        "exercise": {
          "f1_macro": 0.4257622974977413,
          "balanced_accuracy": 0.49108372915510046,
          "n": 266
        },
        "phase": {
          "f1_macro": 0.29496521636599454,
          "balanced_accuracy": 0.3418560606060606,
          "n": 194
        },
        "fatigue": {
          "mae": 1.4313175516917294,
          "pearson_r": 0.4140961503301813,
          "n": 266
        },
        "reps": {
          "mae": 0.40971436240173204,
          "n": 189
        },
        "val_total": 1.3671341874545677,
        "val_total_per_task": {
          "exercise": 1.309227448657043,
          "phase": 0.41036603146029593,
          "fatigue": 1.431317557069592,
          "reps": 0.14087748706788944
        }
      }
    },
    {
      "seed": 42,
      "fold": 2,
      "test_subjects": [
        "Juile",
        "lucas 2"
      ],
      "metrics": {
        "exercise": {
          "f1_macro": 0.4093578210894553,
          "balanced_accuracy": 0.4436302165096808,
          "n": 304
        },
        "phase": {
          "f1_macro": 0.31405751942981985,
          "balanced_accuracy": 0.33709395059326974,
          "n": 229
        },
        "fatigue": {
          "mae": 1.0795384457236843,
          "pearson_r": 0.3533518838740668,
          "n": 304
        },
        "reps": {
          "mae": 0.42502900759685336,
          "n": 223
        },
        "val_total": 1.0727566041444476,
        "val_total_per_task": {
          "exercise": 1.0987739562988281,
          "phase": 0.36827221826503154,
          "fatigue": 1.0795384582720304,
          "reps": 0.14472040455592305
        }
      }
    },
    {
      "seed": 42,
      "fold": 3,
      "test_subjects": [
        "Hytten",
        "lucas"
      ],
      "metrics": {
        "exercise": {
          "f1_macro": 0.34640690832971965,
          "balanced_accuracy": 0.4026793357301832,
          "n": 218
        },
        "phase": {
          "f1_macro": 0.2824062206271896,
          "balanced_accuracy": 0.2991944764096663,
          "n": 187
        },
        "fatigue": {
          "mae": 1.1369606508027523,
          "pearson_r": -0.38485928895488436,
          "n": 218
        },
        "reps": {
          "mae": 0.4671323905172555,
          "n": 184
        },
        "val_total": 1.1512587070465088,
        "val_total_per_task": {
          "exercise": 1.318009409335775,
          "phase": 0.3185463419201177,
          "fatigue": 1.1369606486154258,
          "reps": 0.16032492034479018
        }
      }
    },
    {
      "seed": 42,
      "fold": 4,
      "test_subjects": [
        "kiyomi"
      ],
      "metrics": {
        "exercise": {
          "f1_macro": 0.3603792415169661,
          "balanced_accuracy": 0.4411764705882353,
          "n": 149
        },
        "phase": {
          "f1_macro": 0.2539069359086918,
          "balanced_accuracy": 0.31367521367521367,
          "n": 149
        },
        "fatigue": {
          "mae": 0.8279677013422819,
          "pearson_r": 0.3175649114266824,
          "n": 149
        },
        "reps": {
          "mae": 0.48176573935721145,
          "n": 149
        },
        "val_total": 0.8940649840655743,
        "val_total_per_task": {
          "exercise": 1.0973399077485873,
          "phase": 0.30973667346391104,
          "fatigue": 0.827967708542843,
          "reps": 0.17955197953937838
        }
      }
    }
  ]
}