{
  "exercise": {
    "f1_macro": 0.14709636247606891,
    "balanced_accuracy": 0.25,
    "n": 1106
  },
  "phase": {
    "f1_macro": 0.218104062722737,
    "balanced_accuracy": 0.3333333333333333,
    "n": 944
  },
  "fatigue": {
    "mae": 0.8529858442585895,
    "pearson_r": -0.2845334949452177,
    "n": 1106
  },
  "reps": {
    "mae": 0.11660988238198716,
    "n": 941
  },
  "val_total": 1.2549981422062162,
  "val_total_per_task": {
    "exercise": 1.3153034211498489,
    "phase": 0.5095145035178062,
    "fatigue": 0.8529858427496112,
    "reps": 0.011007705895368272
  }
}