{
  "exercise": {
    "f1_macro": 0.2661558109833972,
    "balanced_accuracy": 0.25980392156862747,
    "n": 149
  },
  "phase": {
    "f1_macro": 0.3018604419173026,
    "balanced_accuracy": 0.3264957264957265,
    "n": 149
  },
  "fatigue": {
    "mae": 1.5958997483221478,
    "pearson_r": 0.299006957646018,
    "n": 149
  },
  "reps": {
    "mae": 0.48942228960460865,
    "n": 149
  },
  "val_total": 1.7444571256637573,
  "val_total_per_task": {
    "exercise": 1.4972292184829712,
    "phase": 0.3273279070854187,
    "fatigue": 1.5958997011184692,
    "reps": 0.17353589832782745
  }
}