{
  "exercise": {
    "f1_macro": 0.3987136164625186,
    "balanced_accuracy": 0.4234128120166245,
    "n": 1361
  },
  "phase": {
    "f1_macro": 0.30427940294667,
    "balanced_accuracy": 0.32598197396239015,
    "n": 969
  },
  "fatigue": {
    "mae": 1.253530262674504,
    "pearson_r": 0.4773057560970658,
    "n": 1361
  },
  "reps": {
    "mae": 0.09320448364297322,
    "n": 964
  },
  "val_total": -0.01848429077955662,
  "val_total_per_task": {
    "exercise": 1.237023280264261,
    "phase": 0.6977192073250237,
    "fatigue": 1.2535302649518307,
    "reps": 0.007474291442861283
  }
}