{
  "arch": "lstm_raw",
  "summary": {
    "val_total": {
      "mean": -0.3600170787784795,
      "std": 0.2264318427006648,
      "n": 5
    },
    "exercise": {
      "f1_macro": {
        "mean": 0.3447336783949148,
        "std": 0.07183225532620979,
        "n": 5
      },
      "balanced_accuracy": {
        "mean": 0.4033428468383054,
        "std": 0.0802091320717809,
        "n": 5
      }
    },
    "phase": {
      "f1_macro": {
        "mean": 0.27473896166827455,
        "std": 0.04892264401245635,
        "n": 5
      },
      "balanced_accuracy": {
        "mean": 0.33763060413197765,
        "std": 0.015406226143331132,
        "n": 5
      }
    },
    "fatigue": {
      "mae": {
        "mean": 1.0433411701462005,
        "std": 0.15219577967577053,
        "n": 5
      },
      "pearson_r": {
        "mean": 0.24836172020219482,
        "std": 0.26296160363510024,
        "n": 5
      }
    },
    "reps": {
      "mae": {
        "mean": 0.10438676651190748,
        "std": 0.011658268632247972,
        "n": 5
      }
    }
  },
  "enabled_tasks": [
    "exercise",
    "phase",
    "fatigue",
    "reps"
  ],
  "all_results": [
    {
      "seed": 42,
      "fold": 0,
      "test_subjects": [
        "Tias",
        "sivert"
      ],
      "metrics": {
        "exercise": {
          "f1_macro": 0.3414424475075306,
          "balanced_accuracy": 0.41892851450883967,
          "n": 1256
        },
        "phase": {
          "f1_macro": 0.2856392116691742,
          "balanced_accuracy": 0.31967341008050165,
          "n": 1069
        },
        "fatigue": {
          "mae": 1.0951588624601911,
          "pearson_r": 0.30278745847749666,
          "n": 1256
        },
        "reps": {
          "mae": 0.114567005251392,
          "n": 1067
        },
        "val_total": -0.5414942100549199,
        "val_total_per_task": {
          "exercise": 1.169102762914767,
          "phase": 0.4258430890596596,
          "fatigue": 1.0951588647380757,
          "reps": 0.010711560162246987
        }
      }
    },
    {
      "seed": 42,
      "fold": 1,
      "test_subjects": [
        "Raghild",
        "michael"
      ],
      "metrics": {
        "exercise": {
          "f1_macro": 0.38694987520145385,
          "balanced_accuracy": 0.44702272764482043,
          "n": 1361
        },
        "phase": {
          "f1_macro": 0.2605694564279551,
          "balanced_accuracy": 0.33555135195282076,
          "n": 969
        },
        "fatigue": {
          "mae": 1.2290394241366642,
          "pearson_r": 0.3663160673082145,
          "n": 1361
        },
        "reps": {
          "mae": 0.09633156713446084,
          "n": 964
        },
        "val_total": -0.17421014759139397,
        "val_total_per_task": {
          "exercise": 1.3179968740903307,
          "phase": 0.6873724241628093,
          "fatigue": 1.2290394227352324,
          "reps": 0.00772138994288392
        }
      }
    },
    {
      "seed": 42,
      "fold": 2,
      "test_subjects": [
        "Juile",
        "lucas 2"
      ],
      "metrics": {
        "exercise": {
          "f1_macro": 0.4182722956624553,
          "balanced_accuracy": 0.4497411011228556,
          "n": 1509
        },
        "phase": {
          "f1_macro": 0.3620835378943214,
          "balanced_accuracy": 0.36616069621534103,
          "n": 1113
        },
        "fatigue": {
          "mae": 1.0269140366136513,
          "pearson_r": 0.30607109827702067,
          "n": 1509
        },
        "reps": {
          "mae": 0.08636346395407629,
          "n": 1107
        },
        "val_total": -0.14145309045031973,
        "val_total_per_task": {
          "exercise": 1.1616539036382343,
          "phase": 0.8237334587780982,
          "fatigue": 1.026914033374698,
          "reps": 0.007047087220120817
        }
      }
    },
    {
      "seed": 42,
      "fold": 3,
      "test_subjects": [
        "Hytten",
        "lucas"
      ],
      "metrics": {
        "exercise": {
          "f1_macro": 0.21016170537635825,
          "balanced_accuracy": 0.24496128485440521,
          "n": 1106
        },
        "phase": {
          "f1_macro": 0.21714285714285717,
          "balanced_accuracy": 0.3311546840958606,
          "n": 944
        },
        "fatigue": {
          "mae": 1.0970205131103075,
          "pearson_r": -0.2533790698385715,
          "n": 1106
        },
        "reps": {
          "mae": 0.11780562471597397,
          "n": 941
        },
        "val_total": -0.23033361947989162,
        "val_total_per_task": {
          "exercise": 1.4859012119593284,
          "phase": 0.5046304377035034,
          "fatigue": 1.0970205062121208,
          "reps": 0.011920296073391037
        }
      }
    },
    {
      "seed": 42,
      "fold": 4,
      "test_subjects": [
        "kiyomi"
      ],
      "metrics": {
        "exercise": {
          "f1_macro": 0.36684206822677623,
          "balanced_accuracy": 0.45606060606060606,
          "n": 746
        },
        "phase": {
          "f1_macro": 0.24825974520706504,
          "balanced_accuracy": 0.3356128783153643,
          "n": 746
        },
        "fatigue": {
          "mae": 0.7685730144101877,
          "pearson_r": 0.5200130467868137,
          "n": 746
        },
        "reps": {
          "mae": 0.1068661715036343,
          "n": 746
        },
        "val_total": -0.7125943263158722,
        "val_total_per_task": {
          "exercise": 1.0694722375026018,
          "phase": 0.4814859563160198,
          "fatigue": 0.7685730163277634,
          "reps": 0.00981552064064241
        }
      }
    }
  ]
}