{
  "arch": "cnn1d_raw",
  "summary": {
    "val_total": {
      "mean": 1.4664378969601468,
      "std": 0.08476649319258149,
      "n": 5
    },
    "exercise": {
      "f1_macro": {
        "mean": 0.33472128060564943,
        "std": 0.11515664621219909,
        "n": 5
      },
      "balanced_accuracy": {
        "mean": 0.35749307000580915,
        "std": 0.13056873661255514,
        "n": 5
      }
    },
    "phase": {
      "f1_macro": {
        "mean": 0.312078801303666,
        "std": 0.017456318061711485,
        "n": 5
      },
      "balanced_accuracy": {
        "mean": 0.3494268717799086,
        "std": 0.016976319108814794,
        "n": 5
      }
    },
    "fatigue": {
      "mae": {
        "mean": 1.2127743325995446,
        "std": 0.11909674389110707,
        "n": 5
      },
      "pearson_r": {
        "mean": 0.06984810044725773,
        "std": 0.25463281250146874,
        "n": 5
      }
    },
    "reps": {
      "mae": {
        "mean": 0.4855472608645795,
        "std": 0.09815551246697793,
        "n": 5
      }
    }
  },
  "enabled_tasks": [
    "exercise",
    "phase",
    "fatigue",
    "reps"
  ],
  "all_results": [
    {
      "seed": 42,
      "fold": 0,
      "test_subjects": [
        "Tias",
        "sivert"
      ],
      "metrics": {
        "exercise": {
          "f1_macro": 0.414334983354624,
          "balanced_accuracy": 0.4677927640469684,
          "n": 252
        },
        "phase": {
          "f1_macro": 0.32073112073112076,
          "balanced_accuracy": 0.3586663586663587,
          "n": 217
        },
        "fatigue": {
          "mae": 1.1144748263888888,
          "pearson_r": 0.10625369900330336,
          "n": 252
        },
        "reps": {
          "mae": 0.6599509680173664,
          "n": 214
        },
        "val_total": 1.3451026053655715,
        "val_total_per_task": {
          "exercise": 1.1704004908364916,
          "phase": 0.30792086228491766,
          "fatigue": 1.1144748320655218,
          "reps": 0.29494165617322166
        }
      }
    },
    {
      "seed": 42,
      "fold": 1,
      "test_subjects": [
        "Raghild",
        "michael"
      ],
      "metrics": {
        "exercise": {
          "f1_macro": 0.470775258757361,
          "balanced_accuracy": 0.5246617523081036,
          "n": 266
        },
        "phase": {
          "f1_macro": 0.28836041127070083,
          "balanced_accuracy": 0.35840548340548345,
          "n": 194
        },
        "fatigue": {
          "mae": 1.4313028665413534,
          "pearson_r": 0.027857828943142888,
          "n": 266
        },
        "reps": {
          "mae": 0.3982214906681625,
          "n": 189
        },
        "val_total": 1.5487785715805857,
        "val_total_per_task": {
          "exercise": 1.3418042193678088,
          "phase": 0.3919184942890827,
          "fatigue": 1.4313028683339744,
          "reps": 0.12924717422714807
        }
      }
    },
    {
      "seed": 42,
      "fold": 2,
      "test_subjects": [
        "Juile",
        "lucas 2"
      ],
      "metrics": {
        "exercise": {
          "f1_macro": 0.37060982190316255,
          "balanced_accuracy": 0.3556649823390895,
          "n": 304
        },
        "phase": {
          "f1_macro": 0.32255667038275737,
          "balanced_accuracy": 0.3603708746677041,
          "n": 229
        },
        "fatigue": {
          "mae": 1.177695826480263,
          "pearson_r": 0.27095359009411324,
          "n": 304
        },
        "reps": {
          "mae": 0.38606547162087107,
          "n": 223
        },
        "val_total": 1.383803367614746,
        "val_total_per_task": {
          "exercise": 1.3399492000278674,
          "phase": 0.3325705355719516,
          "fatigue": 1.1776958390286094,
          "reps": 0.11358150996659931
        }
      }
    },
    {
      "seed": 42,
      "fold": 3,
      "test_subjects": [
        "Hytten",
        "lucas"
      ],
      "metrics": {
        "exercise": {
          "f1_macro": 0.14364391477067534,
          "balanced_accuracy": 0.15993408662900188,
          "n": 218
        },
        "phase": {
          "f1_macro": 0.33394174218408107,
          "balanced_accuracy": 0.3539509014192559,
          "n": 187
        },
        "fatigue": {
          "mae": 1.2359518348623852,
          "pearson_r": -0.38953585709206695,
          "n": 218
        },
        "reps": {
          "mae": 0.5005958180712617,
          "n": 184
        },
        "val_total": 1.5372340055780673,
        "val_total_per_task": {
          "exercise": 1.4917507270060548,
          "phase": 0.32598833835453067,
          "fatigue": 1.2359518425180278,
          "reps": 0.1984503807824686
        }
      }
    },
    {
      "seed": 42,
      "fold": 4,
      "test_subjects": [
        "kiyomi"
      ],
      "metrics": {
        "exercise": {
          "f1_macro": 0.27424242424242423,
          "balanced_accuracy": 0.27941176470588236,
          "n": 149
        },
        "phase": {
          "f1_macro": 0.29480406194967,
          "balanced_accuracy": 0.3157407407407407,
          "n": 149
        },
        "fatigue": {
          "mae": 1.1044463087248322,
          "pearson_r": 0.3337112412877961,
          "n": 149
        },
        "reps": {
          "mae": 0.4829025559452356,
          "n": 149
        },
        "val_total": 1.5172709346617628,
        "val_total_per_task": {
          "exercise": 1.605101718198533,
          "phase": 0.33268753174167354,
          "fatigue": 1.1044463047245205,
          "reps": 0.17539021927838358
        }
      }
    }
  ]
}