{
  "lr": 0.001003017732259615,
  "weight_decay": 0.00010025118122837981,
  "batch_size": 128,
  "dropout": 0.42322641377886583,
  "repr_dim": 64,
  "lstm_hidden": 32,
  "lstm_layers": 1,
  "_patience": 50
}