{
  "exercise": {
    "f1_macro": 0.4188844086021506,
    "balanced_accuracy": 0.4336930084007816,
    "n": 218
  },
  "phase": {
    "f1_macro": 0.3408554185253214,
    "balanced_accuracy": 0.36315688530878404,
    "n": 187
  },
  "fatigue": {
    "mae": 1.2919653096330275,
    "pearson_r": -0.3424206326032548,
    "n": 218
  },
  "reps": {
    "mae": 0.47870352961446927,
    "n": 184
  },
  "val_total": 1.329994559288025,
  "val_total_per_task": {
    "exercise": 1.364423155784607,
    "phase": 0.3346557319164276,
    "fatigue": 1.2919652462005615,
    "reps": 0.169698566198349
  }
}