{
  "exercise": {
    "f1_macro": 0.4014672325536777,
    "balanced_accuracy": 0.3866492510465725,
    "n": 304
  },
  "phase": {
    "f1_macro": 0.3229164420097627,
    "balanced_accuracy": 0.3474032289437852,
    "n": 229
  },
  "fatigue": {
    "mae": 1.2280915912828947,
    "pearson_r": 0.1899712501621248,
    "n": 304
  },
  "reps": {
    "mae": 0.406868196142662,
    "n": 223
  },
  "val_total": 1.0355492736163892,
  "val_total_per_task": {
    "exercise": 1.2856557682940835,
    "phase": 0.3604700000662553,
    "fatigue": 1.228091603831241,
    "reps": 0.1327329607386338
  }
}