{
  "exercise": {
    "f1_macro": 0.31806776738466996,
    "balanced_accuracy": 0.37831755298273156,
    "n": 304
  },
  "phase": {
    "f1_macro": 0.30192952260168493,
    "balanced_accuracy": 0.34549050119950725,
    "n": 229
  },
  "fatigue": {
    "mae": 0.9373201069078947,
    "pearson_r": 0.39358474202673044,
    "n": 304
  },
  "reps": {
    "mae": 0.4013478299101706,
    "n": 223
  },
  "val_total": 1.1808481279172396,
  "val_total_per_task": {
    "exercise": 1.2111005343888934,
    "phase": 0.37319593131542206,
    "fatigue": 0.9373201131820679,
    "reps": 0.14340390029706454
  }
}