{
  "exercise": {
    "f1_macro": 0.23521668219944084,
    "balanced_accuracy": 0.2690788164738652,
    "n": 557
  },
  "phase": {
    "f1_macro": 0.21549442238608432,
    "balanced_accuracy": 0.3328917050691244,
    "n": 477
  },
  "fatigue": {
    "mae": 1.0933923361759426,
    "pearson_r": -0.21394049974738716,
    "n": 557
  },
  "reps": {
    "mae": 0.2274541544903832,
    "n": 474
  },
  "val_total": 0.3610746858363948,
  "val_total_per_task": {
    "exercise": 1.5282124901588343,
    "phase": 0.39967260738463545,
    "fatigue": 1.0933923447367533,
    "reps": 0.042904028946557204
  }
}