{
  "exercise": {
    "f1_macro": 0.12189054726368159,
    "balanced_accuracy": 0.25,
    "n": 304
  },
  "phase": {
    "f1_macro": 0.1983640081799591,
    "balanced_accuracy": 0.3333333333333333,
    "n": 229
  },
  "fatigue": {
    "mae": 1.17236328125,
    "pearson_r": 0.13960486593862653,
    "n": 304
  },
  "reps": {
    "mae": 0.38909480846466105,
    "n": 223
  },
  "val_total": 0.8575215935707092,
  "val_total_per_task": {
    "exercise": 1.389246896693581,
    "phase": 0.3567940067303808,
    "fatigue": 1.17236328125,
    "reps": 0.13225486796153219
  }
}