{
  "exercise": {
    "f1_macro": 0.12189054726368159,
    "balanced_accuracy": 0.25,
    "n": 304
  },
  "phase": {
    "f1_macro": 0.1983640081799591,
    "balanced_accuracy": 0.3333333333333333,
    "n": 229
  },
  "fatigue": {
    "mae": 1.0020944695723684,
    "pearson_r": 0.2968698631649997,
    "n": 304
  },
  "reps": {
    "mae": 0.41719259089903044,
    "n": 223
  },
  "val_total": 1.216601848602295,
  "val_total_per_task": {
    "exercise": 1.3554655313491821,
    "phase": 0.35471102595329285,
    "fatigue": 1.0020945072174072,
    "reps": 0.15036813914775848
  }
}