{
  "exercise": {
    "f1_macro": 0.3927446017464974,
    "balanced_accuracy": 0.42871677979751494,
    "n": 755
  },
  "phase": {
    "f1_macro": 0.3323780129335685,
    "balanced_accuracy": 0.3438329391899771,
    "n": 560
  },
  "fatigue": {
    "mae": 0.9649368791390729,
    "pearson_r": 0.39191596961627073,
    "n": 755
  },
  "reps": {
    "mae": 0.16544167247822758,
    "n": 554
  },
  "val_total": -0.053313772409956973,
  "val_total_per_task": {
    "exercise": 1.2007706741623532,
    "phase": 0.393499669926056,
    "fatigue": 0.9649368744812264,
    "reps": 0.028332752260743388
  }
}