{
  "exercise": {
    "f1_macro": 0.21258023106546853,
    "balanced_accuracy": 0.2408662900188324,
    "n": 218
  },
  "phase": {
    "f1_macro": 0.2848412176536572,
    "balanced_accuracy": 0.3460874568469505,
    "n": 187
  },
  "fatigue": {
    "mae": 1.2153633887614679,
    "pearson_r": -0.3424064822224078,
    "n": 218
  },
  "reps": {
    "mae": 0.5360102922372196,
    "n": 184
  },
  "val_total": 1.847340903150926,
  "val_total_per_task": {
    "exercise": 1.721791127406129,
    "phase": 0.3204724698438557,
    "fatigue": 1.2153634182903745,
    "reps": 0.21387743362046163
  }
}