{
  "lr": 0.0010370844668954541,
  "weight_decay": 0.0005829384542994739,
  "batch_size": 128,
  "dropout": 0.23013213230530574,
  "repr_dim": 256,
  "_patience": 50
}