{
  "exercise": {
    "f1_macro": 0.4620397412696422,
    "balanced_accuracy": 0.5145168918224251,
    "n": 266
  },
  "phase": {
    "f1_macro": 0.29511520737327185,
    "balanced_accuracy": 0.31479978354978355,
    "n": 194
  },
  "fatigue": {
    "mae": 1.356687617481203,
    "pearson_r": 0.2024506935622065,
    "n": 266
  },
  "reps": {
    "mae": 0.40850101114699133,
    "n": 189
  },
  "val_total": 1.5527988466105067,
  "val_total_per_task": {
    "exercise": 1.3806712215108083,
    "phase": 0.4129306499223064,
    "fatigue": 1.356687617481203,
    "reps": 0.12577555950422933
  }
}