{
  "exercise": {
    "f1_macro": 0.37074715773203054,
    "balanced_accuracy": 0.4270094380359015,
    "n": 266
  },
  "phase": {
    "f1_macro": 0.2870155844670192,
    "balanced_accuracy": 0.3085768398268398,
    "n": 194
  },
  "fatigue": {
    "mae": 1.5064467810150375,
    "pearson_r": 0.002163816370311716,
    "n": 266
  },
  "reps": {
    "mae": 0.4461894329716131,
    "n": 189
  },
  "val_total": 1.5995289526487653,
  "val_total_per_task": {
    "exercise": 1.349386111237949,
    "phase": 0.40241563768315136,
    "fatigue": 1.506446781911348,
    "reps": 0.14342680909579858
  }
}