{
  "exercise": {
    "f1_macro": 0.3919186564276586,
    "balanced_accuracy": 0.4115475685651848,
    "n": 1509
  },
  "phase": {
    "f1_macro": 0.3066767931140158,
    "balanced_accuracy": 0.3334345274235984,
    "n": 1113
  },
  "fatigue": {
    "mae": 0.9848254224652088,
    "pearson_r": 0.3922889277603209,
    "n": 1509
  },
  "reps": {
    "mae": 0.08841405067863758,
    "n": 1107
  },
  "val_total": 0.5193803246405205,
  "val_total_per_task": {
    "exercise": 1.2180831255385067,
    "phase": 0.8343402631161149,
    "fatigue": 0.9848254237291906,
    "reps": 0.007050974422299246
  }
}