{
  "exercise": {
    "f1_macro": 0.12293853073463268,
    "balanced_accuracy": 0.25,
    "n": 1509
  },
  "phase": {
    "f1_macro": 0.2177858439201452,
    "balanced_accuracy": 0.3333333333333333,
    "n": 1113
  },
  "fatigue": {
    "mae": 0.9621722788270378,
    "pearson_r": 0.49545293387972295,
    "n": 1509
  },
  "reps": {
    "mae": 0.08733271085888537,
    "n": 1107
  },
  "val_total": 0.9444516294440186,
  "val_total_per_task": {
    "exercise": 1.3774773231636537,
    "phase": 0.5147233754100193,
    "fatigue": 0.9621722935208269,
    "reps": 0.007592717164632419
  }
}