{
  "lr": 0.0014911470781259698,
  "weight_decay": 0.00015912392164179736,
  "batch_size": 128,
  "dropout": 0.20792075381656522,
  "repr_dim": 64,
  "_patience": 50
}