{
  "exercise": {
    "f1_macro": 0.23993263570961415,
    "balanced_accuracy": 0.3328110041819922,
    "n": 1361
  },
  "phase": {
    "f1_macro": 0.2192982456140351,
    "balanced_accuracy": 0.3333333333333333,
    "n": 969
  },
  "fatigue": {
    "mae": 1.3369291306943425,
    "pearson_r": 0.27863554131258145,
    "n": 1361
  },
  "reps": {
    "mae": 0.09492263526180411,
    "n": 964
  },
  "val_total": 0.8303828316519665,
  "val_total_per_task": {
    "exercise": 1.2641079106986042,
    "phase": 0.6878225002807348,
    "fatigue": 1.3369291285046052,
    "reps": 0.007636713596234682
  }
}