{
  "arch": "cnn1d_raw",
  "summary": {
    "val_total": {
      "mean": 1.667312054526537,
      "std": 0.13049949496596416,
      "n": 5
    },
    "exercise": {
      "f1_macro": {
        "mean": 0.35134763402152824,
        "std": 0.09885841656209785,
        "n": 5
      },
      "balanced_accuracy": {
        "mean": 0.37865523834319204,
        "std": 0.12034372824640584,
        "n": 5
      }
    },
    "phase": {
      "f1_macro": {
        "mean": 0.30978077400085124,
        "std": 0.034712329122761516,
        "n": 5
      },
      "balanced_accuracy": {
        "mean": 0.3411035843314632,
        "std": 0.03316289451174172,
        "n": 5
      }
    },
    "fatigue": {
      "mae": {
        "mean": 1.5958854547629724,
        "std": 0.2420897880163246,
        "n": 5
      },
      "pearson_r": {
        "mean": 0.05835236560110753,
        "std": 0.25930760063046954,
        "n": 5
      }
    },
    "reps": {
      "mae": {
        "mean": 0.5150627459698779,
        "std": 0.09439229432515724,
        "n": 5
      }
    }
  },
  "enabled_tasks": [
    "exercise",
    "phase",
    "fatigue",
    "reps"
  ],
  "all_results": [
    {
      "seed": 42,
      "fold": 0,
      "test_subjects": [
        "Tias",
        "sivert"
      ],
      "metrics": {
        "exercise": {
          "f1_macro": 0.4476304283181162,
          "balanced_accuracy": 0.4990681026457251,
          "n": 252
        },
        "phase": {
          "f1_macro": 0.32230887580242984,
          "balanced_accuracy": 0.365057365057365,
          "n": 217
        },
        "fatigue": {
          "mae": 1.2161458333333333,
          "pearson_r": 0.12196260335800321,
          "n": 252
        },
        "reps": {
          "mae": 0.698125299762621,
          "n": 214
        },
        "val_total": 1.4298484325408936,
        "val_total_per_task": {
          "exercise": 1.1644597053527832,
          "phase": 0.3123527467250824,
          "fatigue": 1.2161458730697632,
          "reps": 0.31635475158691406
        }
      }
    },
    {
      "seed": 42,
      "fold": 1,
      "test_subjects": [
        "Raghild",
        "michael"
      ],
      "metrics": {
        "exercise": {
          "f1_macro": 0.3992981738526703,
          "balanced_accuracy": 0.4932581786030062,
          "n": 266
        },
        "phase": {
          "f1_macro": 0.2983603088966466,
          "balanced_accuracy": 0.3244047619047619,
          "n": 194
        },
        "fatigue": {
          "mae": 1.933373472744361,
          "pearson_r": 0.15895384877825097,
          "n": 266
        },
        "reps": {
          "mae": 0.44405820298565446,
          "n": 189
        },
        "val_total": 1.7979070620429247,
        "val_total_per_task": {
          "exercise": 1.2943959612595408,
          "phase": 0.40612857861626417,
          "fatigue": 1.9333734763296027,
          "reps": 0.14536859039077185
        }
      }
    },
    {
      "seed": 42,
      "fold": 2,
      "test_subjects": [
        "Juile",
        "lucas 2"
      ],
      "metrics": {
        "exercise": {
          "f1_macro": 0.4408349379157131,
          "balanced_accuracy": 0.43010653780743063,
          "n": 304
        },
        "phase": {
          "f1_macro": 0.3058754578754579,
          "balanced_accuracy": 0.33067496595992996,
          "n": 229
        },
        "fatigue": {
          "mae": 1.7050717002467106,
          "pearson_r": 0.15374496402789625,
          "n": 304
        },
        "reps": {
          "mae": 0.44308417503024566,
          "n": 223
        },
        "val_total": 1.6593447484468158,
        "val_total_per_task": {
          "exercise": 1.294009152211641,
          "phase": 0.34408695760526153,
          "fatigue": 1.7050717002467106,
          "reps": 0.13996021371138723
        }
      }
    },
    {
      "seed": 42,
      "fold": 3,
      "test_subjects": [
        "Hytten",
        "lucas"
      ],
      "metrics": {
        "exercise": {
          "f1_macro": 0.20306553911205075,
          "balanced_accuracy": 0.21195856873822977,
          "n": 218
        },
        "phase": {
          "f1_macro": 0.36465008972058444,
          "balanced_accuracy": 0.39029535864978904,
          "n": 187
        },
        "fatigue": {
          "mae": 1.4604984948394495,
          "pearson_r": -0.44510624645816704,
          "n": 218
        },
        "reps": {
          "mae": 0.49258509764204855,
          "n": 184
        },
        "val_total": 1.6744834184646606,
        "val_total_per_task": {
          "exercise": 1.5453003644943237,
          "phase": 0.3280237913131714,
          "fatigue": 1.4604984521865845,
          "reps": 0.19554263353347778
        }
      }
    },
    {
      "seed": 42,
      "fold": 4,
      "test_subjects": [
        "kiyomi"
      ],
      "metrics": {
        "exercise": {
          "f1_macro": 0.26590909090909093,
          "balanced_accuracy": 0.2588848039215686,
          "n": 149
        },
        "phase": {
          "f1_macro": 0.2577091377091377,
          "balanced_accuracy": 0.2950854700854701,
          "n": 149
        },
        "fatigue": {
          "mae": 1.6643377726510067,
          "pearson_r": 0.30220665829955423,
          "n": 149
        },
        "reps": {
          "mae": 0.4974609544288192,
          "n": 149
        },
        "val_total": 1.7749766111373901,
        "val_total_per_task": {
          "exercise": 1.607131004333496,
          "phase": 0.32083627581596375,
          "fatigue": 1.6643377542495728,
          "reps": 0.17311355471611023
        }
      }
    }
  ]
}