{
  "exercise": {
    "f1_macro": 0.35456639010194757,
    "balanced_accuracy": 0.4264120362464852,
    "n": 1256
  },
  "phase": {
    "f1_macro": 0.32084546498154376,
    "balanced_accuracy": 0.32426653794206417,
    "n": 1069
  },
  "fatigue": {
    "mae": 1.08179488455414,
    "pearson_r": 0.2875953724970043,
    "n": 1256
  },
  "reps": {
    "mae": 0.1319619141760847,
    "n": 1067
  },
  "val_total": -0.4044499116338742,
  "val_total_per_task": {
    "exercise": 1.183115567371344,
    "phase": 0.42402105973025034,
    "fatigue": 1.081794887970967,
    "reps": 0.012980959123107278
  }
}