{
  "arch": "lstm_raw",
  "summary": {
    "val_total": {
      "mean": 0.18472803685412653,
      "std": 0.19248493963662303,
      "n": 5
    },
    "exercise": {
      "f1_macro": {
        "mean": 0.3132320203663504,
        "std": 0.04008021342837123,
        "n": 5
      },
      "balanced_accuracy": {
        "mean": 0.37809244542333875,
        "std": 0.06403920006620724,
        "n": 5
      }
    },
    "phase": {
      "f1_macro": {
        "mean": 0.3062175764964143,
        "std": 0.024056017259611706,
        "n": 5
      },
      "balanced_accuracy": {
        "mean": 0.3237437710176504,
        "std": 0.019436591258644338,
        "n": 5
      }
    },
    "fatigue": {
      "mae": {
        "mean": 1.0995802023477892,
        "std": 0.09075644707069774,
        "n": 5
      },
      "pearson_r": {
        "mean": 0.18466728262318338,
        "std": 0.2278331502507976,
        "n": 5
      }
    },
    "reps": {
      "mae": {
        "mean": 0.21037182784570763,
        "std": 0.034426821941044995,
        "n": 5
      }
    }
  },
  "enabled_tasks": [
    "exercise",
    "phase",
    "fatigue",
    "reps"
  ],
  "all_results": [
    {
      "seed": 42,
      "fold": 0,
      "test_subjects": [
        "Tias",
        "sivert"
      ],
      "metrics": {
        "exercise": {
          "f1_macro": 0.28781426429947904,
          "balanced_accuracy": 0.32153712049991034,
          "n": 626
        },
        "phase": {
          "f1_macro": 0.30526224982746725,
          "balanced_accuracy": 0.3234307992202729,
          "n": 533
        },
        "fatigue": {
          "mae": 1.087634784345048,
          "pearson_r": 0.2701416413157345,
          "n": 626
        },
        "reps": {
          "mae": 0.26565950165069513,
          "n": 531
        },
        "val_total": 0.06472425605542363,
        "val_total_per_task": {
          "exercise": 1.1387873069165995,
          "phase": 0.28486694809727775,
          "fatigue": 1.0876347837737574,
          "reps": 0.050642601949290725
        }
      }
    },
    {
      "seed": 42,
      "fold": 1,
      "test_subjects": [
        "Raghild",
        "michael"
      ],
      "metrics": {
        "exercise": {
          "f1_macro": 0.3329790678502146,
          "balanced_accuracy": 0.42523220793478334,
          "n": 682
        },
        "phase": {
          "f1_macro": 0.3046833796280018,
          "balanced_accuracy": 0.31187985067295415,
          "n": 488
        },
        "fatigue": {
          "mae": 1.268798112170088,
          "pearson_r": 0.3248627772809918,
          "n": 682
        },
        "reps": {
          "mae": 0.18443843528350112,
          "n": 482
        },
        "val_total": 0.45987447056252934,
        "val_total_per_task": {
          "exercise": 1.2492818535248205,
          "phase": 0.5157770984683219,
          "fatigue": 1.2687981118205005,
          "reps": 0.028168318558298596
        }
      }
    },
    {
      "seed": 42,
      "fold": 2,
      "test_subjects": [
        "Juile",
        "lucas 2"
      ],
      "metrics": {
        "exercise": {
          "f1_macro": 0.32926042558395496,
          "balanced_accuracy": 0.39884795885105073,
          "n": 755
        },
        "phase": {
          "f1_macro": 0.33680833288895995,
          "balanced_accuracy": 0.34741987695264215,
          "n": 560
        },
        "fatigue": {
          "mae": 1.0039165976821192,
          "pearson_r": 0.43478221584183585,
          "n": 755
        },
        "reps": {
          "mae": 0.16689146207460615,
          "n": 554
        },
        "val_total": 0.12213150318095226,
        "val_total_per_task": {
          "exercise": 1.1432099380240535,
          "phase": 0.3948732203995155,
          "fatigue": 1.0039165878927472,
          "reps": 0.02998144618229361
        }
      }
    },
    {
      "seed": 42,
      "fold": 3,
      "test_subjects": [
        "Hytten",
        "lucas"
      ],
      "metrics": {
        "exercise": {
          "f1_macro": 0.2502363984409235,
          "balanced_accuracy": 0.2870136145297445,
          "n": 557
        },
        "phase": {
          "f1_macro": 0.3200914958952184,
          "balanced_accuracy": 0.34167306707629286,
          "n": 477
        },
        "fatigue": {
          "mae": 1.0948229914721723,
          "pearson_r": -0.2218015290381687,
          "n": 557
        },
        "reps": {
          "mae": 0.22759477366773875,
          "n": 474
        },
        "val_total": 0.34695566599416133,
        "val_total_per_task": {
          "exercise": 1.516038767739301,
          "phase": 0.3994723174794572,
          "fatigue": 1.0948229889039292,
          "reps": 0.04274822096716566
        }
      }
    },
    {
      "seed": 42,
      "fold": 4,
      "test_subjects": [
        "kiyomi"
      ],
      "metrics": {
        "exercise": {
          "f1_macro": 0.3658699456571797,
          "balanced_accuracy": 0.45783132530120485,
          "n": 374
        },
        "phase": {
          "f1_macro": 0.2642424242424242,
          "balanced_accuracy": 0.2943152611660899,
          "n": 374
        },
        "fatigue": {
          "mae": 1.0427285260695187,
          "pearson_r": 0.11535130771552334,
          "n": 374
        },
        "reps": {
          "mae": 0.20727496655199695,
          "n": 374
        },
        "val_total": -0.07004571152243384,
        "val_total_per_task": {
          "exercise": 1.0171796083450317,
          "phase": 0.33201905112853025,
          "fatigue": 1.0427284916454458,
          "reps": 0.03531764864045031
        }
      }
    }
  ]
}