{
  "exercise": {
    "f1_macro": 0.3685584889304625,
    "balanced_accuracy": 0.4103426413575185,
    "n": 1361
  },
  "phase": {
    "f1_macro": 0.2949661020379252,
    "balanced_accuracy": 0.3365987908460369,
    "n": 969
  },
  "fatigue": {
    "mae": 1.162268667340191,
    "pearson_r": 0.38227300600386893,
    "n": 1361
  },
  "reps": {
    "mae": 0.09593154985218065,
    "n": 964
  },
  "val_total": -0.181509776469279,
  "val_total_per_task": {
    "exercise": 1.3002078314198895,
    "phase": 0.6940297588191429,
    "fatigue": 1.1622686655008119,
    "reps": 0.008090508916989396
  }
}