{
  "exercise": {
    "f1_macro": 0.12170385395537525,
    "balanced_accuracy": 0.25,
    "n": 746
  },
  "phase": {
    "f1_macro": 0.2120658135283364,
    "balanced_accuracy": 0.3333333333333333,
    "n": 746
  },
  "fatigue": {
    "mae": 1.0384760388739946,
    "pearson_r": -0.024204795349753623,
    "n": 746
  },
  "reps": {
    "mae": 0.11119680529605128,
    "n": 746
  },
  "val_total": 1.3339028841049358,
  "val_total_per_task": {
    "exercise": 1.3775592042038332,
    "phase": 0.47645462773760267,
    "fatigue": 1.0384760596477314,
    "reps": 0.00983912401630396
  }
}