{
  "arch": "cnn1d_raw",
  "summary": {
    "val_total": {
      "mean": 1.2645003177169571,
      "std": 0.19227604328806855,
      "n": 5
    },
    "exercise": {
      "f1_macro": {
        "mean": 0.39202734366650294,
        "std": 0.16492718030853226,
        "n": 5
      },
      "balanced_accuracy": {
        "mean": 0.4023247511669349,
        "std": 0.16626412044548905,
        "n": 5
      }
    },
    "phase": {
      "f1_macro": {
        "mean": 0.31058714533330123,
        "std": 0.018196302414685638,
        "n": 5
      },
      "balanced_accuracy": {
        "mean": 0.33491490480997765,
        "std": 0.015412093447416493,
        "n": 5
      }
    },
    "fatigue": {
      "mae": {
        "mean": 1.261282708935315,
        "std": 0.2206134513146072,
        "n": 5
      },
      "pearson_r": {
        "mean": 0.1102100167793203,
        "std": 0.2666368350931405,
        "n": 5
      }
    },
    "reps": {
      "mae": {
        "mean": 0.46692923550277454,
        "std": 0.06784022677570313,
        "n": 5
      }
    }
  },
  "enabled_tasks": [
    "exercise",
    "phase",
    "fatigue",
    "reps"
  ],
  "all_results": [
    {
      "seed": 42,
      "fold": 0,
      "test_subjects": [
        "Tias",
        "sivert"
      ],
      "metrics": {
        "exercise": {
          "f1_macro": 0.6787691357947273,
          "balanced_accuracy": 0.6681111825352527,
          "n": 252
        },
        "phase": {
          "f1_macro": 0.32501619115792346,
          "balanced_accuracy": 0.3471548471548472,
          "n": 217
        },
        "fatigue": {
          "mae": 1.223725818452381,
          "pearson_r": 0.14415984729927456,
          "n": 252
        },
        "reps": {
          "mae": 0.5874920067177197,
          "n": 214
        },
        "val_total": 0.9361486434936523,
        "val_total_per_task": {
          "exercise": 0.7138704657554626,
          "phase": 0.27665266394615173,
          "fatigue": 1.2237259149551392,
          "reps": 0.23910556733608246
        }
      }
    },
    {
      "seed": 42,
      "fold": 1,
      "test_subjects": [
        "Raghild",
        "michael"
      ],
      "metrics": {
        "exercise": {
          "f1_macro": 0.4526417690732207,
          "balanced_accuracy": 0.5129927209919191,
          "n": 266
        },
        "phase": {
          "f1_macro": 0.33410562585397735,
          "balanced_accuracy": 0.35714285714285715,
          "n": 194
        },
        "fatigue": {
          "mae": 1.6600828242481203,
          "pearson_r": 0.015538065499056836,
          "n": 266
        },
        "reps": {
          "mae": 0.3993877485768978,
          "n": 189
        },
        "val_total": 1.5260907832841228,
        "val_total_per_task": {
          "exercise": 1.3028605737184222,
          "phase": 0.42816474204672905,
          "fatigue": 1.660082823799965,
          "reps": 0.12947005078308566
        }
      }
    },
    {
      "seed": 42,
      "fold": 2,
      "test_subjects": [
        "Juile",
        "lucas 2"
      ],
      "metrics": {
        "exercise": {
          "f1_macro": 0.3563137645519153,
          "balanced_accuracy": 0.3495613389586604,
          "n": 304
        },
        "phase": {
          "f1_macro": 0.3089473114789571,
          "balanced_accuracy": 0.32957271607339683,
          "n": 229
        },
        "fatigue": {
          "mae": 1.132606907894737,
          "pearson_r": 0.2686094599368205,
          "n": 304
        },
        "reps": {
          "mae": 0.4067386033497918,
          "n": 223
        },
        "val_total": 1.251472837046573,
        "val_total_per_task": {
          "exercise": 1.3534094220713566,
          "phase": 0.3321698849138461,
          "fatigue": 1.132606920443083,
          "reps": 0.12365169274179559
        }
      }
    },
    {
      "seed": 42,
      "fold": 3,
      "test_subjects": [
        "Hytten",
        "lucas"
      ],
      "metrics": {
        "exercise": {
          "f1_macro": 0.22450381679389314,
          "balanced_accuracy": 0.24934086629001884,
          "n": 218
        },
        "phase": {
          "f1_macro": 0.3032128514056225,
          "balanced_accuracy": 0.3271001150747986,
          "n": 187
        },
        "fatigue": {
          "mae": 1.2851741685779816,
          "pearson_r": -0.3358060774029093,
          "n": 218
        },
        "reps": {
          "mae": 0.45898924865152524,
          "n": 184
        },
        "val_total": 1.3556448221206665,
        "val_total_per_task": {
          "exercise": 1.4046967029571533,
          "phase": 0.321623295545578,
          "fatigue": 1.2851741313934326,
          "reps": 0.16922138631343842
        }
      }
    },
    {
      "seed": 42,
      "fold": 4,
      "test_subjects": [
        "kiyomi"
      ],
      "metrics": {
        "exercise": {
          "f1_macro": 0.24790823211875843,
          "balanced_accuracy": 0.23161764705882354,
          "n": 149
        },
        "phase": {
          "f1_macro": 0.2816537467700258,
          "balanced_accuracy": 0.3136039886039886,
          "n": 149
        },
        "fatigue": {
          "mae": 1.0048238255033557,
          "pearson_r": 0.4585487885643588,
          "n": 149
        },
        "reps": {
          "mae": 0.4820385702179382,
          "n": 149
        },
        "val_total": 1.2531445026397705,
        "val_total_per_task": {
          "exercise": 1.4598462581634521,
          "phase": 0.3213089406490326,
          "fatigue": 1.0048238039016724,
          "reps": 0.17738577723503113
        }
      }
    }
  ]
}