{
  "exercise": {
    "f1_macro": 0.1425339366515837,
    "balanced_accuracy": 0.175,
    "n": 218
  },
  "phase": {
    "f1_macro": 0.33136107428842404,
    "balanced_accuracy": 0.3522247794399693,
    "n": 187
  },
  "fatigue": {
    "mae": 5.020790030103211,
    "pearson_r": 0.1847192247942052,
    "n": 218
  },
  "reps": {
    "mae": 0.5457825754647669,
    "n": 184
  },
  "val_total": 3.5116217136383057,
  "val_total_per_task": {
    "exercise": 1.4497249126434326,
    "phase": 0.3597155213356018,
    "fatigue": 5.020789623260498,
    "reps": 0.2370678335428238
  }
}