{
  "exercise": {
    "f1_macro": 0.284105180533752,
    "balanced_accuracy": 0.3187281317358654,
    "n": 626
  },
  "phase": {
    "f1_macro": 0.30645921037380114,
    "balanced_accuracy": 0.3249122807017544,
    "n": 533
  },
  "fatigue": {
    "mae": 1.0901744708466454,
    "pearson_r": 0.25301898465646827,
    "n": 626
  },
  "reps": {
    "mae": 0.26611559863751244,
    "n": 531
  },
  "val_total": 0.09349081900934823,
  "val_total_per_task": {
    "exercise": 1.1404147791786317,
    "phase": 0.28423212663815045,
    "fatigue": 1.090174474845679,
    "reps": 0.0507696217205673
  }
}