{
  "exercise": {
    "f1_macro": 0.14746835443037976,
    "balanced_accuracy": 0.25,
    "n": 557
  },
  "phase": {
    "f1_macro": 0.2219114219114219,
    "balanced_accuracy": 0.33055555555555555,
    "n": 477
  },
  "fatigue": {
    "mae": 0.836617762567325,
    "pearson_r": -0.2084167217872911,
    "n": 557
  },
  "reps": {
    "mae": 0.2310127673158815,
    "n": 474
  },
  "val_total": 1.2194616114001728,
  "val_total_per_task": {
    "exercise": 1.314880921981921,
    "phase": 0.3965713917352995,
    "fatigue": 0.8366177653495884,
    "reps": 0.04227239824497079
  }
}