{
  "exercise": {
    "f1_macro": 0.4708994376551161,
    "balanced_accuracy": 0.5556129582793576,
    "n": 266
  },
  "phase": {
    "f1_macro": 0.28611890852995475,
    "balanced_accuracy": 0.3488455988455988,
    "n": 194
  },
  "fatigue": {
    "mae": 1.5065495770676691,
    "pearson_r": 0.2207228201665682,
    "n": 266
  },
  "reps": {
    "mae": 0.46128932551219665,
    "n": 189
  },
  "val_total": 1.6673571436028731,
  "val_total_per_task": {
    "exercise": 1.5211189671566612,
    "phase": 0.38314557971810936,
    "fatigue": 1.5065495752750482,
    "reps": 0.15342464303611814
  }
}