{
  "exercise": {
    "f1_macro": 0.4575235124680953,
    "balanced_accuracy": 0.4468440984951797,
    "n": 218
  },
  "phase": {
    "f1_macro": 0.34700854700854705,
    "balanced_accuracy": 0.3853567318757192,
    "n": 187
  },
  "fatigue": {
    "mae": 1.1141234231651376,
    "pearson_r": -0.2577400105925871,
    "n": 218
  },
  "reps": {
    "mae": 0.44667197666738345,
    "n": 184
  },
  "val_total": 0.9022165985282408,
  "val_total_per_task": {
    "exercise": 1.2129779616627125,
    "phase": 0.30942369054216856,
    "fatigue": 1.1141234319144433,
    "reps": 0.1492545754400962
  }
}