{
  "exercise": {
    "f1_macro": 0.3780675714264651,
    "balanced_accuracy": 0.4161948660568662,
    "n": 252
  },
  "phase": {
    "f1_macro": 0.2916666666666667,
    "balanced_accuracy": 0.3175483175483176,
    "n": 217
  },
  "fatigue": {
    "mae": 1.1208767361111112,
    "pearson_r": 0.3715090185105608,
    "n": 252
  },
  "reps": {
    "mae": 0.6393280305386146,
    "n": 214
  },
  "val_total": 1.3527640690879217,
  "val_total_per_task": {
    "exercise": 1.2261812611231728,
    "phase": 0.3214089927219209,
    "fatigue": 1.120876703943525,
    "reps": 0.2684655194244688
  }
}