{
  "fatigue": {
    "acc_rms_mean": 0.1823738754537193,
    "acc_jerk_rms_mean": 0.10767515553201396,
    "ecg_hr_rel_mean": 0.04671949061928391,
    "emg_mdf_endset": 0.03984777828771497,
    "eda_scr_amp_mean": 0.03604634510755208,
    "ecg_hr_rel_std": 0.023914547340367187,
    "acc_dom_freq_mean": 0.020208902170032093,
    "emg_mnf_endset": 0.01743122102777906,
    "emg_mnf_slope": 0.016329030524599383,
    "emg_mdf_slope": 0.014883870952365718,
    "acc_dom_freq_std": 0.014678525086225006,
    "ppg_hr_std": 0.013968654222341503,
    "emg_rms_rel_mean": 0.013535043031211443,
    "ecg_hr_std": 0.011743716131004465,
    "emg_mnf_endset_rel": 0.010529720823991052,
    "acc_rep_band_ratio_std": 0.009020331962417777,
    "emg_mnf_mean": 0.008463852818879555,
    "emg_rms_mean": 0.00798593752844955,
    "emg_dimitrov_endset_rel": 0.007485745059817966,
    "acc_rep_band_ratio_mean": 0.006918400552305164
  },
  "exercise": {
    "temp_mean_rel": 351.0,
    "temp_mean": 229.0,
    "eda_scr_amp": 181.0,
    "acc_jerk_rms": 171.0,
    "eda_scl_rel": 167.0,
    "ecg_rmssd": 147.0,
    "acc_rms": 138.0,
    "acc_rep_band_power": 120.0,
    "ppg_pulse_amp": 116.0,
    "temp_slope": 114.0,
    "ecg_pnn50": 108.0,
    "eda_scl": 108.0,
    "acc_dom_freq": 105.0,
    "eda_phasic_mean": 85.0,
    "acc_rep_band_ratio": 85.0,
    "ecg_sdnn": 67.0,
    "ecg_hr_rel": 61.0,
    "ppg_pulse_amp_var": 52.0,
    "emg_iemg": 51.0,
    "emg_dimitrov_rel": 47.0
  },
  "phase": {
    "temp_mean_rel": 0.10742336856750918,
    "temp_mean": 0.0899306937275373,
    "ecg_sdnn": 0.05556195112689724,
    "ecg_rmssd": 0.04897668222178919,
    "emg_rms_rel": 0.045020700988451734,
    "eda_scl_rel": 0.04429913148689232,
    "acc_jerk_rms": 0.04413308910916621,
    "acc_dom_freq": 0.041863651530486344,
    "eda_scr_amp": 0.03977585967945361,
    "ppg_pulse_amp_var": 0.03375676559270418,
    "ppg_hr": 0.03351776643052167,
    "ecg_hr_rel": 0.030959840660107808,
    "eda_scl": 0.030941015547205717,
    "eda_phasic_mean": 0.030126582027356186,
    "acc_rms": 0.03010586651335696,
    "ecg_hr": 0.02814454033957883,
    "emg_iemg_rel": 0.02795981593506801,
    "ppg_pulse_amp": 0.02742484080737752,
    "ecg_pnn50": 0.023441753976531574,
    "acc_rep_band_ratio": 0.02175904235575635
  },
  "reps": {
    "ecg_hr_rel_std": 0.37176241675057453,
    "ecg_hr_std": 0.1567458982062694,
    "emg_mnf_rel_mean": 0.14388493744621997,
    "emg_mnf_std": 0.14230223303906278,
    "emg_dimitrov_slope": 0.11304738875656646,
    "ppg_pulse_amp_mean": 0.10949916708984721,
    "acc_rms_mean": 0.08059962599205847,
    "emg_rms_mean": 0.07226887991832953,
    "emg_mdf_rel_mean": 0.06349860351688812,
    "emg_mdf_endset_rel": 0.05842543867927363,
    "acc_rep_band_ratio_mean": 0.05743186603338132,
    "emg_dimitrov_std": 0.05665953085597955,
    "emg_rms_slope": 0.04689112431385288,
    "ppg_pulse_amp_std": 0.045812730356752165,
    "emg_mdf_endset": 0.044465156679955715,
    "eda_scl_mean": 0.03665655503836752,
    "acc_rep_band_ratio_std": 0.03435458363752096,
    "ecg_hr_rel_mean": 0.03333240901156989,
    "ecg_rmssd_std": 0.030040478836070247,
    "acc_jerk_rms_std": 0.026288704846839765
  }
}