{
  "n_samples": 60000,
  "minutes": 10.0,
  "p50_ms": 0.22840000019641593,
  "p95_ms": 1.3297999976202846,
  "p99_ms": 1.4122039993162625,
  "max_ms": 12.740599999233382,
  "mean_ms": 0.3429262033330209,
  "budget_p99_ms": 100.0,
  "pass": true,
  "models_in_pipeline": [
    "fatigue",
    "exercise",
    "phase",
    "reps"
  ],
  "recording": "recording_012"
}