{
  "fatigue": {
    "task": "fatigue_rpe",
    "metric": "MAE",
    "n_samples": 156,
    "fold_scores": [
      0.9495370370370372,
      1.0064814814814815,
      0.8916666666666667,
      1.0189393939393938,
      1.1622474747474747
    ],
    "mean": 1.0057744107744109,
    "std": 0.0903779353051098
  },
  "exercise": {
    "task": "exercise",
    "metric": "macro_F1",
    "n_samples": 556497,
    "fold_scores": [
      0.12926034684713997,
      0.11074899801660783,
      0.1287967934103111,
      0.11187721756760786,
      0.1250239046631707
    ],
    "mean": 0.1211414521009675,
    "std": 0.008166067398011666
  },
  "phase": {
    "task": "phase",
    "metric": "macro_F1",
    "n_samples": 277978,
    "fold_scores": [
      0.18540975762675513,
      0.1893837211657249,
      0.1827708890106181,
      0.19073395447614028,
      0.1925123527175979
    ],
    "mean": 0.18816213499936726,
    "std": 0.003568530142549569
  },
  "reps": {
    "task": "reps",
    "metric": "MAE",
    "n_samples": 156,
    "fold_scores": [
      3.0083333333333337,
      2.008333333333333,
      1.7611111111111108,
      0.922979797979798,
      1.3371212121212117
    ],
    "mean": 1.8075757575757574,
    "std": 0.7054245267080943
  }
}