{
  "exercise": {
    "f1_macro": 0.5588765689694966,
    "balanced_accuracy": 0.5671283259243516,
    "n": 218
  },
  "phase": {
    "f1_macro": 0.19846084709583192,
    "balanced_accuracy": 0.31602416570771,
    "n": 187
  },
  "fatigue": {
    "mae": 1.1518241112385321,
    "pearson_r": -0.29867655071800836,
    "n": 218
  },
  "reps": {
    "mae": 0.4219025875563207,
    "n": 184
  },
  "val_total": 0.840362162765013,
  "val_total_per_task": {
    "exercise": 1.2161660642798888,
    "phase": 0.31769177126228265,
    "fatigue": 1.1518241123321953,
    "reps": 0.1353497717768774
  }
}