{
  "lr": 0.0031909634860644246,
  "weight_decay": 2.806517588000793e-05,
  "batch_size": 128,
  "dropout": 0.42872720536963815,
  "repr_dim": 64,
  "_patience": 50
}