{
  "lr": 0.00014391036123013288,
  "weight_decay": 2.575361027088515e-05,
  "batch_size": 64,
  "dropout": 0.45215706461547794,
  "repr_dim": 64,
  "_patience": 50
}