{
  "exercise": {
    "f1_macro": 0.4408107356417744,
    "balanced_accuracy": 0.5137226780169843,
    "n": 266
  },
  "phase": {
    "f1_macro": 0.3220125786163522,
    "balanced_accuracy": 0.3425324675324675,
    "n": 194
  },
  "fatigue": {
    "mae": 1.521513745300752,
    "pearson_r": 0.019530277798687087,
    "n": 266
  },
  "reps": {
    "mae": 0.3999630614385876,
    "n": 189
  },
  "val_total": 1.5504136981820702,
  "val_total_per_task": {
    "exercise": 1.4977926383341165,
    "phase": 0.4229463311962615,
    "fatigue": 1.5215137470933728,
    "reps": 0.1290403093610491
  }
}