{
  "arch": "cnn_lstm_raw",
  "summary": {
    "val_total": {
      "mean": 0.8036589893947026,
      "std": 0.12417820713061646,
      "n": 5
    },
    "exercise": {
      "f1_macro": {
        "mean": 0.13148089429463589,
        "std": 0.017240570538751318,
        "n": 5
      },
      "balanced_accuracy": {
        "mean": 0.23225673136387423,
        "std": 0.031399156049425024,
        "n": 5
      }
    },
    "phase": {
      "f1_macro": {
        "mean": 0.29919456027742997,
        "std": 0.055119146258537886,
        "n": 5
      },
      "balanced_accuracy": {
        "mean": 0.3454349323635455,
        "std": 0.019240041779917637,
        "n": 5
      }
    },
    "fatigue": {
      "mae": {
        "mean": 1.1635606461352195,
        "std": 0.1623930204693243,
        "n": 5
      },
      "pearson_r": {
        "mean": -0.06571381338399866,
        "std": 0.1111859786316979,
        "n": 5
      }
    },
    "reps": {
      "mae": {
        "mean": 0.4379574712588517,
        "std": 0.09226132686286723,
        "n": 5
      }
    }
  },
  "enabled_tasks": [
    "exercise",
    "phase",
    "fatigue",
    "reps"
  ],
  "all_results": [
    {
      "seed": 42,
      "fold": 0,
      "test_subjects": [
        "Tias",
        "sivert"
      ],
      "metrics": {
        "exercise": {
          "f1_macro": 0.10990712074303406,
          "balanced_accuracy": 0.25,
          "n": 252
        },
        "phase": {
          "f1_macro": 0.2855512765653972,
          "balanced_accuracy": 0.3142373142373142,
          "n": 217
        },
        "fatigue": {
          "mae": 1.0849764384920635,
          "pearson_r": 0.09809280414363596,
          "n": 252
        },
        "reps": {
          "mae": 0.5942980126590929,
          "n": 214
        },
        "val_total": 0.9665195913541884,
        "val_total_per_task": {
          "exercise": 1.4003421919686454,
          "phase": 0.32374228229598395,
          "fatigue": 1.0849764157855322,
          "reps": 0.2462671162590148
        }
      }
    },
    {
      "seed": 42,
      "fold": 1,
      "test_subjects": [
        "Raghild",
        "michael"
      ],
      "metrics": {
        "exercise": {
          "f1_macro": 0.12322946175637393,
          "balanced_accuracy": 0.25,
          "n": 266
        },
        "phase": {
          "f1_macro": 0.3398873527905786,
          "balanced_accuracy": 0.35984848484848486,
          "n": 194
        },
        "fatigue": {
          "mae": 1.4038710056390977,
          "pearson_r": -0.007020762808662407,
          "n": 266
        },
        "reps": {
          "mae": 0.3538597372296468,
          "n": 189
        },
        "val_total": 0.8074440149436319,
        "val_total_per_task": {
          "exercise": 1.3832622318339527,
          "phase": 0.298618267353316,
          "fatigue": 1.4038710038464768,
          "reps": 0.09854511748579212
        }
      }
    },
    {
      "seed": 42,
      "fold": 2,
      "test_subjects": [
        "Juile",
        "lucas 2"
      ],
      "metrics": {
        "exercise": {
          "f1_macro": 0.12142857142857144,
          "balanced_accuracy": 0.16980638409209836,
          "n": 304
        },
        "phase": {
          "f1_macro": 0.32288883491215287,
          "balanced_accuracy": 0.35259028723335284,
          "n": 229
        },
        "fatigue": {
          "mae": 1.2625411184210527,
          "pearson_r": -0.08747807376526803,
          "n": 304
        },
        "reps": {
          "mae": 0.378145286608738,
          "n": 223
        },
        "val_total": 0.8553622992415177,
        "val_total_per_task": {
          "exercise": 1.3825924459256624,
          "phase": 0.3378338154993559,
          "fatigue": 1.2625411246952258,
          "reps": 0.12743953968349256
        }
      }
    },
    {
      "seed": 42,
      "fold": 3,
      "test_subjects": [
        "Hytten",
        "lucas"
      ],
      "metrics": {
        "exercise": {
          "f1_macro": 0.1461038961038961,
          "balanced_accuracy": 0.25,
          "n": 218
        },
        "phase": {
          "f1_macro": 0.1979949874686717,
          "balanced_accuracy": 0.3333333333333333,
          "n": 187
        },
        "fatigue": {
          "mae": 1.1430977637614679,
          "pearson_r": -0.23994995469690195,
          "n": 218
        },
        "reps": {
          "mae": 0.4925336510590885,
          "n": 184
        },
        "val_total": 0.8041473495850869,
        "val_total_per_task": {
          "exercise": 1.3383117301748433,
          "phase": 0.3124165061963807,
          "fatigue": 1.1430977615741416,
          "reps": 0.17085591095303176
        }
      }
    },
    {
      "seed": 42,
      "fold": 4,
      "test_subjects": [
        "kiyomi"
      ],
      "metrics": {
        "exercise": {
          "f1_macro": 0.1567354214413038,
          "balanced_accuracy": 0.24147727272727273,
          "n": 149
        },
        "phase": {
          "f1_macro": 0.34965034965034963,
          "balanced_accuracy": 0.3671652421652422,
          "n": 149
        },
        "fatigue": {
          "mae": 0.9233169043624161,
          "pearson_r": -0.09221307979279694,
          "n": 149
        },
        "reps": {
          "mae": 0.37095066873769234,
          "n": 149
        },
        "val_total": 0.5848216918490877,
        "val_total_per_task": {
          "exercise": 1.4073379791823009,
          "phase": 0.281513742852531,
          "fatigue": 0.9233169067626031,
          "reps": 0.11430369947580683
        }
      }
    }
  ]
}