{
  "arch": "cnn1d_raw",
  "summary": {
    "val_total": {
      "mean": 1.611590551732477,
      "std": 0.7186089182523914,
      "n": 15
    },
    "exercise": {
      "f1_macro": {
        "mean": 0.4943827928373398,
        "std": 0.20302394754210906,
        "n": 15
      },
      "balanced_accuracy": {
        "mean": 0.516106082590281,
        "std": 0.1973998619736607,
        "n": 15
      }
    },
    "phase": {
      "f1_macro": {
        "mean": 0.3324603906812762,
        "std": 0.04632820076084323,
        "n": 15
      },
      "balanced_accuracy": {
        "mean": 0.3636428418022291,
        "std": 0.036931827096536606,
        "n": 15
      }
    },
    "fatigue": {
      "mae": {
        "mean": 1.2667443386331583,
        "std": 0.16895419383878033,
        "n": 15
      },
      "pearson_r": {
        "mean": 0.09123043555112327,
        "std": 0.27784336085234457,
        "n": 15
      }
    },
    "reps": {
      "mae": {
        "mean": 0.43915974478175585,
        "std": 0.0367307946851361,
        "n": 15
      }
    }
  },
  "enabled_tasks": [
    "exercise",
    "phase",
    "fatigue",
    "reps"
  ],
  "all_results": [
    {
      "seed": 42,
      "fold": 0,
      "test_subjects": [
        "Tias",
        "sivert"
      ],
      "metrics": {
        "exercise": {
          "f1_macro": 0.8429397815615448,
          "balanced_accuracy": 0.8349787026326771,
          "n": 252
        },
        "phase": {
          "f1_macro": 0.3819408661513924,
          "balanced_accuracy": 0.39735889735889734,
          "n": 217
        },
        "fatigue": {
          "mae": 1.366148933531746,
          "pearson_r": 0.10219687628164156,
          "n": 252
        },
        "reps": {
          "mae": 0.4935477284418645,
          "n": 214
        },
        "val_total": 0.3834776282310486,
        "val_total_per_task": {
          "exercise": 0.36641424894332886,
          "phase": 0.2794211506843567,
          "fatigue": 1.3661490678787231,
          "reps": 0.16607850790023804
        }
      }
    },
    {
      "seed": 42,
      "fold": 1,
      "test_subjects": [
        "Raghild",
        "michael"
      ],
      "metrics": {
        "exercise": {
          "f1_macro": 0.41711319975610317,
          "balanced_accuracy": 0.4723618736249049,
          "n": 266
        },
        "phase": {
          "f1_macro": 0.30262934690415605,
          "balanced_accuracy": 0.3522727272727273,
          "n": 194
        },
        "fatigue": {
          "mae": 1.5057565789473684,
          "pearson_r": 0.05482286054256636,
          "n": 266
        },
        "reps": {
          "mae": 0.42645804255846,
          "n": 189
        },
        "val_total": 2.3815854079741285,
        "val_total_per_task": {
          "exercise": 1.4715119573406708,
          "phase": 0.4266480306037387,
          "fatigue": 1.5057565807399893,
          "reps": 0.14046379318810942
        }
      }
    },
    {
      "seed": 42,
      "fold": 2,
      "test_subjects": [
        "Juile",
        "lucas 2"
      ],
      "metrics": {
        "exercise": {
          "f1_macro": 0.37980410483014193,
          "balanced_accuracy": 0.37275763670852957,
          "n": 304
        },
        "phase": {
          "f1_macro": 0.2866092123750459,
          "balanced_accuracy": 0.3651364844712443,
          "n": 229
        },
        "fatigue": {
          "mae": 1.068577816611842,
          "pearson_r": 0.2764983194929682,
          "n": 304
        },
        "reps": {
          "mae": 0.39657040697526635,
          "n": 223
        },
        "val_total": 2.1411830249585604,
        "val_total_per_task": {
          "exercise": 1.5007001036091854,
          "phase": 0.3082059213989659,
          "fatigue": 1.0685778291601884,
          "reps": 0.12550639831706098
        }
      }
    },
    {
      "seed": 42,
      "fold": 3,
      "test_subjects": [
        "Hytten",
        "lucas"
      ],
      "metrics": {
        "exercise": {
          "f1_macro": 0.3117804714967851,
          "balanced_accuracy": 0.30366759352732464,
          "n": 218
        },
        "phase": {
          "f1_macro": 0.2810280253131861,
          "balanced_accuracy": 0.3670886075949367,
          "n": 187
        },
        "fatigue": {
          "mae": 1.289779243119266,
          "pearson_r": -0.39279201334852365,
          "n": 218
        },
        "reps": {
          "mae": 0.42391286952340085,
          "n": 184
        },
        "val_total": 2.3014638423919678,
        "val_total_per_task": {
          "exercise": 1.2065589427947998,
          "phase": 0.33128756284713745,
          "fatigue": 1.2897791862487793,
          "reps": 0.14708374440670013
        }
      }
    },
    {
      "seed": 42,
      "fold": 4,
      "test_subjects": [
        "kiyomi"
      ],
      "metrics": {
        "exercise": {
          "f1_macro": 0.2737480640165204,
          "balanced_accuracy": 0.28860294117647056,
          "n": 149
        },
        "phase": {
          "f1_macro": 0.26264877004969317,
          "balanced_accuracy": 0.31146723646723645,
          "n": 149
        },
        "fatigue": {
          "mae": 1.2512977139261745,
          "pearson_r": 0.15552607616827338,
          "n": 149
        },
        "reps": {
          "mae": 0.47774866312092185,
          "n": 149
        },
        "val_total": 2.2137134075164795,
        "val_total_per_task": {
          "exercise": 1.5005390644073486,
          "phase": 0.31071245670318604,
          "fatigue": 1.2512977123260498,
          "reps": 0.16950753331184387
        }
      }
    },
    {
      "seed": 1337,
      "fold": 0,
      "test_subjects": [
        "Tias",
        "sivert"
      ],
      "metrics": {
        "exercise": {
          "f1_macro": 0.873489414473021,
          "balanced_accuracy": 0.8713063895467504,
          "n": 252
        },
        "phase": {
          "f1_macro": 0.4185370185370185,
          "balanced_accuracy": 0.4057904057904058,
          "n": 217
        },
        "fatigue": {
          "mae": 1.4681454613095237,
          "pearson_r": -0.07700821656613338,
          "n": 252
        },
        "reps": {
          "mae": 0.4289450163944302,
          "n": 214
        },
        "val_total": 0.11530047655105591,
        "val_total_per_task": {
          "exercise": 0.2755994498729706,
          "phase": 0.28804588317871094,
          "fatigue": 1.468145489692688,
          "reps": 0.13694320619106293
        }
      }
    },
    {
      "seed": 1337,
      "fold": 1,
      "test_subjects": [
        "Raghild",
        "michael"
      ],
      "metrics": {
        "exercise": {
          "f1_macro": 0.42222673160173163,
          "balanced_accuracy": 0.5087055086052681,
          "n": 266
        },
        "phase": {
          "f1_macro": 0.3451382416899658,
          "balanced_accuracy": 0.3694534632034632,
          "n": 194
        },
        "fatigue": {
          "mae": 1.4822603383458646,
          "pearson_r": 0.10009924396460856,
          "n": 266
        },
        "reps": {
          "mae": 0.41379157870653127,
          "n": 189
        },
        "val_total": 1.920425078026334,
        "val_total_per_task": {
          "exercise": 1.537193929342399,
          "phase": 0.4390717233930315,
          "fatigue": 1.4822603392421752,
          "reps": 0.13562946749809093
        }
      }
    },
    {
      "seed": 1337,
      "fold": 2,
      "test_subjects": [
        "Juile",
        "lucas 2"
      ],
      "metrics": {
        "exercise": {
          "f1_macro": 0.3664341699635817,
          "balanced_accuracy": 0.37223230638409205,
          "n": 304
        },
        "phase": {
          "f1_macro": 0.2893019590988861,
          "balanced_accuracy": 0.30785190948583285,
          "n": 229
        },
        "fatigue": {
          "mae": 1.0862587376644737,
          "pearson_r": 0.48071509489252034,
          "n": 304
        },