{
  "arch": "cnn_lstm_raw",
  "summary": {
    "val_total": {
      "mean": 1.1460802806051154,
      "std": 0.12430939977597327,
      "n": 5
    },
    "exercise": {
      "f1_macro": {
        "mean": 0.30790478993883164,
        "std": 0.08921528181042535,
        "n": 5
      },
      "balanced_accuracy": {
        "mean": 0.3906330455853897,
        "std": 0.07895765625761753,
        "n": 5
      }
    },
    "phase": {
      "f1_macro": {
        "mean": 0.2355398526393599,
        "std": 0.027173799219204244,
        "n": 5
      },
      "balanced_accuracy": {
        "mean": 0.3205915744048655,
        "std": 0.014997830963447914,
        "n": 5
      }
    },
    "fatigue": {
      "mae": {
        "mean": 1.1421098332954638,
        "std": 0.16351333265559795,
        "n": 5
      },
      "pearson_r": {
        "mean": 0.20444423020241614,
        "std": 0.27295321485424795,
        "n": 5
      }
    },
    "reps": {
      "mae": {
        "mean": 0.50399662649323,
        "std": 0.07155736419403774,
        "n": 5
      }
    }
  },
  "enabled_tasks": [
    "exercise",
    "phase",
    "fatigue",
    "reps"
  ],
  "all_results": [
    {
      "seed": 42,
      "fold": 0,
      "test_subjects": [
        "Tias",
        "sivert"
      ],
      "metrics": {
        "exercise": {
          "f1_macro": 0.38270759480073047,
          "balanced_accuracy": 0.45923770233340344,
          "n": 252
        },
        "phase": {
          "f1_macro": 0.27929708147316895,
          "balanced_accuracy": 0.3008393008393008,
          "n": 217
        },
        "fatigue": {
          "mae": 1.0785590277777777,
          "pearson_r": 0.3254835806217199,
          "n": 252
        },
        "reps": {
          "mae": 0.632866278743354,
          "n": 214
        },
        "val_total": 1.147227168083191,
        "val_total_per_task": {
          "exercise": 1.1076592206954956,
          "phase": 0.32180994749069214,
          "fatigue": 1.0785590410232544,
          "reps": 0.2702369689941406
        }
      }
    },
    {
      "seed": 42,
      "fold": 1,
      "test_subjects": [
        "Raghild",
        "michael"
      ],
      "metrics": {
        "exercise": {
          "f1_macro": 0.2707875860049773,
          "balanced_accuracy": 0.35832665062817426,
          "n": 266
        },
        "phase": {
          "f1_macro": 0.217908865273862,
          "balanced_accuracy": 0.3333784271284271,
          "n": 194
        },
        "fatigue": {
          "mae": 1.3949424342105263,
          "pearson_r": 0.38070444838205975,
          "n": 266
        },
        "reps": {
          "mae": 0.48044776328144567,
          "n": 189
        },
        "val_total": 1.3109192597238641,
        "val_total_per_task": {
          "exercise": 1.2429350659363252,
          "phase": 0.3723188307052268,
          "fatigue": 1.3949424342105263,
          "reps": 0.1578454325969954
        }
      }
    },
    {
      "seed": 42,
      "fold": 2,
      "test_subjects": [
        "Juile",
        "lucas 2"
      ],
      "metrics": {
        "exercise": {
          "f1_macro": 0.3662508927660443,
          "balanced_accuracy": 0.4327822475143904,
          "n": 304
        },
        "phase": {
          "f1_macro": 0.1983640081799591,
          "balanced_accuracy": 0.3333333333333333,
          "n": 229
        },
        "fatigue": {
          "mae": 1.2193796258223684,
          "pearson_r": 0.20901930673191607,
          "n": 304
        },
        "reps": {
          "mae": 0.4144571910198828,
          "n": 223
        },
        "val_total": 1.1589056567141884,
        "val_total_per_task": {
          "exercise": 1.0829933599421853,
          "phase": 0.3525881798643815,
          "fatigue": 1.2193796258223684,
          "reps": 0.1360835887883839
        }
      }
    },
    {
      "seed": 42,
      "fold": 3,
      "test_subjects": [
        "Hytten",
        "lucas"
      ],
      "metrics": {
        "exercise": {
          "f1_macro": 0.1485148514851485,
          "balanced_accuracy": 0.25,
          "n": 218
        },
        "phase": {
          "f1_macro": 0.24448808479226733,
          "balanced_accuracy": 0.3317031070195627,
          "n": 187
        },
        "fatigue": {
          "mae": 1.118889764908257,
          "pearson_r": -0.3214691026762807,
          "n": 218
        },
        "reps": {
          "mae": 0.5083229370091272,
          "n": 184
        },
        "val_total": 1.1869430541992188,
        "val_total_per_task": {
          "exercise": 1.2783830165863037,
          "phase": 0.3276059329509735,
          "fatigue": 1.1188896894454956,
          "reps": 0.18486811220645905
        }
      }
    },
    {
      "seed": 42,
      "fold": 4,
      "test_subjects": [
        "kiyomi"
      ],
      "metrics": {
        "exercise": {
          "f1_macro": 0.37126302463725774,
          "balanced_accuracy": 0.4528186274509804,
          "n": 149
        },
        "phase": {
          "f1_macro": 0.23764122347754202,
          "balanced_accuracy": 0.30370370370370375,
          "n": 149
        },
        "fatigue": {
          "mae": 0.8987783137583892,
          "pearson_r": 0.4284829179526657,
          "n": 149
        },
        "reps": {
          "mae": 0.48388896241234053,
          "n": 149
        },
        "val_total": 0.9264062643051147,
        "val_total_per_task": {
          "exercise": 1.0140235424041748,
          "phase": 0.31361138820648193,
          "fatigue": 0.8987783193588257,
          "reps": 0.17690998315811157
        }
      }
    }
  ]
}