{
  "exercise": {
    "f1_macro": 0.48315029145898447,
    "balanced_accuracy": 0.4973399984650715,
    "n": 218
  },
  "phase": {
    "f1_macro": 0.37700935428208154,
    "balanced_accuracy": 0.4150172612197929,
    "n": 187
  },
  "fatigue": {
    "mae": 1.2245735378440368,
    "pearson_r": -0.27574765405274954,
    "n": 218
  },
  "reps": {
    "mae": 0.4374558339300363,
    "n": 184
  },
  "val_total": 1.6827398538589478,
  "val_total_per_task": {
    "exercise": 1.198612928390503,
    "phase": 0.30098459124565125,
    "fatigue": 1.2245734930038452,
    "reps": 0.14559754729270935
  }
}