{
  "exercise": {
    "f1_macro": 0.3246246774571898,
    "balanced_accuracy": 0.37777586996337,
    "n": 304
  },
  "phase": {
    "f1_macro": 0.28525029078060876,
    "balanced_accuracy": 0.3080788432860014,
    "n": 229
  },
  "fatigue": {
    "mae": 1.0863743832236843,
    "pearson_r": 0.24789760773472702,
    "n": 304
  },
  "reps": {
    "mae": 0.4084659320565417,
    "n": 223
  },
  "val_total": 1.3484835624694824,
  "val_total_per_task": {
    "exercise": 1.2181082963943481,
    "phase": 0.35295408964157104,
    "fatigue": 1.0863744020462036,
    "reps": 0.13646358251571655
  }
}