{
  "exercise": {
    "f1_macro": 0.3497536945812808,
    "balanced_accuracy": 0.42647058823529416,
    "n": 149
  },
  "phase": {
    "f1_macro": 0.243538024802032,
    "balanced_accuracy": 0.29102564102564105,
    "n": 149
  },
  "fatigue": {
    "mae": 0.8770973154362416,
    "pearson_r": 0.34926616904309443,
    "n": 149
  },
  "reps": {
    "mae": 0.5021823447497699,
    "n": 149
  },
  "val_total": 1.163739562034607,
  "val_total_per_task": {
    "exercise": 1.068793535232544,
    "phase": 0.3106629550457001,
    "fatigue": 0.8770973086357117,
    "reps": 0.18966302275657654
  }
}