{
  "exercise": {
    "f1_macro": 0.42222673160173163,
    "balanced_accuracy": 0.5087055086052681,
    "n": 266
  },
  "phase": {
    "f1_macro": 0.3451382416899658,
    "balanced_accuracy": 0.3694534632034632,
    "n": 194
  },
  "fatigue": {
    "mae": 1.4822603383458646,
    "pearson_r": 0.10009924396460856,
    "n": 266
  },
  "reps": {
    "mae": 0.41379157870653127,
    "n": 189
  },
  "val_total": 1.920425078026334,
  "val_total_per_task": {
    "exercise": 1.537193929342399,
    "phase": 0.4390717233930315,
    "fatigue": 1.4822603392421752,
    "reps": 0.13562946749809093
  }
}