{
  "exercise": {
    "f1_macro": 0.42430555555555555,
    "balanced_accuracy": 0.4896495178171201,
    "n": 266
  },
  "phase": {
    "f1_macro": 0.2206896551724138,
    "balanced_accuracy": 0.3333333333333333,
    "n": 194
  },
  "fatigue": {
    "mae": 1.2280457001879699,
    "pearson_r": 0.2573063662910763,
    "n": 266
  },
  "reps": {
    "mae": 0.420772960370101,
    "n": 189
  },
  "val_total": 1.3868739228499563,
  "val_total_per_task": {
    "exercise": 1.2048762032860203,
    "phase": 0.39517937567001,
    "fatigue": 1.2280457037732118,
    "reps": 0.1435956739841547
  }
}