{
  "exercise": {
    "f1_macro": 0.832052784491809,
    "balanced_accuracy": 0.829944476431414,
    "n": 252
  },
  "phase": {
    "f1_macro": 0.44416501653155954,
    "balanced_accuracy": 0.4417494417494418,
    "n": 217
  },
  "fatigue": {
    "mae": 1.2581690228174602,
    "pearson_r": 0.1474680480383751,
    "n": 252
  },
  "reps": {
    "mae": 0.46671983658849636,
    "n": 214
  },
  "val_total": 0.2763391198619964,
  "val_total_per_task": {
    "exercise": 0.39956170982784694,
    "phase": 0.31877119933801984,
    "fatigue": 1.2581690284940932,
    "reps": 0.1572127654438927
  }
}