{
  "exercise": {
    "f1_macro": 0.7792085682957393,
    "balanced_accuracy": 0.7856909858533601,
    "n": 252
  },
  "phase": {
    "f1_macro": 0.40299837374243297,
    "balanced_accuracy": 0.41622391622391625,
    "n": 217
  },
  "fatigue": {
    "mae": 1.1641710069444444,
    "pearson_r": 0.16845443799324875,
    "n": 252
  },
  "reps": {
    "mae": 0.4723681365009223,
    "n": 214
  },
  "val_total": 0.6303167343139648,
  "val_total_per_task": {
    "exercise": 0.5167299509048462,
    "phase": 0.2758931517601013,
    "fatigue": 1.1641710996627808,
    "reps": 0.15491439402103424
  }
}