{
  "exercise": {
    "f1_macro": 0.11069651741293532,
    "balanced_accuracy": 0.25,
    "n": 626
  },
  "phase": {
    "f1_macro": 0.1978891820580475,
    "balanced_accuracy": 0.3333333333333333,
    "n": 533
  },
  "fatigue": {
    "mae": 1.0636668829872205,
    "pearson_r": 0.2085398798890108,
    "n": 626
  },
  "reps": {
    "mae": 0.2620032142239172,
    "n": 531
  },
  "val_total": 1.3354793611806803,
  "val_total_per_task": {
    "exercise": 1.401786818671912,
    "phase": 0.2586124204218197,
    "fatigue": 1.063666885653243,
    "reps": 0.048557466752946185
  }
}