{
  "exercise": {
    "f1_macro": 0.3366132360377359,
    "balanced_accuracy": 0.3756027293255836,
    "n": 626
  },
  "phase": {
    "f1_macro": 0.29266855256954266,
    "balanced_accuracy": 0.32187134502923975,
    "n": 533
  },
  "fatigue": {
    "mae": 1.070456020367412,
    "pearson_r": 0.36420524505410173,
    "n": 626
  },
  "reps": {
    "mae": 0.2694722787712099,
    "n": 531
  },
  "val_total": 0.5131674485084728,
  "val_total_per_task": {
    "exercise": 1.1976914028771006,
    "phase": 0.2571209413936725,
    "fatigue": 1.0704560218908536,
    "reps": 0.05041081190537721
  }
}