{
  "exercise": {
    "f1_macro": 0.3701586183600572,
    "balanced_accuracy": 0.45776045357902195,
    "n": 374
  },
  "phase": {
    "f1_macro": 0.2535885167464115,
    "balanced_accuracy": 0.33320178900289393,
    "n": 374
  },
  "fatigue": {
    "mae": 0.9270554812834224,
    "pearson_r": 0.16512128609979473,
    "n": 374
  },
  "reps": {
    "mae": 0.21976956662617345,
    "n": 374
  },
  "val_total": 0.5025992393493652,
  "val_total_per_task": {
    "exercise": 1.0288077592849731,
    "phase": 0.33217599987983704,
    "fatigue": 0.9270554780960083,
    "reps": 0.03671876713633537
  }
}