{
  "exercise": {
    "f1_macro": 0.31827195453361073,
    "balanced_accuracy": 0.32513202611920283,
    "n": 69958
  },
  "phase": {
    "f1_macro": 0.2590586009059486,
    "balanced_accuracy": 0.32857092464790943,
    "n": 40865
  },
  "fatigue": {
    "mae": 0.9915782588741281,
    "pearson_r": -0.23299151135577964,
    "n": 69958
  },
  "reps": {
    "mae": 2.298390805702539,
    "n": 69958
  }
}