{
  "exercise": {
    "f1_macro": 0.37778669595104386,
    "balanced_accuracy": 0.365327380952381,
    "n": 304
  },
  "phase": {
    "f1_macro": 0.32181069958847736,
    "balanced_accuracy": 0.35751799260844197,
    "n": 229
  },
  "fatigue": {
    "mae": 1.186549136513158,
    "pearson_r": 0.2535075439037362,
    "n": 304
  },
  "reps": {
    "mae": 0.37839988557697013,
    "n": 223
  },
  "val_total": 1.3780259019450138,
  "val_total_per_task": {
    "exercise": 1.3778531488619352,
    "phase": 0.3229533214318125,
    "fatigue": 1.186549136513158,
    "reps": 0.10680348935880159
  }
}