{
  "exercise": {
    "f1_macro": 0.33978099317662913,
    "balanced_accuracy": 0.3557224793575605,
    "n": 1509
  },
  "phase": {
    "f1_macro": 0.3214417120767547,
    "balanced_accuracy": 0.3421776968225056,
    "n": 1113
  },
  "fatigue": {
    "mae": 0.9778464628893306,
    "pearson_r": 0.36562601528695143,
    "n": 1509
  },
  "reps": {
    "mae": 0.08783802918394877,
    "n": 1107
  },
  "val_total": 0.39351322624839796,
  "val_total_per_task": {
    "exercise": 1.2626105509821828,
    "phase": 0.5130912066098473,
    "fatigue": 0.9778464643903092,
    "reps": 0.007490711835335824
  }
}