{
  "exercise": {
    "f1_macro": 0.46117251257657305,
    "balanced_accuracy": 0.5111123508938344,
    "n": 252
  },
  "phase": {
    "f1_macro": 0.2883988785329999,
    "balanced_accuracy": 0.308000308000308,
    "n": 217
  },
  "fatigue": {
    "mae": 1.0929904513888888,
    "pearson_r": 0.24660961781713078,
    "n": 252
  },
  "reps": {
    "mae": 0.6502754908646936,
    "n": 214
  },
  "val_total": 1.1092150078879461,
  "val_total_per_task": {
    "exercise": 1.075466551477947,
    "phase": 0.31690769205017694,
    "fatigue": 1.0929904400356232,
    "reps": 0.29016159995207713
  }
}