{
  "exercise": {
    "f1_macro": 0.4502228500025857,
    "balanced_accuracy": 0.5319587522875414,
    "n": 266
  },
  "phase": {
    "f1_macro": 0.3335335816412351,
    "balanced_accuracy": 0.35376082251082247,
    "n": 194
  },
  "fatigue": {
    "mae": 1.7490968632518797,
    "pearson_r": 0.4898244630703069,
    "n": 266
  },
  "reps": {
    "mae": 0.5501839519631138,
    "n": 189
  },
  "val_total": 1.5801122565018504,
  "val_total_per_task": {
    "exercise": 1.2923863955906458,
    "phase": 0.39738629993639496,
    "fatigue": 1.7490968650445007,
    "reps": 0.20803610722821458
  }
}