{
  "exercise": {
    "f1_macro": 0.28499168547869946,
    "balanced_accuracy": 0.33083811459080403,
    "n": 1256
  },
  "phase": {
    "f1_macro": 0.30386249073047206,
    "balanced_accuracy": 0.33692445718687986,
    "n": 1069
  },
  "fatigue": {
    "mae": 1.0862080762340764,
    "pearson_r": 0.26956985514744014,
    "n": 1256
  },
  "reps": {
    "mae": 0.1433461201193916,
    "n": 1067
  },
  "val_total": 0.6241125468235866,
  "val_total_per_task": {
    "exercise": 1.1303122909205734,
    "phase": 0.4277601247760141,
    "fatigue": 1.0862080762340764,
    "reps": 0.014668650171796607
  }
}