{
  "exercise": {
    "f1_macro": 0.3581168682454856,
    "balanced_accuracy": 0.42988020701182655,
    "n": 626
  },
  "phase": {
    "f1_macro": 0.28155490767735664,
    "balanced_accuracy": 0.30955165692007797,
    "n": 533
  },
  "fatigue": {
    "mae": 1.0932320786741214,
    "pearson_r": 0.3147052774071049,
    "n": 626
  },
  "reps": {
    "mae": 0.27356398991430125,
    "n": 531
  },
  "val_total": 0.3775277729994192,
  "val_total_per_task": {
    "exercise": 1.1298062675677167,
    "phase": 0.2848238670787872,
    "fatigue": 1.0932320765793895,
    "reps": 0.05305029314975388
  }
}