{
  "exercise": {
    "f1_macro": 0.2657002015126949,
    "balanced_accuracy": 0.27958944647760925,
    "n": 182309
  },
  "phase": {
    "f1_macro": 0.29095109042288914,
    "balanced_accuracy": 0.3006842411102875,
    "n": 58337
  },
  "fatigue": {
    "mae": 1.3203933682984776,
    "pearson_r": 0.1462997496304203,
    "n": 182309
  },
  "reps": {
    "mae": 4.582354479685484,
    "n": 182309
  }
}