{
  "exercise": {
    "f1_macro": 0.4380093933453948,
    "balanced_accuracy": 0.5172593712088499,
    "n": 266
  },
  "phase": {
    "f1_macro": 0.33062089173992243,
    "balanced_accuracy": 0.354527417027417,
    "n": 194
  },
  "fatigue": {
    "mae": 1.5408394031954886,
    "pearson_r": 0.2579203543524913,
    "n": 266
  },
  "reps": {
    "mae": 0.4088865478656122,
    "n": 189
  },
  "val_total": 1.5427187690161224,
  "val_total_per_task": {
    "exercise": 1.3293906799832682,
    "phase": 0.4123747061966057,
    "fatigue": 1.5408394022991783,
    "reps": 0.12951667326733582
  }
}