{
  "best_score": -0.0500782878485224,
  "best_hps": {
    "lr": 0.002469645860806916,
    "weight_decay": 0.0009555267918374677,
    "batch_size": 128,
    "dropout": 0.32470612581272046,
    "repr_dim": 16,
    "lstm_hidden": 32,
    "lstm_layers": 1
  },
  "phase1_elapsed_s": 10780.529664993286
}