{
  "exercise": {
    "f1_macro": 0.4177764431741102,
    "balanced_accuracy": 0.4646252077765181,
    "n": 1361
  },
  "phase": {
    "f1_macro": 0.3235283102778363,
    "balanced_accuracy": 0.3512881569674715,
    "n": 969
  },
  "fatigue": {
    "mae": 1.163020641991183,
    "pearson_r": 0.3912003777279032,
    "n": 1361
  },
  "reps": {
    "mae": 0.09540191954929242,
    "n": 964
  },
  "val_total": -0.21284785540466533,
  "val_total_per_task": {
    "exercise": 1.2617918177617988,
    "phase": 0.6936681030604175,
    "fatigue": 1.1630206429546672,
    "reps": 0.007839690009782106
  }
}