{
  "arch": "lstm_raw",
  "summary": {
    "val_total": {
      "mean": 0.23140022906419572,
      "std": 0.3640619087239084,
      "n": 5
    },
    "exercise": {
      "f1_macro": {
        "mean": 0.33600766842352636,
        "std": 0.07913096887251131,
        "n": 5
      },
      "balanced_accuracy": {
        "mean": 0.3767352356204555,
        "std": 0.09532086548024529,
        "n": 5
      }
    },
    "phase": {
      "f1_macro": {
        "mean": 0.33101926689063493,
        "std": 0.01166686267824578,
        "n": 5
      },
      "balanced_accuracy": {
        "mean": 0.33693233042176646,
        "std": 0.012725928696663285,
        "n": 5
      }
    },
    "fatigue": {
      "mae": {
        "mean": 1.019522649670321,
        "std": 0.14241896936157641,
        "n": 5
      },
      "pearson_r": {
        "mean": 0.2545635669469585,
        "std": 0.252901381639932,
        "n": 5
      }
    },
    "reps": {
      "mae": {
        "mean": 0.10856874855446404,
        "std": 0.013919634920939512,
        "n": 5
      }
    }
  },
  "enabled_tasks": [
    "exercise",
    "phase",
    "fatigue",
    "reps"
  ],
  "all_results": [
    {
      "seed": 42,
      "fold": 0,
      "test_subjects": [
        "Tias",
        "sivert"
      ],
      "metrics": {
        "exercise": {
          "f1_macro": 0.3579352638157619,
          "balanced_accuracy": 0.4224760367929146,
          "n": 1256
        },
        "phase": {
          "f1_macro": 0.31137371916669876,
          "balanced_accuracy": 0.317102574979643,
          "n": 1069
        },
        "fatigue": {
          "mae": 1.048468911723726,
          "pearson_r": 0.39832766162409106,
          "n": 1256
        },
        "reps": {
          "mae": 0.1254638981989706,
          "n": 1067
        },
        "val_total": -0.2104787006499661,
        "val_total_per_task": {
          "exercise": 1.291024562659537,
          "phase": 0.42720662427555983,
          "fatigue": 1.0484689122931972,
          "reps": 0.011912296478678086
        }
      }
    },
    {
      "seed": 42,
      "fold": 1,
      "test_subjects": [
        "Raghild",
        "michael"
      ],
      "metrics": {
        "exercise": {
          "f1_macro": 0.40638216783711967,
          "balanced_accuracy": 0.47768277448425034,
          "n": 1361
        },
        "phase": {
          "f1_macro": 0.3375093370473206,
          "balanced_accuracy": 0.3497333184970884,
          "n": 969
        },
        "fatigue": {
          "mae": 1.1693521537472447,
          "pearson_r": 0.36555969325151194,
          "n": 1361
        },
        "reps": {
          "mae": 0.09907277259797909,
          "n": 964
        },
        "val_total": 0.32843327224473584,
        "val_total_per_task": {
          "exercise": 1.7835693727250839,
          "phase": 0.7245653798525864,
          "fatigue": 1.1693521526085813,
          "reps": 0.007985559217549702
        }
      }
    },
    {
      "seed": 42,
      "fold": 2,
      "test_subjects": [
        "Juile",
        "lucas 2"
      ],
      "metrics": {
        "exercise": {
          "f1_macro": 0.38210946547812025,
          "balanced_accuracy": 0.35501525356628005,
          "n": 1509
        },
        "phase": {
          "f1_macro": 0.34632414676574347,
          "balanced_accuracy": 0.35105241853875735,
          "n": 1113
        },
        "fatigue": {
          "mae": 0.9944810304837641,
          "pearson_r": 0.39823693195695364,
          "n": 1509
        },
        "reps": {
          "mae": 0.08769619069756249,
          "n": 1107
        },
        "val_total": 0.7393633534056687,
        "val_total_per_task": {
          "exercise": 1.56332201235653,
          "phase": 0.7921087746394242,
          "fatigue": 0.9944810274818071,
          "reps": 0.00725777326287508
        }
      }
    },
    {
      "seed": 42,
      "fold": 3,
      "test_subjects": [
        "Hytten",
        "lucas"
      ],
      "metrics": {
        "exercise": {
          "f1_macro": 0.1826274377834399,
          "balanced_accuracy": 0.20274453750125698,
          "n": 1106
        },
        "phase": {
          "f1_macro": 0.3327695041980756,
          "balanced_accuracy": 0.3371377702813503,
          "n": 944
        },
        "fatigue": {
          "mae": 1.1238803966998192,
          "pearson_r": -0.2502596659087043,
          "n": 1106
        },
        "reps": {
          "mae": 0.12108176424540183,
          "n": 941
        },
        "val_total": 0.4553762355290528,
        "val_total_per_task": {
          "exercise": 1.8276660733369547,
          "phase": 0.5044315475667364,
          "fatigue": 1.1238803936818624,
          "reps": 0.013174242715588745
        }
      }
    },
    {
      "seed": 42,
      "fold": 4,
      "test_subjects": [
        "kiyomi"
      ],
      "metrics": {
        "exercise": {
          "f1_macro": 0.35098400720319,
          "balanced_accuracy": 0.4257575757575758,
          "n": 746
        },
        "phase": {
          "f1_macro": 0.32711962727533633,
          "balanced_accuracy": 0.3296355698119932,
          "n": 746
        },
        "fatigue": {
          "mae": 0.761430755697051,
          "pearson_r": 0.3609532138109401,
          "n": 746
        },
        "reps": {
          "mae": 0.10952911703240616,
          "n": 746
        },
        "val_total": -0.15569301520851278,
        "val_total_per_task": {
          "exercise": 1.797814110968132,
          "phase": 0.4752866450008055,
          "fatigue": 0.7614307593724043,
          "reps": 0.011316841705415108
        }
      }
    }
  ]
}