{
  "exercise": {
    "f1_macro": 0.3614196842894486,
    "balanced_accuracy": 0.4431818181818182,
    "n": 746
  },
  "phase": {
    "f1_macro": 0.285969721496821,
    "balanced_accuracy": 0.3130550357895987,
    "n": 746
  },
  "fatigue": {
    "mae": 0.7867271280160858,
    "pearson_r": 0.41992078910984043,
    "n": 746
  },
  "reps": {
    "mae": 0.10394162829995315,
    "n": 746
  },
  "val_total": -0.692743667009369,
  "val_total_per_task": {
    "exercise": 1.1465160961764747,
    "phase": 0.47997237642073437,
    "fatigue": 0.7867271229025505,
    "reps": 0.009751169280655902
  }
}