{
  "exercise": {
    "f1_macro": 0.36393411830999145,
    "balanced_accuracy": 0.453030303030303,
    "n": 746
  },
  "phase": {
    "f1_macro": 0.2268083217803888,
    "balanced_accuracy": 0.3333259081053788,
    "n": 746
  },
  "fatigue": {
    "mae": 0.8598043733243967,
    "pearson_r": 0.25644333493674987,
    "n": 746
  },
  "reps": {
    "mae": 0.10693893303480449,
    "n": 746
  },
  "val_total": 0.3088493753054826,
  "val_total_per_task": {
    "exercise": 1.034076200733236,
    "phase": 0.4793085749123755,
    "fatigue": 0.8598043742831847,
    "reps": 0.00996160108955632
  }
}