{
  "exercise": {
    "f1_macro": 0.3605900821930524,
    "balanced_accuracy": 0.44000151308710345,
    "n": 626
  },
  "phase": {
    "f1_macro": 0.2899550504848412,
    "balanced_accuracy": 0.3086159844054581,
    "n": 533
  },
  "fatigue": {
    "mae": 1.182745107827476,
    "pearson_r": 0.2685385203722013,
    "n": 626
  },
  "reps": {
    "mae": 0.26708959084155,
    "n": 531
  },
  "val_total": 0.2953424510864404,
  "val_total_per_task": {
    "exercise": 1.268119665380484,
    "phase": 0.2816420924930146,
    "fatigue": 1.1827451135403813,
    "reps": 0.05000034696496904
  }
}