{
  "exercise": {
    "f1_macro": 0.27741448692152915,
    "balanced_accuracy": 0.2815563725490196,
    "n": 149
  },
  "phase": {
    "f1_macro": 0.2719891516230189,
    "balanced_accuracy": 0.3038461538461538,
    "n": 149
  },
  "fatigue": {
    "mae": 1.2792182256711409,
    "pearson_r": 0.3677053586620746,
    "n": 149
  },
  "reps": {
    "mae": 0.48525159019701836,
    "n": 149
  },
  "val_total": 1.5755182656665776,
  "val_total_per_task": {
    "exercise": 1.5484201332066683,
    "phase": 0.33104415367913725,
    "fatigue": 1.2792182256711409,
    "reps": 0.17908370159816422
  }
}