{
  "exercise": {
    "f1_macro": 0.3563137645519153,
    "balanced_accuracy": 0.3495613389586604,
    "n": 304
  },
  "phase": {
    "f1_macro": 0.3089473114789571,
    "balanced_accuracy": 0.32957271607339683,
    "n": 229
  },
  "fatigue": {
    "mae": 1.132606907894737,
    "pearson_r": 0.2686094599368205,
    "n": 304
  },
  "reps": {
    "mae": 0.4067386033497918,
    "n": 223
  },
  "val_total": 1.251472837046573,
  "val_total_per_task": {
    "exercise": 1.3534094220713566,
    "phase": 0.3321698849138461,
    "fatigue": 1.132606920443083,
    "reps": 0.12365169274179559
  }
}