{
  "exercise": {
    "f1_macro": 0.364588955387377,
    "balanced_accuracy": 0.44886363636363635,
    "n": 746
  },
  "phase": {
    "f1_macro": 0.29571687589793777,
    "balanced_accuracy": 0.3163963883691229,
    "n": 746
  },
  "fatigue": {
    "mae": 0.8130812248659517,
    "pearson_r": 0.4103959546708832,
    "n": 746
  },
  "reps": {
    "mae": 0.10929033738977947,
    "n": 746
  },
  "val_total": -0.6931741381458558,
  "val_total_per_task": {
    "exercise": 1.1033387382292557,
    "phase": 0.47938548032464035,
    "fatigue": 0.8130812290206991,
    "reps": 0.009630987998697377
  }
}