{
  "exercise": {
    "f1_macro": 0.22999350827310164,
    "balanced_accuracy": 0.22656810159663904,
    "n": 69958
  },
  "phase": {
    "f1_macro": 0.2999531731791448,
    "balanced_accuracy": 0.3068965479845802,
    "n": 40865
  },
  "fatigue": {
    "mae": 1.192547608234348,
    "pearson_r": -0.364825210032949,
    "n": 69958
  },
  "reps": {
    "mae": 2.3600830055979656,
    "n": 69958
  }
}