{
  "lr": 0.0008214445363906141,
  "weight_decay": 9.416235418500414e-05,
  "batch_size": 128,
  "dropout": 0.10058000471710146,
  "repr_dim": 64,
  "lstm_hidden": 32,
  "lstm_layers": 1,
  "_patience": 50
}