{
  "exercise": {
    "f1_macro": 0.38546484003801074,
    "balanced_accuracy": 0.45671149219665663,
    "n": 266
  },
  "phase": {
    "f1_macro": 0.30543099152964626,
    "balanced_accuracy": 0.32959054834054835,
    "n": 194
  },
  "fatigue": {
    "mae": 1.3397262687969924,
    "pearson_r": 0.21214154374781746,
    "n": 266
  },
  "reps": {
    "mae": 0.4173182549753359,
    "n": 189
  },
  "val_total": 1.215940271105085,
  "val_total_per_task": {
    "exercise": 1.4750967366354806,
    "phase": 0.39383352071719063,
    "fatigue": 1.3397262687969924,
    "reps": 0.14061194254939718
  }
}