{
  "exercise": {
    "f1_macro": 0.3223871104515582,
    "balanced_accuracy": 0.39910262310170275,
    "n": 755
  },
  "phase": {
    "f1_macro": 0.3210587085886846,
    "balanced_accuracy": 0.3291306923396256,
    "n": 560
  },
  "fatigue": {
    "mae": 1.0277524834437086,
    "pearson_r": 0.4040917499133575,
    "n": 755
  },
  "reps": {
    "mae": 0.16653098695447488,
    "n": 554
  },
  "val_total": 0.1419922029735237,
  "val_total_per_task": {
    "exercise": 1.15302216122482,
    "phase": 0.39489850172933366,
    "fatigue": 1.027752468285971,
    "reps": 0.029896987631719635
  }
}