{
  "exercise": {
    "f1_macro": 0.3640610984842554,
    "balanced_accuracy": 0.3639126634533879,
    "n": 75011
  },
  "phase": {
    "f1_macro": 0.253391042470928,
    "balanced_accuracy": 0.3310628541347324,
    "n": 44914
  },
  "fatigue": {
    "mae": 1.1467116039729395,
    "pearson_r": 0.16825472796496596,
    "n": 75011
  },
  "reps": {
    "mae": 2.5446171830071744,
    "n": 75011
  }
}