{
  "exercise": {
    "f1_macro": 0.24398315282791816,
    "balanced_accuracy": 0.29806967984934085,
    "n": 218
  },
  "phase": {
    "f1_macro": 0.40317449985315434,
    "balanced_accuracy": 0.388156885308784,
    "n": 187
  },
  "fatigue": {
    "mae": 1.0747204701834863,
    "pearson_r": -0.41577492066938865,
    "n": 218
  },
  "reps": {
    "mae": 0.4469374052208403,
    "n": 184
  },
  "val_total": 1.0837831130815208,
  "val_total_per_task": {
    "exercise": 1.314968308177563,
    "phase": 0.3155137472743288,
    "fatigue": 1.0747205095553616,
    "reps": 0.17446869919332889
  }
}