{
  "exercise": {
    "f1_macro": 0.4992926628015547,
    "balanced_accuracy": 0.4966596736880366,
    "n": 252
  },
  "phase": {
    "f1_macro": 0.2868185654008439,
    "balanced_accuracy": 0.3063448063448064,
    "n": 217
  },
  "fatigue": {
    "mae": 1.107421875,
    "pearson_r": 0.25921969577532433,
    "n": 252
  },
  "reps": {
    "mae": 0.5797664192026464,
    "n": 214
  },
  "val_total": 0.8940555784437392,
  "val_total_per_task": {
    "exercise": 1.056785952477228,
    "phase": 0.30457572709946407,
    "fatigue": 1.1074218295869374,
    "reps": 0.229398864129233
  }
}