{
  "exercise": {
    "f1_macro": 0.14709636247606891,
    "balanced_accuracy": 0.25,
    "n": 1106
  },
  "phase": {
    "f1_macro": 0.218104062722737,
    "balanced_accuracy": 0.3333333333333333,
    "n": 944
  },
  "fatigue": {
    "mae": 0.8181368670886076,
    "pearson_r": -0.16542609807435454,
    "n": 1106
  },
  "reps": {
    "mae": 0.13279486149544537,
    "n": 941
  },
  "val_total": 1.2281285476943253,
  "val_total_per_task": {
    "exercise": 1.3003671348202723,
    "phase": 0.5098850363848654,
    "fatigue": 0.8181368683820176,
    "reps": 0.013025865821036466
  }
}