{
  "exercise": {
    "f1_macro": 0.28069756330625895,
    "balanced_accuracy": 0.36988773055332796,
    "n": 266
  },
  "phase": {
    "f1_macro": 0.27167449139280125,
    "balanced_accuracy": 0.2949134199134199,
    "n": 194
  },
  "fatigue": {
    "mae": 1.4199953007518797,
    "pearson_r": 0.30820296206962045,
    "n": 266
  },
  "reps": {
    "mae": 0.45642941254905606,
    "n": 189
  },
  "val_total": 1.084159897682362,
  "val_total_per_task": {
    "exercise": 1.2786247990185158,
    "phase": 0.37041207184468894,
    "fatigue": 1.4199953025445007,
    "reps": 0.14780995361787036
  }
}