{
  "exercise": {
    "f1_macro": 0.33945590630586575,
    "balanced_accuracy": 0.3973190231064155,
    "n": 1361
  },
  "phase": {
    "f1_macro": 0.3032672960730514,
    "balanced_accuracy": 0.33923815882200214,
    "n": 969
  },
  "fatigue": {
    "mae": 1.2825013776634828,
    "pearson_r": 0.23527728391604566,
    "n": 1361
  },
  "reps": {
    "mae": 0.09725663752809044,
    "n": 964
  },
  "val_total": -0.10623192629509337,
  "val_total_per_task": {
    "exercise": 1.3509536272983704,
    "phase": 0.7041296725935309,
    "fatigue": 1.2825013778386618,
    "reps": 0.007890071218982503
  }
}