{
  "exercise": {
    "f1_macro": 0.11069651741293532,
    "balanced_accuracy": 0.25,
    "n": 626
  },
  "phase": {
    "f1_macro": 0.1978891820580475,
    "balanced_accuracy": 0.3333333333333333,
    "n": 533
  },
  "fatigue": {
    "mae": 1.0791546026357828,
    "pearson_r": 0.1980938878094003,
    "n": 626
  },
  "reps": {
    "mae": 0.26911842069990244,
    "n": 531
  },
  "val_total": 1.3039049096762563,
  "val_total_per_task": {
    "exercise": 1.3942613658813623,
    "phase": 0.2586815675226644,
    "fatigue": 1.0791546079678276,
    "reps": 0.050577416754187865
  }
}