{
  "exercise": {
    "f1_macro": 0.28380685282282647,
    "balanced_accuracy": 0.2879901960784314,
    "n": 149
  },
  "phase": {
    "f1_macro": 0.22693096377306907,
    "balanced_accuracy": 0.33696581196581193,
    "n": 149
  },
  "fatigue": {
    "mae": 1.3208892617449663,
    "pearson_r": 0.47863786419023585,
    "n": 149
  },
  "reps": {
    "mae": 0.5060173763999803,
    "n": 149
  },
  "val_total": 1.436139464378357,
  "val_total_per_task": {
    "exercise": 1.4131646156311035,
    "phase": 0.32580775022506714,
    "fatigue": 1.3208892345428467,
    "reps": 0.1777745634317398
  }
}