{
  "arch": "lstm_raw",
  "summary": {
    "val_total": {
      "mean": -0.3409108046919081,
      "std": 0.2382762558264731,
      "n": 5
    },
    "exercise": {
      "f1_macro": {
        "mean": 0.3354734059221946,
        "std": 0.08282508383489563,
        "n": 5
      },
      "balanced_accuracy": {
        "mean": 0.3920566985553415,
        "std": 0.09578069773885736,
        "n": 5
      }
    },
    "phase": {
      "f1_macro": {
        "mean": 0.3141090807960406,
        "std": 0.01171934939198291,
        "n": 5
      },
      "balanced_accuracy": {
        "mean": 0.329266707402584,
        "std": 0.005053524793268111,
        "n": 5
      }
    },
    "fatigue": {
      "mae": {
        "mean": 1.0285190250136234,
        "std": 0.11424582617558997,
        "n": 5
      },
      "pearson_r": {
        "mean": 0.23044369757407607,
        "std": 0.2504426040810155,
        "n": 5
      }
    },
    "reps": {
      "mae": {
        "mean": 0.1036312926912379,
        "std": 0.01004054665503484,
        "n": 5
      }
    }
  },
  "enabled_tasks": [
    "exercise",
    "phase",
    "fatigue",
    "reps"
  ],
  "all_results": [
    {
      "seed": 42,
      "fold": 0,
      "test_subjects": [
        "Tias",
        "sivert"
      ],
      "metrics": {
        "exercise": {
          "f1_macro": 0.3447382484361037,
          "balanced_accuracy": 0.4257446523911979,
          "n": 1256
        },
        "phase": {
          "f1_macro": 0.29132499156021646,
          "balanced_accuracy": 0.33038339452627885,
          "n": 1069
        },
        "fatigue": {
          "mae": 1.0732359673566878,
          "pearson_r": 0.3089880842227087,
          "n": 1256
        },
        "reps": {
          "mae": 0.11386652604738755,
          "n": 1067
        },
        "val_total": -0.5621303798286779,
        "val_total_per_task": {
          "exercise": 1.158827856847435,
          "phase": 0.42570262881600934,
          "fatigue": 1.0732359686854538,
          "reps": 0.01077307686565598
        }
      }
    },
    {
      "seed": 42,
      "fold": 1,
      "test_subjects": [
        "Raghild",
        "michael"
      ],
      "metrics": {
        "exercise": {
          "f1_macro": 0.40076609573532934,
          "balanced_accuracy": 0.4585950277811657,
          "n": 1361
        },
        "phase": {
          "f1_macro": 0.31743624090562866,
          "balanced_accuracy": 0.3226838767108045,
          "n": 969
        },
        "fatigue": {
          "mae": 1.2032570260837618,
          "pearson_r": 0.3788927222193394,
          "n": 1361
        },
        "reps": {
          "mae": 0.09716005432245581,
          "n": 964
        },
        "val_total": -0.1723743511595155,
        "val_total_per_task": {
          "exercise": 1.2657582162496888,
          "phase": 0.6984723537481505,
          "fatigue": 1.2032570244195617,
          "reps": 0.008167981860569344
        }
      }
    },
    {
      "seed": 42,
      "fold": 2,
      "test_subjects": [
        "Juile",
        "lucas 2"
      ],
      "metrics": {
        "exercise": {
          "f1_macro": 0.39099499893234013,
          "balanced_accuracy": 0.4165371118173297,
          "n": 1509
        },
        "phase": {
          "f1_macro": 0.32192316603468013,
          "balanced_accuracy": 0.3380692167577413,
          "n": 1113
        },
        "fatigue": {
          "mae": 1.002948455102717,
          "pearson_r": 0.38535097105574095,
          "n": 1509
        },
        "reps": {
          "mae": 0.0870807434494465,
          "n": 1107
        },
        "val_total": -0.11125881305350777,
        "val_total_per_task": {
          "exercise": 1.2078741210592432,
          "phase": 0.8271147888413006,
          "fatigue": 1.0029484547077228,
          "reps": 0.007198015521382302
        }
      }
    },
    {
      "seed": 42,
      "fold": 3,
      "test_subjects": [
        "Hytten",
        "lucas"
      ],
      "metrics": {
        "exercise": {
          "f1_macro": 0.17449619892975451,
          "balanced_accuracy": 0.2033460947264082,
          "n": 1106
        },
        "phase": {
          "f1_macro": 0.3236516046696322,
          "balanced_accuracy": 0.3274252114226814,
          "n": 944
        },
        "fatigue": {
          "mae": 1.0130573293399638,
          "pearson_r": -0.2674926593230929,
          "n": 1106
        },
        "reps": {
          "mae": 0.1109619312011612,
          "n": 941
        },
        "val_total": -0.16658712899275327,
        "val_total_per_task": {
          "exercise": 1.644715788782613,
          "phase": 0.5056959885369589,
          "fatigue": 1.013057319854957,
          "reps": 0.012143341453904269
        }
      }
    },
    {
      "seed": 42,
      "fold": 4,
      "test_subjects": [
        "kiyomi"
      ],
      "metrics": {
        "exercise": {
          "f1_macro": 0.3663714875774454,
          "balanced_accuracy": 0.45606060606060606,
          "n": 746
        },
        "phase": {
          "f1_macro": 0.31620940081004545,
          "balanced_accuracy": 0.3277718375954142,
          "n": 746
        },
        "fatigue": {
          "mae": 0.8500963471849866,
          "pearson_r": 0.346479369695684,
          "n": 746
        },
        "reps": {
          "mae": 0.10908720843573838,
          "n": 746
        },
        "val_total": -0.6922033504250862,
        "val_total_per_task": {
          "exercise": 1.059495533439493,
          "phase": 0.48075705263314233,
          "fatigue": 0.8500963548552894,
          "reps": 0.009673153534631468
        }
      }
    }
  ]
}