{
  "arch": "cnn_lstm_raw",
  "summary": {
    "val_total": {
      "mean": 1.0861218576719354,
      "std": 0.167152486492679,
      "n": 5
    },
    "exercise": {
      "f1_macro": {
        "mean": 0.36409868626811026,
        "std": 0.06347726844849254,
        "n": 5
      },
      "balanced_accuracy": {
        "mean": 0.4158626790643668,
        "std": 0.08115359297767549,
        "n": 5
      }
    },
    "phase": {
      "f1_macro": {
        "mean": 0.26180360095978095,
        "std": 0.04980897848092063,
        "n": 5
      },
      "balanced_accuracy": {
        "mean": 0.32402513239203384,
        "std": 0.019967071987080025,
        "n": 5
      }
    },
    "fatigue": {
      "mae": {
        "mean": 1.132915575134687,
        "std": 0.2483935985739037,
        "n": 5
      },
      "pearson_r": {
        "mean": 0.19776858153748547,
        "std": 0.31770465241537565,
        "n": 5
      }
    },
    "reps": {
      "mae": {
        "mean": 0.48968034027644175,
        "std": 0.06900625521898504,
        "n": 5
      }
    }
  },
  "enabled_tasks": [
    "exercise",
    "phase",
    "fatigue",
    "reps"
  ],
  "all_results": [
    {
      "seed": 42,
      "fold": 0,
      "test_subjects": [
        "Tias",
        "sivert"
      ],
      "metrics": {
        "exercise": {
          "f1_macro": 0.4182080385136553,
          "balanced_accuracy": 0.47778177039592157,
          "n": 252
        },
        "phase": {
          "f1_macro": 0.33373655913978495,
          "balanced_accuracy": 0.35662585662585666,
          "n": 217
        },
        "fatigue": {
          "mae": 1.0544084821428572,
          "pearson_r": 0.3720631619250933,
          "n": 252
        },
        "reps": {
          "mae": 0.6121089478310581,
          "n": 214
        },
        "val_total": 1.045174379197378,
        "val_total_per_task": {
          "exercise": 1.0811794371831984,
          "phase": 0.31276154707348536,
          "fatigue": 1.0544084764662243,
          "reps": 0.25992409388224286
        }
      }
    },
    {
      "seed": 42,
      "fold": 1,
      "test_subjects": [
        "Raghild",
        "michael"
      ],
      "metrics": {
        "exercise": {
          "f1_macro": 0.43668218780578333,
          "balanced_accuracy": 0.4966123825386055,
          "n": 266
        },
        "phase": {
          "f1_macro": 0.2678042189679219,
          "balanced_accuracy": 0.30104617604617606,
          "n": 194
        },
        "fatigue": {
          "mae": 1.5322192199248121,
          "pearson_r": 0.35575605379146535,
          "n": 266
        },
        "reps": {
          "mae": 0.47410184155814544,
          "n": 189
        },
        "val_total": 1.305834388374386,
        "val_total_per_task": {
          "exercise": 1.2288043364546353,
          "phase": 0.3852279437215705,
          "fatigue": 1.5322192253026747,
          "reps": 0.15032170948229337
        }
      }
    },
    {
      "seed": 42,
      "fold": 2,
      "test_subjects": [
        "Juile",
        "lucas 2"
      ],
      "metrics": {
        "exercise": {
          "f1_macro": 0.31895291970996503,
          "balanced_accuracy": 0.32416151556776557,
          "n": 304
        },
        "phase": {
          "f1_macro": 0.2943439111810473,
          "balanced_accuracy": 0.32282954029695904,
          "n": 229
        },
        "fatigue": {
          "mae": 1.10302734375,
          "pearson_r": 0.20145195758084686,
          "n": 304
        },
        "reps": {
          "mae": 0.3978125987774922,
          "n": 223
        },
        "val_total": 1.0905382319500572,
        "val_total_per_task": {
          "exercise": 1.2185447090550472,
          "phase": 0.36057247770460027,
          "fatigue": 1.10302734375,
          "reps": 0.13485107139537209
        }
      }
    },
    {
      "seed": 42,
      "fold": 3,
      "test_subjects": [
        "Hytten",
        "lucas"
      ],
      "metrics": {
        "exercise": {
          "f1_macro": 0.26593382189651343,
          "balanced_accuracy": 0.3101694915254237,
          "n": 218
        },
        "phase": {
          "f1_macro": 0.21064110367214442,
          "balanced_accuracy": 0.30629075565784425,
          "n": 187
        },
        "fatigue": {
          "mae": 1.2107135177752293,
          "pearson_r": -0.4134367838481026,
          "n": 218
        },
        "reps": {
          "mae": 0.4857909015339354,
          "n": 184
        },
        "val_total": 1.1855183883544502,
        "val_total_per_task": {
          "exercise": 1.4099098640844363,
          "phase": 0.32620217739988905,
          "fatigue": 1.210713526524535,
          "reps": 0.1680009965229472
        }
      }
    },
    {
      "seed": 42,
      "fold": 4,
      "test_subjects": [
        "kiyomi"
      ],
      "metrics": {
        "exercise": {
          "f1_macro": 0.38071646341463417,
          "balanced_accuracy": 0.47058823529411764,
          "n": 149
        },
        "phase": {
          "f1_macro": 0.20249221183800623,
          "balanced_accuracy": 0.3333333333333333,
          "n": 149
        },
        "fatigue": {
          "mae": 0.7642093120805369,
          "pearson_r": 0.4730085182381244,
          "n": 149
        },
        "reps": {
          "mae": 0.47858741168157765,
          "n": 149
        },
        "val_total": 0.8035439004834066,
        "val_total_per_task": {
          "exercise": 1.0267440432670132,
          "phase": 0.31466890761516236,
          "fatigue": 0.7642093096803498,
          "reps": 0.18056854305651365
        }
      }
    }
  ]
}