{
  "exercise": {
    "f1_macro": 0.33727358682232333,
    "balanced_accuracy": 0.3997505239583532,
    "n": 626
  },
  "phase": {
    "f1_macro": 0.31838326723472204,
    "balanced_accuracy": 0.33231968810916185,
    "n": 533
  },
  "fatigue": {
    "mae": 1.104195786741214,
    "pearson_r": 0.32645033874572127,
    "n": 626
  },
  "reps": {
    "mae": 0.25760813609288263,
    "n": 531
  },
  "val_total": 0.008964076781044371,
  "val_total_per_task": {
    "exercise": 1.1811775018612798,
    "phase": 0.2810440056811506,
    "fatigue": 1.1041957873125046,
    "reps": 0.047395711461195165
  }
}