{
  "exercise": {
    "f1_macro": 0.10990712074303406,
    "balanced_accuracy": 0.25,
    "n": 252
  },
  "phase": {
    "f1_macro": 0.2013650617967165,
    "balanced_accuracy": 0.33075383075383075,
    "n": 217
  },
  "fatigue": {
    "mae": 1.0486576140873016,
    "pearson_r": 0.4001908402641383,
    "n": 252
  },
  "reps": {
    "mae": 0.6506262959512038,
    "n": 214
  },
  "val_total": 1.307166576385498,
  "val_total_per_task": {
    "exercise": 1.384798526763916,
    "phase": 0.3215954899787903,
    "fatigue": 1.0486576557159424,
    "reps": 0.2768019139766693
  }
}