{
  "exercise": {
    "f1_macro": 0.3416666666666667,
    "balanced_accuracy": 0.39950980392156865,
    "n": 149
  },
  "phase": {
    "f1_macro": 0.2929952075264824,
    "balanced_accuracy": 0.34074074074074073,
    "n": 149
  },
  "fatigue": {
    "mae": 0.9460203439597316,
    "pearson_r": 0.22943857941387955,
    "n": 149
  },
  "reps": {
    "mae": 0.43120631144300803,
    "n": 149
  },
  "val_total": 1.4618595838546753,
  "val_total_per_task": {
    "exercise": 1.7298362255096436,
    "phase": 0.3209686875343323,
    "fatigue": 0.9460203647613525,
    "reps": 0.16108904778957367
  }
}