{
  "exercise": {
    "f1_macro": 0.3663714875774454,
    "balanced_accuracy": 0.45606060606060606,
    "n": 746
  },
  "phase": {
    "f1_macro": 0.31620940081004545,
    "balanced_accuracy": 0.3277718375954142,
    "n": 746
  },
  "fatigue": {
    "mae": 0.8500963471849866,
    "pearson_r": 0.346479369695684,
    "n": 746
  },
  "reps": {
    "mae": 0.10908720843573838,
    "n": 746
  },
  "val_total": -0.6922033504250862,
  "val_total_per_task": {
    "exercise": 1.059495533439493,
    "phase": 0.48075705263314233,
    "fatigue": 0.8500963548552894,
    "reps": 0.009673153534631468
  }
}