{
  "exercise": {
    "f1_macro": 0.40972533903021946,
    "balanced_accuracy": 0.5255305039787799,
    "n": 266
  },
  "phase": {
    "f1_macro": 0.3620674833440791,
    "balanced_accuracy": 0.38943001443001446,
    "n": 194
  },
  "fatigue": {
    "mae": 1.2763892152255638,
    "pearson_r": 0.3235193298896704,
    "n": 266
  },
  "reps": {
    "mae": 0.4446716830035839,
    "n": 189
  },
  "val_total": 2.0252422318422703,
  "val_total_per_task": {
    "exercise": 1.4782297270638602,
    "phase": 0.40364944845213924,
    "fatigue": 1.2763892152255638,
    "reps": 0.14948436192103795
  }
}