{
  "exercise": {
    "f1_macro": 0.32774453717253416,
    "balanced_accuracy": 0.32407693508264895,
    "n": 1509
  },
  "phase": {
    "f1_macro": 0.34197309074124654,
    "balanced_accuracy": 0.34579032584497066,
    "n": 1113
  },
  "fatigue": {
    "mae": 0.9813618290258449,
    "pearson_r": 0.36272677104009254,
    "n": 1509
  },
  "reps": {
    "mae": 0.08882889453727204,
    "n": 1107
  },
  "val_total": 0.05357737427440363,
  "val_total_per_task": {
    "exercise": 1.3135118012083848,
    "phase": 0.7636392416149832,
    "fatigue": 0.9813618304478245,
    "reps": 0.007728614600904834
  }
}