{
  "exercise": {
    "f1_macro": 0.6800367021079397,
    "balanced_accuracy": 0.6684754370277248,
    "n": 252
  },
  "phase": {
    "f1_macro": 0.3223454377817816,
    "balanced_accuracy": 0.3443058443058444,
    "n": 217
  },
  "fatigue": {
    "mae": 1.2158203125,
    "pearson_r": 0.10582031427950223,
    "n": 252
  },
  "reps": {
    "mae": 0.5940767184387301,
    "n": 214
  },
  "val_total": 0.8880813121795654,
  "val_total_per_task": {
    "exercise": 0.7192201614379883,
    "phase": 0.2718203365802765,
    "fatigue": 1.2158204317092896,
    "reps": 0.24420717358589172
  }
}