{
  "exercise": {
    "f1_macro": 0.1218274111675127,
    "balanced_accuracy": 0.25,
    "n": 149
  },
  "phase": {
    "f1_macro": 0.27960509488976415,
    "balanced_accuracy": 0.3141025641025641,
    "n": 149
  },
  "fatigue": {
    "mae": 0.6832791526845637,
    "pearson_r": 0.46697693996675366,
    "n": 149
  },
  "reps": {
    "mae": 0.4963935768519272,
    "n": 149
  },
  "val_total": 0.9893772006034851,
  "val_total_per_task": {
    "exercise": 1.3540267944335938,
    "phase": 0.3136785328388214,
    "fatigue": 0.6832791566848755,
    "reps": 0.19020991027355194
  }
}