{
  "exercise": {
    "f1_macro": 0.30832372111905165,
    "balanced_accuracy": 0.35198040152499954,
    "n": 682
  },
  "phase": {
    "f1_macro": 0.32099748681462603,
    "balanced_accuracy": 0.3302632871598389,
    "n": 488
  },
  "fatigue": {
    "mae": 1.1964007514662756,
    "pearson_r": 0.2860261232847824,
    "n": 682
  },
  "reps": {
    "mae": 0.17638495123145245,
    "n": 482
  },
  "val_total": 0.47682138482146946,
  "val_total_per_task": {
    "exercise": 1.425476489528533,
    "phase": 0.5408849366599164,
    "fatigue": 1.1964007511166883,
    "reps": 0.026499128411592278
  }
}