{
  "exercise": {
    "f1_macro": 0.5118278761803218,
    "balanced_accuracy": 0.5210663592360021,
    "n": 304
  },
  "phase": {
    "f1_macro": 0.5567073872039767,
    "balanced_accuracy": 0.5636885969506084,
    "n": 229
  },
  "fatigue": {
    "mae": 0.9768965871710527,
    "pearson_r": 0.39094514674605985,
    "n": 304
  },
  "reps": {
    "mae": 0.32991178930557497,
    "n": 223
  },
  "val_total": 1.4428336745814274,
  "val_total_per_task": {
    "exercise": 1.1324824847673114,
    "phase": 0.26424908010583176,
    "fatigue": 0.9768965903081392,
    "reps": 0.09435262844750755
  }
}