{
  "exercise": {
    "f1_macro": 0.20864207474226804,
    "balanced_accuracy": 0.22565913370998117,
    "n": 218
  },
  "phase": {
    "f1_macro": 0.30497354497354495,
    "balanced_accuracy": 0.3621020329881089,
    "n": 187
  },
  "fatigue": {
    "mae": 1.2079809346330275,
    "pearson_r": -0.3353160456712896,
    "n": 218
  },
  "reps": {
    "mae": 0.5394011292120685,
    "n": 184
  },
  "val_total": 1.9393988847732544,
  "val_total_per_task": {
    "exercise": 1.80829918384552,
    "phase": 0.32820120453834534,
    "fatigue": 1.2079808712005615,
    "reps": 0.21438124775886536
  }
}