{
  "exercise": {
    "f1_macro": 0.12189054726368159,
    "balanced_accuracy": 0.25,
    "n": 304
  },
  "phase": {
    "f1_macro": 0.2109452736318408,
    "balanced_accuracy": 0.3333333333333333,
    "n": 229
  },
  "fatigue": {
    "mae": 0.9398514597039473,
    "pearson_r": 0.6606828083588812,
    "n": 304
  },
  "reps": {
    "mae": 0.47065212830249636,
    "n": 223
  },
  "val_total": 1.3830711841583252,
  "val_total_per_task": {
    "exercise": 1.3876535892486572,
    "phase": 0.3618365228176117,
    "fatigue": 0.9398514628410339,
    "reps": 0.15240994095802307
  }
}