{
  "exercise": {
    "f1_macro": 0.3472275822004083,
    "balanced_accuracy": 0.4213817549491707,
    "n": 1256
  },
  "phase": {
    "f1_macro": 0.3299307840035743,
    "balanced_accuracy": 0.3340695990521188,
    "n": 1069
  },
  "fatigue": {
    "mae": 1.0519568570859872,
    "pearson_r": 0.3385517109824042,
    "n": 1256
  },
  "reps": {
    "mae": 0.143326450977649,
    "n": 1067
  },
  "val_total": 0.38225280782979004,
  "val_total_per_task": {
    "exercise": 1.1108744448157633,
    "phase": 0.4266268500856533,
    "fatigue": 1.0519568589842243,
    "reps": 0.014667463500740802
  }
}