{
  "arch": "cnn1d_raw",
  "summary": {
    "val_total": {
      "mean": 1.223315721884706,
      "std": 0.3103031842189412,
      "n": 5
    },
    "exercise": {
      "f1_macro": {
        "mean": 0.4068198652279209,
        "std": 0.14061371971041842,
        "n": 5
      },
      "balanced_accuracy": {
        "mean": 0.4212107198866469,
        "std": 0.1436050377249158,
        "n": 5
      }
    },
    "phase": {
      "f1_macro": {
        "mean": 0.269278248382283,
        "std": 0.03151850400660227,
        "n": 5
      },
      "balanced_accuracy": {
        "mean": 0.31640731992815263,
        "std": 0.01974076135679997,
        "n": 5
      }
    },
    "fatigue": {
      "mae": {
        "mean": 1.2151593076737763,
        "std": 0.25556002322613536,
        "n": 5
      },
      "pearson_r": {
        "mean": 0.15220837684594027,
        "std": 0.29667760738843274,
        "n": 5
      }
    },
    "reps": {
      "mae": {
        "mean": 0.48813548242591986,
        "std": 0.05378002724984078,
        "n": 5
      }
    }
  },
  "enabled_tasks": [
    "exercise",
    "phase",
    "fatigue",
    "reps"
  ],
  "all_results": [
    {
      "seed": 42,
      "fold": 0,
      "test_subjects": [
        "Tias",
        "sivert"
      ],
      "metrics": {
        "exercise": {
          "f1_macro": 0.6725973040481312,
          "balanced_accuracy": 0.6566759991239253,
          "n": 252
        },
        "phase": {
          "f1_macro": 0.31566802150255674,
          "balanced_accuracy": 0.3388773388773389,
          "n": 217
        },
        "fatigue": {
          "mae": 1.2296471974206349,
          "pearson_r": 0.15604500255574336,
          "n": 252
        },
        "reps": {
          "mae": 0.5694511619474844,
          "n": 214
        },
        "val_total": 0.7623465061187744,
        "val_total_per_task": {
          "exercise": 0.7120313048362732,
          "phase": 0.26498523354530334,
          "fatigue": 1.2296472787857056,
          "reps": 0.2231491059064865
        }
      }
    },
    {
      "seed": 42,
      "fold": 1,
      "test_subjects": [
        "Raghild",
        "michael"
      ],
      "metrics": {
        "exercise": {
          "f1_macro": 0.39303714563573555,
          "balanced_accuracy": 0.5011463409618984,
          "n": 266
        },
        "phase": {
          "f1_macro": 0.23738317757009345,
          "balanced_accuracy": 0.2968073593073593,
          "n": 194
        },
        "fatigue": {
          "mae": 1.5553042763157894,
          "pearson_r": 0.12511312357883503,
          "n": 266
        },
        "reps": {
          "mae": 0.5269597514419171,
          "n": 189
        },
        "val_total": 1.7348935908841012,
        "val_total_per_task": {
          "exercise": 1.5952017683731883,
          "phase": 0.43141131831291024,
          "fatigue": 1.5553042763157894,
          "reps": 0.19527072476265125
        }
      }
    },
    {
      "seed": 42,
      "fold": 2,
      "test_subjects": [
        "Juile",
        "lucas 2"
      ],
      "metrics": {
        "exercise": {
          "f1_macro": 0.36559589260066117,
          "balanced_accuracy": 0.36158670198848775,
          "n": 304
        },
        "phase": {
          "f1_macro": 0.23849255661788948,
          "balanced_accuracy": 0.32727095895740127,
          "n": 229
        },
        "fatigue": {
          "mae": 1.253674958881579,
          "pearson_r": 0.253653218546803,
          "n": 304
        },
        "reps": {
          "mae": 0.42833213556992233,
          "n": 223
        },
        "val_total": 1.2067291736602783,
        "val_total_per_task": {
          "exercise": 1.30960214138031,
          "phase": 0.3307424062176755,
          "fatigue": 1.253674958881579,
          "reps": 0.1312097467874226
        }
      }
    },
    {
      "seed": 42,
      "fold": 3,
      "test_subjects": [
        "Hytten",
        "lucas"
      ],
      "metrics": {
        "exercise": {
          "f1_macro": 0.3468322384482523,
          "balanced_accuracy": 0.34338475343735425,
          "n": 218
        },
        "phase": {
          "f1_macro": 0.2963620230700976,
          "balanced_accuracy": 0.33012082853855,
          "n": 187
        },
        "fatigue": {
          "mae": 1.2753727064220184,
          "pearson_r": -0.3483993796322349,
          "n": 218
        },
        "reps": {
          "mae": 0.43622781627851986,
          "n": 184
        },
        "val_total": 1.2627933025360107,
        "val_total_per_task": {
          "exercise": 1.3191667795181274,
          "phase": 0.3394559323787689,
          "fatigue": 1.2753726243972778,
          "reps": 0.1510276347398758
        }
      }
    },
    {
      "seed": 42,
      "fold": 4,
      "test_subjects": [
        "kiyomi"
      ],
      "metrics": {
        "exercise": {
          "f1_macro": 0.25603674540682414,
          "balanced_accuracy": 0.24325980392156862,
          "n": 149
        },
        "phase": {
          "f1_macro": 0.25848546315077753,
          "balanced_accuracy": 0.28896011396011395,
          "n": 149
        },
        "fatigue": {
          "mae": 0.761797399328859,
          "pearson_r": 0.5746299191805548,
          "n": 149
        },
        "reps": {
          "mae": 0.4797065468917557,
          "n": 149
        },
        "val_total": 1.1498160362243652,
        "val_total_per_task": {
          "exercise": 1.4562040567398071,
          "phase": 0.31618642807006836,
          "fatigue": 0.7617974281311035,
          "reps": 0.1788671612739563
        }
      }
    }
  ]
}