{
  "exercise": {
    "f1_macro": 0.3274552346071359,
    "balanced_accuracy": 0.3715483700478187,
    "n": 69958
  },
  "phase": {
    "f1_macro": 0.2754460238418403,
    "balanced_accuracy": 0.3274169982942834,
    "n": 40865
  },
  "fatigue": {
    "mae": 0.9689558912616552,
    "pearson_r": 0.19150220335701995,
    "n": 69958
  },
  "reps": {
    "mae": 2.368685444027936,
    "n": 69958
  }
}