{
  "lr": 0.0026648229975604868,
  "weight_decay": 7.3942024574153055e-06,
  "batch_size": 64,
  "dropout": 0.30198520265620493,
  "repr_dim": 64,
  "lstm_hidden": 32,
  "lstm_layers": 1,
  "_patience": 50
}