{
  "exercise": {
    "f1_macro": 0.3218761188686001,
    "balanced_accuracy": 0.33446844246084456,
    "n": 218
  },
  "phase": {
    "f1_macro": 0.29106753812636166,
    "balanced_accuracy": 0.360807441503644,
    "n": 187
  },
  "fatigue": {
    "mae": 1.2870377006880733,
    "pearson_r": -0.26504469650768586,
    "n": 218
  },
  "reps": {
    "mae": 0.41942282442165457,
    "n": 184
  },
  "val_total": 1.1372780799865723,
  "val_total_per_task": {
    "exercise": 1.2035850286483765,
    "phase": 0.32100462913513184,
    "fatigue": 1.2870376110076904,
    "reps": 0.14921139180660248
  }
}