{
  "arch": "cnn1d_raw",
  "summary": {
    "val_total": {
      "mean": 1.3601304340702545,
      "std": 0.5362240728636765,
      "n": 5
    },
    "exercise": {
      "f1_macro": {
        "mean": 0.4744025457569542,
        "std": 0.22578816013240055,
        "n": 5
      },
      "balanced_accuracy": {
        "mean": 0.49907907839777277,
        "std": 0.2113188588452241,
        "n": 5
      }
    },
    "phase": {
      "f1_macro": {
        "mean": 0.35443447668932826,
        "std": 0.09764082657778644,
        "n": 5
      },
      "balanced_accuracy": {
        "mean": 0.3885422897245327,
        "std": 0.06336527187633749,
        "n": 5
      }
    },
    "fatigue": {
      "mae": {
        "mean": 1.2451949823099158,
        "std": 0.18563044536609583,
        "n": 5
      },
      "pearson_r": {
        "mean": 0.10004872219629388,
        "std": 0.22268187490065916,
        "n": 5
      }
    },
    "reps": {
      "mae": {
        "mean": 0.4575902974080341,
        "std": 0.0541565882399403,
        "n": 5
      }
    }
  },
  "enabled_tasks": [
    "exercise",
    "phase",
    "fatigue",
    "reps"
  ],
  "all_results": [
    {
      "seed": 42,
      "fold": 0,
      "test_subjects": [
        "Tias",
        "sivert"
      ],
      "metrics": {
        "exercise": {
          "f1_macro": 0.8204503822047771,
          "balanced_accuracy": 0.8152913233389011,
          "n": 252
        },
        "phase": {
          "f1_macro": 0.44527407147980064,
          "balanced_accuracy": 0.4302764302764302,
          "n": 217
        },
        "fatigue": {
          "mae": 1.1344091021825398,
          "pearson_r": 0.19077935625067444,
          "n": 252
        },
        "reps": {
          "mae": 0.47261451536389154,
          "n": 214
        },
        "val_total": 0.5021643737951914,
        "val_total_per_task": {
          "exercise": 0.4483754795695108,
          "phase": 0.2825976584165815,
          "fatigue": 1.1344091059669617,
          "reps": 0.16255411671267617
        }
      }
    },
    {
      "seed": 42,
      "fold": 1,
      "test_subjects": [
        "Raghild",
        "michael"
      ],
      "metrics": {
        "exercise": {
          "f1_macro": 0.42948151150464553,
          "balanced_accuracy": 0.49716756112104943,
          "n": 266
        },
        "phase": {
          "f1_macro": 0.2381522147147147,
          "balanced_accuracy": 0.34379509379509376,
          "n": 194
        },
        "fatigue": {
          "mae": 1.6006373355263157,
          "pearson_r": 0.2365741701348343,
          "n": 266
        },
        "reps": {
          "mae": 0.4608730971320439,
          "n": 189
        },
        "val_total": 1.7235458990685026,
        "val_total_per_task": {
          "exercise": 1.4021422845080382,
          "phase": 0.39500185242272856,
          "fatigue": 1.600637333733695,
          "reps": 0.15680968492550956
        }
      }
    },
    {
      "seed": 42,
      "fold": 2,
      "test_subjects": [
        "Juile",
        "lucas 2"
      ],
      "metrics": {
        "exercise": {
          "f1_macro": 0.6333715717518151,
          "balanced_accuracy": 0.6369231586865515,
          "n": 304
        },
        "phase": {
          "f1_macro": 0.4928813221823974,
          "balanced_accuracy": 0.493421413573135,
          "n": 229
        },
        "fatigue": {
          "mae": 1.207480982730263,
          "pearson_r": 0.17491525657063128,
          "n": 304
        },
        "reps": {
          "mae": 0.3667978901173836,
          "n": 223
        },
        "val_total": 0.9563058708843432,
        "val_total_per_task": {
          "exercise": 0.9803594005735297,
          "phase": 0.2685669801737133,
          "fatigue": 1.2074809890044362,
          "reps": 0.08684955458892019
        }
      }
    },
    {
      "seed": 42,
      "fold": 3,
      "test_subjects": [
        "Hytten",
        "lucas"
      ],
      "metrics": {
        "exercise": {
          "f1_macro": 0.21258023106546853,
          "balanced_accuracy": 0.2408662900188324,
          "n": 218
        },
        "phase": {
          "f1_macro": 0.2848412176536572,
          "balanced_accuracy": 0.3460874568469505,
          "n": 187
        },
        "fatigue": {
          "mae": 1.2153633887614679,
          "pearson_r": -0.3424064822224078,
          "n": 218
        },
        "reps": {
          "mae": 0.5360102922372196,
          "n": 184
        },
        "val_total": 1.847340903150926,
        "val_total_per_task": {
          "exercise": 1.721791127406129,
          "phase": 0.3204724698438557,
          "fatigue": 1.2153634182903745,
          "reps": 0.21387743362046163
        }
      }
    },
    {
      "seed": 42,
      "fold": 4,
      "test_subjects": [
        "kiyomi"
      ],
      "metrics": {
        "exercise": {
          "f1_macro": 0.2761290322580645,
          "balanced_accuracy": 0.30514705882352944,
          "n": 149
        },
        "phase": {
          "f1_macro": 0.31102355741607157,
          "balanced_accuracy": 0.32913105413105415,
          "n": 149
        },
        "fatigue": {
          "mae": 1.0680841023489933,
          "pearson_r": 0.2403813102477373,
          "n": 149
        },
        "reps": {
          "mae": 0.45165569218963186,
          "n": 149
        },
        "val_total": 1.7712951234523082,
        "val_total_per_task": {
          "exercise": 1.7430690438955423,
          "phase": 0.33637414562622175,
          "fatigue": 1.0680840999488062,
          "reps": 0.1691354304652086
        }
      }
    }
  ]
}