{
  "lr": 0.0031641682497190135,
  "weight_decay": 1.2558433324938244e-05,
  "batch_size": 128,
  "dropout": 0.47460228568610247,
  "repr_dim": 64,
  "_patience": 50
}