{
  "lr": 0.002879323539279464,
  "weight_decay": 5.344813717167036e-05,
  "batch_size": 128,
  "dropout": 0.45621601194762,
  "repr_dim": 64,
  "_patience": 50
}