{
  "exercise": {
    "f1_macro": 0.3658699456571797,
    "balanced_accuracy": 0.45783132530120485,
    "n": 374
  },
  "phase": {
    "f1_macro": 0.26075561902714434,
    "balanced_accuracy": 0.2813632040151377,
    "n": 374
  },
  "fatigue": {
    "mae": 1.022351270053476,
    "pearson_r": 0.14739491866439886,
    "n": 374
  },
  "reps": {
    "mae": 0.20599099198097293,
    "n": 374
  },
  "val_total": -0.009870015363642239,
  "val_total_per_task": {
    "exercise": 1.024764293017872,
    "phase": 0.33228430837233436,
    "fatigue": 1.022351235629403,
    "reps": 0.03525847563131608
  }
}