{
  "exercise": {
    "f1_macro": 0.10990712074303406,
    "balanced_accuracy": 0.25,
    "n": 252
  },
  "phase": {
    "f1_macro": 0.2335329341317365,
    "balanced_accuracy": 0.3333333333333333,
    "n": 217
  },
  "fatigue": {
    "mae": 1.1278831845238095,
    "pearson_r": 0.35049018863450776,
    "n": 252
  },
  "reps": {
    "mae": 0.6448391350421393,
    "n": 214
  },
  "val_total": 1.5448687076568604,
  "val_total_per_task": {
    "exercise": 1.4034210443496704,
    "phase": 0.32119596004486084,
    "fatigue": 1.1278831958770752,
    "reps": 0.27160853147506714
  }
}