{
  "exercise": {
    "f1_macro": 0.3910572086073158,
    "balanced_accuracy": 0.38335209239884976,
    "n": 755
  },
  "phase": {
    "f1_macro": 0.3518550145166313,
    "balanced_accuracy": 0.36535456576596753,
    "n": 560
  },
  "fatigue": {
    "mae": 0.9334488824503311,
    "pearson_r": 0.39379380266504493,
    "n": 755
  },
  "reps": {
    "mae": 0.18145519212167374,
    "n": 554
  },
  "val_total": 0.2846755395661916,
  "val_total_per_task": {
    "exercise": 1.2148949258374853,
    "phase": 0.3780752640291555,
    "fatigue": 0.933448879845095,
    "reps": 0.027481057211164606
  }
}