{
  "exercise": {
    "f1_macro": 0.36702220667948937,
    "balanced_accuracy": 0.44886363636363635,
    "n": 746
  },
  "phase": {
    "f1_macro": 0.31056701030927836,
    "balanced_accuracy": 0.3309498351599394,
    "n": 746
  },
  "fatigue": {
    "mae": 0.753026558310992,
    "pearson_r": 0.448123862470906,
    "n": 746
  },
  "reps": {
    "mae": 0.10976965341407396,
    "n": 746
  },
  "val_total": -0.7307677470327383,
  "val_total_per_task": {
    "exercise": 1.0749597632533423,
    "phase": 0.4776819851698888,
    "fatigue": 0.7530265547954365,
    "reps": 0.009704535514935253
  }
}