{
  "exercise": {
    "f1_macro": 0.49167974145114685,
    "balanced_accuracy": 0.505171630658889,
    "n": 252
  },
  "phase": {
    "f1_macro": 0.29411764705882354,
    "balanced_accuracy": 0.32039732039732044,
    "n": 217
  },
  "fatigue": {
    "mae": 1.2708953373015872,
    "pearson_r": 0.10988506120798269,
    "n": 252
  },
  "reps": {
    "mae": 0.6049953696674832,
    "n": 214
  },
  "val_total": 1.2525137662887573,
  "val_total_per_task": {
    "exercise": 1.121750831604004,
    "phase": 0.2849074602127075,
    "fatigue": 1.2708953619003296,
    "reps": 0.2489926666021347
  }
}