{
  "exercise": {
    "f1_macro": 0.3437484786207571,
    "balanced_accuracy": 0.38494540956067336,
    "n": 682
  },
  "phase": {
    "f1_macro": 0.30604258511235255,
    "balanced_accuracy": 0.3133411926515375,
    "n": 488
  },
  "fatigue": {
    "mae": 1.1932906433284458,
    "pearson_r": 0.29318838646214146,
    "n": 682
  },
  "reps": {
    "mae": 0.18525228551221834,
    "n": 482
  },
  "val_total": 1.2648134049781956,
  "val_total_per_task": {
    "exercise": 1.2745459292990722,
    "phase": 0.5286408980920517,
    "fatigue": 1.1932906443772078,
    "reps": 0.028155312160592624
  }
}