{
  "exercise": {
    "f1_macro": 0.2981585691387417,
    "balanced_accuracy": 0.3623419622210877,
    "n": 252
  },
  "phase": {
    "f1_macro": 0.25153846153846154,
    "balanced_accuracy": 0.28062678062678065,
    "n": 217
  },
  "fatigue": {
    "mae": 1.0657397073412698,
    "pearson_r": 0.31533064142499667,
    "n": 252
  },
  "reps": {
    "mae": 0.6254577132934165,
    "n": 214
  },
  "val_total": 1.4296586513519287,
  "val_total_per_task": {
    "exercise": 1.3041430711746216,
    "phase": 0.32771870493888855,
    "fatigue": 1.0657397508621216,
    "reps": 0.26155534386634827
  }
}