{
  "exercise": {
    "f1_macro": 0.4060114155631746,
    "balanced_accuracy": 0.436999764930292,
    "n": 252
  },
  "phase": {
    "f1_macro": 0.36539306104523495,
    "balanced_accuracy": 0.3946638946638947,
    "n": 217
  },
  "fatigue": {
    "mae": 1.1867714533730158,
    "pearson_r": 0.18288939440090993,
    "n": 252
  },
  "reps": {
    "mae": 0.5500894281142783,
    "n": 214
  },
  "val_total": 1.375303790682838,
  "val_total_per_task": {
    "exercise": 1.3112017597470964,
    "phase": 0.27791457824290744,
    "fatigue": 1.1867714212054299,
    "reps": 0.22022357464782774
  }
}