{
  "arch": "cnn1d_raw",
  "summary": {
    "val_total": {
      "mean": 1.425439002639369,
      "std": 0.3287340298031875,
      "n": 5
    },
    "exercise": {
      "f1_macro": {
        "mean": 0.40102817752134995,
        "std": 0.17315361186534273,
        "n": 5
      },
      "balanced_accuracy": {
        "mean": 0.42733081704639286,
        "std": 0.17937835568148322,
        "n": 5
      }
    },
    "phase": {
      "f1_macro": {
        "mean": 0.31978673292076404,
        "std": 0.03204348206050084,
        "n": 5
      },
      "balanced_accuracy": {
        "mean": 0.35163660757488235,
        "std": 0.0259911277973394,
        "n": 5
      }
    },
    "fatigue": {
      "mae": {
        "mean": 1.2415851302473304,
        "std": 0.16227823464490565,
        "n": 5
      },
      "pearson_r": {
        "mean": 0.14160558748190608,
        "std": 0.2770312272629795,
        "n": 5
      }
    },
    "reps": {
      "mae": {
        "mean": 0.47768034864565073,
        "std": 0.04117723336782163,
        "n": 5
      }
    }
  },
  "enabled_tasks": [
    "exercise",
    "phase",
    "fatigue",
    "reps"
  ],
  "all_results": [
    {
      "seed": 42,
      "fold": 0,
      "test_subjects": [
        "Tias",
        "sivert"
      ],
      "metrics": {
        "exercise": {
          "f1_macro": 0.6874871760726391,
          "balanced_accuracy": 0.6802575294795018,
          "n": 252
        },
        "phase": {
          "f1_macro": 0.3690797940797941,
          "balanced_accuracy": 0.3734503734503734,
          "n": 217
        },
        "fatigue": {
          "mae": 1.2176959325396826,
          "pearson_r": 0.15305603923982045,
          "n": 252
        },
        "reps": {
          "mae": 0.4917253303541758,
          "n": 214
        },
        "val_total": 0.8658027648925781,
        "val_total_per_task": {
          "exercise": 0.6398194432258606,
          "phase": 0.26310256123542786,
          "fatigue": 1.217695951461792,
          "reps": 0.17520968616008759
        }
      }
    },
    {
      "seed": 42,
      "fold": 1,
      "test_subjects": [
        "Raghild",
        "michael"
      ],
      "metrics": {
        "exercise": {
          "f1_macro": 0.4708994376551161,
          "balanced_accuracy": 0.5556129582793576,
          "n": 266
        },
        "phase": {
          "f1_macro": 0.28611890852995475,
          "balanced_accuracy": 0.3488455988455988,
          "n": 194
        },
        "fatigue": {
          "mae": 1.5065495770676691,
          "pearson_r": 0.2207228201665682,
          "n": 266
        },
        "reps": {
          "mae": 0.46128932551219665,
          "n": 189
        },
        "val_total": 1.6673571436028731,
        "val_total_per_task": {
          "exercise": 1.5211189671566612,
          "phase": 0.38314557971810936,
          "fatigue": 1.5065495752750482,
          "reps": 0.15342464303611814
        }
      }
    },
    {
      "seed": 42,
      "fold": 2,
      "test_subjects": [
        "Juile",
        "lucas 2"
      ],
      "metrics": {
        "exercise": {
          "f1_macro": 0.39418818276899076,
          "balanced_accuracy": 0.4433399561747776,
          "n": 304
        },
        "phase": {
          "f1_macro": 0.30518518518518517,
          "balanced_accuracy": 0.3247422680412371,
          "n": 229
        },
        "fatigue": {
          "mae": 1.1979466488486843,
          "pearson_r": 0.352248752281611,
          "n": 304
        },
        "reps": {
          "mae": 0.4121206247961909,
          "n": 223
        },
        "val_total": 1.2390111245607074,
        "val_total_per_task": {
          "exercise": 1.1560968160629272,
          "phase": 0.3483845513117941,
          "fatigue": 1.1979466613970304,
          "reps": 0.12683634852108203
        }
      }
    },
    {
      "seed": 42,
      "fold": 3,
      "test_subjects": [
        "Hytten",
        "lucas"
      ],
      "metrics": {
        "exercise": {
          "f1_macro": 0.1958560193587417,
          "balanced_accuracy": 0.2031544256120527,
          "n": 218
        },
        "phase": {
          "f1_macro": 0.3453216374269006,
          "balanced_accuracy": 0.38828154967395473,
          "n": 187
        },
        "fatigue": {
          "mae": 1.2834002293577982,
          "pearson_r": -0.38821371103730284,
          "n": 218
        },
        "reps": {
          "mae": 0.48509814395852713,
          "n": 184
        },
        "val_total": 1.7357196807861328,
        "val_total_per_task": {
          "exercise": 1.8015657663345337,
          "phase": 0.3149777948856354,
          "fatigue": 1.2834001779556274,
          "reps": 0.19502486288547516
        }
      }
    },
    {
      "seed": 42,
      "fold": 4,
      "test_subjects": [
        "kiyomi"
      ],
      "metrics": {
        "exercise": {
          "f1_macro": 0.25671007175126226,
          "balanced_accuracy": 0.2542892156862745,
          "n": 149
        },
        "phase": {
          "f1_macro": 0.29322813938198555,
          "balanced_accuracy": 0.3228632478632479,
          "n": 149
        },
        "fatigue": {
          "mae": 1.0023332634228188,
          "pearson_r": 0.3702140367588336,
          "n": 149
        },
        "reps": {
          "mae": 0.5381683186071631,
          "n": 149
        },
        "val_total": 1.6193042993545532,
        "val_total_per_task": {
          "exercise": 1.7884923219680786,
          "phase": 0.35685157775878906,
          "fatigue": 1.0023332834243774,
          "reps": 0.1937110871076584
        }
      }
    }
  ]
}