{
  "exercise": {
    "f1_macro": 0.32328676942838797,
    "balanced_accuracy": 0.4020075931891394,
    "n": 1509
  },
  "phase": {
    "f1_macro": 0.2965929834379289,
    "balanced_accuracy": 0.32364905889496054,
    "n": 1113
  },
  "fatigue": {
    "mae": 1.0171212309476474,
    "pearson_r": 0.46865233115399074,
    "n": 1509
  },
  "reps": {
    "mae": 0.08681722356144476,
    "n": 1107
  },
  "val_total": 0.767280853924331,
  "val_total_per_task": {
    "exercise": 1.1466411440636324,
    "phase": 0.5320716514897078,
    "fatigue": 1.0171212346605942,
    "reps": 0.008448631087326703
  }
}