{
  "exercise": {
    "f1_macro": 0.3530408773678963,
    "balanced_accuracy": 0.4338235294117647,
    "n": 149
  },
  "phase": {
    "f1_macro": 0.24465876733719116,
    "balanced_accuracy": 0.2868945868945869,
    "n": 149
  },
  "fatigue": {
    "mae": 0.9010853607382551,
    "pearson_r": 0.19517724735853073,
    "n": 149
  },
  "reps": {
    "mae": 0.43919888787571615,
    "n": 149
  },
  "val_total": 0.5733076245992775,
  "val_total_per_task": {
    "exercise": 1.121136357320235,
    "phase": 0.29768159835530605,
    "fatigue": 0.9010853623383798,
    "reps": 0.1591770969981315
  }
}