{
  "exercise": {
    "f1_macro": 0.4093578210894553,
    "balanced_accuracy": 0.4436302165096808,
    "n": 304
  },
  "phase": {
    "f1_macro": 0.31405751942981985,
    "balanced_accuracy": 0.33709395059326974,
    "n": 229
  },
  "fatigue": {
    "mae": 1.0795384457236843,
    "pearson_r": 0.3533518838740668,
    "n": 304
  },
  "reps": {
    "mae": 0.42502900759685336,
    "n": 223
  },
  "val_total": 1.0727566041444476,
  "val_total_per_task": {
    "exercise": 1.0987739562988281,
    "phase": 0.36827221826503154,
    "fatigue": 1.0795384582720304,
    "reps": 0.14472040455592305
  }
}