{
  "exercise": {
    "f1_macro": 0.25801825293350716,
    "balanced_accuracy": 0.24632352941176472,
    "n": 149
  },
  "phase": {
    "f1_macro": 0.26850449886005673,
    "balanced_accuracy": 0.3104700854700855,
    "n": 149
  },
  "fatigue": {
    "mae": 1.1037122483221478,
    "pearson_r": 0.48529058924957696,
    "n": 149
  },
  "reps": {
    "mae": 0.4755222896276504,
    "n": 149
  },
  "val_total": 1.2776873111724854,
  "val_total_per_task": {
    "exercise": 1.4524970054626465,
    "phase": 0.31811514496803284,
    "fatigue": 1.1037122011184692,
    "reps": 0.1643037647008896
  }
}