{
  "lr": 0.0039853380303145345,
  "weight_decay": 1.527118383733199e-06,
  "batch_size": 64,
  "dropout": 0.2869138558388646,
  "repr_dim": 64,
  "lstm_hidden": 32,
  "lstm_layers": 2,
  "_patience": 50
}