{
  "exercise": {
    "f1_macro": 0.6284684231697506,
    "balanced_accuracy": 0.6213705936079679,
    "n": 252
  },
  "phase": {
    "f1_macro": 0.4149360751066547,
    "balanced_accuracy": 0.4107954107954108,
    "n": 217
  },
  "fatigue": {
    "mae": 1.323273189484127,
    "pearson_r": 0.14721389853728625,
    "n": 252
  },
  "reps": {
    "mae": 0.43818936535270414,
    "n": 214
  },
  "val_total": 0.8303549289703369,
  "val_total_per_task": {
    "exercise": 0.8062899112701416,
    "phase": 0.2725725769996643,
    "fatigue": 1.3232733011245728,
    "reps": 0.14042676985263824
  }
}