{
  "exercise": {
    "f1_macro": 0.15366666666666667,
    "balanced_accuracy": 0.25,
    "n": 1106
  },
  "phase": {
    "f1_macro": 0.24265513782066594,
    "balanced_accuracy": 0.3399348747862347,
    "n": 944
  },
  "fatigue": {
    "mae": 1.0385609742314648,
    "pearson_r": -0.2544506425633448,
    "n": 1106
  },
  "reps": {
    "mae": 0.11668314079765932,
    "n": 941
  },
  "val_total": 0.829131785180642,
  "val_total_per_task": {
    "exercise": 1.436459419309123,
    "phase": 0.5057438447074476,
    "fatigue": 1.0385609742314648,
    "reps": 0.011404360282431891
  }
}