{
  "exercise": {
    "f1_macro": 0.13109756097560976,
    "balanced_accuracy": 0.22395833333333334,
    "n": 149
  },
  "phase": {
    "f1_macro": 0.2800165631469979,
    "balanced_accuracy": 0.29387464387464385,
    "n": 149
  },
  "fatigue": {
    "mae": 0.9305526426174496,
    "pearson_r": 0.1454906647788783,
    "n": 149
  },
  "reps": {
    "mae": 0.41610353293784913,
    "n": 149
  },
  "val_total": 0.6219076290226623,
  "val_total_per_task": {
    "exercise": 1.3616689331579528,
    "phase": 0.293438624715645,
    "fatigue": 0.9305526450176367,
    "reps": 0.14363078943034946
  }
}