{
  "exercise": {
    "f1_macro": 0.45628740649776134,
    "balanced_accuracy": 0.4769083815813046,
    "n": 252
  },
  "phase": {
    "f1_macro": 0.24729938271604937,
    "balanced_accuracy": 0.27115577115577116,
    "n": 217
  },
  "fatigue": {
    "mae": 1.1570405505952381,
    "pearson_r": 0.14584946360189885,
    "n": 252
  },
  "reps": {
    "mae": 0.570035921949371,
    "n": 214
  },
  "val_total": 0.9802188930057344,
  "val_total_per_task": {
    "exercise": 1.3224518904610285,
    "phase": 0.3134366500945318,
    "fatigue": 1.1570405297809176,
    "reps": 0.23803792515444377
  }
}