{
  "exercise": {
    "f1_macro": 0.7434562427670028,
    "balanced_accuracy": 0.7331777269380565,
    "n": 252
  },
  "phase": {
    "f1_macro": 0.33763338111164193,
    "balanced_accuracy": 0.36066836066836067,
    "n": 217
  },
  "fatigue": {
    "mae": 1.2526351686507937,
    "pearson_r": 0.13169623754505796,
    "n": 252
  },
  "reps": {
    "mae": 0.5419499849395775,
    "n": 214
  },
  "val_total": 0.572182297706604,
  "val_total_per_task": {
    "exercise": 0.5395539402961731,
    "phase": 0.2708047926425934,
    "fatigue": 1.2526352405548096,
    "reps": 0.202948197722435
  }
}