{
  "arch": "lstm_raw",
  "summary": {
    "val_total": {
      "mean": 0.225515953167385,
      "std": 0.18980004195922845,
      "n": 5
    },
    "exercise": {
      "f1_macro": {
        "mean": 0.30089690282404136,
        "std": 0.042566707141287734,
        "n": 5
      },
      "balanced_accuracy": {
        "mean": 0.3686322927083038,
        "std": 0.06245759718792229,
        "n": 5
      }
    },
    "phase": {
      "f1_macro": {
        "mean": 0.28583197665985466,
        "std": 0.03571630921575392,
        "n": 5
      },
      "balanced_accuracy": {
        "mean": 0.32212643773524385,
        "std": 0.008027641697727005,
        "n": 5
      }
    },
    "fatigue": {
      "mae": {
        "mean": 1.1136891000893399,
        "std": 0.0885247182169198,
        "n": 5
      },
      "pearson_r": {
        "mean": 0.16448571841448956,
        "std": 0.20901159138169395,
        "n": 5
      }
    },
    "reps": {
      "mae": {
        "mean": 0.2108972081405847,
        "std": 0.034443839304620964,
        "n": 5
      }
    }
  },
  "enabled_tasks": [
    "exercise",
    "phase",
    "fatigue",
    "reps"
  ],
  "all_results": [
    {
      "seed": 42,
      "fold": 0,
      "test_subjects": [
        "Tias",
        "sivert"
      ],
      "metrics": {
        "exercise": {
          "f1_macro": 0.284105180533752,
          "balanced_accuracy": 0.3187281317358654,
          "n": 626
        },
        "phase": {
          "f1_macro": 0.30645921037380114,
          "balanced_accuracy": 0.3249122807017544,
          "n": 533
        },
        "fatigue": {
          "mae": 1.0901744708466454,
          "pearson_r": 0.25301898465646827,
          "n": 626
        },
        "reps": {
          "mae": 0.26611559863751244,
          "n": 531
        },
        "val_total": 0.09349081900934823,
        "val_total_per_task": {
          "exercise": 1.1404147791786317,
          "phase": 0.28423212663815045,
          "fatigue": 1.090174474845679,
          "reps": 0.0507696217205673
        }
      }
    },
    {
      "seed": 42,
      "fold": 1,
      "test_subjects": [
        "Raghild",
        "michael"
      ],
      "metrics": {
        "exercise": {
          "f1_macro": 0.28119463815755785,
          "balanced_accuracy": 0.393349823037323,
          "n": 682
        },
        "phase": {
          "f1_macro": 0.3115687318776259,
          "balanced_accuracy": 0.32163031731997244,
          "n": 488
        },
        "fatigue": {
          "mae": 1.2864965175953078,
          "pearson_r": 0.3063544589492103,
          "n": 682
        },
        "reps": {
          "mae": 0.1838319760774305,
          "n": 482
        },
        "val_total": 0.5043861523401703,
        "val_total_per_task": {
          "exercise": 1.2557034726716207,
          "phase": 0.5138493528114386,
          "fatigue": 1.2864965172457206,
          "reps": 0.028202083802992297
        }
      }
    },
    {
      "seed": 42,
      "fold": 2,
      "test_subjects": [
        "Juile",
        "lucas 2"
      ],
      "metrics": {
        "exercise": {
          "f1_macro": 0.33579486214378595,
          "balanced_accuracy": 0.4021040659993864,
          "n": 755
        },
        "phase": {
          "f1_macro": 0.31721715196291467,
          "balanced_accuracy": 0.3259588878160727,
          "n": 560
        },
        "fatigue": {
          "mae": 1.040247309602649,
          "pearson_r": 0.37620947850667247,
          "n": 755
        },
        "reps": {
          "mae": 0.168181678417243,
          "n": 554
        },
        "val_total": 0.18668802479245014,
        "val_total_per_task": {
          "exercise": 1.15834540720807,
          "phase": 0.395170543722759,
          "fatigue": 1.0402473058132147,
          "reps": 0.030172455989268442
        }
      }
    },
    {
      "seed": 42,
      "fold": 3,
      "test_subjects": [
        "Hytten",
        "lucas"
      ],
      "metrics": {
        "exercise": {
          "f1_macro": 0.24181862585477043,
          "balanced_accuracy": 0.2771722138532814,
          "n": 557
        },
        "phase": {
          "f1_macro": 0.22163038443723948,
          "balanced_accuracy": 0.3309139784946237,
          "n": 477
        },
        "fatigue": {
          "mae": 1.0915338868940754,
          "pearson_r": -0.211334718042234,
          "n": 557
        },
        "reps": {
          "mae": 0.22865801892598958,
          "n": 474
        },
        "val_total": 0.36845864363589875,
        "val_total_per_task": {
          "exercise": 1.5052282022616594,
          "phase": 0.3995740417946177,
          "fatigue": 1.0915338903183998,
          "reps": 0.04296768819194294
        }
      }
    },
    {
      "seed": 42,
      "fold": 4,
      "test_subjects": [
        "kiyomi"
      ],
      "metrics": {
        "exercise": {
          "f1_macro": 0.36157120743034055,
          "balanced_accuracy": 0.45180722891566266,
          "n": 374
        },
        "phase": {
          "f1_macro": 0.27228440464769216,
          "balanced_accuracy": 0.30721672434379615,
          "n": 374
        },
        "fatigue": {
          "mae": 1.0599933155080214,
          "pearson_r": 0.09818038800233074,
          "n": 374
        },
        "reps": {
          "mae": 0.20769876864474804,
          "n": 374
        },
        "val_total": -0.02544387394094212,
        "val_total_per_task": {
          "exercise": 1.0260427661120572,
          "phase": 0.33306565609845246,
          "fatigue": 1.0599933308076093,
          "reps": 0.03548383645036004
        }
      }
    }
  ]
}