{
  "exercise": {
    "f1_macro": 0.27112366603892024,
    "balanced_accuracy": 0.26715686274509803,
    "n": 149
  },
  "phase": {
    "f1_macro": 0.25068092903481404,
    "balanced_accuracy": 0.2725783475783476,
    "n": 149
  },
  "fatigue": {
    "mae": 1.2152369966442953,
    "pearson_r": 0.4312111256952118,
    "n": 149
  },
  "reps": {
    "mae": 0.4750008921970257,
    "n": 149
  },
  "val_total": 1.2904984951019287,
  "val_total_per_task": {
    "exercise": 1.3404275178909302,
    "phase": 0.3232717216014862,
    "fatigue": 1.215237021446228,
    "reps": 0.1678086370229721
  }
}