{
  "exercise": {
    "f1_macro": 0.37679924242424245,
    "balanced_accuracy": 0.46537990196078427,
    "n": 149
  },
  "phase": {
    "f1_macro": 0.20249221183800623,
    "balanced_accuracy": 0.3333333333333333,
    "n": 149
  },
  "fatigue": {
    "mae": 0.7861262583892618,
    "pearson_r": 0.40117881972114033,
    "n": 149
  },
  "reps": {
    "mae": 0.4304952672338926,
    "n": 149
  },
  "val_total": 0.5679470632700312,
  "val_total_per_task": {
    "exercise": 0.9790113812324984,
    "phase": 0.3115412052845795,
    "fatigue": 0.7861262587892929,
    "reps": 0.16228822893744346
  }
}