{
  "exercise": {
    "f1_macro": 0.4285791319206114,
    "balanced_accuracy": 0.4113888343799058,
    "n": 304
  },
  "phase": {
    "f1_macro": 0.3152033152033152,
    "balanced_accuracy": 0.3361537962782857,
    "n": 229
  },
  "fatigue": {
    "mae": 1.1522024054276316,
    "pearson_r": 0.3137475372094367,
    "n": 304
  },
  "reps": {
    "mae": 0.4569052653136609,
    "n": 223
  },
  "val_total": 1.376365303993225,
  "val_total_per_task": {
    "exercise": 1.3116599321365356,
    "phase": 0.3507738709449768,
    "fatigue": 1.1522023677825928,
    "reps": 0.1516195833683014
  }
}