{
  "arch": "lstm_raw",
  "summary": {
    "val_total": {
      "mean": 0.4940712646094121,
      "std": 0.10800394879999868,
      "n": 5
    },
    "exercise": {
      "f1_macro": {
        "mean": 0.2999830723592968,
        "std": 0.0440241141047749,
        "n": 5
      },
      "balanced_accuracy": {
        "mean": 0.37110788838718145,
        "std": 0.06349977602313306,
        "n": 5
      }
    },
    "phase": {
      "f1_macro": {
        "mean": 0.2949994695450703,
        "std": 0.04284526878786305,
        "n": 5
      },
      "balanced_accuracy": {
        "mean": 0.3389958655320548,
        "std": 0.010038974258140676,
        "n": 5
      }
    },
    "fatigue": {
      "mae": {
        "mean": 1.136535763278351,
        "std": 0.07161496752950705,
        "n": 5
      },
      "pearson_r": {
        "mean": 0.17871870461869782,
        "std": 0.22510519618940728,
        "n": 5
      }
    },
    "reps": {
      "mae": {
        "mean": 0.10996855862262067,
        "std": 0.019097767699709736,
        "n": 5
      }
    }
  },
  "enabled_tasks": [
    "exercise",
    "phase",
    "fatigue",
    "reps"
  ],
  "all_results": [
    {
      "seed": 42,
      "fold": 0,
      "test_subjects": [
        "Tias",
        "sivert"
      ],
      "metrics": {
        "exercise": {
          "f1_macro": 0.2967996368236487,
          "balanced_accuracy": 0.34358173104288336,
          "n": 1256
        },
        "phase": {
          "f1_macro": 0.31295001437599024,
          "balanced_accuracy": 0.3311355070237799,
          "n": 1069
        },
        "fatigue": {
          "mae": 1.0849484972133758,
          "pearson_r": 0.27243920933769006,
          "n": 1256
        },
        "reps": {
          "mae": 0.14243977138817995,
          "n": 1067
        },
        "val_total": 0.39750993403659507,
        "val_total_per_task": {
          "exercise": 1.1350766389992586,
          "phase": 0.4180578902648513,
          "fatigue": 1.0849484949354913,
          "reps": 0.014573995540049046
        }
      }
    },
    {
      "seed": 42,
      "fold": 1,
      "test_subjects": [
        "Raghild",
        "michael"
      ],
      "metrics": {
        "exercise": {
          "f1_macro": 0.2772743470956575,
          "balanced_accuracy": 0.38443845417443445,
          "n": 1361
        },
        "phase": {
          "f1_macro": 0.3236862984881241,
          "balanced_accuracy": 0.3283305515374059,
          "n": 969
        },
        "fatigue": {
          "mae": 1.268113404665687,
          "pearson_r": 0.3297397208962368,
          "n": 1361
        },
        "reps": {
          "mae": 0.09680417632003975,
          "n": 964
        },
        "val_total": 0.5700386206863735,
        "val_total_per_task": {
          "exercise": 1.278145059778969,
          "phase": 0.494867052710468,
          "fatigue": 1.268113398359244,
          "reps": 0.008243568819481538
        }
      }
    },
    {
      "seed": 42,
      "fold": 2,
      "test_subjects": [
        "Juile",
        "lucas 2"
      ],
      "metrics": {
        "exercise": {
          "f1_macro": 0.32789723924420955,
          "balanced_accuracy": 0.4067245743212149,
          "n": 1509
        },
        "phase": {
          "f1_macro": 0.29738804658045376,
          "balanced_accuracy": 0.34971665654725764,
          "n": 1113
        },
        "fatigue": {
          "mae": 1.061482666500994,
          "pearson_r": 0.3948253729721725,
          "n": 1509
        },
        "reps": {
          "mae": 0.08622207635232898,
          "n": 1107
        },
        "val_total": 0.5220981274637029,
        "val_total_per_task": {
          "exercise": 1.1543194455291514,
          "phase": 0.515251513701389,
          "fatigue": 1.0614826705299363,
          "reps": 0.007492033369725631
        }
      }
    },
    {
      "seed": 42,
      "fold": 3,
      "test_subjects": [
        "Hytten",
        "lucas"
      ],
      "metrics": {
        "exercise": {
          "f1_macro": 0.23422815963588856,
          "balanced_accuracy": 0.26624922785191996,
          "n": 1106
        },
        "phase": {
          "f1_macro": 0.32890717475244696,
          "balanced_accuracy": 0.3524632792184974,
          "n": 944
        },
        "fatigue": {
          "mae": 1.1375628673146474,
          "pearson_r": -0.23728320052222016,
          "n": 1106
        },
        "reps": {
          "mae": 0.11551947754413863,
          "n": 941
        },
        "val_total": 0.6359844981653996,
        "val_total_per_task": {
          "exercise": 1.5361897639297015,
          "phase": 0.5114045365162827,
          "fatigue": 1.1375628617098708,
          "reps": 0.01115194237226819
        }
      }
    },
    {
      "seed": 42,
      "fold": 4,
      "test_subjects": [
        "kiyomi"
      ],
      "metrics": {
        "exercise": {
          "f1_macro": 0.3637159789970795,
          "balanced_accuracy": 0.4545454545454546,
          "n": 746
        },
        "phase": {
          "f1_macro": 0.2120658135283364,
          "balanced_accuracy": 0.3333333333333333,
          "n": 746
        },
        "fatigue": {
          "mae": 1.130571380697051,
          "pearson_r": 0.13387242040960984,
          "n": 746
        },
        "reps": {
          "mae": 0.10885729150841607,
          "n": 746
        },
        "val_total": 0.3447251426949897,
        "val_total_per_task": {
          "exercise": 1.0571341367573266,
          "phase": 0.47857969240272974,
          "fatigue": 1.1305714113782621,
          "reps": 0.0099977503453279
        }
      }
    }
  ]
}