{
  "exercise": {
    "f1_macro": 0.14709636247606891,
    "balanced_accuracy": 0.25,
    "n": 1106
  },
  "phase": {
    "f1_macro": 0.22001419446415896,
    "balanced_accuracy": 0.3333333333333333,
    "n": 944
  },
  "fatigue": {
    "mae": 0.8420123191681737,
    "pearson_r": -0.23920977458877846,
    "n": 1106
  },
  "reps": {
    "mae": 0.12161001614215769,
    "n": 941
  },
  "val_total": 1.2571097140286327,
  "val_total_per_task": {
    "exercise": 1.3206745166243954,
    "phase": 0.510274669360942,
    "fatigue": 0.8420123200304469,
    "reps": 0.01155930715756218
  }
}