{
  "exercise": {
    "f1_macro": 0.31472807428543104,
    "balanced_accuracy": 0.4021600559291016,
    "n": 266
  },
  "phase": {
    "f1_macro": 0.3026784090613878,
    "balanced_accuracy": 0.3670634920634921,
    "n": 194
  },
  "fatigue": {
    "mae": 1.347891212406015,
    "pearson_r": 0.37650248166541667,
    "n": 266
  },
  "reps": {
    "mae": 0.45253395067439195,
    "n": 189
  },
  "val_total": 1.3033368175191091,
  "val_total_per_task": {
    "exercise": 1.2482240146264099,
    "phase": 0.3773027685351838,
    "fatigue": 1.347891212406015,
    "reps": 0.15099746302554481
  }
}