{
  "exercise": {
    "f1_macro": 0.2535800930961749,
    "balanced_accuracy": 0.29096127294035334,
    "n": 182309
  },
  "phase": {
    "f1_macro": 0.21830059548331857,
    "balanced_accuracy": 0.3298252728562378,
    "n": 58337
  },
  "fatigue": {
    "mae": 0.8808692383853403,
    "pearson_r": 0.4254513064673765,
    "n": 182309
  },
  "reps": {
    "mae": 4.5361451658581045,
    "n": 182309
  }
}