{
  "exercise": {
    "f1_macro": 0.7689671355008011,
    "balanced_accuracy": 0.7683943340951525,
    "n": 252
  },
  "phase": {
    "f1_macro": 0.35070028011204485,
    "balanced_accuracy": 0.3762993762993763,
    "n": 217
  },
  "fatigue": {
    "mae": 1.0291108630952381,
    "pearson_r": 0.3832373769678999,
    "n": 252
  },
  "reps": {
    "mae": 0.47649292609541216,
    "n": 214
  },
  "val_total": 0.3974616045043582,
  "val_total_per_task": {
    "exercise": 0.6395507795470101,
    "phase": 0.28064533831581234,
    "fatigue": 1.0291108517419725,
    "reps": 0.16652568796324352
  }
}