{
  "exercise": {
    "f1_macro": 0.3272319313810485,
    "balanced_accuracy": 0.39202540327629976,
    "n": 1256
  },
  "phase": {
    "f1_macro": 0.33173402962882376,
    "balanced_accuracy": 0.33700247209747963,
    "n": 1069
  },
  "fatigue": {
    "mae": 1.1389580015923566,
    "pearson_r": 0.2354324413517181,
    "n": 1256
  },
  "reps": {
    "mae": 0.13970059156112352,
    "n": 1067
  },
  "val_total": 0.13827031964709044,
  "val_total_per_task": {
    "exercise": 1.3741043676995928,
    "phase": 0.4270470298019944,
    "fatigue": 1.1389580027312989,
    "reps": 0.013916131625082463
  }
}