{
  "arch": "cnn1d_raw",
  "summary": {
    "val_total": {
      "mean": 1.240980270930699,
      "std": 0.22658982088192117,
      "n": 5
    },
    "exercise": {
      "f1_macro": {
        "mean": 0.43596604254639004,
        "std": 0.14040234264296422,
        "n": 5
      },
      "balanced_accuracy": {
        "mean": 0.44991818524238403,
        "std": 0.14284439570390642,
        "n": 5
      }
    },
    "phase": {
      "f1_macro": {
        "mean": 0.3116272105399135,
        "std": 0.030012408835538063,
        "n": 5
      },
      "balanced_accuracy": {
        "mean": 0.33941517162297796,
        "std": 0.023587466797657487,
        "n": 5
      }
    },
    "fatigue": {
      "mae": {
        "mean": 1.253425330436509,
        "std": 0.21328964175247989,
        "n": 5
      },
      "pearson_r": {
        "mean": 0.14505336020629792,
        "std": 0.3548819215595774,
        "n": 5
      }
    },
    "reps": {
      "mae": {
        "mean": 0.47846626339475423,
        "std": 0.06725187400961802,
        "n": 5
      }
    }
  },
  "enabled_tasks": [
    "exercise",
    "phase",
    "fatigue",
    "reps"
  ],
  "all_results": [
    {
      "seed": 42,
      "fold": 0,
      "test_subjects": [
        "Tias",
        "sivert"
      ],
      "metrics": {
        "exercise": {
          "f1_macro": 0.6844067452255181,
          "balanced_accuracy": 0.6713198969939038,
          "n": 252
        },
        "phase": {
          "f1_macro": 0.3292477647795231,
          "balanced_accuracy": 0.35165935165935164,
          "n": 217
        },
        "fatigue": {
          "mae": 1.2638423859126984,
          "pearson_r": 0.11590281102055106,
          "n": 252
        },
        "reps": {
          "mae": 0.5919518384769141,
          "n": 214
        },
        "val_total": 0.8682149648666382,
        "val_total_per_task": {
          "exercise": 0.7307795286178589,
          "phase": 0.26735827326774597,
          "fatigue": 1.2638424634933472,
          "reps": 0.24015942215919495
        }
      }
    },
    {
      "seed": 42,
      "fold": 1,
      "test_subjects": [
        "Raghild",
        "michael"
      ],
      "metrics": {
        "exercise": {
          "f1_macro": 0.4549368498555759,
          "balanced_accuracy": 0.5290851890691506,
          "n": 266
        },
        "phase": {
          "f1_macro": 0.3294237940575003,
          "balanced_accuracy": 0.3494318181818182,
          "n": 194
        },
        "fatigue": {
          "mae": 1.6167910009398496,
          "pearson_r": -0.1147113269117917,
          "n": 266
        },
        "reps": {
          "mae": 0.40843626473434075,
          "n": 189
        },
        "val_total": 1.5699573423629416,
        "val_total_per_task": {
          "exercise": 1.4536465487085788,
          "phase": 0.41922643847931595,
          "fatigue": 1.6167910027324706,
          "reps": 0.13008176473746622
        }
      }
    },
    {
      "seed": 42,
      "fold": 2,
      "test_subjects": [
        "Juile",
        "lucas 2"
      ],
      "metrics": {
        "exercise": {
          "f1_macro": 0.36008147172151667,
          "balanced_accuracy": 0.3627354788069074,
          "n": 304
        },
        "phase": {
          "f1_macro": 0.30089993762808515,
          "balanced_accuracy": 0.33774233287946576,
          "n": 229
        },
        "fatigue": {
          "mae": 1.1137052837171053,
          "pearson_r": 0.4275185255769415,
          "n": 304
        },
        "reps": {
          "mae": 0.4125953728516874,
          "n": 223
        },
        "val_total": 1.201211979514674,
        "val_total_per_task": {
          "exercise": 1.3576857980928922,
          "phase": 0.32844099402427673,
          "fatigue": 1.1137052837171053,
          "reps": 0.12629614064567968
        }
      }
    },
    {
      "seed": 42,
      "fold": 3,
      "test_subjects": [
        "Hytten",
        "lucas"
      ],
      "metrics": {
        "exercise": {
          "f1_macro": 0.4188844086021506,
          "balanced_accuracy": 0.4336930084007816,
          "n": 218
        },
        "phase": {
          "f1_macro": 0.3408554185253214,
          "balanced_accuracy": 0.36315688530878404,
          "n": 187
        },
        "fatigue": {
          "mae": 1.2919653096330275,
          "pearson_r": -0.3424206326032548,
          "n": 218
        },
        "reps": {
          "mae": 0.47870352961446927,
          "n": 184
        },
        "val_total": 1.329994559288025,
        "val_total_per_task": {
          "exercise": 1.364423155784607,
          "phase": 0.3346557319164276,
          "fatigue": 1.2919652462005615,
          "reps": 0.169698566198349
        }
      }
    },
    {
      "seed": 42,
      "fold": 4,
      "test_subjects": [
        "kiyomi"
      ],
      "metrics": {
        "exercise": {
          "f1_macro": 0.26152073732718895,
          "balanced_accuracy": 0.25275735294117646,
          "n": 149
        },
        "phase": {
          "f1_macro": 0.2577091377091377,
          "balanced_accuracy": 0.2950854700854701,
          "n": 149
        },
        "fatigue": {
          "mae": 0.9808226719798657,
          "pearson_r": 0.6389774239490434,
          "n": 149
        },
        "reps": {
          "mae": 0.5006443112963598,
          "n": 149
        },
        "val_total": 1.2355225086212158,
        "val_total_per_task": {
          "exercise": 1.4333364963531494,
          "phase": 0.32558318972587585,
          "fatigue": 0.9808226823806763,
          "reps": 0.17785659432411194
        }
      }
    }
  ]
}