{
  "exercise": {
    "f1_macro": 0.11042183622828784,
    "balanced_accuracy": 0.25,
    "n": 1256
  },
  "phase": {
    "f1_macro": 0.21215986394557826,
    "balanced_accuracy": 0.3333333333333333,
    "n": 1069
  },
  "fatigue": {
    "mae": 1.1122766968550954,
    "pearson_r": 0.23527115147285554,
    "n": 1256
  },
  "reps": {
    "mae": 0.14648621000442044,
    "n": 1067
  },
  "val_total": 1.3603277791077923,
  "val_total_per_task": {
    "exercise": 1.391074415984427,
    "phase": 0.42716071920789733,
    "fatigue": 1.1122767002719223,
    "reps": 0.01514225990576729
  }
}