{
  "arch": "lstm_raw",
  "summary": {
    "val_total": {
      "mean": 0.9237829718142907,
      "std": 0.0353954906117899,
      "n": 5
    },
    "exercise": {
      "f1_macro": {
        "mean": 0.137947610309684,
        "std": 0.027544955199901338,
        "n": 5
      },
      "balanced_accuracy": {
        "mean": 0.25503401017786065,
        "std": 0.010068020355721274,
        "n": 5
      }
    },
    "phase": {
      "f1_macro": {
        "mean": 0.21626479229445078,
        "std": 0.003465698000345498,
        "n": 5
      },
      "balanced_accuracy": {
        "mean": 0.3333333333333333,
        "std": 0.0,
        "n": 5
      }
    },
    "fatigue": {
      "mae": {
        "mean": 1.0744897370120794,
        "std": 0.07912975530508858,
        "n": 5
      },
      "pearson_r": {
        "mean": 0.23039620690180956,
        "std": 0.22203886762709746,
        "n": 5
      }
    },
    "reps": {
      "mae": {
        "mean": 0.110145084648034,
        "std": 0.01783497546733818,
        "n": 5
      }
    }
  },
  "enabled_tasks": [
    "exercise",
    "phase",
    "fatigue",
    "reps"
  ],
  "all_results": [
    {
      "seed": 42,
      "fold": 0,
      "test_subjects": [
        "Tias",
        "sivert"
      ],
      "metrics": {
        "exercise": {
          "f1_macro": 0.11042183622828784,
          "balanced_accuracy": 0.25,
          "n": 1256
        },
        "phase": {
          "f1_macro": 0.21215986394557826,
          "balanced_accuracy": 0.3333333333333333,
          "n": 1069
        },
        "fatigue": {
          "mae": 1.0781343302149682,
          "pearson_r": 0.2914698532964401,
          "n": 1256
        },
        "reps": {
          "mae": 0.14078698754563732,
          "n": 1067
        },
        "val_total": 0.8953906123045903,
        "val_total_per_task": {
          "exercise": 1.3944496053039648,
          "phase": 0.4176214238640609,
          "fatigue": 1.078134333631795,
          "reps": 0.014328726344878317
        }
      }
    },
    {
      "seed": 42,
      "fold": 1,
      "test_subjects": [
        "Raghild",
        "michael"
      ],
      "metrics": {
        "exercise": {
          "f1_macro": 0.18757746815405524,
          "balanced_accuracy": 0.2751700508893032,
          "n": 1361
        },
        "phase": {
          "f1_macro": 0.2192982456140351,
          "balanced_accuracy": 0.3333333333333333,
          "n": 969
        },
        "fatigue": {
          "mae": 1.1756377433872154,
          "pearson_r": 0.36363775917656466,
          "n": 1361
        },
        "reps": {
          "mae": 0.0989769022676058,
          "n": 964
        },
        "val_total": 0.9525117988449786,
        "val_total_per_task": {
          "exercise": 1.272823603866207,
          "phase": 0.4943908929255497,
          "fatigue": 1.1756377448762365,
          "reps": 0.008457715544729199
        }
      }
    },
    {
      "seed": 42,
      "fold": 2,
      "test_subjects": [
        "Juile",
        "lucas 2"
      ],
      "metrics": {
        "exercise": {
          "f1_macro": 0.12293853073463268,
          "balanced_accuracy": 0.25,
          "n": 1509
        },
        "phase": {
          "f1_macro": 0.2177858439201452,
          "balanced_accuracy": 0.3333333333333333,
          "n": 1113
        },
        "fatigue": {
          "mae": 0.9621722788270378,
          "pearson_r": 0.49545293387972295,
          "n": 1509
        },
        "reps": {
          "mae": 0.08733271085888537,
          "n": 1107
        },
        "val_total": 0.9444516294440186,
        "val_total_per_task": {
          "exercise": 1.3774773231636537,
          "phase": 0.5147233754100193,
          "fatigue": 0.9621722935208269,
          "reps": 0.007592717164632419
        }
      }
    },
    {
      "seed": 42,
      "fold": 3,
      "test_subjects": [
        "Hytten",
        "lucas"
      ],
      "metrics": {
        "exercise": {
          "f1_macro": 0.14709636247606891,
          "balanced_accuracy": 0.25,
          "n": 1106
        },
        "phase": {
          "f1_macro": 0.22001419446415896,
          "balanced_accuracy": 0.3333333333333333,
          "n": 944
        },
        "fatigue": {
          "mae": 1.1431361607142858,
          "pearson_r": -0.15622388317974067,
          "n": 1106
        },
        "reps": {
          "mae": 0.11244668416935241,
          "n": 941
        },
        "val_total": 0.9579174518585205,
        "val_total_per_task": {
          "exercise": 1.3308833895712606,
          "phase": 0.5117444420809341,
          "fatigue": 1.1431361585586024,
          "reps": 0.010537663670879861
        }
      }
    },
    {
      "seed": 42,
      "fold": 4,
      "test_subjects": [
        "kiyomi"
      ],
      "metrics": {
        "exercise": {
          "f1_macro": 0.12170385395537525,
          "balanced_accuracy": 0.25,
          "n": 746
        },
        "phase": {
          "f1_macro": 0.2120658135283364,
          "balanced_accuracy": 0.3333333333333333,
          "n": 746
        },
        "fatigue": {
          "mae": 1.01336817191689,
          "pearson_r": 0.15764437133606074,
          "n": 746
        },
        "reps": {
          "mae": 0.11118213839868918,
          "n": 746
        },
        "val_total": 0.8686433666193454,
        "val_total_per_task": {
          "exercise": 1.3777581817662747,
          "phase": 0.4785225089369766,
          "fatigue": 1.0133681821439604,
          "reps": 0.00996769876556406
        }
      }
    }
  ]
}