{
  "exercise": {
    "f1_macro": 0.28703405608043064,
    "balanced_accuracy": 0.32953601025085955,
    "n": 626
  },
  "phase": {
    "f1_macro": 0.3019602823850646,
    "balanced_accuracy": 0.33231968810916174,
    "n": 533
  },
  "fatigue": {
    "mae": 1.0727273861821087,
    "pearson_r": 0.2976842477987934,
    "n": 626
  },
  "reps": {
    "mae": 0.26938677787265114,
    "n": 531
  },
  "val_total": 0.8325956290522323,
  "val_total_per_task": {
    "exercise": 1.1165689660337406,
    "phase": 0.2837985283650529,
    "fatigue": 1.072727382183075,
    "reps": 0.05125256210636978
  }
}