{
  "exercise": {
    "f1_macro": 0.1572199730094467,
    "balanced_accuracy": 0.25,
    "n": 557
  },
  "phase": {
    "f1_macro": 0.338337987024717,
    "balanced_accuracy": 0.3705965181771633,
    "n": 477
  },
  "fatigue": {
    "mae": 0.9623401032315978,
    "pearson_r": -0.1887707479260471,
    "n": 557
  },
  "reps": {
    "mae": 0.21542374249144933,
    "n": 474
  },
  "val_total": 1.0169809921853632,
  "val_total_per_task": {
    "exercise": 1.2638910302567954,
    "phase": 0.39590344565989083,
    "fatigue": 0.9623401083680843,
    "reps": 0.04065937199086432
  }
}