{
  "lr": 0.00038532716747527354,
  "weight_decay": 3.827574087866287e-05,
  "batch_size": 64,
  "dropout": 0.4293555656076799,
  "repr_dim": 64,
  "lstm_hidden": 32,
  "lstm_layers": 1,
  "_patience": 50
}