{
  "lr": 0.002164064235834046,
  "weight_decay": 3.4984224732336264e-06,
  "batch_size": 128,
  "dropout": 0.49796109176204423,
  "repr_dim": 64,
  "_patience": 50
}