{
  "exercise": {
    "f1_macro": 0.2968112244897959,
    "balanced_accuracy": 0.34987745098039214,
    "n": 149
  },
  "phase": {
    "f1_macro": 0.22222222222222224,
    "balanced_accuracy": 0.30655270655270656,
    "n": 149
  },
  "fatigue": {
    "mae": 1.1716390520134228,
    "pearson_r": -0.40381451489579023,
    "n": 149
  },
  "reps": {
    "mae": 0.4816345147313488,
    "n": 149
  },
  "val_total": 1.4438792083087384,
  "val_total_per_task": {
    "exercise": 1.2126808998568746,
    "phase": 0.3062106535938762,
    "fatigue": 1.171639052413454,
    "reps": 0.17776408641530364
  }
}