{
  "exercise": {
    "f1_macro": 0.12320044296788484,
    "balanced_accuracy": 0.25,
    "n": 1361
  },
  "phase": {
    "f1_macro": 0.2684461175043897,
    "balanced_accuracy": 0.3243796595081785,
    "n": 969
  },
  "fatigue": {
    "mae": 1.4253708210874356,
    "pearson_r": 0.14560041410807734,
    "n": 1361
  },
  "reps": {
    "mae": 0.09846553244121775,
    "n": 964
  },
  "val_total": 1.638218879524528,
  "val_total_per_task": {
    "exercise": 1.3218458679824256,
    "phase": 0.7101643332482085,
    "fatigue": 1.425370824415836,
    "reps": 0.007941124020561761
  }
}