{
  "exercise": {
    "f1_macro": 0.17571644042232276,
    "balanced_accuracy": 0.25,
    "n": 557
  },
  "phase": {
    "f1_macro": 0.2851112920738328,
    "balanced_accuracy": 0.31729390681003583,
    "n": 477
  },
  "fatigue": {
    "mae": 0.9666531081687613,
    "pearson_r": -0.17936663344355103,
    "n": 557
  },
  "reps": {
    "mae": 0.21235963004446717,
    "n": 474
  },
  "val_total": 1.2204533098416013,
  "val_total_per_task": {
    "exercise": 1.3717257944428942,
    "phase": 0.39780589782999065,
    "fatigue": 0.9666531096669031,
    "reps": 0.03835000736468356
  }
}