{
  "arch": "cnn1d_raw",
  "summary": {
    "val_total": {
      "mean": 1.7229055404663085,
      "std": 0.1645799817525038,
      "n": 5
    },
    "exercise": {
      "f1_macro": {
        "mean": 0.3183557978571133,
        "std": 0.0946665752484924,
        "n": 5
      },
      "balanced_accuracy": {
        "mean": 0.3506431553678316,
        "std": 0.1105416114735418,
        "n": 5
      }
    },
    "phase": {
      "f1_macro": {
        "mean": 0.3155553030204685,
        "std": 0.02913193145608393,
        "n": 5
      },
      "balanced_accuracy": {
        "mean": 0.3440186413814162,
        "std": 0.029254302054743934,
        "n": 5
      }
    },
    "fatigue": {
      "mae": {
        "mean": 1.5410699794892064,
        "std": 0.42608281728315284,
        "n": 5
      },
      "pearson_r": {
        "mean": 0.07892638453220291,
        "std": 0.29492192672316975,
        "n": 5
      }
    },
    "reps": {
      "mae": {
        "mean": 0.49038204813158287,
        "std": 0.08884456410986372,
        "n": 5
      }
    }
  },
  "enabled_tasks": [
    "exercise",
    "phase",
    "fatigue",
    "reps"
  ],
  "all_results": [
    {
      "seed": 42,
      "fold": 0,
      "test_subjects": [
        "Tias",
        "sivert"
      ],
      "metrics": {
        "exercise": {
          "f1_macro": 0.37163478575604025,
          "balanced_accuracy": 0.41619023844559894,
          "n": 252
        },
        "phase": {
          "f1_macro": 0.3610126582278481,
          "balanced_accuracy": 0.3855778855778856,
          "n": 217
        },
        "fatigue": {
          "mae": 1.329008556547619,
          "pearson_r": 0.20135697107517714,
          "n": 252
        },
        "reps": {
          "mae": 0.6445921122261854,
          "n": 214
        },
        "val_total": 1.6276404857635498,
        "val_total_per_task": {
          "exercise": 1.3685612678527832,
          "phase": 0.34254392981529236,
          "fatigue": 1.3290085792541504,
          "reps": 0.27607518434524536
        }
      }
    },
    {
      "seed": 42,
      "fold": 1,
      "test_subjects": [
        "Raghild",
        "michael"
      ],
      "metrics": {
        "exercise": {
          "f1_macro": 0.3908709865204605,
          "balanced_accuracy": 0.460078547488331,
          "n": 266
        },
        "phase": {
          "f1_macro": 0.31598803772716816,
          "balanced_accuracy": 0.3556998556998557,
          "n": 194
        },
        "fatigue": {
          "mae": 1.957479147086466,
          "pearson_r": 0.26402348184343216,
          "n": 266
        },
        "reps": {
          "mae": 0.4407039878682958,
          "n": 189
        },
        "val_total": 1.8429054021835327,
        "val_total_per_task": {
          "exercise": 1.3143484592437744,
          "phase": 0.3392581343650818,
          "fatigue": 1.9574792385101318,
          "reps": 0.15197016298770905
        }
      }
    },
    {
      "seed": 42,
      "fold": 2,
      "test_subjects": [
        "Juile",
        "lucas 2"
      ],
      "metrics": {
        "exercise": {
          "f1_macro": 0.3919355546714037,
          "balanced_accuracy": 0.41051192111459966,
          "n": 304
        },
        "phase": {
          "f1_macro": 0.29865141933061884,
          "balanced_accuracy": 0.3192634377228814,
          "n": 229
        },
        "fatigue": {
          "mae": 1.8399850945723684,
          "pearson_r": -0.28623484842496155,
          "n": 304
        },
        "reps": {
          "mae": 0.38396340129571244,
          "n": 223
        },
        "val_total": 1.758702278137207,
        "val_total_per_task": {
          "exercise": 1.2575699090957642,
          "phase": 0.36176639795303345,
          "fatigue": 1.8399851322174072,
          "reps": 0.13124921917915344
        }
      }
    },
    {
      "seed": 42,
      "fold": 3,
      "test_subjects": [
        "Hytten",
        "lucas"
      ],
      "metrics": {
        "exercise": {
          "f1_macro": 0.1430952380952381,
          "balanced_accuracy": 0.15056497175141242,
          "n": 218
        },
        "phase": {
          "f1_macro": 0.3281818181818182,
          "balanced_accuracy": 0.3562044495588799,
          "n": 187
        },
        "fatigue": {
          "mae": 1.775946100917431,
          "pearson_r": -0.24626319065480354,
          "n": 218
        },
        "reps": {
          "mae": 0.5220777777873952,
          "n": 184
        },
        "val_total": 1.9259250164031982,
        "val_total_per_task": {
          "exercise": 1.6197476387023926,
          "phase": 0.3279167711734772,
          "fatigue": 1.775946021080017,
          "reps": 0.20342694222927094
        }
      }
    },
    {
      "seed": 42,
      "fold": 4,
      "test_subjects": [
        "kiyomi"
      ],
      "metrics": {
        "exercise": {
          "f1_macro": 0.29424242424242425,
          "balanced_accuracy": 0.31587009803921573,
          "n": 149
        },
        "phase": {
          "f1_macro": 0.2739425816348893,
          "balanced_accuracy": 0.30334757834757836,
          "n": 149
        },
        "fatigue": {
          "mae": 0.8029309983221476,
          "pearson_r": 0.4617495088221703,
          "n": 149
        },
        "reps": {
          "mae": 0.4605729614803255,
          "n": 149
        },
        "val_total": 1.4593545198440552,
        "val_total_per_task": {
          "exercise": 1.6574478149414062,
          "phase": 0.3537515103816986,
          "fatigue": 0.802931010723114,
          "reps": 0.1766015589237213
        }
      }
    }
  ]
}