{
  "exercise": {
    "f1_macro": 0.28265756262847463,
    "balanced_accuracy": 0.34943868237189024,
    "n": 182309
  },
  "phase": {
    "f1_macro": 0.2635009728421176,
    "balanced_accuracy": 0.3332615347088599,
    "n": 58337
  },
  "fatigue": {
    "mae": 0.9504236053521117,
    "pearson_r": 0.1637729396650483,
    "n": 182309
  },
  "reps": {
    "mae": 4.778350648193215,
    "n": 182309
  }
}