{
  "exercise": {
    "f1_macro": 0.27880685498179797,
    "balanced_accuracy": 0.3956466972338389,
    "n": 1361
  },
  "phase": {
    "f1_macro": 0.28005145514007007,
    "balanced_accuracy": 0.3202373799191425,
    "n": 969
  },
  "fatigue": {
    "mae": 1.297776221528288,
    "pearson_r": 0.2653079066209437,
    "n": 1361
  },
  "reps": {
    "mae": 0.09659900142776459,
    "n": 964
  },
  "val_total": 1.058219896354367,
  "val_total_per_task": {
    "exercise": 1.2502152595688192,
    "phase": 0.7075133011850866,
    "fatigue": 1.2977762252070464,
    "reps": 0.007892942073851451
  }
}