{
  "summary": {
    "exercise": {
      "f1_macro": {
        "mean": 0.33934068541747336,
        "std": 0.07552672027041667,
        "n": 15
      }
    },
    "phase": {
      "f1_macro": {
        "mean": 0.2469638522619903,
        "std": 0.03325393046244758,
        "n": 15
      }
    },
    "fatigue": {
      "mae": {
        "mean": 1.0174608189941006,
        "std": 0.06865547338121174,
        "n": 15
      }
    },
    "reps": {
      "mae": {
        "mean": 2.9838681354193954,
        "std": 0.8439436268992695,
        "n": 15
      }
    },
    "variant": "features_cnn1d_p2",
    "arch": "cnn1d",
    "best_hp": {},
    "n_folds": 5,
    "seeds": [
      42,
      1337,
      7
    ],
    "subsampled": true,
    "subsample_n": 40000
  },
  "all_results": [
    {
      "seed": 42,
      "fold": 0,
      "test_subjects": [
        "Gorm",
        "Gorm",
        "Gorm"
      ],
      "metrics": {
        "exercise": {
          "f1_macro": 0.24400519194930262,
          "balanced_accuracy": 0.25926805318322244,
          "n": 182309
        },
        "phase": {
          "f1_macro": 0.22781433696661887,
          "balanced_accuracy": 0.3346607149784853,
          "n": 58337
        },
        "fatigue": {
          "mae": 1.0266617452095432,
          "pearson_r": -0.05465516220396548,
          "n": 182309
        },
        "reps": {
          "mae": 4.686021903805284,
          "n": 182309
        }
      }
    },
    {
      "seed": 42,
      "fold": 1,
      "test_subjects": [
        "Vivian",
        "michael",
        "Juile"
      ],
      "metrics": {
        "exercise": {
          "f1_macro": 0.2926543361392091,
          "balanced_accuracy": 0.31887208598188843,
          "n": 132918
        },
        "phase": {
          "f1_macro": 0.27598836236537444,
          "balanced_accuracy": 0.3365286047394092,
          "n": 78741
        },
        "fatigue": {
          "mae": 0.9608261741325702,
          "pearson_r": -0.029378784734246037,
          "n": 132918
        },
        "reps": {
          "mae": 2.753516595695349,
          "n": 132918
        }
      }
    },
    {
      "seed": 42,
      "fold": 2,
      "test_subjects": [
        "Elias",
        "sivert",
        "kiyomi"
      ],
      "metrics": {
        "exercise": {
          "f1_macro": 0.35079677667267295,
          "balanced_accuracy": 0.36216392446380863,
          "n": 96301
        },
        "phase": {
          "f1_macro": 0.24880317816727557,
          "balanced_accuracy": 0.3357748092277319,
          "n": 55121
        },
        "fatigue": {
          "mae": 1.016814348144354,
          "pearson_r": -0.243064950996896,
          "n": 96301
        },
        "reps": {
          "mae": 2.5593707899088143,
          "n": 96301
        }
      }
    },
    {
      "seed": 42,
      "fold": 3,
      "test_subjects": [
        "lucas 2",
        "Tias"
      ],
      "metrics": {
        "exercise": {
          "f1_macro": 0.40074278435835353,
          "balanced_accuracy": 0.4102003150789394,
          "n": 69958
        },
        "phase": {
          "f1_macro": 0.24376317373877152,
          "balanced_accuracy": 0.33150475940930707,
          "n": 40865
        },
        "fatigue": {
          "mae": 0.9675310557155565,
          "pearson_r": -0.020528452794100226,
          "n": 69958
        },
        "reps": {
          "mae": 2.3566962753118843,
          "n": 69958
        }
      }
    },
    {
      "seed": 42,
      "fold": 4,
      "test_subjects": [
        "lucas",
        "Raghild"
      ],
      "metrics": {
        "exercise": {
          "f1_macro": 0.44052146764698336,
          "balanced_accuracy": 0.4894245263638958,
          "n": 75011
        },
        "phase": {
          "f1_macro": 0.2749384930939543,
          "balanced_accuracy": 0.32603943864177015,
          "n": 44914
        },
        "fatigue": {
          "mae": 1.1209254941523168,
          "pearson_r": 0.15110186027758868,
          "n": 75011
        },
        "reps": {
          "mae": 2.5957479342384997,
          "n": 75011
        }
      }
    },
    {
      "seed": 1337,
      "fold": 0,
      "test_subjects": [
        "Gorm",
        "Gorm",
        "Gorm"
      ],
      "metrics": {
        "exercise": {
          "f1_macro": 0.31986042447007734,
          "balanced_accuracy": 0.32900489022121004,
          "n": 182309
        },
        "phase": {
          "f1_macro": 0.18572822723341242,
          "balanced_accuracy": 0.333351316672528,
          "n": 58337
        },
        "fatigue": {
          "mae": 0.99111514647844,
          "pearson_r": -0.033059132662247984,
          "n": 182309
        },
        "reps": {
          "mae": 4.715556813385952,
          "n": 182309
        }
      }
    },
    {
      "seed": 1337,
      "fold": 1,
      "test_subjects": [
        "Vivian",
        "michael",
        "Juile"
      ],
      "metrics": {
        "exercise": {
          "f1_macro": 0.28733823008666715,
          "balanced_accuracy": 0.2981990574154676,
          "n": 132918
        },
        "phase": {
          "f1_macro": 0.2536790548281856,
          "balanced_accuracy": 0.3267007590369131,
          "n": 78741
        },
        "fatigue": {
          "mae": 0.9765104269844702,
          "pearson_r": -0.12186721334673575,
          "n": 132918
        },
        "reps": {
          "mae": 2.7334355906726713,
          "n": 132918
        }
      }
    },
    {
      "seed": 1337,
      "fold": 2,
      "test_subjects": [
        "Elias",
        "sivert",
        "kiyomi"
      ],
      "metrics": {
        "exercise": {
          "f1_macro": 0.32412259401382354,
          "balanced_accuracy": 0.3240251760908619,
          "n": 96301
        },
        "phase": {
          "f1_macro": 0.2959505823590167,
          "balanced_accuracy": 0.3297958052312611,
          "n": 55121
        },
        "fatigue": {
          "mae": 0.992360110466154,
          "pearson_r": -0.21562578694480136,
          "n": 96301
        },
        "reps": {
          "mae": 2.5831659165247296,
          "n": 96301
        }
      }
    },
    {
      "seed": 1337,
      "fold": 3,
      "test_subjects": [
        "lucas 2",
        "Tias"
      ],
      "metrics": {
        "exercise": {
          "f1_macro": 0.31827195453361073,
          "balanced_accuracy": 0.32513202611920283,
          "n": 69958
        },
        "phase": {
          "f1_macro": 0.2590586009059486,
          "balanced_accuracy": 0.32857092464790943,
          "n": 40865
        },
        "fatigue": {
          "mae": 0.9915782588741281,
          "pearson_r": -0.23299151135577964,
          "n": 69958
        },
        "reps": {
          "mae": 2.298390805702539,
          "n": 69958
        }
      }
    },
    {
      "seed": 1337,
      "fold": 4,
      "test_subjects": [
        "lucas",
        "Raghild"
      ],
      "metrics": {
        "exercise": {
          "f1_macro": 0.44129744120859465,
          "balanced_accuracy": 0.4903120602670876,
          "n": 75011
        },
        "phase": {
          "f1_macro": 0.21886379473561202,
          "balanced_accuracy": 0.33162327063172997,
          "n": 44914
        },
        "fatigue": {
          "mae": 1.0829283107884655,
          "pearson_r": 0.1348741318427428,
          "n": 75011
        },
        "reps": {
          "mae": 2.5634321960320503,
          "n": 75011
        }
      }
    },
    {
      "seed": 7,
      "fold": 0,
      "test_subjects": [
        "Gorm",
        "Gorm",
        "Gorm"
      ],
      "metrics": {
        "exercise": {
          "f1_macro": 0.17676234900187832,
          "balanced_accuracy": 0.25677853830706826,
          "n": 182309
        },
        "phase": {
          "f1_macro": 0.20025894021029997,
          "balanced_accuracy": 0.33559554659606117,
          "n": 58337
        },
        "fatigue": {
          "mae": 0.9747454996253753,