{
  "exercise": {
    "f1_macro": 0.3478099032791312,
    "balanced_accuracy": 0.40069498992520747,
    "n": 1256
  },
  "phase": {
    "f1_macro": 0.30755426859760243,
    "balanced_accuracy": 0.3207643998459206,
    "n": 1069
  },
  "fatigue": {
    "mae": 1.0958492983678343,
    "pearson_r": 0.19736965460004696,
    "n": 1256
  },
  "reps": {
    "mae": 0.14201111377600054,
    "n": 1067
  },
  "val_total": 0.9723554242188763,
  "val_total_per_task": {
    "exercise": 1.1785787602139126,
    "phase": 0.4281619532852416,
    "fatigue": 1.0958492991271291,
    "reps": 0.014446952564131681
  }
}