{
  "exercise": {
    "f1_macro": 0.5001760091225108,
    "balanced_accuracy": 0.48338566195709054,
    "n": 304
  },
  "phase": {
    "f1_macro": 0.34570865129040557,
    "balanced_accuracy": 0.36854049147377294,
    "n": 229
  },
  "fatigue": {
    "mae": 1.225624486019737,
    "pearson_r": 0.13109552156937082,
    "n": 304
  },
  "reps": {
    "mae": 0.39672978498425854,
    "n": 223
  },
  "val_total": 0.9974655163915533,
  "val_total_per_task": {
    "exercise": 1.2782285527179116,
    "phase": 0.3562867327740318,
    "fatigue": 1.225624498568083,
    "reps": 0.12406361142271444
  }
}