{
  "exercise": {
    "f1_macro": 0.35149763979283005,
    "balanced_accuracy": 0.4178819029404733,
    "n": 1256
  },
  "phase": {
    "f1_macro": 0.2946530875906436,
    "balanced_accuracy": 0.32944599661610324,
    "n": 1069
  },
  "fatigue": {
    "mae": 1.067137116839172,
    "pearson_r": 0.3426377189836532,
    "n": 1256
  },
  "reps": {
    "mae": 0.12461995581014827,
    "n": 1067
  },
  "val_total": -0.4727924674939198,
  "val_total_per_task": {
    "exercise": 1.1904109260838502,
    "phase": 0.4256608763318153,
    "fatigue": 1.0671371179781142,
    "reps": 0.011823151438574122
  }
}