{
  "exercise": {
    "f1_macro": 0.3396854204476709,
    "balanced_accuracy": 0.41911764705882354,
    "n": 149
  },
  "phase": {
    "f1_macro": 0.3214240258913798,
    "balanced_accuracy": 0.37613960113960115,
    "n": 149
  },
  "fatigue": {
    "mae": 0.9311556208053692,
    "pearson_r": 0.10213045949193246,
    "n": 149
  },
  "reps": {
    "mae": 0.5179878196135264,
    "n": 149
  },
  "val_total": 1.2007369995117188,
  "val_total_per_task": {
    "exercise": 1.0835682153701782,
    "phase": 0.32084739208221436,
    "fatigue": 0.9311556220054626,
    "reps": 0.19881616532802582
  }
}