{
  "exercise": {
    "f1_macro": 0.38761500569610025,
    "balanced_accuracy": 0.41021796863015797,
    "n": 755
  },
  "phase": {
    "f1_macro": 0.333554755652935,
    "balanced_accuracy": 0.346608268148086,
    "n": 560
  },
  "fatigue": {
    "mae": 0.938736548013245,
    "pearson_r": 0.3960972126793869,
    "n": 755
  },
  "reps": {
    "mae": 0.170031984974647,
    "n": 554
  },
  "val_total": 0.31271328144515587,
  "val_total_per_task": {
    "exercise": 1.1670741785441012,
    "phase": 0.39352413380382867,
    "fatigue": 0.938736546434314,
    "reps": 0.029873688395647024
  }
}