{
  "exercise": {
    "f1_macro": 0.3301651457181679,
    "balanced_accuracy": 0.32796800287317274,
    "n": 132918
  },
  "phase": {
    "f1_macro": 0.3032290332680027,
    "balanced_accuracy": 0.3151772371924659,
    "n": 78741
  },
  "fatigue": {
    "mae": 1.1150736873171647,
    "pearson_r": 0.3246925239815605,
    "n": 132918
  },
  "reps": {
    "mae": 2.7013750206105955,
    "n": 132918
  }
}