{
  "exercise": {
    "f1_macro": 0.32450698168180264,
    "balanced_accuracy": 0.3765419502011547,
    "n": 1361
  },
  "phase": {
    "f1_macro": 0.30575932333717804,
    "balanced_accuracy": 0.3123682355995698,
    "n": 969
  },
  "fatigue": {
    "mae": 1.286472205639236,
    "pearson_r": 0.2984357498927649,
    "n": 1361
  },
  "reps": {
    "mae": 0.09891313420129454,
    "n": 964
  },
  "val_total": 1.3478400095870264,
  "val_total_per_task": {
    "exercise": 1.3444907241319577,
    "phase": 0.772479987862704,
    "fatigue": 1.286472202923962,
    "reps": 0.008487424042012918
  }
}