{
  "exercise": {
    "f1_macro": 0.30082289583043725,
    "balanced_accuracy": 0.38714790312134684,
    "n": 1361
  },
  "phase": {
    "f1_macro": 0.3271242073417348,
    "balanced_accuracy": 0.3325262416082489,
    "n": 969
  },
  "fatigue": {
    "mae": 1.2463807632255695,
    "pearson_r": 0.3881126509709788,
    "n": 1361
  },
  "reps": {
    "mae": 0.09706565843415892,
    "n": 964
  },
  "val_total": 1.4010614689267094,
  "val_total_per_task": {
    "exercise": 1.2362432662044527,
    "phase": 0.49476201787404855,
    "fatigue": 1.246380763838696,
    "reps": 0.008289674470443374
  }
}