{
  "exercise": {
    "f1_macro": 0.3193577277927999,
    "balanced_accuracy": 0.3983548090197883,
    "n": 755
  },
  "phase": {
    "f1_macro": 0.20519159456118666,
    "balanced_accuracy": 0.3333333333333333,
    "n": 560
  },
  "fatigue": {
    "mae": 1.1595974751655629,
    "pearson_r": 0.33360082731747676,
    "n": 755
  },
  "reps": {
    "mae": 0.16623901091230234,
    "n": 554
  },
  "val_total": 0.2508176729379111,
  "val_total_per_task": {
    "exercise": 1.1710281231545454,
    "phase": 0.36766869362616383,
    "fatigue": 1.1595974494289878,
    "reps": 0.026769824155809863
  }
}