{
  "exercise": {
    "f1_macro": 0.2578301984747793,
    "balanced_accuracy": 0.26888596662120917,
    "n": 218
  },
  "phase": {
    "f1_macro": 0.3498653381449664,
    "balanced_accuracy": 0.37082853855005754,
    "n": 187
  },
  "fatigue": {
    "mae": 1.2646753153669725,
    "pearson_r": -0.4141580410803088,
    "n": 218
  },
  "reps": {
    "mae": 0.4938015733724055,
    "n": 184
  },
  "val_total": 1.3491449356079102,
  "val_total_per_task": {
    "exercise": 1.5061572790145874,
    "phase": 0.3240375816822052,
    "fatigue": 1.264675259590149,
    "reps": 0.17915385961532593
  }
}