{
  "arch": "lstm_raw",
  "summary": {
    "val_total": {
      "mean": 0.24489175860651055,
      "std": 0.4043433748880743,
      "n": 5
    },
    "exercise": {
      "f1_macro": {
        "mean": 0.347251442802901,
        "std": 0.10295287184080211,
        "n": 5
      },
      "balanced_accuracy": {
        "mean": 0.37437559182741076,
        "std": 0.10770922388971221,
        "n": 5
      }
    },
    "phase": {
      "f1_macro": {
        "mean": 0.3050637675321333,
        "std": 0.031930995221957754,
        "n": 5
      },
      "balanced_accuracy": {
        "mean": 0.3351578410752772,
        "std": 0.012099757456317995,
        "n": 5
      }
    },
    "fatigue": {
      "mae": {
        "mean": 1.0936517645388197,
        "std": 0.09714585901838431,
        "n": 5
      },
      "pearson_r": {
        "mean": 0.18885906600992514,
        "std": 0.3172055420118448,
        "n": 5
      }
    },
    "reps": {
      "mae": {
        "mean": 0.10783508398841928,
        "std": 0.013624732806378713,
        "n": 5
      }
    }
  },
  "enabled_tasks": [
    "exercise",
    "phase",
    "fatigue",
    "reps"
  ],
  "all_results": [
    {
      "seed": 42,
      "fold": 0,
      "test_subjects": [
        "Tias",
        "sivert"
      ],
      "metrics": {
        "exercise": {
          "f1_macro": 0.4018009226417541,
          "balanced_accuracy": 0.46052067344354175,
          "n": 1256
        },
        "phase": {
          "f1_macro": 0.26252132665260236,
          "balanced_accuracy": 0.3267179127110669,
          "n": 1069
        },
        "fatigue": {
          "mae": 1.078249402866242,
          "pearson_r": 0.36596939966799014,
          "n": 1256
        },
        "reps": {
          "mae": 0.1166116549430944,
          "n": 1067
        },
        "val_total": 0.0572267011472374,
        "val_total_per_task": {
          "exercise": 1.3933143623315605,
          "phase": 0.425703087050444,
          "fatigue": 1.0782493979308256,
          "reps": 0.010780613305889497
        }
      }
    },
    {
      "seed": 42,
      "fold": 1,
      "test_subjects": [
        "Raghild",
        "michael"
      ],
      "metrics": {
        "exercise": {
          "f1_macro": 0.3744055071648901,
          "balanced_accuracy": 0.42720464057871704,
          "n": 1361
        },
        "phase": {
          "f1_macro": 0.2696289702409654,
          "balanced_accuracy": 0.3190460294499462,
          "n": 969
        },
        "fatigue": {
          "mae": 1.1286307173034533,
          "pearson_r": 0.40449644458952777,
          "n": 1361
        },
        "reps": {
          "mae": 0.09406879254234221,
          "n": 964
        },
        "val_total": 0.4674987488157341,
        "val_total_per_task": {
          "exercise": 1.6117317355966674,
          "phase": 0.7400239198896309,
          "fatigue": 1.1286307198435483,
          "reps": 0.007531784108068731
        }
      }
    },
    {
      "seed": 42,
      "fold": 2,
      "test_subjects": [
        "Juile",
        "lucas 2"
      ],
      "metrics": {
        "exercise": {
          "f1_macro": 0.4429651342605351,
          "balanced_accuracy": 0.42248845332035617,
          "n": 1509
        },
        "phase": {
          "f1_macro": 0.32923766614440036,
          "balanced_accuracy": 0.3355697227281927,
          "n": 1113
        },
        "fatigue": {
          "mae": 0.9379012384029158,
          "pearson_r": 0.4236280265150415,
          "n": 1509
        },
        "reps": {
          "mae": 0.0905610070759035,
          "n": 1107
        },
        "val_total": 0.1354795985067025,
        "val_total_per_task": {
          "exercise": 1.3412433396592844,
          "phase": 0.5321498586888184,
          "fatigue": 0.9379012430243495,
          "reps": 0.00882843134750725
        }
      }
    },
    {
      "seed": 42,
      "fold": 3,
      "test_subjects": [
        "Hytten",
        "lucas"
      ],
      "metrics": {
        "exercise": {
          "f1_macro": 0.14812558978711282,
          "balanced_accuracy": 0.16255512778152878,
          "n": 1106
        },
        "phase": {
          "f1_macro": 0.3313818722623754,
          "balanced_accuracy": 0.35463255792161547,
          "n": 944
        },
        "fatigue": {
          "mae": 1.2398282097649187,
          "pearson_r": -0.4191985890696889,
          "n": 1106
        },
        "reps": {
          "mae": 0.1265628918434823,
          "n": 941
        },
        "val_total": 0.8812728686962162,
        "val_total_per_task": {
          "exercise": 2.054407540755936,
          "phase": 0.5055638742490013,
          "fatigue": 1.2398281929505885,
          "reps": 0.012464852577536814
        }
      }
    },
    {
      "seed": 42,
      "fold": 4,
      "test_subjects": [
        "kiyomi"
      ],
      "metrics": {
        "exercise": {
          "f1_macro": 0.36896006016021266,
          "balanced_accuracy": 0.3991090640129102,
          "n": 746
        },
        "phase": {
          "f1_macro": 0.3325490023603231,
          "balanced_accuracy": 0.33982298256556476,
          "n": 746
        },
        "fatigue": {
          "mae": 1.0836492543565683,
          "pearson_r": 0.1694000483467552,
          "n": 746
        },
        "reps": {
          "mae": 0.11137107353727396,
          "n": 746
        },
        "val_total": -0.3170191241333376,
        "val_total_per_task": {
          "exercise": 1.0831870633219907,
          "phase": 0.4810498478265614,
          "fatigue": 1.0836492703363658,
          "reps": 0.009823388939388795
        }
      }
    }
  ]
}