{
  "exercise": {
    "f1_macro": 0.1214574898785425,
    "balanced_accuracy": 0.25,
    "n": 374
  },
  "phase": {
    "f1_macro": 0.2174174174174174,
    "balanced_accuracy": 0.3333333333333333,
    "n": 374
  },
  "fatigue": {
    "mae": 0.7671707887700535,
    "pearson_r": -0.05505368864841509,
    "n": 374
  },
  "reps": {
    "mae": 0.21182315060769252,
    "n": 374
  },
  "val_total": 1.2091323137283325,
  "val_total_per_task": {
    "exercise": 1.3896249532699585,
    "phase": 0.33000531792640686,
    "fatigue": 0.767170786857605,
    "reps": 0.03471270203590393
  }
}