{
  "exercise": {
    "f1_macro": 0.3231265156449879,
    "balanced_accuracy": 0.40235348861036163,
    "n": 1256
  },
  "phase": {
    "f1_macro": 0.3186620616907974,
    "balanced_accuracy": 0.32201263841551714,
    "n": 1069
  },
  "fatigue": {
    "mae": 1.0926925756369428,
    "pearson_r": 0.3141533687496068,
    "n": 1256
  },
  "reps": {
    "mae": 0.14547309494204644,
    "n": 1067
  },
  "val_total": 1.0282307183666595,
  "val_total_per_task": {
    "exercise": 1.1032992844369,
    "phase": 0.4196082378269001,
    "fatigue": 1.0926925707015263,
    "reps": 0.015211428640184889
  }
}