{
  "exercise": {
    "f1_macro": 0.12281650192907308,
    "balanced_accuracy": 0.1496584591515709,
    "n": 1106
  },
  "phase": {
    "f1_macro": 0.31098412882578447,
    "balanced_accuracy": 0.330939161805702,
    "n": 944
  },
  "fatigue": {
    "mae": 1.018418710443038,
    "pearson_r": -0.19913996215828048,
    "n": 1106
  },
  "reps": {
    "mae": 0.11659839990505241,
    "n": 941
  },
  "val_total": 0.029737522546033533,
  "val_total_per_task": {
    "exercise": 1.8768696869044796,
    "phase": 0.5050834097224162,
    "fatigue": 1.0184187082873546,
    "reps": 0.012055837870937575
  }
}