{
  "exercise": {
    "f1_macro": 0.36373165618448633,
    "balanced_accuracy": 0.45481927710843373,
    "n": 374
  },
  "phase": {
    "f1_macro": 0.21642271398962398,
    "balanced_accuracy": 0.3241151114079291,
    "n": 374
  },
  "fatigue": {
    "mae": 1.1637073863636365,
    "pearson_r": 0.09216818250199127,
    "n": 374
  },
  "reps": {
    "mae": 0.2081367834172346,
    "n": 374
  },
  "val_total": 0.08512619472442463,
  "val_total_per_task": {
    "exercise": 1.0621474828312103,
    "phase": 0.3329396609635277,
    "fatigue": 1.163707395288396,
    "reps": 0.03510771765508116
  }
}