{
  "exercise": {
    "f1_macro": 0.385216240070609,
    "balanced_accuracy": 0.4555677215059733,
    "n": 266
  },
  "phase": {
    "f1_macro": 0.275646435140106,
    "balanced_accuracy": 0.30623196248196244,
    "n": 194
  },
  "fatigue": {
    "mae": 1.2965666118421053,
    "pearson_r": 0.2031299257949158,
    "n": 266
  },
  "reps": {
    "mae": 0.4277466470424933,
    "n": 189
  },
  "val_total": 1.0490480042938004,
  "val_total_per_task": {
    "exercise": 1.2896343604066318,
    "phase": 0.38532126218752755,
    "fatigue": 1.2965666118421053,
    "reps": 0.14186571952991917
  }
}