{
  "lr": 0.004843709482794668,
  "weight_decay": 1.5495203880247103e-05,
  "batch_size": 128,
  "dropout": 0.3659071080844388,
  "repr_dim": 128,
  "lstm_hidden": 32,
  "lstm_layers": 1,
  "_patience": 50
}