{
  "exercise": {
    "f1_macro": 0.43668218780578333,
    "balanced_accuracy": 0.4966123825386055,
    "n": 266
  },
  "phase": {
    "f1_macro": 0.2678042189679219,
    "balanced_accuracy": 0.30104617604617606,
    "n": 194
  },
  "fatigue": {
    "mae": 1.5322192199248121,
    "pearson_r": 0.35575605379146535,
    "n": 266
  },
  "reps": {
    "mae": 0.47410184155814544,
    "n": 189
  },
  "val_total": 1.305834388374386,
  "val_total_per_task": {
    "exercise": 1.2288043364546353,
    "phase": 0.3852279437215705,
    "fatigue": 1.5322192253026747,
    "reps": 0.15032170948229337
  }
}