{
  "exercise": {
    "f1_macro": 0.38670004753262466,
    "balanced_accuracy": 0.46124316388739467,
    "n": 746
  },
  "phase": {
    "f1_macro": 0.2562042689618745,
    "balanced_accuracy": 0.32880394428108944,
    "n": 746
  },
  "fatigue": {
    "mae": 1.03460644269437,
    "pearson_r": 0.3322687801528385,
    "n": 746
  },
  "reps": {
    "mae": 0.10500833611366096,
    "n": 746
  },
  "val_total": -0.48751196305170136,
  "val_total_per_task": {
    "exercise": 1.16394985073693,
    "phase": 0.48451920313106467,
    "fatigue": 1.0346064522822485,
    "reps": 0.01066322415947275
  }
}