{
  "exercise": {
    "f1_macro": 0.39037436497980854,
    "balanced_accuracy": 0.4579210336646746,
    "n": 252
  },
  "phase": {
    "f1_macro": 0.32212630622444344,
    "balanced_accuracy": 0.35458535458535456,
    "n": 217
  },
  "fatigue": {
    "mae": 1.1119481646825398,
    "pearson_r": 0.2569159842886244,
    "n": 252
  },
  "reps": {
    "mae": 0.6871932653414312,
    "n": 214
  },
  "val_total": 1.4769867658615112,
  "val_total_per_task": {
    "exercise": 1.2864738702774048,
    "phase": 0.3193757236003876,
    "fatigue": 1.1119482517242432,
    "reps": 0.30694180727005005
  }
}