{
  "exercise": {
    "f1_macro": 0.3658699456571797,
    "balanced_accuracy": 0.45783132530120485,
    "n": 374
  },
  "phase": {
    "f1_macro": 0.2630842689379275,
    "balanced_accuracy": 0.28690830348288915,
    "n": 374
  },
  "fatigue": {
    "mae": 1.049914354946524,
    "pearson_r": 0.11339216887480176,
    "n": 374
  },
  "reps": {
    "mae": 0.20722093191346463,
    "n": 374
  },
  "val_total": -0.05725316504106165,
  "val_total_per_task": {
    "exercise": 1.0266283138550538,
    "phase": 0.3325479835431206,
    "fatigue": 1.0499143715210777,
    "reps": 0.03532501828064893
  }
}