{
  "lr": 0.002475165136836837,
  "weight_decay": 7.160840519901122e-05,
  "batch_size": 64,
  "dropout": 0.4491325405859746,
  "repr_dim": 64,
  "_patience": 50
}