{
  "exercise": {
    "f1_macro": 0.2707875860049773,
    "balanced_accuracy": 0.35832665062817426,
    "n": 266
  },
  "phase": {
    "f1_macro": 0.217908865273862,
    "balanced_accuracy": 0.3333784271284271,
    "n": 194
  },
  "fatigue": {
    "mae": 1.3949424342105263,
    "pearson_r": 0.38070444838205975,
    "n": 266
  },
  "reps": {
    "mae": 0.48044776328144567,
    "n": 189
  },
  "val_total": 1.3109192597238641,
  "val_total_per_task": {
    "exercise": 1.2429350659363252,
    "phase": 0.3723188307052268,
    "fatigue": 1.3949424342105263,
    "reps": 0.1578454325969954
  }
}