{
  "arch": "lstm_raw",
  "summary": {
    "val_total": {
      "mean": 0.39615604980795965,
      "std": 0.13417777747733325,
      "n": 5
    },
    "exercise": {
      "f1_macro": {
        "mean": 0.3444583618310284,
        "std": 0.07386250997219859,
        "n": 5
      },
      "balanced_accuracy": {
        "mean": 0.3965796105189757,
        "std": 0.08553109521082555,
        "n": 5
      }
    },
    "phase": {
      "f1_macro": {
        "mean": 0.2883784102185822,
        "std": 0.04040650226486852,
        "n": 5
      },
      "balanced_accuracy": {
        "mean": 0.3259502427823785,
        "std": 0.006671678688682331,
        "n": 5
      }
    },
    "fatigue": {
      "mae": {
        "mean": 1.0728830852681472,
        "std": 0.06666778317278226,
        "n": 5
      },
      "pearson_r": {
        "mean": 0.20643496930707683,
        "std": 0.2277004487981881,
        "n": 5
      }
    },
    "reps": {
      "mae": {
        "mean": 0.11110081814925898,
        "std": 0.020207293548420643,
        "n": 5
      }
    }
  },
  "enabled_tasks": [
    "exercise",
    "phase",
    "fatigue",
    "reps"
  ],
  "all_results": [
    {
      "seed": 42,
      "fold": 0,
      "test_subjects": [
        "Tias",
        "sivert"
      ],
      "metrics": {
        "exercise": {
          "f1_macro": 0.4119281456578615,
          "balanced_accuracy": 0.46779125826759105,
          "n": 1256
        },
        "phase": {
          "f1_macro": 0.30028238230318466,
          "balanced_accuracy": 0.3221333177303512,
          "n": 1069
        },
        "fatigue": {
          "mae": 1.1146403513136942,
          "pearson_r": 0.2993624688631422,
          "n": 1256
        },
        "reps": {
          "mae": 0.14634649632603364,
          "n": 1067
        },
        "val_total": 0.307308149565557,
        "val_total_per_task": {
          "exercise": 1.1005008387717472,
          "phase": 0.4182560487537627,
          "fatigue": 1.1146403467579253,
          "reps": 0.015069220719301397
        }
      }
    },
    {
      "seed": 42,
      "fold": 1,
      "test_subjects": [
        "Raghild",
        "michael"
      ],
      "metrics": {
        "exercise": {
          "f1_macro": 0.3639367456741588,
          "balanced_accuracy": 0.413640368973783,
          "n": 1361
        },
        "phase": {
          "f1_macro": 0.3125952077408388,
          "balanced_accuracy": 0.3165045806906272,
          "n": 969
        },
        "fatigue": {
          "mae": 1.1791364346069066,
          "pearson_r": 0.40967521346592767,
          "n": 1361
        },
        "reps": {
          "mae": 0.09580784047377988,
          "n": 964
        },
        "val_total": 0.47200297026140214,
        "val_total_per_task": {
          "exercise": 1.272126304761703,
          "phase": 0.49604160035909056,
          "fatigue": 1.1791364285632322,
          "reps": 0.008195597506665422
        }
      }
    },
    {
      "seed": 42,
      "fold": 2,
      "test_subjects": [
        "Juile",
        "lucas 2"
      ],
      "metrics": {
        "exercise": {
          "f1_macro": 0.3783019577614598,
          "balanced_accuracy": 0.4123737379821689,
          "n": 1509
        },
        "phase": {
          "f1_macro": 0.28842481756909205,
          "balanced_accuracy": 0.32404371584699454,
          "n": 1113
        },
        "fatigue": {
          "mae": 1.0023504804506296,
          "pearson_r": 0.393368174100263,
          "n": 1509
        },
        "reps": {
          "mae": 0.08813294505131748,
          "n": 1107
        },
        "val_total": 0.44453383412402225,
        "val_total_per_task": {
          "exercise": 1.2072478463272136,
          "phase": 0.5169425219435657,
          "fatigue": 1.002350492063463,
          "reps": 0.0077097985746599415
        }
      }
    },
    {
      "seed": 42,
      "fold": 3,
      "test_subjects": [
        "Hytten",
        "lucas"
      ],
      "metrics": {
        "exercise": {
          "f1_macro": 0.20067765327009285,
          "balanced_accuracy": 0.2315169297955783,
          "n": 1106
        },
        "phase": {
          "f1_macro": 0.32852382995145907,
          "balanced_accuracy": 0.33373626631058634,
          "n": 944
        },
        "fatigue": {
          "mae": 1.0587738754520795,
          "pearson_r": -0.20490665403317415,
          "n": 1106
        },
        "reps": {
          "mae": 0.11669935414782358,
          "n": 941
        },
        "val_total": 0.5700472732349071,
        "val_total_per_task": {
          "exercise": 1.6090633127616067,
          "phase": 0.5118158872476753,
          "fatigue": 1.0587738707095762,
          "reps": 0.011171145591999372
        }
      }
    },
    {
      "seed": 42,
      "fold": 4,
      "test_subjects": [
        "kiyomi"
      ],
      "metrics": {
        "exercise": {
          "f1_macro": 0.3674473067915691,
          "balanced_accuracy": 0.4575757575757576,
          "n": 746
        },
        "phase": {
          "f1_macro": 0.2120658135283364,
          "balanced_accuracy": 0.3333333333333333,
          "n": 746
        },
        "fatigue": {
          "mae": 1.0095142845174263,
          "pearson_r": 0.13467564413922536,
          "n": 746
        },
        "reps": {
          "mae": 0.10851745474734031,
          "n": 746
        },
        "val_total": 0.18688802185390974,
        "val_total_per_task": {
          "exercise": 1.0097091722104887,
          "phase": 0.47884181429489686,
          "fatigue": 1.0095142982600522,
          "reps": 0.01003888095841411
        }
      }
    }
  ]
}