{
  "exercise": {
    "f1_macro": 0.26671500827017247,
    "balanced_accuracy": 0.24938268576661432,
    "n": 304
  },
  "phase": {
    "f1_macro": 0.2109452736318408,
    "balanced_accuracy": 0.3333333333333333,
    "n": 229
  },
  "fatigue": {
    "mae": 1.0655838815789473,
    "pearson_r": 0.24223881130991237,
    "n": 304
  },
  "reps": {
    "mae": 0.4289819160058693,
    "n": 223
  },
  "val_total": 1.6160683757380436,
  "val_total_per_task": {
    "exercise": 1.5113485235916941,
    "phase": 0.37876562774181366,
    "fatigue": 1.0655838878531205,
    "reps": 0.16859298042560877
  }
}