{
  "exercise": {
    "f1_macro": 0.35207319225884226,
    "balanced_accuracy": 0.39987607964209726,
    "n": 682
  },
  "phase": {
    "f1_macro": 0.2976318123452868,
    "balanced_accuracy": 0.3059730818351508,
    "n": 488
  },
  "fatigue": {
    "mae": 1.1981304985337244,
    "pearson_r": 0.3029752444322654,
    "n": 682
  },
  "reps": {
    "mae": 0.18589813423756493,
    "n": 482
  },
  "val_total": 0.7586101576729604,
  "val_total_per_task": {
    "exercise": 1.2838850304528067,
    "phase": 0.5256221846751103,
    "fatigue": 1.1981304992328992,
    "reps": 0.029176558217694683
  }
}