{
  "exercise": {
    "f1_macro": 0.3506091265744373,
    "balanced_accuracy": 0.42647058823529416,
    "n": 149
  },
  "phase": {
    "f1_macro": 0.25795308930859656,
    "balanced_accuracy": 0.32884615384615384,
    "n": 149
  },
  "fatigue": {
    "mae": 0.7102558724832215,
    "pearson_r": 0.3278796575860135,
    "n": 149
  },
  "reps": {
    "mae": 0.4750514833394113,
    "n": 149
  },
  "val_total": 1.0430675737009754,
  "val_total_per_task": {
    "exercise": 1.1152048751011792,
    "phase": 0.31062537631732506,
    "fatigue": 0.7102558784836891,
    "reps": 0.18494817964582635
  }
}