{
  "exercise": {
    "f1_macro": 0.42639969867682187,
    "balanced_accuracy": 0.41297504578754574,
    "n": 304
  },
  "phase": {
    "f1_macro": 0.33037896195790933,
    "balanced_accuracy": 0.36289956558386827,
    "n": 229
  },
  "fatigue": {
    "mae": 1.2144711143092106,
    "pearson_r": 0.22267490830644904,
    "n": 304
  },
  "reps": {
    "mae": 0.4279969692973612,
    "n": 223
  },
  "val_total": 1.0076130973665338,
  "val_total_per_task": {
    "exercise": 1.2753030877364309,
    "phase": 0.3622818510783346,
    "fatigue": 1.2144711205833836,
    "reps": 0.14489050601658068
  }
}