{
  "exercise": {
    "f1_macro": 0.431360563282306,
    "balanced_accuracy": 0.49355273431634583,
    "n": 252
  },
  "phase": {
    "f1_macro": 0.32423881032930124,
    "balanced_accuracy": 0.349002849002849,
    "n": 217
  },
  "fatigue": {
    "mae": 1.1681857638888888,
    "pearson_r": 0.06164622317074187,
    "n": 252
  },
  "reps": {
    "mae": 0.6017213355506135,
    "n": 214
  },
  "val_total": 0.8262512362192548,
  "val_total_per_task": {
    "exercise": 1.005775116738819,
    "phase": 0.31696821252504986,
    "fatigue": 1.1681857676733107,
    "reps": 0.25162096226972247
  }
}