{
  "exercise": {
    "f1_macro": 0.35828173374613004,
    "balanced_accuracy": 0.4487951807228916,
    "n": 374
  },
  "phase": {
    "f1_macro": 0.24656341586040295,
    "balanced_accuracy": 0.33323214538684154,
    "n": 374
  },
  "fatigue": {
    "mae": 1.1514977439839573,
    "pearson_r": 0.061874170444354566,
    "n": 374
  },
  "reps": {
    "mae": 0.2220948113920416,
    "n": 374
  },
  "val_total": 0.9200664286944955,
  "val_total_per_task": {
    "exercise": 1.1027557779760921,
    "phase": 0.3334225288686905,
    "fatigue": 1.151497714659747,
    "reps": 0.036741091725341776
  }
}