{
  "exercise": {
    "f1_macro": 0.223252625708709,
    "balanced_accuracy": 0.2504529514903565,
    "n": 218
  },
  "phase": {
    "f1_macro": 0.19444444444444445,
    "balanced_accuracy": 0.32489451476793246,
    "n": 187
  },
  "fatigue": {
    "mae": 1.0593463302752293,
    "pearson_r": -0.15156060680213795,
    "n": 218
  },
  "reps": {
    "mae": 0.4465042809429376,
    "n": 184
  },
  "val_total": 2.706397739025431,
  "val_total_per_task": {
    "exercise": 1.3482121376816285,
    "phase": 0.31413111145343253,
    "fatigue": 1.059346328087903,
    "reps": 0.18367647598369405
  }
}