{
  "exercise": {
    "f1_macro": 0.33020336169329734,
    "balanced_accuracy": 0.38388480392156865,
    "n": 149
  },
  "phase": {
    "f1_macro": 0.29148629148629146,
    "balanced_accuracy": 0.31011396011396014,
    "n": 149
  },
  "fatigue": {
    "mae": 0.8062342701342282,
    "pearson_r": 0.29329925966995846,
    "n": 149
  },
  "reps": {
    "mae": 0.4534145204487863,
    "n": 149
  },
  "val_total": 0.7687187306832948,
  "val_total_per_task": {
    "exercise": 1.1543337442730897,
    "phase": 0.3142734585992442,
    "fatigue": 0.806234278934914,
    "reps": 0.1611755173778374
  }
}