{
  "exercise": {
    "f1_macro": 0.5909263421462511,
    "balanced_accuracy": 0.5921067290552584,
    "n": 149
  },
  "phase": {
    "f1_macro": 0.45833827189759396,
    "balanced_accuracy": 0.48504273504273504,
    "n": 149
  },
  "fatigue": {
    "mae": 1.1011430369127517,
    "pearson_r": 0.31461304218487773,
    "n": 149
  },
  "reps": {
    "mae": 0.41497238559160854,
    "n": 149
  },
  "val_total": 1.5284237829630807,
  "val_total_per_task": {
    "exercise": 1.1718265194220832,
    "phase": 0.27135365591353217,
    "fatigue": 1.1011430529139985,
    "reps": 0.13301275120485548
  }
}