{
  "lr": 0.004975922555458088,
  "weight_decay": 2.6575197237249637e-05,
  "batch_size": 128,
  "dropout": 0.49659630092904067,
  "repr_dim": 64,
  "lstm_hidden": 32,
  "lstm_layers": 1,
  "_patience": 50
}