{
  "exercise": {
    "f1_macro": 0.15975569966664474,
    "balanced_accuracy": 0.2000096967433308,
    "n": 1106
  },
  "phase": {
    "f1_macro": 0.295342441615325,
    "balanced_accuracy": 0.33247124417269897,
    "n": 944
  },
  "fatigue": {
    "mae": 1.0204460047468353,
    "pearson_r": -0.2602196023135004,
    "n": 1106
  },
  "reps": {
    "mae": 0.1188272409164322,
    "n": 941
  },
  "val_total": -0.14779659550616797,
  "val_total_per_task": {
    "exercise": 1.6688578994321563,
    "phase": 0.5066670815293656,
    "fatigue": 1.0204460060402454,
    "reps": 0.012080616917238851
  }
}