{
  "arch": "lstm_raw",
  "summary": {
    "val_total": {
      "mean": 0.6926624650344515,
      "std": 0.1977408754013498,
      "n": 5
    },
    "exercise": {
      "f1_macro": {
        "mean": 0.33556616798827416,
        "std": 0.11035072204146655,
        "n": 5
      },
      "balanced_accuracy": {
        "mean": 0.3515382812670039,
        "std": 0.12372243590075467,
        "n": 5
      }
    },
    "phase": {
      "f1_macro": {
        "mean": 0.30321549063613557,
        "std": 0.04564070018404785,
        "n": 5
      },
      "balanced_accuracy": {
        "mean": 0.34195267347311137,
        "std": 0.008670720217594201,
        "n": 5
      }
    },
    "fatigue": {
      "mae": {
        "mean": 0.9915340045940113,
        "std": 0.11856624682026912,
        "n": 5
      },
      "pearson_r": {
        "mean": 0.25609735555870644,
        "std": 0.2547766967346412,
        "n": 5
      }
    },
    "reps": {
      "mae": {
        "mean": 0.21631540759034645,
        "std": 0.030115764051758462,
        "n": 5
      }
    }
  },
  "enabled_tasks": [
    "exercise",
    "phase",
    "fatigue",
    "reps"
  ],
  "all_results": [
    {
      "seed": 42,
      "fold": 0,
      "test_subjects": [
        "Tias",
        "sivert"
      ],
      "metrics": {
        "exercise": {
          "f1_macro": 0.4155786276835127,
          "balanced_accuracy": 0.43134214238060015,
          "n": 626
        },
        "phase": {
          "f1_macro": 0.3472444172785138,
          "balanced_accuracy": 0.35742690058479537,
          "n": 533
        },
        "fatigue": {
          "mae": 1.0414773861821087,
          "pearson_r": 0.39067680463452337,
          "n": 626
        },
        "reps": {
          "mae": 0.2658530277175489,
          "n": 531
        },
        "val_total": 0.5505546954112311,
        "val_total_per_task": {
          "exercise": 1.2371260723747766,
          "phase": 0.24963442090982066,
          "fatigue": 1.0414773913237234,
          "reps": 0.04928468871778383
        }
      }
    },
    {
      "seed": 42,
      "fold": 1,
      "test_subjects": [
        "Raghild",
        "michael"
      ],
      "metrics": {
        "exercise": {
          "f1_macro": 0.4174356417288354,
          "balanced_accuracy": 0.4645976625405017,
          "n": 682
        },
        "phase": {
          "f1_macro": 0.3120590828924162,
          "balanced_accuracy": 0.3341683858925238,
          "n": 488
        },
        "fatigue": {
          "mae": 1.160677465175953,
          "pearson_r": 0.38970388893405755,
          "n": 682
        },
        "reps": {
          "mae": 0.19577550459112122,
          "n": 482
        },
        "val_total": 0.7777742346710473,
        "val_total_per_task": {
          "exercise": 1.4422163606738765,
          "phase": 0.35050963289227305,
          "fatigue": 1.1606774774115107,
          "reps": 0.033050573990841416
        }
      }
    },
    {
      "seed": 42,
      "fold": 2,
      "test_subjects": [
        "Juile",
        "lucas 2"
      ],
      "metrics": {
        "exercise": {
          "f1_macro": 0.4121070286199172,
          "balanced_accuracy": 0.42975797164714247,
          "n": 755
        },
        "phase": {
          "f1_macro": 0.30394205749175324,
          "balanced_accuracy": 0.3416639846260769,
          "n": 560
        },
        "fatigue": {
          "mae": 0.860456332781457,
          "pearson_r": 0.45710552267192606,
          "n": 755
        },
        "reps": {
          "mae": 0.17696997832207662,
          "n": 554
        },
        "val_total": 0.6175825966904495,
        "val_total_per_task": {
          "exercise": 1.2395644765815987,
          "phase": 0.36523465999704324,
          "fatigue": 0.8604563283604502,
          "reps": 0.029712943120902738
        }
      }
    },
    {
      "seed": 42,
      "fold": 3,
      "test_subjects": [
        "Hytten",
        "lucas"
      ],
      "metrics": {
        "exercise": {
          "f1_macro": 0.1341946007787592,
          "balanced_accuracy": 0.13077995152439414,
          "n": 557
        },
        "phase": {
          "f1_macro": 0.33541447810057695,
          "balanced_accuracy": 0.3431707629288274,
          "n": 477
        },
        "fatigue": {
          "mae": 1.0427443334829443,
          "pearson_r": -0.24129016224035862,
          "n": 557
        },
        "reps": {
          "mae": 0.22684334721642188,
          "n": 474
        },
        "val_total": 1.0359274121118405,
        "val_total_per_task": {
          "exercise": 1.807830643183025,
          "phase": 0.3962166201276454,
          "fatigue": 1.0427443336969646,
          "reps": 0.04103446346532079
        }
      }
    },
    {
      "seed": 42,
      "fold": 4,
      "test_subjects": [
        "kiyomi"
      ],
      "metrics": {
        "exercise": {
          "f1_macro": 0.29851494113034654,
          "balanced_accuracy": 0.3012136782423813,
          "n": 374
        },
        "phase": {
          "f1_macro": 0.2174174174174174,
          "balanced_accuracy": 0.3333333333333333,
          "n": 374
        },
        "fatigue": {
          "mae": 0.8523145053475936,
          "pearson_r": 0.284290723793384,
          "n": 374
        },
        "reps": {
          "mae": 0.21613518010456373,
          "n": 374
        },
        "val_total": 0.4814733862876892,
        "val_total_per_task": {
          "exercise": 1.2649128437042236,
          "phase": 0.34441548585891724,
          "fatigue": 0.8523145318031311,
          "reps": 0.03464362025260925
        }
      }
    }
  ]
}