{
  "arch": "lstm_raw",
  "summary": {
    "val_total": {
      "mean": -0.14532900437984445,
      "std": 0.3236887872431325,
      "n": 15
    },
    "exercise": {
      "f1_macro": {
        "mean": 0.3440081972242747,
        "std": 0.05985508203686147,
        "n": 15
      },
      "balanced_accuracy": {
        "mean": 0.39595377013938404,
        "std": 0.07002996360240352,
        "n": 15
      }
    },
    "phase": {
      "f1_macro": {
        "mean": 0.30915778561874047,
        "std": 0.027521545226843462,
        "n": 15
      },
      "balanced_accuracy": {
        "mean": 0.3397707396970038,
        "std": 0.014175178506528092,
        "n": 15
      }
    },
    "fatigue": {
      "mae": {
        "mean": 1.026347185730751,
        "std": 0.18426335203976,
        "n": 15
      },
      "pearson_r": {
        "mean": 0.2777496770038661,
        "std": 0.28001284943951144,
        "n": 15
      }
    },
    "reps": {
      "mae": {
        "mean": 0.10660706376810382,
        "std": 0.015028317260110953,
        "n": 15
      }
    }
  },
  "enabled_tasks": [
    "exercise",
    "phase",
    "fatigue",
    "reps"
  ],
  "all_results": [
    {
      "seed": 42,
      "fold": 0,
      "test_subjects": [
        "Tias",
        "sivert"
      ],
      "metrics": {
        "exercise": {
          "f1_macro": 0.3741194719169151,
          "balanced_accuracy": 0.45210773766834006,
          "n": 1256
        },
        "phase": {
          "f1_macro": 0.3091484234412418,
          "balanced_accuracy": 0.3374839703738377,
          "n": 1069
        },
        "fatigue": {
          "mae": 1.100044785031847,
          "pearson_r": 0.30031628278403905,
          "n": 1256
        },
        "reps": {
          "mae": 0.12610965179220093,
          "n": 1067
        },
        "val_total": -0.3813832831230892,
        "val_total_per_task": {
          "exercise": 1.1324372519353392,
          "phase": 0.42629705189139977,
          "fatigue": 1.1000447856013182,
          "reps": 0.012090282923998726
        }
      }
    },
    {
      "seed": 42,
      "fold": 1,
      "test_subjects": [
        "Raghild",
        "michael"
      ],
      "metrics": {
        "exercise": {
          "f1_macro": 0.37325557601800696,
          "balanced_accuracy": 0.4213520522678592,
          "n": 1361
        },
        "phase": {
          "f1_macro": 0.24858457183297947,
          "balanced_accuracy": 0.343220206965617,
          "n": 969
        },
        "fatigue": {
          "mae": 1.2153575036737694,
          "pearson_r": 0.36119506787722294,
          "n": 1361
        },
        "reps": {
          "mae": 0.09790480897966695,
          "n": 964
        },
        "val_total": -0.0026259993385690525,
        "val_total_per_task": {
          "exercise": 1.30538111693013,
          "phase": 0.6955349783438431,
          "fatigue": 1.2153575038489484,
          "reps": 0.007692469580921507
        }
      }
    },
    {
      "seed": 42,
      "fold": 2,
      "test_subjects": [
        "Juile",
        "lucas 2"
      ],
      "metrics": {
        "exercise": {
          "f1_macro": 0.34719617930723146,
          "balanced_accuracy": 0.35667363582407924,
          "n": 1509
        },
        "phase": {
          "f1_macro": 0.32655109687110623,
          "balanced_accuracy": 0.34530459421169807,
          "n": 1113
        },
        "fatigue": {
          "mae": 0.9843879431742876,
          "pearson_r": 0.40870595676175353,
          "n": 1509
        },
        "reps": {
          "mae": 0.08544952461374848,
          "n": 1107
        },
        "val_total": 0.1907820657359756,
        "val_total_per_task": {
          "exercise": 1.2292290387997333,
          "phase": 0.8190883239465806,
          "fatigue": 0.9843879437272797,
          "reps": 0.006837055649956463
        }
      }
    },
    {
      "seed": 42,
      "fold": 3,
      "test_subjects": [
        "Hytten",
        "lucas"
      ],
      "metrics": {
        "exercise": {
          "f1_macro": 0.22397394181340916,
          "balanced_accuracy": 0.2591167344241571,
          "n": 1106
        },
        "phase": {
          "f1_macro": 0.30391960082995584,
          "balanced_accuracy": 0.3367254667697426,
          "n": 944
        },
        "fatigue": {
          "mae": 1.0577990788878842,
          "pearson_r": -0.22623626828841778,
          "n": 1106
        },
        "reps": {
          "mae": 0.10877247935870621,
          "n": 941
        },
        "val_total": -0.060540888451753865,
        "val_total_per_task": {
          "exercise": 1.4905028009069763,
          "phase": 0.5043764546594396,
          "fatigue": 1.0577990737142442,
          "reps": 0.0116306314174133
        }
      }
    },
    {
      "seed": 42,
      "fold": 4,
      "test_subjects": [
        "kiyomi"
      ],
      "metrics": {
        "exercise": {
          "f1_macro": 0.35407856213402733,
          "balanced_accuracy": 0.4341856060606061,
          "n": 746
        },
        "phase": {
          "f1_macro": 0.2941325714537853,
          "balanced_accuracy": 0.3033502628530696,
          "n": 746
        },
        "fatigue": {
          "mae": 0.6020965985254692,
          "pearson_r": 0.6607409371152119,
          "n": 746
        },
        "reps": {
          "mae": 0.10632771129243015,
          "n": 746
        },
        "val_total": -0.7635521121702629,
        "val_total_per_task": {
          "exercise": 1.1855979304530986,
          "phase": 0.4786808663334987,
          "fatigue": 0.6020965977264793,
          "reps": 0.009971239941129736
        }
      }
    },
    {
      "seed": 1337,
      "fold": 0,
      "test_subjects": [
        "Tias",
        "sivert"
      ],
      "metrics": {
        "exercise": {
          "f1_macro": 0.3785285490826122,
          "balanced_accuracy": 0.45301095435009936,
          "n": 1256
        },
        "phase": {
          "f1_macro": 0.34067546671920423,
          "balanced_accuracy": 0.34425785878325993,
          "n": 1069
        },
        "fatigue": {
          "mae": 1.067507215366242,
          "pearson_r": 0.3410305285821751,
          "n": 1256
        },
        "reps": {
          "mae": 0.12455959842630226,
          "n": 1067
        },
        "val_total": -0.2646710766348869,
        "val_total_per_task": {
          "exercise": 1.2140732289879186,
          "phase": 0.42513917927529404,
          "fatigue": 1.0675072170746553,
          "reps": 0.011916279608893927
        }
      }
    },
    {
      "seed": 1337,
      "fold": 1,
      "test_subjects": [
        "Raghild",
        "michael"
      ],
      "metrics": {
        "exercise": {
          "f1_macro": 0.3987136164625186,
          "balanced_accuracy": 0.4234128120166245,
          "n": 1361
        },
        "phase": {
          "f1_macro": 0.30427940294667,
          "balanced_accuracy": 0.32598197396239015,
          "n": 969
        },
        "fatigue": {
          "mae": 1.253530262674504,
          "pearson_r": 0.4773057560970658,
          "n": 1361
        },
        "reps": {
          "mae": 0.09320448364297322,
          "n": 964
        },
        "val_total": -0.01848429077955662,
        "val_total_per_task": {
          "exercise": 1.237023280264261,
          "phase": 0.6977192073250237,
          "fatigue": 1.2535302649518307,
          "reps": 0.007474291442861283
        }
      }
    },
    {
      "seed": 1337,
      "fold": 2,
      "test_subjects": [
        "Juile",
        "lucas 2"
      ],
      "metrics": {
        "exercise": {
          "f1_macro": 0.4005796051763715,
          "balanced_accuracy": 0.43493390042316904,
          "n": 1509
        },
        "phase": {
          "f1_macro": 0.2962220209600207,
          "balanced_accuracy": 0.3272110908722931,
          "n": 1113
        },
        "fatigue": {
          "mae": 0.9935439446653412,
          "pearson_r": 0.4219845472606735,
          "n": 1509
        },