{
  "arch": "lstm_raw",
  "summary": {
    "val_total": {
      "mean": 0.10940905052969423,
      "std": 0.23787268845151746,
      "n": 5
    },
    "exercise": {
      "f1_macro": {
        "mean": 0.318831619351098,
        "std": 0.08779039740860578,
        "n": 5
      },
      "balanced_accuracy": {
        "mean": 0.3714488640681557,
        "std": 0.10781081239164371,
        "n": 5
      }
    },
    "phase": {
      "f1_macro": {
        "mean": 0.288728087242471,
        "std": 0.01834342673875621,
        "n": 5
      },
      "balanced_accuracy": {
        "mean": 0.3317975003121564,
        "std": 0.01764809768014312,
        "n": 5
      }
    },
    "fatigue": {
      "mae": {
        "mean": 1.026364147451377,
        "std": 0.11416796315070624,
        "n": 5
      },
      "pearson_r": {
        "mean": 0.23327257871372936,
        "std": 0.2508707858310842,
        "n": 5
      }
    },
    "reps": {
      "mae": {
        "mean": 0.205944634177932,
        "std": 0.03077037730745951,
        "n": 5
      }
    }
  },
  "enabled_tasks": [
    "exercise",
    "phase",
    "fatigue",
    "reps"
  ],
  "all_results": [
    {
      "seed": 42,
      "fold": 0,
      "test_subjects": [
        "Tias",
        "sivert"
      ],
      "metrics": {
        "exercise": {
          "f1_macro": 0.33520745385212175,
          "balanced_accuracy": 0.410956351714775,
          "n": 626
        },
        "phase": {
          "f1_macro": 0.2639979980516753,
          "balanced_accuracy": 0.3112670565302144,
          "n": 533
        },
        "fatigue": {
          "mae": 1.0760782747603834,
          "pearson_r": 0.33566052206824076,
          "n": 626
        },
        "reps": {
          "mae": 0.25274773202082335,
          "n": 531
        },
        "val_total": 0.0038830114248842476,
        "val_total_per_task": {
          "exercise": 1.2131452453783906,
          "phase": 0.2793377335079181,
          "fatigue": 1.0760782703804894,
          "reps": 0.045625091890414686
        }
      }
    },
    {
      "seed": 42,
      "fold": 1,
      "test_subjects": [
        "Raghild",
        "michael"
      ],
      "metrics": {
        "exercise": {
          "f1_macro": 0.37214282281790567,
          "balanced_accuracy": 0.4162423483246348,
          "n": 682
        },
        "phase": {
          "f1_macro": 0.2789894988196348,
          "balanced_accuracy": 0.3535833578937027,
          "n": 488
        },
        "fatigue": {
          "mae": 1.1911084127565983,
          "pearson_r": 0.35112867863566755,
          "n": 682
        },
        "reps": {
          "mae": 0.18391851212875723,
          "n": 482
        },
        "val_total": 0.3613307273283033,
        "val_total_per_task": {
          "exercise": 1.3429580203249307,
          "phase": 0.5103282830582336,
          "fatigue": 1.1911084159028844,
          "reps": 0.02757945927706632
        }
      }
    },
    {
      "seed": 42,
      "fold": 2,
      "test_subjects": [
        "Juile",
        "lucas 2"
      ],
      "metrics": {
        "exercise": {
          "f1_macro": 0.3714210701436979,
          "balanced_accuracy": 0.416046484315079,
          "n": 755
        },
        "phase": {
          "f1_macro": 0.3148082140240401,
          "balanced_accuracy": 0.34361371152437864,
          "n": 560
        },
        "fatigue": {
          "mae": 0.9410906456953643,
          "pearson_r": 0.39398959755462365,
          "n": 755
        },
        "reps": {
          "mae": 0.16566374496765274,
          "n": 554
        },
        "val_total": -0.04170288313303562,
        "val_total_per_task": {
          "exercise": 1.1666778048142692,
          "phase": 0.3913206961770721,
          "fatigue": 0.9410906401691058,
          "reps": 0.029741791941669603
        }
      }
    },
    {
      "seed": 42,
      "fold": 3,
      "test_subjects": [
        "Hytten",
        "lucas"
      ],
      "metrics": {
        "exercise": {
          "f1_macro": 0.14547907813517788,
          "balanced_accuracy": 0.158251144018418,
          "n": 557
        },
        "phase": {
          "f1_macro": 0.28150675489385163,
          "balanced_accuracy": 0.34002816180235534,
          "n": 477
        },
        "fatigue": {
          "mae": 1.0616303859964094,
          "pearson_r": -0.2669754289418734,
          "n": 557
        },
        "reps": {
          "mae": 0.22625972896584462,
          "n": 474
        },
        "val_total": 0.41629212784381914,
        "val_total_per_task": {
          "exercise": 1.641683969934282,
          "phase": 0.4079252339137093,
          "fatigue": 1.06163039455722,
          "reps": 0.04169859586340414
        }
      }
    },
    {
      "seed": 42,
      "fold": 4,
      "test_subjects": [
        "kiyomi"
      ],
      "metrics": {
        "exercise": {
          "f1_macro": 0.3699076718065867,
          "balanced_accuracy": 0.4557479919678715,
          "n": 374
        },
        "phase": {
          "f1_macro": 0.30433797042315297,
          "balanced_accuracy": 0.31049521381013095,
          "n": 374
        },
        "fatigue": {
          "mae": 0.8619130180481284,
          "pearson_r": 0.3525595242519882,
          "n": 374
        },
        "reps": {
          "mae": 0.20113345280658196,
          "n": 374
        },
        "val_total": -0.19275773081549985,
        "val_total_per_task": {
          "exercise": 1.109581432240532,
          "phase": 0.33400477094446274,
          "fatigue": 0.8619130072109202,
          "reps": 0.03544122681898229
        }
      }
    }
  ]
}