{
  "lr": 0.00022569706642088018,
  "weight_decay": 0.00015470504932079155,
  "batch_size": 128,
  "dropout": 0.3585005902748875,
  "repr_dim": 64,
  "_patience": 50
}