{
  "exercise": {
    "f1_macro": 0.1214574898785425,
    "balanced_accuracy": 0.25,
    "n": 374
  },
  "phase": {
    "f1_macro": 0.2182254196642686,
    "balanced_accuracy": 0.3333333333333333,
    "n": 374
  },
  "fatigue": {
    "mae": 0.7901487299465241,
    "pearson_r": -0.03928248172460181,
    "n": 374
  },
  "reps": {
    "mae": 0.2109619307451269,
    "n": 374
  },
  "val_total": 1.1797075271606445,
  "val_total_per_task": {
    "exercise": 1.385298252105713,
    "phase": 0.32757866382598877,
    "fatigue": 0.7901487350463867,
    "reps": 0.03584274649620056
  }
}