{
  "exercise": {
    "f1_macro": 0.5349183880815562,
    "balanced_accuracy": 0.5357163298011512,
    "n": 304
  },
  "phase": {
    "f1_macro": 0.4979221435889833,
    "balanced_accuracy": 0.48681290180998404,
    "n": 229
  },
  "fatigue": {
    "mae": 1.0144235711348684,
    "pearson_r": 0.3301585574030705,
    "n": 304
  },
  "reps": {
    "mae": 0.34521946272992365,
    "n": 223
  },
  "val_total": 1.2406654295168424,
  "val_total_per_task": {
    "exercise": 1.5498532746967517,
    "phase": 0.2657937909427442,
    "fatigue": 1.0144235711348684,
    "reps": 0.09076294538221862
  }
}