{
  "exercise": {
    "f1_macro": 0.19919476205525014,
    "balanced_accuracy": 0.2268624929967965,
    "n": 1106
  },
  "phase": {
    "f1_macro": 0.3194483257757583,
    "balanced_accuracy": 0.3237285356197437,
    "n": 944
  },
  "fatigue": {
    "mae": 1.1305379746835442,
    "pearson_r": -0.2762978423207283,
    "n": 1106
  },
  "reps": {
    "mae": 0.11325668487831451,
    "n": 941
  },
  "val_total": -0.20327841157723509,
  "val_total_per_task": {
    "exercise": 1.5426667749773961,
    "phase": 0.507161365603021,
    "fatigue": 1.1305379604560342,
    "reps": 0.01127817370098549
  }
}