{
  "exercise": {
    "f1_macro": 0.35713592233009706,
    "balanced_accuracy": 0.4342118473895582,
    "n": 374
  },
  "phase": {
    "f1_macro": 0.2707663119689846,
    "balanced_accuracy": 0.2942545483981948,
    "n": 374
  },
  "fatigue": {
    "mae": 0.9428267045454546,
    "pearson_r": 0.17521932498783294,
    "n": 374
  },
  "reps": {
    "mae": 0.2016280935853122,
    "n": 374
  },
  "val_total": 0.13723089796974058,
  "val_total_per_task": {
    "exercise": 1.1695377221081984,
    "phase": 0.3348287535223731,
    "fatigue": 0.9428267172951111,
    "reps": 0.035187764222768536
  }
}