{
  "exercise": {
    "f1_macro": 0.24333333333333335,
    "balanced_accuracy": 0.2426470588235294,
    "n": 149
  },
  "phase": {
    "f1_macro": 0.28534136546184735,
    "balanced_accuracy": 0.3126068376068376,
    "n": 149
  },
  "fatigue": {
    "mae": 0.9444866820469798,
    "pearson_r": 0.42884915642107396,
    "n": 149
  },
  "reps": {
    "mae": 0.4880810218844438,
    "n": 149
  },
  "val_total": 1.5750494003295898,
  "val_total_per_task": {
    "exercise": 1.8683115243911743,
    "phase": 0.3294469118118286,
    "fatigue": 0.944486677646637,
    "reps": 0.18400508165359497
  }
}