{
  "exercise": {
    "f1_macro": 0.3579574381427553,
    "balanced_accuracy": 0.42769607843137253,
    "n": 149
  },
  "phase": {
    "f1_macro": 0.26944444444444443,
    "balanced_accuracy": 0.2920940170940171,
    "n": 149
  },
  "fatigue": {
    "mae": 0.86467072147651,
    "pearson_r": 0.40185308287106614,
    "n": 149
  },
  "reps": {
    "mae": 0.43286517991265594,
    "n": 149
  },
  "val_total": 0.6414060432638898,
  "val_total_per_task": {
    "exercise": 1.086298124102138,
    "phase": 0.3039870854192132,
    "fatigue": 0.8646707238766971,
    "reps": 0.15074423875584697
  }
}