{
  "exercise": {
    "f1_macro": 0.6392256170491367,
    "balanced_accuracy": 0.6291123930924715,
    "n": 252
  },
  "phase": {
    "f1_macro": 0.3273728606783088,
    "balanced_accuracy": 0.3507353507353507,
    "n": 217
  },
  "fatigue": {
    "mae": 1.2417689732142858,
    "pearson_r": 0.1088765218929978,
    "n": 252
  },
  "reps": {
    "mae": 0.5762819082728613,
    "n": 214
  },
  "val_total": 0.9306826591491699,
  "val_total_per_task": {
    "exercise": 0.7685821652412415,
    "phase": 0.2669723331928253,
    "fatigue": 1.2417690753936768,
    "reps": 0.22713470458984375
  }
}