{
  "exercise": {
    "f1_macro": 0.41745816413261866,
    "balanced_accuracy": 0.49135360763267744,
    "n": 266
  },
  "phase": {
    "f1_macro": 0.28911721442841776,
    "balanced_accuracy": 0.3235930735930736,
    "n": 194
  },
  "fatigue": {
    "mae": 1.2129640507518797,
    "pearson_r": 0.25221316620780554,
    "n": 266
  },
  "reps": {
    "mae": 0.397074452576735,
    "n": 189
  },
  "val_total": 1.2649151848671132,
  "val_total_per_task": {
    "exercise": 1.2895689064398743,
    "phase": 0.38045474102622584,
    "fatigue": 1.2129640507518797,
    "reps": 0.12844634235353397
  }
}