{
  "arch": "cnn_lstm_raw",
  "summary": {
    "val_total": {
      "mean": 0.860627282488801,
      "std": 0.19363355426219248,
      "n": 5
    },
    "exercise": {
      "f1_macro": {
        "mean": 0.46360627699577706,
        "std": 0.12021313080735316,
        "n": 5
      },
      "balanced_accuracy": {
        "mean": 0.4902777231593511,
        "std": 0.10981635294187744,
        "n": 5
      }
    },
    "phase": {
      "f1_macro": {
        "mean": 0.27558113284242597,
        "std": 0.0447530965251647,
        "n": 5
      },
      "balanced_accuracy": {
        "mean": 0.31814043440835316,
        "std": 0.026568822078426202,
        "n": 5
      }
    },
    "fatigue": {
      "mae": {
        "mean": 1.1385085662926095,
        "std": 0.12028980509923595,
        "n": 5
      },
      "pearson_r": {
        "mean": 0.1696795682186965,
        "std": 0.23781794539973775,
        "n": 5
      }
    },
    "reps": {
      "mae": {
        "mean": 0.44008926259368764,
        "std": 0.054375851137603626,
        "n": 5
      }
    }
  },
  "enabled_tasks": [
    "exercise",
    "phase",
    "fatigue",
    "reps"
  ],
  "all_results": [
    {
      "seed": 42,
      "fold": 0,
      "test_subjects": [
        "Tias",
        "sivert"
      ],
      "metrics": {
        "exercise": {
          "f1_macro": 0.6369838361363785,
          "balanced_accuracy": 0.64487491081331,
          "n": 252
        },
        "phase": {
          "f1_macro": 0.29705987228111125,
          "balanced_accuracy": 0.3217063217063217,
          "n": 217
        },
        "fatigue": {
          "mae": 1.0695529513888888,
          "pearson_r": 0.336536682817077,
          "n": 252
        },
        "reps": {
          "mae": 0.5462241794252507,
          "n": 214
        },
        "val_total": 0.6677078708769784,
        "val_total_per_task": {
          "exercise": 0.8503907303961497,
          "phase": 0.29164276236579534,
          "fatigue": 1.0695529627421545,
          "reps": 0.20886134013297067
        }
      }
    },
    {
      "seed": 42,
      "fold": 1,
      "test_subjects": [
        "Raghild",
        "michael"
      ],
      "metrics": {
        "exercise": {
          "f1_macro": 0.38546484003801074,
          "balanced_accuracy": 0.45671149219665663,
          "n": 266
        },
        "phase": {
          "f1_macro": 0.30543099152964626,
          "balanced_accuracy": 0.32959054834054835,
          "n": 194
        },
        "fatigue": {
          "mae": 1.3397262687969924,
          "pearson_r": 0.21214154374781746,
          "n": 266
        },
        "reps": {
          "mae": 0.4173182549753359,
          "n": 189
        },
        "val_total": 1.215940271105085,
        "val_total_per_task": {
          "exercise": 1.4750967366354806,
          "phase": 0.39383352071719063,
          "fatigue": 1.3397262687969924,
          "reps": 0.14061194254939718
        }
      }
    },
    {
      "seed": 42,
      "fold": 2,
      "test_subjects": [
        "Juile",
        "lucas 2"
      ],
      "metrics": {
        "exercise": {
          "f1_macro": 0.4349389034671352,
          "balanced_accuracy": 0.4612890829408687,
          "n": 304
        },
        "phase": {
          "f1_macro": 0.3229856993372864,
          "balanced_accuracy": 0.35229851520456457,
          "n": 229
        },
        "fatigue": {
          "mae": 1.1560829564144737,
          "pearson_r": 0.2883580083563109,
          "n": 304
        },
        "reps": {
          "mae": 0.39098193642219753,
          "n": 223
        },
        "val_total": 0.8717020310853657,
        "val_total_per_task": {
          "exercise": 1.1482325039411847,
          "phase": 0.36232183559944753,
          "fatigue": 1.15608296896282,
          "reps": 0.12449071321048234
        }
      }
    },
    {
      "seed": 42,
      "fold": 3,
      "test_subjects": [
        "Hytten",
        "lucas"
      ],
      "metrics": {
        "exercise": {
          "f1_macro": 0.5588765689694966,
          "balanced_accuracy": 0.5671283259243516,
          "n": 218
        },
        "phase": {
          "f1_macro": 0.19846084709583192,
          "balanced_accuracy": 0.31602416570771,
          "n": 187
        },
        "fatigue": {
          "mae": 1.1518241112385321,
          "pearson_r": -0.29867655071800836,
          "n": 218
        },
        "reps": {
          "mae": 0.4219025875563207,
          "n": 184
        },
        "val_total": 0.840362162765013,
        "val_total_per_task": {
          "exercise": 1.2161660642798888,
          "phase": 0.31769177126228265,
          "fatigue": 1.1518241123321953,
          "reps": 0.1353497717768774
        }
      }
    },
    {
      "seed": 42,
      "fold": 4,
      "test_subjects": [
        "kiyomi"
      ],
      "metrics": {
        "exercise": {
          "f1_macro": 0.3017672363678642,
          "balanced_accuracy": 0.32138480392156865,
          "n": 149
        },
        "phase": {
          "f1_macro": 0.25396825396825395,
          "balanced_accuracy": 0.2710826210826211,
          "n": 149
        },
        "fatigue": {
          "mae": 0.975356543624161,
          "pearson_r": 0.3100381568902856,
          "n": 149
        },
        "reps": {
          "mae": 0.4240193545893335,
          "n": 149
        },
        "val_total": 0.7074240766115637,
        "val_total_per_task": {
          "exercise": 1.211760029696778,
          "phase": 0.30145487499317064,
          "fatigue": 0.9753565500246598,
          "reps": 0.13696266300726256
        }
      }
    }
  ]
}