{
  "arch": "lstm_raw",
  "summary": {
    "val_total": {
      "mean": -0.29811360079476906,
      "std": 0.15861167995999614,
      "n": 5
    },
    "exercise": {
      "f1_macro": {
        "mean": 0.21992070927916646,
        "std": 0.10751730383770808,
        "n": 5
      },
      "balanced_accuracy": {
        "mean": 0.31815060701147885,
        "std": 0.0824977661219149,
        "n": 5
      }
    },
    "phase": {
      "f1_macro": {
        "mean": 0.2583733960940855,
        "std": 0.030343974447675854,
        "n": 5
      },
      "balanced_accuracy": {
        "mean": 0.3296403783510642,
        "std": 0.006075046328093918,
        "n": 5
      }
    },
    "fatigue": {
      "mae": {
        "mean": 1.1218029681234436,
        "std": 0.12221560287799618,
        "n": 5
      },
      "pearson_r": {
        "mean": 0.19078607235646028,
        "std": 0.26648038169776583,
        "n": 5
      }
    },
    "reps": {
      "mae": {
        "mean": 0.10680104460418853,
        "std": 0.014444137614812813,
        "n": 5
      }
    }
  },
  "enabled_tasks": [
    "exercise",
    "phase",
    "fatigue",
    "reps"
  ],
  "all_results": [
    {
      "seed": 42,
      "fold": 0,
      "test_subjects": [
        "Tias",
        "sivert"
      ],
      "metrics": {
        "exercise": {
          "f1_macro": 0.11042183622828784,
          "balanced_accuracy": 0.25,
          "n": 1256
        },
        "phase": {
          "f1_macro": 0.22593279736136881,
          "balanced_accuracy": 0.3333333333333333,
          "n": 1069
        },
        "fatigue": {
          "mae": 1.0179886544585988,
          "pearson_r": 0.4645096861539724,
          "n": 1256
        },
        "reps": {
          "mae": 0.12670954656608285,
          "n": 1067
        },
        "val_total": -0.39718012597150865,
        "val_total_per_task": {
          "exercise": 1.3974034049708373,
          "phase": 0.4259106716152969,
          "fatigue": 1.017988655597541,
          "reps": 0.012190973095500924
        }
      }
    },
    {
      "seed": 42,
      "fold": 1,
      "test_subjects": [
        "Raghild",
        "michael"
      ],
      "metrics": {
        "exercise": {
          "f1_macro": 0.397324991705768,
          "balanced_accuracy": 0.4590920859436148,
          "n": 1361
        },
        "phase": {
          "f1_macro": 0.22299780391655852,
          "balanced_accuracy": 0.3333422350803012,
          "n": 969
        },
        "fatigue": {
          "mae": 1.2939704261572373,
          "pearson_r": 0.24136790036758482,
          "n": 1361
        },
        "reps": {
          "mae": 0.09666699783768334,
          "n": 964
        },
        "val_total": -0.17988682283714008,
        "val_total_per_task": {
          "exercise": 1.218380421159199,
          "phase": 0.7084837583476002,
          "fatigue": 1.2939704298359958,
          "reps": 0.007620935073063533
        }
      }
    },
    {
      "seed": 42,
      "fold": 2,
      "test_subjects": [
        "Juile",
        "lucas 2"
      ],
      "metrics": {
        "exercise": {
          "f1_macro": 0.15521587556985786,
          "balanced_accuracy": 0.2665094339622642,
          "n": 1509
        },
        "phase": {
          "f1_macro": 0.30320565490755996,
          "balanced_accuracy": 0.33642987249544626,
          "n": 1113
        },
        "fatigue": {
          "mae": 0.9932566061961564,
          "pearson_r": 0.2895238527780117,
          "n": 1509
        },
        "reps": {
          "mae": 0.08610259838420779,
          "n": 1107
        },
        "val_total": -0.0990955648712957,
        "val_total_per_task": {
          "exercise": 1.2745299020139014,
          "phase": 0.8277221381308781,
          "fatigue": 0.9932566017722199,
          "reps": 0.006904846579120343
        }
      }
    },
    {
      "seed": 42,
      "fold": 3,
      "test_subjects": [
        "Hytten",
        "lucas"
      ],
      "metrics": {
        "exercise": {
          "f1_macro": 0.14709636247606891,
          "balanced_accuracy": 0.25,
          "n": 1106
        },
        "phase": {
          "f1_macro": 0.26626696244778864,
          "balanced_accuracy": 0.3248389439407782,
          "n": 944
        },
        "fatigue": {
          "mae": 1.2411420660036165,
          "pearson_r": -0.31935226455743565,
          "n": 1106
        },
        "reps": {
          "mae": 0.1175557585612759,
          "n": 941
        },
        "val_total": -0.2683007721443935,
        "val_total_per_task": {
          "exercise": 1.3370023603680767,
          "phase": 0.5029426513485624,
          "fatigue": 1.2411420487581497,
          "reps": 0.012064668198350217
        }
      }
    },
    {
      "seed": 42,
      "fold": 4,
      "test_subjects": [
        "kiyomi"
      ],
      "metrics": {
        "exercise": {
          "f1_macro": 0.2895444804158497,
          "balanced_accuracy": 0.36515151515151517,
          "n": 746
        },
        "phase": {
          "f1_macro": 0.27346376183715165,
          "balanced_accuracy": 0.320257506905462,
          "n": 746
        },
        "fatigue": {
          "mae": 1.0626570878016086,
          "pearson_r": 0.277881187040168,
          "n": 746
        },
        "reps": {
          "mae": 0.10697032167169268,
          "n": 746
        },
        "val_total": -0.5461047181495073,
        "val_total_per_task": {
          "exercise": 1.1907091655296551,
          "phase": 0.4812495380080737,
          "fatigue": 1.0626571012246384,
          "reps": 0.009758476539946912
        }
      }
    }
  ]
}