{
  "arch": "cnn_lstm_raw",
  "summary": {
    "val_total": {
      "mean": 1.1664928793907166,
      "std": 0.14355689979419278,
      "n": 5
    },
    "exercise": {
      "f1_macro": {
        "mean": 0.22147209213840718,
        "std": 0.12556378014897498,
        "n": 5
      },
      "balanced_accuracy": {
        "mean": 0.32613795390577316,
        "std": 0.09918064630678959,
        "n": 5
      }
    },
    "phase": {
      "f1_macro": {
        "mean": 0.2253524600151379,
        "std": 0.03878494565781859,
        "n": 5
      },
      "balanced_accuracy": {
        "mean": 0.31821583071583065,
        "std": 0.03247551924382074,
        "n": 5
      }
    },
    "fatigue": {
      "mae": {
        "mean": 0.9948199431061132,
        "std": 0.1914464541176652,
        "n": 5
      },
      "pearson_r": {
        "mean": 0.2486166973852037,
        "std": 0.22521695362044844,
        "n": 5
      }
    },
    "reps": {
      "mae": {
        "mean": 0.49814036135858303,
        "std": 0.0834302856760663,
        "n": 5
      }
    }
  },
  "enabled_tasks": [
    "exercise",
    "phase",
    "fatigue",
    "reps"
  ],
  "all_results": [
    {
      "seed": 42,
      "fold": 0,
      "test_subjects": [
        "Tias",
        "sivert"
      ],
      "metrics": {
        "exercise": {
          "f1_macro": 0.10990712074303406,
          "balanced_accuracy": 0.25,
          "n": 252
        },
        "phase": {
          "f1_macro": 0.2013650617967165,
          "balanced_accuracy": 0.33075383075383075,
          "n": 217
        },
        "fatigue": {
          "mae": 1.0486576140873016,
          "pearson_r": 0.4001908402641383,
          "n": 252
        },
        "reps": {
          "mae": 0.6506262959512038,
          "n": 214
        },
        "val_total": 1.307166576385498,
        "val_total_per_task": {
          "exercise": 1.384798526763916,
          "phase": 0.3215954899787903,
          "fatigue": 1.0486576557159424,
          "reps": 0.2768019139766693
        }
      }
    },
    {
      "seed": 42,
      "fold": 1,
      "test_subjects": [
        "Raghild",
        "michael"
      ],
      "metrics": {
        "exercise": {
          "f1_macro": 0.29493552897312414,
          "balanced_accuracy": 0.3869286287089014,
          "n": 266
        },
        "phase": {
          "f1_macro": 0.2991680911680912,
          "balanced_accuracy": 0.3400974025974026,
          "n": 194
        },
        "fatigue": {
          "mae": 1.2837905310150375,
          "pearson_r": 0.28595622765587153,
          "n": 266
        },
        "reps": {
          "mae": 0.43044149602650017,
          "n": 189
        },
        "val_total": 1.2613269090652466,
        "val_total_per_task": {
          "exercise": 1.217574119567871,
          "phase": 0.31226179003715515,
          "fatigue": 1.2837905883789062,
          "reps": 0.14533361792564392
        }
      }
    },
    {
      "seed": 42,
      "fold": 2,
      "test_subjects": [
        "Juile",
        "lucas 2"
      ],
      "metrics": {
        "exercise": {
          "f1_macro": 0.12189054726368159,
          "balanced_accuracy": 0.25,
          "n": 304
        },
        "phase": {
          "f1_macro": 0.1983640081799591,
          "balanced_accuracy": 0.3333333333333333,
          "n": 229
        },
        "fatigue": {
          "mae": 1.0020944695723684,
          "pearson_r": 0.2968698631649997,
          "n": 304
        },
        "reps": {
          "mae": 0.41719259089903044,
          "n": 223
        },
        "val_total": 1.216601848602295,
        "val_total_per_task": {
          "exercise": 1.3554655313491821,
          "phase": 0.35471102595329285,
          "fatigue": 1.0020945072174072,
          "reps": 0.15036813914775848
        }
      }
    },
    {
      "seed": 42,
      "fold": 3,
      "test_subjects": [
        "Hytten",
        "lucas"
      ],
      "metrics": {
        "exercise": {
          "f1_macro": 0.1461038961038961,
          "balanced_accuracy": 0.25,
          "n": 218
        },
        "phase": {
          "f1_macro": 0.1979949874686717,
          "balanced_accuracy": 0.3333333333333333,
          "n": 187
        },
        "fatigue": {
          "mae": 0.9530533256880734,
          "pearson_r": -0.18523803137389058,
          "n": 218
        },
        "reps": {
          "mae": 0.5105045240210451,
          "n": 184
        },
        "val_total": 1.1481051445007324,
        "val_total_per_task": {
          "exercise": 1.2262130975723267,
          "phase": 0.32333382964134216,
          "fatigue": 0.9530532956123352,
          "reps": 0.1931445598602295
        }
      }
    },
    {
      "seed": 42,
      "fold": 4,
      "test_subjects": [
        "kiyomi"
      ],
      "metrics": {
        "exercise": {
          "f1_macro": 0.43452336760830024,
          "balanced_accuracy": 0.49376114081996436,
          "n": 149
        },
        "phase": {
          "f1_macro": 0.22987015146225084,
          "balanced_accuracy": 0.25356125356125353,
          "n": 149
        },
        "fatigue": {
          "mae": 0.6865037751677853,
          "pearson_r": 0.44530458721489957,
          "n": 149
        },
        "reps": {
          "mae": 0.481936899895136,
          "n": 149
        },
        "val_total": 0.8992639183998108,
        "val_total_per_task": {
          "exercise": 1.090717077255249,
          "phase": 0.315234899520874,
          "fatigue": 0.6865037679672241,
          "reps": 0.18409685790538788
        }
      }
    }
  ]
}