{
  "exercise": {
    "f1_macro": 0.3451785642817966,
    "balanced_accuracy": 0.39789977654324,
    "n": 1509
  },
  "phase": {
    "f1_macro": 0.32841313374968334,
    "balanced_accuracy": 0.33262497470147745,
    "n": 1113
  },
  "fatigue": {
    "mae": 0.9316807488402916,
    "pearson_r": 0.4882499631707359,
    "n": 1509
  },
  "reps": {
    "mae": 0.08727018504808198,
    "n": 1107
  },
  "val_total": 0.33306003225173597,
  "val_total_per_task": {
    "exercise": 1.2968344646546128,
    "phase": 0.5379824032840388,
    "fatigue": 0.9316807490772882,
    "reps": 0.008598845665614047
  }
}