{
  "exercise": {
    "f1_macro": 0.23252059483657905,
    "balanced_accuracy": 0.26829469135024464,
    "n": 1106
  },
  "phase": {
    "f1_macro": 0.33935340022296545,
    "balanced_accuracy": 0.3465738983765549,
    "n": 944
  },
  "fatigue": {
    "mae": 1.0483230673598554,
    "pearson_r": -0.18765916968545346,
    "n": 1106
  },
  "reps": {
    "mae": 0.120071074697481,
    "n": 941
  },
  "val_total": 0.5139403641762829,
  "val_total_per_task": {
    "exercise": 1.5722501750018238,
    "phase": 0.5135906424919046,
    "fatigue": 1.0483230647730353,
    "reps": 0.011403281965830228
  }
}