{
  "exercise": {
    "f1_macro": 0.3324851793988582,
    "balanced_accuracy": 0.3825054487991828,
    "n": 1361
  },
  "phase": {
    "f1_macro": 0.3222402685880596,
    "balanced_accuracy": 0.3263558473350395,
    "n": 969
  },
  "fatigue": {
    "mae": 1.1926604977957385,
    "pearson_r": 0.31284111639807943,
    "n": 1361
  },
  "reps": {
    "mae": 0.09612033383812585,
    "n": 964
  },
  "val_total": 0.4513582241701607,
  "val_total_per_task": {
    "exercise": 1.343127177972114,
    "phase": 0.4966289864840707,
    "fatigue": 1.1926604989344018,
    "reps": 0.008251950740444691
  }
}