{
  "arch": "lstm_raw",
  "summary": {
    "val_total": {
      "mean": 1.0853920364696876,
      "std": 0.10181566701677668,
      "n": 5
    },
    "exercise": {
      "f1_macro": {
        "mean": 0.30039405456174284,
        "std": 0.044993303912828485,
        "n": 5
      },
      "balanced_accuracy": {
        "mean": 0.376814892593943,
        "std": 0.055594170752369984,
        "n": 5
      }
    },
    "phase": {
      "f1_macro": {
        "mean": 0.31202898903958753,
        "std": 0.015285189630909567,
        "n": 5
      },
      "balanced_accuracy": {
        "mean": 0.3308261538942946,
        "std": 0.00792849565718086,
        "n": 5
      }
    },
    "fatigue": {
      "mae": {
        "mean": 1.0321439871258882,
        "std": 0.09355400604003526,
        "n": 5
      },
      "pearson_r": {
        "mean": 0.22556517912711582,
        "std": 0.26791321751823005,
        "n": 5
      }
    },
    "reps": {
      "mae": {
        "mean": 0.11262740280971913,
        "std": 0.01940981222888585,
        "n": 5
      }
    }
  },
  "enabled_tasks": [
    "exercise",
    "phase",
    "fatigue",
    "reps"
  ],
  "all_results": [
    {
      "seed": 42,
      "fold": 0,
      "test_subjects": [
        "Tias",
        "sivert"
      ],
      "metrics": {
        "exercise": {
          "f1_macro": 0.3231265156449879,
          "balanced_accuracy": 0.40235348861036163,
          "n": 1256
        },
        "phase": {
          "f1_macro": 0.3186620616907974,
          "balanced_accuracy": 0.32201263841551714,
          "n": 1069
        },
        "fatigue": {
          "mae": 1.0926925756369428,
          "pearson_r": 0.3141533687496068,
          "n": 1256
        },
        "reps": {
          "mae": 0.14547309494204644,
          "n": 1067
        },
        "val_total": 1.0282307183666595,
        "val_total_per_task": {
          "exercise": 1.1032992844369,
          "phase": 0.4196082378269001,
          "fatigue": 1.0926925707015263,
          "reps": 0.015211428640184889
        }
      }
    },
    {
      "seed": 42,
      "fold": 1,
      "test_subjects": [
        "Raghild",
        "michael"
      ],
      "metrics": {
        "exercise": {
          "f1_macro": 0.23953922773463318,
          "balanced_accuracy": 0.33336272484506474,
          "n": 1361
        },
        "phase": {
          "f1_macro": 0.28591023018593836,
          "balanced_accuracy": 0.3209688067950002,
          "n": 969
        },
        "fatigue": {
          "mae": 1.176992445811903,
          "pearson_r": 0.3947315013369369,
          "n": 1361
        },
        "reps": {
          "mae": 0.09888494441950407,
          "n": 964
        },
        "val_total": 1.2035236022298954,
        "val_total_per_task": {
          "exercise": 1.2972348091096058,
          "phase": 0.4954236976851618,
          "fatigue": 1.1769924297830272,
          "reps": 0.008459889320731929
        }
      }
    },
    {
      "seed": 42,
      "fold": 2,
      "test_subjects": [
        "Juile",
        "lucas 2"
      ],
      "metrics": {
        "exercise": {
          "f1_macro": 0.3223839798353625,
          "balanced_accuracy": 0.3996491026231017,
          "n": 1509
        },
        "phase": {
          "f1_macro": 0.32877757564772986,
          "balanced_accuracy": 0.3372394252175673,
          "n": 1113
        },
        "fatigue": {
          "mae": 0.9218879431742876,
          "pearson_r": 0.4703144428188304,
          "n": 1509
        },
        "reps": {
          "mae": 0.0881465310874448,
          "n": 1107
        },
        "val_total": 1.0380546974772409,
        "val_total_per_task": {
          "exercise": 1.1331470701534911,
          "phase": 0.5149294285485095,
          "fatigue": 0.9218879472427293,
          "reps": 0.007586137341635365
        }
      }
    },
    {
      "seed": 42,
      "fold": 3,
      "test_subjects": [
        "Hytten",
        "lucas"
      ],
      "metrics": {
        "exercise": {
          "f1_macro": 0.25703932761286447,
          "balanced_accuracy": 0.29567884386088406,
          "n": 1106
        },
        "phase": {
          "f1_macro": 0.32227832942507967,
          "balanced_accuracy": 0.3403612340993745,
          "n": 944
        },
        "fatigue": {
          "mae": 1.0194464850813743,
          "pearson_r": -0.28670885751184405,
          "n": 1106
        },
        "reps": {
          "mae": 0.11425867176804727,
          "n": 941
        },
        "val_total": 1.2056108437222555,
        "val_total_per_task": {
          "exercise": 1.4551571538607855,
          "phase": 0.5124823174036864,
          "fatigue": 1.0194464777520509,
          "reps": 0.010858130656438753
        }
      }
    },
    {
      "seed": 42,
      "fold": 4,
      "test_subjects": [
        "kiyomi"
      ],
      "metrics": {
        "exercise": {
          "f1_macro": 0.35988122198086614,
          "balanced_accuracy": 0.453030303030303,
          "n": 746
        },
        "phase": {
          "f1_macro": 0.30451674824839237,
          "balanced_accuracy": 0.3335486649440138,
          "n": 746
        },
        "fatigue": {
          "mae": 0.949700485924933,
          "pearson_r": 0.23533544024204908,
          "n": 746
        },
        "reps": {
          "mae": 0.11637377183155304,
          "n": 746
        },
        "val_total": 0.9515403205523861,
        "val_total_per_task": {
          "exercise": 1.0443661586848405,
          "phase": 0.48012427174693456,
          "fatigue": 0.9497005281115984,
          "reps": 0.010520695511441448
        }
      }
    }
  ]
}