{
  "arch": "lstm_raw",
  "summary": {
    "val_total": {
      "mean": 0.6290424539563128,
      "std": 0.15783749410214168,
      "n": 5
    },
    "exercise": {
      "f1_macro": {
        "mean": 0.30474916778891864,
        "std": 0.038482039646473946,
        "n": 5
      },
      "balanced_accuracy": {
        "mean": 0.3831626548387485,
        "std": 0.056292194690029086,
        "n": 5
      }
    },
    "phase": {
      "f1_macro": {
        "mean": 0.26074254304317807,
        "std": 0.03943434344255067,
        "n": 5
      },
      "balanced_accuracy": {
        "mean": 0.32317807050549197,
        "std": 0.027680641113937036,
        "n": 5
      }
    },
    "fatigue": {
      "mae": {
        "mean": 1.1291159596370304,
        "std": 0.09259893208255335,
        "n": 5
      },
      "pearson_r": {
        "mean": 0.16564237020059053,
        "std": 0.23279930331645854,
        "n": 5
      }
    },
    "reps": {
      "mae": {
        "mean": 0.2124234004971163,
        "std": 0.03732086515118931,
        "n": 5
      }
    }
  },
  "enabled_tasks": [
    "exercise",
    "phase",
    "fatigue",
    "reps"
  ],
  "all_results": [
    {
      "seed": 42,
      "fold": 0,
      "test_subjects": [
        "Tias",
        "sivert"
      ],
      "metrics": {
        "exercise": {
          "f1_macro": 0.2890381137225457,
          "balanced_accuracy": 0.33891000040577135,
          "n": 626
        },
        "phase": {
          "f1_macro": 0.30998644258562913,
          "balanced_accuracy": 0.3511111111111111,
          "n": 533
        },
        "fatigue": {
          "mae": 1.077812999201278,
          "pearson_r": 0.2656762521663077,
          "n": 626
        },
        "reps": {
          "mae": 0.27502614415904925,
          "n": 531
        },
        "val_total": 0.48833569036885954,
        "val_total_per_task": {
          "exercise": 1.1776524835501234,
          "phase": 0.28384083404708593,
          "fatigue": 1.0778130028194512,
          "reps": 0.0536155891292297
        }
      }
    },
    {
      "seed": 42,
      "fold": 1,
      "test_subjects": [
        "Raghild",
        "michael"
      ],
      "metrics": {
        "exercise": {
          "f1_macro": 0.2843998601276335,
          "balanced_accuracy": 0.4069035553410554,
          "n": 682
        },
        "phase": {
          "f1_macro": 0.21788491933086082,
          "balanced_accuracy": 0.33332105314863936,
          "n": 488
        },
        "fatigue": {
          "mae": 1.3060621334310851,
          "pearson_r": 0.26454733470496167,
          "n": 682
        },
        "reps": {
          "mae": 0.18543840583831195,
          "n": 482
        },
        "val_total": 0.8886783801215835,
        "val_total_per_task": {
          "exercise": 1.2212565556998827,
          "phase": 0.518054397924205,
          "fatigue": 1.3060621386748954,
          "reps": 0.029282403831258196
        }
      }
    },
    {
      "seed": 42,
      "fold": 2,
      "test_subjects": [
        "Juile",
        "lucas 2"
      ],
      "metrics": {
        "exercise": {
          "f1_macro": 0.32400197750587073,
          "balanced_accuracy": 0.4030717901518638,
          "n": 755
        },
        "phase": {
          "f1_macro": 0.21810118136504575,
          "balanced_accuracy": 0.3349472221056118,
          "n": 560
        },
        "fatigue": {
          "mae": 1.0786992963576159,
          "pearson_r": 0.4483182864198545,
          "n": 755
        },
        "reps": {
          "mae": 0.16585350657530828,
          "n": 554
        },
        "val_total": 0.6136959536975582,
        "val_total_per_task": {
          "exercise": 1.150133383668811,
          "phase": 0.3947945480315101,
          "fatigue": 1.0786992931997539,
          "reps": 0.029012117875332862
        }
      }
    },
    {
      "seed": 42,
      "fold": 3,
      "test_subjects": [
        "Hytten",
        "lucas"
      ],
      "metrics": {
        "exercise": {
          "f1_macro": 0.25733409504987187,
          "balanced_accuracy": 0.30307250660830515,
          "n": 557
        },
        "phase": {
          "f1_macro": 0.3016527362807761,
          "balanced_accuracy": 0.32624807987711213,
          "n": 477
        },
        "fatigue": {
          "mae": 1.0493155296229804,
          "pearson_r": -0.24145774271681467,
          "n": 557
        },
        "reps": {
          "mae": 0.22454069529803478,
          "n": 474
        },
        "val_total": 0.703255023947738,
        "val_total_per_task": {
          "exercise": 1.4376218554361504,
          "phase": 0.3993976015055843,
          "fatigue": 1.0493155309071018,
          "reps": 0.04229177657641885
        }
      }
    },
    {
      "seed": 42,
      "fold": 4,
      "test_subjects": [
        "kiyomi"
      ],
      "metrics": {
        "exercise": {
          "f1_macro": 0.3689717925386715,
          "balanced_accuracy": 0.463855421686747,
          "n": 374
        },
        "phase": {
          "f1_macro": 0.2560874356535785,
          "balanced_accuracy": 0.27026288628498574,
          "n": 374
        },
        "fatigue": {
          "mae": 1.1336898395721926,
          "pearson_r": 0.09112772042864334,
          "n": 374
        },
        "reps": {
          "mae": 0.2112582506148772,
          "n": 374
        },
        "val_total": 0.4512472216458244,
        "val_total_per_task": {
          "exercise": 1.0814222167519962,
          "phase": 0.33313507224149247,
          "fatigue": 1.1336898421221238,
          "reps": 0.03545987753466489
        }
      }
    }
  ]
}