{
  "exercise": {
    "f1_macro": 0.44505886370359204,
    "balanced_accuracy": 0.4983861452532935,
    "n": 682
  },
  "phase": {
    "f1_macro": 0.34332245588590765,
    "balanced_accuracy": 0.36143039591315457,
    "n": 488
  },
  "fatigue": {
    "mae": 1.200438737170088,
    "pearson_r": 0.35103055482451984,
    "n": 682
  },
  "reps": {
    "mae": 0.17835720041882694,
    "n": 482
  },
  "val_total": 0.46392324173555344,
  "val_total_per_task": {
    "exercise": 1.439245314192562,
    "phase": 0.5238610348743428,
    "fatigue": 1.2004387385684374,
    "reps": 0.027331599741737163
  }
}