{
  "exercise": {
    "f1_macro": 0.746343408608692,
    "balanced_accuracy": 0.7393330000590262,
    "n": 252
  },
  "phase": {
    "f1_macro": 0.4905021894793728,
    "balanced_accuracy": 0.47293447293447294,
    "n": 217
  },
  "fatigue": {
    "mae": 1.0632130456349207,
    "pearson_r": 0.3010995355495368,
    "n": 252
  },
  "reps": {
    "mae": 0.4919255390136598,
    "n": 214
  },
  "val_total": 0.6351687908172607,
  "val_total_per_task": {
    "exercise": 0.708361029624939,
    "phase": 0.26771679520606995,
    "fatigue": 1.0632131099700928,
    "reps": 0.17928078770637512
  }
}