{
  "arch": "cnn1d_raw",
  "summary": {
    "val_total": {
      "mean": 1.4740247862360225,
      "std": 0.08976074494491758,
      "n": 5
    },
    "exercise": {
      "f1_macro": {
        "mean": 0.32942655076707866,
        "std": 0.11093480867272834,
        "n": 5
      },
      "balanced_accuracy": {
        "mean": 0.359266421743013,
        "std": 0.1207542199831472,
        "n": 5
      }
    },
    "phase": {
      "f1_macro": {
        "mean": 0.3325900081638454,
        "std": 0.02181540568661686,
        "n": 5
      },
      "balanced_accuracy": {
        "mean": 0.36389787083684677,
        "std": 0.017613985718733946,
        "n": 5
      }
    },
    "fatigue": {
      "mae": {
        "mean": 1.235513128937556,
        "std": 0.15258476884269914,
        "n": 5
      },
      "pearson_r": {
        "mean": 0.08294191404328674,
        "std": 0.23732247161230882,
        "n": 5
      }
    },
    "reps": {
      "mae": {
        "mean": 0.4737432573442721,
        "std": 0.06772036009742059,
        "n": 5
      }
    }
  },
  "enabled_tasks": [
    "exercise",
    "phase",
    "fatigue",
    "reps"
  ],
  "all_results": [
    {
      "seed": 42,
      "fold": 0,
      "test_subjects": [
        "Tias",
        "sivert"
      ],
      "metrics": {
        "exercise": {
          "f1_macro": 0.4060114155631746,
          "balanced_accuracy": 0.436999764930292,
          "n": 252
        },
        "phase": {
          "f1_macro": 0.36539306104523495,
          "balanced_accuracy": 0.3946638946638947,
          "n": 217
        },
        "fatigue": {
          "mae": 1.1867714533730158,
          "pearson_r": 0.18288939440090993,
          "n": 252
        },
        "reps": {
          "mae": 0.5500894281142783,
          "n": 214
        },
        "val_total": 1.375303790682838,
        "val_total_per_task": {
          "exercise": 1.3112017597470964,
          "phase": 0.27791457824290744,
          "fatigue": 1.1867714212054299,
          "reps": 0.22022357464782774
        }
      }
    },
    {
      "seed": 42,
      "fold": 1,
      "test_subjects": [
        "Raghild",
        "michael"
      ],
      "metrics": {
        "exercise": {
          "f1_macro": 0.45135552571734583,
          "balanced_accuracy": 0.5253068903830732,
          "n": 266
        },
        "phase": {
          "f1_macro": 0.3003267973856209,
          "balanced_accuracy": 0.348800505050505,
          "n": 194
        },
        "fatigue": {
          "mae": 1.4795435855263157,
          "pearson_r": 0.08785996367335829,
          "n": 266
        },
        "reps": {
          "mae": 0.42804468918847977,
          "n": 189
        },
        "val_total": 1.556332152588923,
        "val_total_per_task": {
          "exercise": 1.3195314371496214,
          "phase": 0.39811536243983675,
          "fatigue": 1.4795435873189366,
          "reps": 0.14911644082320363
        }
      }
    },
    {
      "seed": 42,
      "fold": 2,
      "test_subjects": [
        "Juile",
        "lucas 2"
      ],
      "metrics": {
        "exercise": {
          "f1_macro": 0.37778669595104386,
          "balanced_accuracy": 0.365327380952381,
          "n": 304
        },
        "phase": {
          "f1_macro": 0.32181069958847736,
          "balanced_accuracy": 0.35751799260844197,
          "n": 229
        },
        "fatigue": {
          "mae": 1.186549136513158,
          "pearson_r": 0.2535075439037362,
          "n": 304
        },
        "reps": {
          "mae": 0.37839988557697013,
          "n": 223
        },
        "val_total": 1.3780259019450138,
        "val_total_per_task": {
          "exercise": 1.3778531488619352,
          "phase": 0.3229533214318125,
          "fatigue": 1.186549136513158,
          "reps": 0.10680348935880159
        }
      }
    },
    {
      "seed": 42,
      "fold": 3,
      "test_subjects": [
        "Hytten",
        "lucas"
      ],
      "metrics": {
        "exercise": {
          "f1_macro": 0.14278885985596837,
          "balanced_accuracy": 0.17090395480225987,
          "n": 218
        },
        "phase": {
          "f1_macro": 0.344564949205634,
          "balanced_accuracy": 0.37135596471039506,
          "n": 187
        },
        "fatigue": {
          "mae": 1.3061926605504588,
          "pearson_r": -0.37459572236027167,
          "n": 218
        },
        "reps": {
          "mae": 0.5498519070122553,
          "n": 184
        },
        "val_total": 1.5943814395764553,
        "val_total_per_task": {
          "exercise": 1.5407132479028964,
          "phase": 0.32322790015728103,
          "fatigue": 1.3061926900793652,
          "reps": 0.21697760694617524
        }
      }
    },
    {
      "seed": 42,
      "fold": 4,
      "test_subjects": [
        "kiyomi"
      ],
      "metrics": {
        "exercise": {
          "f1_macro": 0.26919025674786046,
          "balanced_accuracy": 0.2977941176470588,
          "n": 149
        },
        "phase": {
          "f1_macro": 0.33085453359425965,
          "balanced_accuracy": 0.3471509971509971,
          "n": 149
        },
        "fatigue": {
          "mae": 1.0185088087248322,
          "pearson_r": 0.26504839059870106,
          "n": 149
        },
        "reps": {
          "mae": 0.46233037682937694,
          "n": 149
        },
        "val_total": 1.4660806463868825,
        "val_total_per_task": {
          "exercise": 1.6162076732456283,
          "phase": 0.3511838488930824,
          "fatigue": 1.0185088135252063,
          "reps": 0.1609151864411847
        }
      }
    }
  ]
}