{
  "exercise": {
    "f1_macro": 0.34954537215354325,
    "balanced_accuracy": 0.3667417693267123,
    "n": 1509
  },
  "phase": {
    "f1_macro": 0.33678291923106146,
    "balanced_accuracy": 0.3418336369156041,
    "n": 1113
  },
  "fatigue": {
    "mae": 1.0046336563949636,
    "pearson_r": 0.41668496187552395,
    "n": 1509
  },
  "reps": {
    "mae": 0.08500084459281913,
    "n": 1107
  },
  "val_total": -0.11428614899841975,
  "val_total_per_task": {
    "exercise": 1.2376401385698514,
    "phase": 0.8273690043299936,
    "fatigue": 1.0046336574219488,
    "reps": 0.006941563210951879
  }
}