{
  "exercise": {
    "f1_macro": 0.3703661781643433,
    "balanced_accuracy": 0.41994947017268447,
    "n": 304
  },
  "phase": {
    "f1_macro": 0.28382668382668386,
    "balanced_accuracy": 0.30331323348246125,
    "n": 229
  },
  "fatigue": {
    "mae": 1.269980982730263,
    "pearson_r": 0.34398810628623877,
    "n": 304
  },
  "reps": {
    "mae": 0.42071084673579096,
    "n": 223
  },
  "val_total": 1.2972634779779535,
  "val_total_per_task": {
    "exercise": 1.1625675464931287,
    "phase": 0.34511524125149373,
    "fatigue": 1.2699809890044362,
    "reps": 0.1302032376590528
  }
}