{
  "exercise": {
    "f1_macro": 0.3485103695125803,
    "balanced_accuracy": 0.41299019607843135,
    "n": 149
  },
  "phase": {
    "f1_macro": 0.25298019851364156,
    "balanced_accuracy": 0.2782051282051282,
    "n": 149
  },
  "fatigue": {
    "mae": 0.8433567533557047,
    "pearson_r": 0.45385728311345297,
    "n": 149
  },
  "reps": {
    "mae": 0.480078387067922,
    "n": 149
  },
  "val_total": 0.8288810037126477,
  "val_total_per_task": {
    "exercise": 1.114207026142402,
    "phase": 0.3103066060767078,
    "fatigue": 0.8433567593561723,
    "reps": 0.17426455760962212
  }
}