{
  "exercise": {
    "f1_macro": 0.3310934257429675,
    "balanced_accuracy": 0.3330269607843137,
    "n": 149
  },
  "phase": {
    "f1_macro": 0.28436358894105374,
    "balanced_accuracy": 0.29786324786324786,
    "n": 149
  },
  "fatigue": {
    "mae": 0.569027894295302,
    "pearson_r": 0.6688675001304025,
    "n": 149
  },
  "reps": {
    "mae": 0.4630567774351611,
    "n": 149
  },
  "val_total": 1.132100721333651,
  "val_total_per_task": {
    "exercise": 1.4791040580544697,
    "phase": 0.3113597777465846,
    "fatigue": 0.5690278972955358,
    "reps": 0.1609790559183031
  }
}