{
  "exercise": {
    "f1_macro": 0.15427524105506413,
    "balanced_accuracy": 0.22253787878787878,
    "n": 149
  },
  "phase": {
    "f1_macro": 0.33186725309876053,
    "balanced_accuracy": 0.3472934472934473,
    "n": 149
  },
  "fatigue": {
    "mae": 0.9085308305369127,
    "pearson_r": -0.016543837377308624,
    "n": 149
  },
  "reps": {
    "mae": 0.3791669378019619,
    "n": 149
  },
  "val_total": 0.562250767378199,
  "val_total_per_task": {
    "exercise": 1.3973003673873492,
    "phase": 0.2878720775346628,
    "fatigue": 0.908530835737318,
    "reps": 0.11520421622483522
  }
}