{
  "exercise": {
    "f1_macro": 0.2502363984409235,
    "balanced_accuracy": 0.2870136145297445,
    "n": 557
  },
  "phase": {
    "f1_macro": 0.3200914958952184,
    "balanced_accuracy": 0.34167306707629286,
    "n": 477
  },
  "fatigue": {
    "mae": 1.0948229914721723,
    "pearson_r": -0.2218015290381687,
    "n": 557
  },
  "reps": {
    "mae": 0.22759477366773875,
    "n": 474
  },
  "val_total": 0.34695566599416133,
  "val_total_per_task": {
    "exercise": 1.516038767739301,
    "phase": 0.3994723174794572,
    "fatigue": 1.0948229889039292,
    "reps": 0.04274822096716566
  }
}