{
  "exercise": {
    "f1_macro": 0.3398334003814622,
    "balanced_accuracy": 0.402922203724995,
    "n": 1361
  },
  "phase": {
    "f1_macro": 0.31430562360498665,
    "balanced_accuracy": 0.31784280998479286,
    "n": 969
  },
  "fatigue": {
    "mae": 1.2087820306759736,
    "pearson_r": 0.2838510354189824,
    "n": 1361
  },
  "reps": {
    "mae": 0.09731802944658147,
    "n": 964
  },
  "val_total": -0.030630945195878456,
  "val_total_per_task": {
    "exercise": 1.3979628744763017,
    "phase": 0.7145368133197367,
    "fatigue": 1.2087820299752576,
    "reps": 0.007937145662342776
  }
}