{
  "exercise": {
    "f1_macro": 0.10990712074303406,
    "balanced_accuracy": 0.25,
    "n": 252
  },
  "phase": {
    "f1_macro": 0.1695303550973654,
    "balanced_accuracy": 0.3333333333333333,
    "n": 217
  },
  "fatigue": {
    "mae": 1.1218687996031746,
    "pearson_r": 0.18248102764831903,
    "n": 252
  },
  "reps": {
    "mae": 0.6789471521346926,
    "n": 214
  },
  "val_total": 1.5348337888717651,
  "val_total_per_task": {
    "exercise": 1.4057074785232544,
    "phase": 0.3271513879299164,
    "fatigue": 1.1218688488006592,
    "reps": 0.29437944293022156
  }
}