{
  "exercise": {
    "f1_macro": 0.3520255281415477,
    "balanced_accuracy": 0.3592707515698587,
    "n": 304
  },
  "phase": {
    "f1_macro": 0.27778373164719755,
    "balanced_accuracy": 0.29614860921999614,
    "n": 229
  },
  "fatigue": {
    "mae": 1.3023360402960527,
    "pearson_r": 0.14150892721272665,
    "n": 304
  },
  "reps": {
    "mae": 0.380903743061283,
    "n": 223
  },
  "val_total": 1.4159085687838102,
  "val_total_per_task": {
    "exercise": 1.3085079757790816,
    "phase": 0.32889416813850403,
    "fatigue": 1.3023360528443988,
    "reps": 0.1073913817342959
  }
}