{
  "exercise": {
    "f1_macro": 0.15463917525773196,
    "balanced_accuracy": 0.25,
    "n": 218
  },
  "phase": {
    "f1_macro": 0.22187938288920053,
    "balanced_accuracy": 0.2826045262754124,
    "n": 187
  },
  "fatigue": {
    "mae": 1.097907110091743,
    "pearson_r": -0.20800799361752137,
    "n": 218
  },
  "reps": {
    "mae": 0.5250139932917512,
    "n": 184
  },
  "val_total": 1.4319921524152843,
  "val_total_per_task": {
    "exercise": 1.3174768675357924,
    "phase": 0.3300217422870321,
    "fatigue": 1.0979071418079762,
    "reps": 0.19949842975773943
  }
}