{
  "exercise": {
    "f1_macro": 0.38270759480073047,
    "balanced_accuracy": 0.45923770233340344,
    "n": 252
  },
  "phase": {
    "f1_macro": 0.27929708147316895,
    "balanced_accuracy": 0.3008393008393008,
    "n": 217
  },
  "fatigue": {
    "mae": 1.0785590277777777,
    "pearson_r": 0.3254835806217199,
    "n": 252
  },
  "reps": {
    "mae": 0.632866278743354,
    "n": 214
  },
  "val_total": 1.147227168083191,
  "val_total_per_task": {
    "exercise": 1.1076592206954956,
    "phase": 0.32180994749069214,
    "fatigue": 1.0785590410232544,
    "reps": 0.2702369689941406
  }
}