{
  "exercise": {
    "f1_macro": 0.24005377495090963,
    "balanced_accuracy": 0.22822434262166408,
    "n": 304
  },
  "phase": {
    "f1_macro": 0.2888888888888889,
    "balanced_accuracy": 0.30924593140115414,
    "n": 229
  },
  "fatigue": {
    "mae": 0.9984195106907895,
    "pearson_r": 0.15450274627017627,
    "n": 304
  },
  "reps": {
    "mae": 0.39847194161600197,
    "n": 223
  },
  "val_total": 1.0140062319604974,
  "val_total_per_task": {
    "exercise": 1.5385967116606862,
    "phase": 0.369143650719994,
    "fatigue": 0.9984195138278761,
    "reps": 0.14326078640787224
  }
}