{
  "arch": "cnn1d_raw",
  "summary": {
    "val_total": {
      "mean": 1.4355663012741204,
      "std": 0.1216842239723838,
      "n": 5
    },
    "exercise": {
      "f1_macro": {
        "mean": 0.3303864354711365,
        "std": 0.08037464216676918,
        "n": 5
      },
      "balanced_accuracy": {
        "mean": 0.37192387102317637,
        "std": 0.09713771507410872,
        "n": 5
      }
    },
    "phase": {
      "f1_macro": {
        "mean": 0.30506962068580756,
        "std": 0.02735381978329452,
        "n": 5
      },
      "balanced_accuracy": {
        "mean": 0.3298357320404637,
        "std": 0.028725264458007164,
        "n": 5
      }
    },
    "fatigue": {
      "mae": {
        "mean": 1.3541539425428135,
        "std": 0.14070983452609592,
        "n": 5
      },
      "pearson_r": {
        "mean": 0.14766504705196118,
        "std": 0.2780332126478117,
        "n": 5
      }
    },
    "reps": {
      "mae": {
        "mean": 0.4817585525512369,
        "std": 0.08972673989108343,
        "n": 5
      }
    }
  },
  "enabled_tasks": [
    "exercise",
    "phase",
    "fatigue",
    "reps"
  ],
  "all_results": [
    {
      "seed": 42,
      "fold": 0,
      "test_subjects": [
        "Tias",
        "sivert"
      ],
      "metrics": {
        "exercise": {
          "f1_macro": 0.3655407328300714,
          "balanced_accuracy": 0.39264598786750354,
          "n": 252
        },
        "phase": {
          "f1_macro": 0.3025660789414523,
          "balanced_accuracy": 0.33117733117733117,
          "n": 217
        },
        "fatigue": {
          "mae": 1.1398809523809523,
          "pearson_r": 0.12472861604633471,
          "n": 252
        },
        "reps": {
          "mae": 0.6503935838205235,
          "n": 214
        },
        "val_total": 1.304347276687622,
        "val_total_per_task": {
          "exercise": 1.1786140203475952,
          "phase": 0.31537702679634094,
          "fatigue": 1.1398810148239136,
          "reps": 0.2859016954898834
        }
      }
    },
    {
      "seed": 42,
      "fold": 1,
      "test_subjects": [
        "Raghild",
        "michael"
      ],
      "metrics": {
        "exercise": {
          "f1_macro": 0.4380093933453948,
          "balanced_accuracy": 0.5172593712088499,
          "n": 266
        },
        "phase": {
          "f1_macro": 0.33062089173992243,
          "balanced_accuracy": 0.354527417027417,
          "n": 194
        },
        "fatigue": {
          "mae": 1.5408394031954886,
          "pearson_r": 0.2579203543524913,
          "n": 266
        },
        "reps": {
          "mae": 0.4088865478656122,
          "n": 189
        },
        "val_total": 1.5427187690161224,
        "val_total_per_task": {
          "exercise": 1.3293906799832682,
          "phase": 0.4123747061966057,
          "fatigue": 1.5408394022991783,
          "reps": 0.12951667326733582
        }
      }
    },
    {
      "seed": 42,
      "fold": 2,
      "test_subjects": [
        "Juile",
        "lucas 2"
      ],
      "metrics": {
        "exercise": {
          "f1_macro": 0.3703661781643433,
          "balanced_accuracy": 0.41994947017268447,
          "n": 304
        },
        "phase": {
          "f1_macro": 0.28382668382668386,
          "balanced_accuracy": 0.30331323348246125,
          "n": 229
        },
        "fatigue": {
          "mae": 1.269980982730263,
          "pearson_r": 0.34398810628623877,
          "n": 304
        },
        "reps": {
          "mae": 0.42071084673579096,
          "n": 223
        },
        "val_total": 1.2972634779779535,
        "val_total_per_task": {
          "exercise": 1.1625675464931287,
          "phase": 0.34511524125149373,
          "fatigue": 1.2699809890044362,
          "reps": 0.1302032376590528
        }
      }
    },
    {
      "seed": 42,
      "fold": 3,
      "test_subjects": [
        "Hytten",
        "lucas"
      ],
      "metrics": {
        "exercise": {
          "f1_macro": 0.2146825396825397,
          "balanced_accuracy": 0.25065913370998116,
          "n": 218
        },
        "phase": {
          "f1_macro": 0.34042416245615165,
          "balanced_accuracy": 0.36756808592251633,
          "n": 187
        },
        "fatigue": {
          "mae": 1.459539850917431,
          "pearson_r": -0.3782528529046417,
          "n": 218
        },
        "reps": {
          "mae": 0.4314089440133261,
          "n": 184
        },
        "val_total": 1.5974528789520264,
        "val_total_per_task": {
          "exercise": 1.5633152723312378,
          "phase": 0.3205379545688629,
          "fatigue": 1.459539771080017,
          "reps": 0.17272375524044037
        }
      }
    },
    {
      "seed": 42,
      "fold": 4,
      "test_subjects": [
        "kiyomi"
      ],
      "metrics": {
        "exercise": {
          "f1_macro": 0.2633333333333333,
          "balanced_accuracy": 0.27910539215686275,
          "n": 149
        },
        "phase": {
          "f1_macro": 0.26791028646482784,
          "balanced_accuracy": 0.29259259259259257,
          "n": 149
        },
        "fatigue": {
          "mae": 1.360528523489933,
          "pearson_r": 0.38994101147938287,
          "n": 149
        },
        "reps": {
          "mae": 0.497392840320932,
          "n": 149
        },
        "val_total": 1.4360491037368774,
        "val_total_per_task": {
          "exercise": 1.372810959815979,
          "phase": 0.3195664584636688,
          "fatigue": 1.360528588294983,
          "reps": 0.1808735877275467
        }
      }
    }
  ]
}