{
  "exercise": {
    "f1_macro": 0.3517906480623266,
    "balanced_accuracy": 0.40439065136524005,
    "n": 755
  },
  "phase": {
    "f1_macro": 0.31567885666246326,
    "balanced_accuracy": 0.34674353628217863,
    "n": 560
  },
  "fatigue": {
    "mae": 0.9596233443708609,
    "pearson_r": 0.3983394032723991,
    "n": 755
  },
  "reps": {
    "mae": 0.1666839957356601,
    "n": 554
  },
  "val_total": 0.2568515254961734,
  "val_total_per_task": {
    "exercise": 1.1734759889691082,
    "phase": 0.39491195576080423,
    "fatigue": 0.9596233399498542,
    "reps": 0.03005256655052403
  }
}