{
  "lr": 0.00180450675200469,
  "weight_decay": 4.263878278577608e-05,
  "batch_size": 128,
  "dropout": 0.2785595051280685,
  "repr_dim": 256,
  "_patience": 50
}