{
  "exercise": {
    "f1_macro": 0.3662508927660443,
    "balanced_accuracy": 0.4327822475143904,
    "n": 304
  },
  "phase": {
    "f1_macro": 0.1983640081799591,
    "balanced_accuracy": 0.3333333333333333,
    "n": 229
  },
  "fatigue": {
    "mae": 1.2193796258223684,
    "pearson_r": 0.20901930673191607,
    "n": 304
  },
  "reps": {
    "mae": 0.4144571910198828,
    "n": 223
  },
  "val_total": 1.1589056567141884,
  "val_total_per_task": {
    "exercise": 1.0829933599421853,
    "phase": 0.3525881798643815,
    "fatigue": 1.2193796258223684,
    "reps": 0.1360835887883839
  }
}