{
  "exercise": {
    "f1_macro": 0.3207264957264957,
    "balanced_accuracy": 0.39992713606381347,
    "n": 755
  },
  "phase": {
    "f1_macro": 0.21031373406567963,
    "balanced_accuracy": 0.33565621370499416,
    "n": 560
  },
  "fatigue": {
    "mae": 0.944350165562914,
    "pearson_r": 0.5059402713868503,
    "n": 755
  },
  "reps": {
    "mae": 0.16774495475461526,
    "n": 554
  },
  "val_total": 0.6210025632618279,
  "val_total_per_task": {
    "exercise": 1.1462743568104623,
    "phase": 0.3947847278307605,
    "fatigue": 0.9443501554577556,
    "reps": 0.02994351965060692
  }
}