{
  "lr": 0.004987544765589417,
  "weight_decay": 1.781450769024045e-05,
  "batch_size": 128,
  "dropout": 0.4360204713803982,
  "repr_dim": 64,
  "_patience": 50
}