{
  "exercise": {
    "f1_macro": 0.25338345864661654,
    "balanced_accuracy": 0.2667608286252354,
    "n": 218
  },
  "phase": {
    "f1_macro": 0.19235492176668648,
    "balanced_accuracy": 0.30336593785960875,
    "n": 187
  },
  "fatigue": {
    "mae": 1.4143491972477065,
    "pearson_r": -0.4625120821309383,
    "n": 218
  },
  "reps": {
    "mae": 0.5073554305278737,
    "n": 184
  },
  "val_total": 1.6588326692581177,
  "val_total_per_task": {
    "exercise": 1.530981183052063,
    "phase": 0.32106268405914307,
    "fatigue": 1.41434907913208,
    "reps": 0.20691892504692078
  }
}