{
  "exercise": {
    "f1_macro": 0.24400519194930262,
    "balanced_accuracy": 0.25926805318322244,
    "n": 182309
  },
  "phase": {
    "f1_macro": 0.22781433696661887,
    "balanced_accuracy": 0.3346607149784853,
    "n": 58337
  },
  "fatigue": {
    "mae": 1.0266617452095432,
    "pearson_r": -0.05465516220396548,
    "n": 182309
  },
  "reps": {
    "mae": 4.686021903805284,
    "n": 182309
  }
}