{
  "exercise": {
    "f1_macro": 0.32634606081238465,
    "balanced_accuracy": 0.3516484246320599,
    "n": 218
  },
  "phase": {
    "f1_macro": 0.30223136146097257,
    "balanced_accuracy": 0.34824510932105873,
    "n": 187
  },
  "fatigue": {
    "mae": 1.2828268348623852,
    "pearson_r": -0.2703888230474506,
    "n": 218
  },
  "reps": {
    "mae": 0.45392379521027854,
    "n": 184
  },
  "val_total": 1.3820701837539673,
  "val_total_per_task": {
    "exercise": 1.4187285900115967,
    "phase": 0.3369291424751282,
    "fatigue": 1.2828267812728882,
    "reps": 0.16591769456863403
  }
}