{
  "exercise": {
    "f1_macro": 0.23986678004535147,
    "balanced_accuracy": 0.24050245098039216,
    "n": 149
  },
  "phase": {
    "f1_macro": 0.2747354497354497,
    "balanced_accuracy": 0.29672364672364676,
    "n": 149
  },
  "fatigue": {
    "mae": 0.8660601929530202,
    "pearson_r": 0.3133941634020834,
    "n": 149
  },
  "reps": {
    "mae": 0.6188357599304627,
    "n": 149
  },
  "val_total": 1.3874504566192627,
  "val_total_per_task": {
    "exercise": 1.4339771270751953,
    "phase": 0.3543141782283783,
    "fatigue": 0.866060197353363,
    "reps": 0.24562884867191315
  }
}