{
  "exercise": {
    "f1_macro": 0.33520745385212175,
    "balanced_accuracy": 0.410956351714775,
    "n": 626
  },
  "phase": {
    "f1_macro": 0.2639979980516753,
    "balanced_accuracy": 0.3112670565302144,
    "n": 533
  },
  "fatigue": {
    "mae": 1.0760782747603834,
    "pearson_r": 0.33566052206824076,
    "n": 626
  },
  "reps": {
    "mae": 0.25274773202082335,
    "n": 531
  },
  "val_total": 0.0038830114248842476,
  "val_total_per_task": {
    "exercise": 1.2131452453783906,
    "phase": 0.2793377335079181,
    "fatigue": 1.0760782703804894,
    "reps": 0.045625091890414686
  }
}