{
  "exercise": {
    "f1_macro": 0.25733409504987187,
    "balanced_accuracy": 0.30307250660830515,
    "n": 557
  },
  "phase": {
    "f1_macro": 0.3016527362807761,
    "balanced_accuracy": 0.32624807987711213,
    "n": 477
  },
  "fatigue": {
    "mae": 1.0493155296229804,
    "pearson_r": -0.24145774271681467,
    "n": 557
  },
  "reps": {
    "mae": 0.22454069529803478,
    "n": 474
  },
  "val_total": 0.703255023947738,
  "val_total_per_task": {
    "exercise": 1.4376218554361504,
    "phase": 0.3993976015055843,
    "fatigue": 1.0493155309071018,
    "reps": 0.04229177657641885
  }
}