{
  "exercise": {
    "f1_macro": 0.875024482031983,
    "balanced_accuracy": 0.8735052168388613,
    "n": 252
  },
  "phase": {
    "f1_macro": 0.3575123152709359,
    "balanced_accuracy": 0.3673288673288673,
    "n": 217
  },
  "fatigue": {
    "mae": 1.2809864831349207,
    "pearson_r": 0.11772853347985376,
    "n": 252
  },
  "reps": {
    "mae": 0.48250889530945046,
    "n": 214
  },
  "val_total": 0.39141201972961426,
  "val_total_per_task": {
    "exercise": 0.33207711577415466,
    "phase": 0.3175734877586365,
    "fatigue": 1.2809865474700928,
    "reps": 0.16458378732204437
  }
}