{
  "arch": "cnn_lstm_raw",
  "summary": {
    "val_total": {
      "mean": 0.9591052534018285,
      "std": 0.15713590859542947,
      "n": 5
    },
    "exercise": {
      "f1_macro": {
        "mean": 0.4446448936858605,
        "std": 0.07316438536091834,
        "n": 5
      },
      "balanced_accuracy": {
        "mean": 0.4693219107897367,
        "std": 0.06724672866851501,
        "n": 5
      }
    },
    "phase": {
      "f1_macro": {
        "mean": 0.29431148359304904,
        "std": 0.02921233865236491,
        "n": 5
      },
      "balanced_accuracy": {
        "mean": 0.3262390206183187,
        "std": 0.021361768576516227,
        "n": 5
      }
    },
    "fatigue": {
      "mae": {
        "mean": 1.1228655567619181,
        "std": 0.1967522964639902,
        "n": 5
      },
      "pearson_r": {
        "mean": 0.16477438592858143,
        "std": 0.272193141628991,
        "n": 5
      }
    },
    "reps": {
      "mae": {
        "mean": 0.4531913516437175,
        "std": 0.06664069470241137,
        "n": 5
      }
    }
  },
  "enabled_tasks": [
    "exercise",
    "phase",
    "fatigue",
    "reps"
  ],
  "all_results": [
    {
      "seed": 42,
      "fold": 0,
      "test_subjects": [
        "Tias",
        "sivert"
      ],
      "metrics": {
        "exercise": {
          "f1_macro": 0.539079698356303,
          "balanced_accuracy": 0.5414393204310785,
          "n": 252
        },
        "phase": {
          "f1_macro": 0.252434729811779,
          "balanced_accuracy": 0.31115731115731116,
          "n": 217
        },
        "fatigue": {
          "mae": 1.038054935515873,
          "pearson_r": 0.33916985816254813,
          "n": 252
        },
        "reps": {
          "mae": 0.5807713601981925,
          "n": 214
        },
        "val_total": 0.8502548705963862,
        "val_total_per_task": {
          "exercise": 0.96077219077519,
          "phase": 0.3076912136304946,
          "fatigue": 1.0380549071327088,
          "reps": 0.23900678091579014
        }
      }
    },
    {
      "seed": 42,
      "fold": 1,
      "test_subjects": [
        "Raghild",
        "michael"
      ],
      "metrics": {
        "exercise": {
          "f1_macro": 0.4442029784886928,
          "balanced_accuracy": 0.5262784529023503,
          "n": 266
        },
        "phase": {
          "f1_macro": 0.275646435140106,
          "balanced_accuracy": 0.30623196248196244,
          "n": 194
        },
        "fatigue": {
          "mae": 1.4029752114661653,
          "pearson_r": 0.30758288204845097,
          "n": 266
        },
        "reps": {
          "mae": 0.4285461780708776,
          "n": 189
        },
        "val_total": 1.205049184928263,
        "val_total_per_task": {
          "exercise": 1.3375014685150375,
          "phase": 0.3904248036836323,
          "fatigue": 1.4029752114661653,
          "reps": 0.13730099326685855
        }
      }
    },
    {
      "seed": 42,
      "fold": 2,
      "test_subjects": [
        "Juile",
        "lucas 2"
      ],
      "metrics": {
        "exercise": {
          "f1_macro": 0.40721907817354475,
          "balanced_accuracy": 0.39312491823652534,
          "n": 304
        },
        "phase": {
          "f1_macro": 0.31736111111111115,
          "balanced_accuracy": 0.3454256629708876,
          "n": 229
        },
        "fatigue": {
          "mae": 1.1715537623355263,
          "pearson_r": 0.2611134587070653,
          "n": 304
        },
        "reps": {
          "mae": 0.4017370733653817,
          "n": 223
        },
        "val_total": 1.0677716982992072,
        "val_total_per_task": {
          "exercise": 1.3390302156147205,
          "phase": 0.35481314282668264,
          "fatigue": 1.1715537686096995,
          "reps": 0.12725744004312314
        }
      }
    },
    {
      "seed": 42,
      "fold": 3,
      "test_subjects": [
        "Hytten",
        "lucas"
      ],
      "metrics": {
        "exercise": {
          "f1_macro": 0.5025193517174649,
          "balanced_accuracy": 0.5018820584571607,
          "n": 218
        },
        "phase": {
          "f1_macro": 0.33462885041595736,
          "balanced_accuracy": 0.3582662063674722,
          "n": 187
        },
        "fatigue": {
          "mae": 1.1955096043577982,
          "pearson_r": -0.37729352894511575,
          "n": 218
        },
        "reps": {
          "mae": 0.4014876261353493,
          "n": 184
        },
        "val_total": 0.9037317825019906,
        "val_total_per_task": {
          "exercise": 1.2416368077654358,
          "phase": 0.30233930748537047,
          "fatigue": 1.1955096262310623,
          "reps": 0.11980764786584662
        }
      }
    },
    {
      "seed": 42,
      "fold": 4,
      "test_subjects": [
        "kiyomi"
      ],
      "metrics": {
        "exercise": {
          "f1_macro": 0.33020336169329734,
          "balanced_accuracy": 0.38388480392156865,
          "n": 149
        },
        "phase": {
          "f1_macro": 0.29148629148629146,
          "balanced_accuracy": 0.31011396011396014,
          "n": 149
        },
        "fatigue": {
          "mae": 0.8062342701342282,
          "pearson_r": 0.29329925966995846,
          "n": 149
        },
        "reps": {
          "mae": 0.4534145204487863,
          "n": 149
        },
        "val_total": 0.7687187306832948,
        "val_total_per_task": {
          "exercise": 1.1543337442730897,
          "phase": 0.3142734585992442,
          "fatigue": 0.806234278934914,
          "reps": 0.1611755173778374
        }
      }
    }
  ]
}