{
  "lr": 0.0035068157094986017,
  "weight_decay": 2.1649519768826394e-05,
  "batch_size": 128,
  "dropout": 0.45684713332520954,
  "repr_dim": 64,
  "_patience": 50
}