{
  "exercise": {
    "f1_macro": 0.3674473067915691,
    "balanced_accuracy": 0.4575757575757576,
    "n": 746
  },
  "phase": {
    "f1_macro": 0.2120658135283364,
    "balanced_accuracy": 0.3333333333333333,
    "n": 746
  },
  "fatigue": {
    "mae": 1.0095142845174263,
    "pearson_r": 0.13467564413922536,
    "n": 746
  },
  "reps": {
    "mae": 0.10851745474734031,
    "n": 746
  },
  "val_total": 0.18688802185390974,
  "val_total_per_task": {
    "exercise": 1.0097091722104887,
    "phase": 0.47884181429489686,
    "fatigue": 1.0095142982600522,
    "reps": 0.01003888095841411
  }
}