{
  "exercise": {
    "f1_macro": 0.369854207602552,
    "balanced_accuracy": 0.45293560606060607,
    "n": 746
  },
  "phase": {
    "f1_macro": 0.29968719300966856,
    "balanced_accuracy": 0.3323086518756126,
    "n": 746
  },
  "fatigue": {
    "mae": 0.8765132791554959,
    "pearson_r": 0.20365228958150178,
    "n": 746
  },
  "reps": {
    "mae": 0.10717741936824757,
    "n": 746
  },
  "val_total": -0.06605130545894837,
  "val_total_per_task": {
    "exercise": 1.0629218596235996,
    "phase": 0.47965453649014633,
    "fatigue": 0.8765133015272125,
    "reps": 0.009863794339326368
  }
}