{
  "exercise": {
    "f1_macro": 0.3066600210320953,
    "balanced_accuracy": 0.3055372522243859,
    "n": 132918
  },
  "phase": {
    "f1_macro": 0.269266373249991,
    "balanced_accuracy": 0.30828394537140064,
    "n": 78741
  },
  "fatigue": {
    "mae": 1.200214453193684,
    "pearson_r": 0.31332451992469124,
    "n": 132918
  },
  "reps": {
    "mae": 2.8442168303204998,
    "n": 132918
  }
}