{
  "arch": "lstm_raw",
  "summary": {
    "val_total": {
      "mean": 1.340856663132398,
      "std": 0.07034294941260202,
      "n": 5
    },
    "exercise": {
      "f1_macro": {
        "mean": 0.12503045462901144,
        "std": 0.011999291650289772,
        "n": 5
      },
      "balanced_accuracy": {
        "mean": 0.2498876404494382,
        "std": 0.00022471910112359383,
        "n": 5
      }
    },
    "phase": {
      "f1_macro": {
        "mean": 0.24556048523763602,
        "std": 0.04385734017545945,
        "n": 5
      },
      "balanced_accuracy": {
        "mean": 0.33613174675282204,
        "std": 0.0034396090569374137,
        "n": 5
      }
    },
    "fatigue": {
      "mae": {
        "mean": 1.0111672513328143,
        "std": 0.1456807400639403,
        "n": 5
      },
      "pearson_r": {
        "mean": 0.12335429992356368,
        "std": 0.1837513862903556,
        "n": 5
      }
    },
    "reps": {
      "mae": {
        "mean": 0.1117921761295243,
        "std": 0.018609605483683848,
        "n": 5
      }
    }
  },
  "enabled_tasks": [
    "exercise",
    "phase",
    "fatigue",
    "reps"
  ],
  "all_results": [
    {
      "seed": 42,
      "fold": 0,
      "test_subjects": [
        "Tias",
        "sivert"
      ],
      "metrics": {
        "exercise": {
          "f1_macro": 0.11042183622828784,
          "balanced_accuracy": 0.25,
          "n": 1256
        },
        "phase": {
          "f1_macro": 0.21215986394557826,
          "balanced_accuracy": 0.3333333333333333,
          "n": 1069
        },
        "fatigue": {
          "mae": 1.117983678343949,
          "pearson_r": 0.22174214629609293,
          "n": 1256
        },
        "reps": {
          "mae": 0.13883135518436202,
          "n": 1067
        },
        "val_total": 1.3763148359432342,
        "val_total_per_task": {
          "exercise": 1.3859968268947236,
          "phase": 0.41750481572880105,
          "fatigue": 1.1179836772050067,
          "reps": 0.014003310755939241
        }
      }
    },
    {
      "seed": 42,
      "fold": 1,
      "test_subjects": [
        "Raghild",
        "michael"
      ],
      "metrics": {
        "exercise": {
          "f1_macro": 0.12299168975069252,
          "balanced_accuracy": 0.24943820224719102,
          "n": 1361
        },
        "phase": {
          "f1_macro": 0.2192982456140351,
          "balanced_accuracy": 0.3333333333333333,
          "n": 969
        },
        "fatigue": {
          "mae": 1.2397478875826597,
          "pearson_r": 0.20066956547227857,
          "n": 1361
        },
        "reps": {
          "mae": 0.09563001013975359,
          "n": 964
        },
        "val_total": 1.456685102923139,
        "val_total_per_task": {
          "exercise": 1.344786127379149,
          "phase": 0.49421484119133596,
          "fatigue": 1.2397478870571228,
          "reps": 0.00817651627482648
        }
      }
    },
    {
      "seed": 42,
      "fold": 2,
      "test_subjects": [
        "Juile",
        "lucas 2"
      ],
      "metrics": {
        "exercise": {
          "f1_macro": 0.12293853073463268,
          "balanced_accuracy": 0.25,
          "n": 1509
        },
        "phase": {
          "f1_macro": 0.3301716794030878,
          "balanced_accuracy": 0.33987047156446065,
          "n": 1113
        },
        "fatigue": {
          "mae": 0.9245878893306826,
          "pearson_r": 0.26290323425159,
          "n": 1509
        },
        "reps": {
          "mae": 0.08680361211123222,
          "n": 1107
        },
        "val_total": 1.3267437464516236,
        "val_total_per_task": {
          "exercise": 1.3653579740985646,
          "phase": 0.514647368665086,
          "fatigue": 0.9245878975070653,
          "reps": 0.007474613902415164
        }
      }
    },
    {
      "seed": 42,
      "fold": 3,
      "test_subjects": [
        "Hytten",
        "lucas"
      ],
      "metrics": {
        "exercise": {
          "f1_macro": 0.14709636247606891,
          "balanced_accuracy": 0.25,
          "n": 1106
        },
        "phase": {
          "f1_macro": 0.22001419446415896,
          "balanced_accuracy": 0.3333333333333333,
          "n": 944
        },
        "fatigue": {
          "mae": 0.8420123191681737,
          "pearson_r": -0.23920977458877846,
          "n": 1106
        },
        "reps": {
          "mae": 0.12161001614215769,
          "n": 941
        },
        "val_total": 1.2571097140286327,
        "val_total_per_task": {
          "exercise": 1.3206745166243954,
          "phase": 0.510274669360942,
          "fatigue": 0.8420123200304469,
          "reps": 0.01155930715756218
        }
      }
    },
    {
      "seed": 42,
      "fold": 4,
      "test_subjects": [
        "kiyomi"
      ],
      "metrics": {
        "exercise": {
          "f1_macro": 0.12170385395537525,
          "balanced_accuracy": 0.25,
          "n": 746
        },
        "phase": {
          "f1_macro": 0.24615844276132,
          "balanced_accuracy": 0.3407882621996496,
          "n": 746
        },
        "fatigue": {
          "mae": 0.9315044822386059,
          "pearson_r": 0.17066632818663546,
          "n": 746
        },
        "reps": {
          "mae": 0.11608588707011602,
          "n": 746
        },
        "val_total": 1.28742991631536,
        "val_total_per_task": {
          "exercise": 1.3418911126599555,
          "phase": 0.4776230558313569,
          "fatigue": 0.9315045173941604,
          "reps": 0.010456905430607278
        }
      }
    }
  ]
}