{
  "exercise": {
    "f1_macro": 0.33898978808169533,
    "balanced_accuracy": 0.353787207654146,
    "n": 374
  },
  "phase": {
    "f1_macro": 0.3110145402050809,
    "balanced_accuracy": 0.3197539109141319,
    "n": 374
  },
  "fatigue": {
    "mae": 0.7505744485294118,
    "pearson_r": 0.45015254188811943,
    "n": 374
  },
  "reps": {
    "mae": 0.19897525212951603,
    "n": 374
  },
  "val_total": -0.07794945316518692,
  "val_total_per_task": {
    "exercise": 1.448857220736417,
    "phase": 0.33725768933321704,
    "fatigue": 0.7505744529917916,
    "reps": 0.03558122514084699
  }
}