{
  "exercise": {
    "f1_macro": 0.15244708994708994,
    "balanced_accuracy": 0.25,
    "n": 1106
  },
  "phase": {
    "f1_macro": 0.22001419446415896,
    "balanced_accuracy": 0.3333333333333333,
    "n": 944
  },
  "fatigue": {
    "mae": 1.0383243388336347,
    "pearson_r": -0.2690026231547315,
    "n": 1106
  },
  "reps": {
    "mae": 0.1162273445857964,
    "n": 941
  },
  "val_total": 0.9158545777767519,
  "val_total_per_task": {
    "exercise": 1.418768280237967,
    "phase": 0.5067495482739661,
    "fatigue": 1.038324324174988,
    "reps": 0.011328003761673491
  }
}