{
  "lr": 0.004133979895332664,
  "weight_decay": 1.6164910931115158e-06,
  "batch_size": 64,
  "dropout": 0.19323020442922745,
  "repr_dim": 64,
  "lstm_hidden": 128,
  "lstm_layers": 2,
  "_patience": 50
}