{
  "exercise": {
    "f1_macro": 0.36684206822677623,
    "balanced_accuracy": 0.45606060606060606,
    "n": 746
  },
  "phase": {
    "f1_macro": 0.24825974520706504,
    "balanced_accuracy": 0.3356128783153643,
    "n": 746
  },
  "fatigue": {
    "mae": 0.7685730144101877,
    "pearson_r": 0.5200130467868137,
    "n": 746
  },
  "reps": {
    "mae": 0.1068661715036343,
    "n": 746
  },
  "val_total": -0.7125943263158722,
  "val_total_per_task": {
    "exercise": 1.0694722375026018,
    "phase": 0.4814859563160198,
    "fatigue": 0.7685730163277634,
    "reps": 0.00981552064064241
  }
}