{
  "arch": "cnn_lstm_raw",
  "summary": {
    "val_total": {
      "mean": 1.0976679859304788,
      "std": 0.23445571259874157,
      "n": 5
    },
    "exercise": {
      "f1_macro": {
        "mean": 0.4262907681413714,
        "std": 0.13838383652664776,
        "n": 5
      },
      "balanced_accuracy": {
        "mean": 0.45869586429156695,
        "std": 0.13018929760323664,
        "n": 5
      }
    },
    "phase": {
      "f1_macro": {
        "mean": 0.3136410007478124,
        "std": 0.048433987991620846,
        "n": 5
      },
      "balanced_accuracy": {
        "mean": 0.342923848624834,
        "std": 0.03678204430025174,
        "n": 5
      }
    },
    "fatigue": {
      "mae": {
        "mean": 1.0807610570949067,
        "std": 0.1960926807601446,
        "n": 5
      },
      "pearson_r": {
        "mean": 0.17890230773309343,
        "std": 0.29856995907018324,
        "n": 5
      }
    },
    "reps": {
      "mae": {
        "mean": 0.4785567537160286,
        "std": 0.08779126513853797,
        "n": 5
      }
    }
  },
  "enabled_tasks": [
    "exercise",
    "phase",
    "fatigue",
    "reps"
  ],
  "all_results": [
    {
      "seed": 42,
      "fold": 0,
      "test_subjects": [
        "Tias",
        "sivert"
      ],
      "metrics": {
        "exercise": {
          "f1_macro": 0.4220641724454153,
          "balanced_accuracy": 0.4601392775075569,
          "n": 252
        },
        "phase": {
          "f1_macro": 0.28416149068322977,
          "balanced_accuracy": 0.32732732732732733,
          "n": 217
        },
        "fatigue": {
          "mae": 1.030397445436508,
          "pearson_r": 0.3436557555383546,
          "n": 252
        },
        "reps": {
          "mae": 0.6329116640595075,
          "n": 214
        },
        "val_total": 1.3119621276855469,
        "val_total_per_task": {
          "exercise": 1.5538053512573242,
          "phase": 0.3183687925338745,
          "fatigue": 1.0303975343704224,
          "reps": 0.26183298230171204
        }
      }
    },
    {
      "seed": 42,
      "fold": 1,
      "test_subjects": [
        "Raghild",
        "michael"
      ],
      "metrics": {
        "exercise": {
          "f1_macro": 0.4303048912512383,
          "balanced_accuracy": 0.4776694836839183,
          "n": 266
        },
        "phase": {
          "f1_macro": 0.2984582604675471,
          "balanced_accuracy": 0.31646825396825395,
          "n": 194
        },
        "fatigue": {
          "mae": 1.276829769736842,
          "pearson_r": 0.27115218517829065,
          "n": 266
        },
        "reps": {
          "mae": 0.39943649949969123,
          "n": 189
        },
        "val_total": 1.1733280142447107,
        "val_total_per_task": {
          "exercise": 1.24843568640544,
          "phase": 0.3802409333393986,
          "fatigue": 1.2768297724257736,
          "reps": 0.13055632168189027
        }
      }
    },
    {
      "seed": 42,
      "fold": 2,
      "test_subjects": [
        "Juile",
        "lucas 2"
      ],
      "metrics": {
        "exercise": {
          "f1_macro": 0.6735877026199607,
          "balanced_accuracy": 0.6737943975667191,
          "n": 304
        },
        "phase": {
          "f1_macro": 0.38598446470786896,
          "balanced_accuracy": 0.3997102229936309,
          "n": 229
        },
        "fatigue": {
          "mae": 1.0936215049342106,
          "pearson_r": 0.31628261429947313,
          "n": 304
        },
        "reps": {
          "mae": 0.38790002614343244,
          "n": 223
        },
        "val_total": 0.9087647168259871,
        "val_total_per_task": {
          "exercise": 1.0183935290888737,
          "phase": 0.3138597231162222,
          "fatigue": 1.093621508071297,
          "reps": 0.1118325246007819
        }
      }
    },
    {
      "seed": 42,
      "fold": 3,
      "test_subjects": [
        "Hytten",
        "lucas"
      ],
      "metrics": {
        "exercise": {
          "f1_macro": 0.2578301984747793,
          "balanced_accuracy": 0.26888596662120917,
          "n": 218
        },
        "phase": {
          "f1_macro": 0.3498653381449664,
          "balanced_accuracy": 0.37082853855005754,
          "n": 187
        },
        "fatigue": {
          "mae": 1.2646753153669725,
          "pearson_r": -0.4141580410803088,
          "n": 218
        },
        "reps": {
          "mae": 0.4938015733724055,
          "n": 184
        },
        "val_total": 1.3491449356079102,
        "val_total_per_task": {
          "exercise": 1.5061572790145874,
          "phase": 0.3240375816822052,
          "fatigue": 1.264675259590149,
          "reps": 0.17915385961532593
        }
      }
    },
    {
      "seed": 42,
      "fold": 4,
      "test_subjects": [
        "kiyomi"
      ],
      "metrics": {
        "exercise": {
          "f1_macro": 0.34766687591546347,
          "balanced_accuracy": 0.41299019607843135,
          "n": 149
        },
        "phase": {
          "f1_macro": 0.24973544973544973,
          "balanced_accuracy": 0.3002849002849003,
          "n": 149
        },
        "fatigue": {
          "mae": 0.73828125,
          "pearson_r": 0.37757902472965754,
          "n": 149
        },
        "reps": {
          "mae": 0.4787340055051066,
          "n": 149
        },
        "val_total": 0.7451401352882385,
        "val_total_per_task": {
          "exercise": 1.0906637907028198,
          "phase": 0.30790096521377563,
          "fatigue": 0.73828125,
          "reps": 0.18080496788024902
        }
      }
    }
  ]
}