{
  "arch": "cnn_lstm_raw",
  "summary": {
    "val_total": {
      "mean": 1.2964884670461232,
      "std": 0.094279726048966,
      "n": 5
    },
    "exercise": {
      "f1_macro": {
        "mean": 0.3155611060617197,
        "std": 0.0793534535548809,
        "n": 5
      },
      "balanced_accuracy": {
        "mean": 0.3866664641084512,
        "std": 0.06975507324332178,
        "n": 5
      }
    },
    "phase": {
      "f1_macro": {
        "mean": 0.3034972192159593,
        "std": 0.012907365633745229,
        "n": 5
      },
      "balanced_accuracy": {
        "mean": 0.33541568772887054,
        "std": 0.015753247471378257,
        "n": 5
      }
    },
    "fatigue": {
      "mae": {
        "mean": 1.0185299848399707,
        "std": 0.1525728939818408,
        "n": 5
      },
      "pearson_r": {
        "mean": 0.21726883189904078,
        "std": 0.23866229874861047,
        "n": 5
      }
    },
    "reps": {
      "mae": {
        "mean": 0.4944929387143002,
        "std": 0.09316695122231058,
        "n": 5
      }
    }
  },
  "enabled_tasks": [
    "exercise",
    "phase",
    "fatigue",
    "reps"
  ],
  "all_results": [
    {
      "seed": 42,
      "fold": 0,
      "test_subjects": [
        "Tias",
        "sivert"
      ],
      "metrics": {
        "exercise": {
          "f1_macro": 0.3565766634522662,
          "balanced_accuracy": 0.3971384275804078,
          "n": 252
        },
        "phase": {
          "f1_macro": 0.30766268771659605,
          "balanced_accuracy": 0.34561484561484557,
          "n": 217
        },
        "fatigue": {
          "mae": 1.1087859623015872,
          "pearson_r": 0.3465688377948729,
          "n": 252
        },
        "reps": {
          "mae": 0.6636671861546619,
          "n": 214
        },
        "val_total": 1.4386285429909116,
        "val_total_per_task": {
          "exercise": 1.3213374785014562,
          "phase": 0.3272382300051432,
          "fatigue": 1.1087859566249545,
          "reps": 0.29078671856532023
        }
      }
    },
    {
      "seed": 42,
      "fold": 1,
      "test_subjects": [
        "Raghild",
        "michael"
      ],
      "metrics": {
        "exercise": {
          "f1_macro": 0.31521739130434784,
          "balanced_accuracy": 0.4218791766907244,
          "n": 266
        },
        "phase": {
          "f1_macro": 0.29103424315462617,
          "balanced_accuracy": 0.31921897546897543,
          "n": 194
        },
        "fatigue": {
          "mae": 1.2749500704887218,
          "pearson_r": 0.32754678253251396,
          "n": 266
        },
        "reps": {
          "mae": 0.4236643987180537,
          "n": 189
        },
        "val_total": 1.367363076460989,
        "val_total_per_task": {
          "exercise": 1.1210188309949143,
          "phase": 0.36989879787416385,
          "fatigue": 1.2749500740739637,
          "reps": 0.13637773614180715
        }
      }
    },
    {
      "seed": 42,
      "fold": 2,
      "test_subjects": [
        "Juile",
        "lucas 2"
      ],
      "metrics": {
        "exercise": {
          "f1_macro": 0.38344418776730554,
          "balanced_accuracy": 0.42313824568288855,
          "n": 304
        },
        "phase": {
          "f1_macro": 0.2902523016375009,
          "balanced_accuracy": 0.3360241198210465,
          "n": 229
        },
        "fatigue": {
          "mae": 0.942858244243421,
          "pearson_r": 0.34028692887045925,
          "n": 304
        },
        "reps": {
          "mae": 0.39728883271744564,
          "n": 223
        },
        "val_total": 1.2309167887035168,
        "val_total_per_task": {
          "exercise": 1.1654610884817023,
          "phase": 0.37210750109271,
          "fatigue": 0.9428582505175942,
          "reps": 0.13637467434531764
        }
      }
    },
    {
      "seed": 42,
      "fold": 3,
      "test_subjects": [
        "Hytten",
        "lucas"
      ],
      "metrics": {
        "exercise": {
          "f1_macro": 0.16304347826086957,
          "balanced_accuracy": 0.25,
          "n": 218
        },
        "phase": {
          "f1_macro": 0.32551248923341947,
          "balanced_accuracy": 0.35884158036056774,
          "n": 187
        },
        "fatigue": {
          "mae": 0.8878834575688074,
          "pearson_r": -0.2598731952211569,
          "n": 218
        },
        "reps": {
          "mae": 0.5064621953212697,
          "n": 184
        },
        "val_total": 1.267750055418102,
        "val_total_per_task": {
          "exercise": 1.3162897923670778,
          "phase": 0.31921335398604017,
          "fatigue": 0.8878834455385121,
          "reps": 0.19439807903329168
        }
      }
    },
    {
      "seed": 42,
      "fold": 4,
      "test_subjects": [
        "kiyomi"
      ],
      "metrics": {
        "exercise": {
          "f1_macro": 0.3595238095238095,
          "balanced_accuracy": 0.4411764705882353,
          "n": 149
        },
        "phase": {
          "f1_macro": 0.3030243743376539,
          "balanced_accuracy": 0.3173789173789174,
          "n": 149
        },
        "fatigue": {
          "mae": 0.8781721895973155,
          "pearson_r": 0.3318148055185148,
          "n": 149
        },
        "reps": {
          "mae": 0.4813820806600703,
          "n": 149
        },
        "val_total": 1.1777838716570963,
        "val_total_per_task": {
          "exercise": 1.1633808660827227,
          "phase": 0.32071645967912354,
          "fatigue": 0.8781721911974402,
          "reps": 0.1818891861694771
        }
      }
    }
  ]
}