{
  "exercise": {
    "f1_macro": 0.1461038961038961,
    "balanced_accuracy": 0.25,
    "n": 218
  },
  "phase": {
    "f1_macro": 0.2603346901854364,
    "balanced_accuracy": 0.3091196777905639,
    "n": 187
  },
  "fatigue": {
    "mae": 0.9110342603211009,
    "pearson_r": -0.1856763672600302,
    "n": 218
  },
  "reps": {
    "mae": 0.4891068880324778,
    "n": 184
  },
  "val_total": 1.30673853629226,
  "val_total_per_task": {
    "exercise": 1.3583939622301575,
    "phase": 0.386888358297698,
    "fatigue": 0.9110342625084273,
    "reps": 0.19624561112408245
  }
}