{
  "exercise": {
    "f1_macro": 0.4121070286199172,
    "balanced_accuracy": 0.42975797164714247,
    "n": 755
  },
  "phase": {
    "f1_macro": 0.30394205749175324,
    "balanced_accuracy": 0.3416639846260769,
    "n": 560
  },
  "fatigue": {
    "mae": 0.860456332781457,
    "pearson_r": 0.45710552267192606,
    "n": 755
  },
  "reps": {
    "mae": 0.17696997832207662,
    "n": 554
  },
  "val_total": 0.6175825966904495,
  "val_total_per_task": {
    "exercise": 1.2395644765815987,
    "phase": 0.36523465999704324,
    "fatigue": 0.8604563283604502,
    "reps": 0.029712943120902738
  }
}