{
  "exercise": {
    "f1_macro": 0.28733823008666715,
    "balanced_accuracy": 0.2981990574154676,
    "n": 132918
  },
  "phase": {
    "f1_macro": 0.2536790548281856,
    "balanced_accuracy": 0.3267007590369131,
    "n": 78741
  },
  "fatigue": {
    "mae": 0.9765104269844702,
    "pearson_r": -0.12186721334673575,
    "n": 132918
  },
  "reps": {
    "mae": 2.7334355906726713,
    "n": 132918
  }
}