{
  "exercise": {
    "f1_macro": 0.372305471268749,
    "balanced_accuracy": 0.451014878817891,
    "n": 1256
  },
  "phase": {
    "f1_macro": 0.279122106943336,
    "balanced_accuracy": 0.33153655242358193,
    "n": 1069
  },
  "fatigue": {
    "mae": 1.0971524183917198,
    "pearson_r": 0.3154952931704351,
    "n": 1256
  },
  "reps": {
    "mae": 0.13715663303393302,
    "n": 1067
  },
  "val_total": -0.39512219702362256,
  "val_total_per_task": {
    "exercise": 1.1636293207763866,
    "phase": 0.42678221870379845,
    "fatigue": 1.0971524199103093,
    "reps": 0.01367144280700547
  }
}