{
  "exercise": {
    "f1_macro": 0.35776334156555356,
    "balanced_accuracy": 0.4325208026134534,
    "n": 682
  },
  "phase": {
    "f1_macro": 0.29613344530967173,
    "balanced_accuracy": 0.30335740249533355,
    "n": 488
  },
  "fatigue": {
    "mae": 1.2741019061583578,
    "pearson_r": 0.2629326635978594,
    "n": 682
  },
  "reps": {
    "mae": 0.18470326144078214,
    "n": 482
  },
  "val_total": 0.48595910338013054,
  "val_total_per_task": {
    "exercise": 1.2813387539379757,
    "phase": 0.5041483630183156,
    "fatigue": 1.2741019117517556,
    "reps": 0.028290938422127553
  }
}