{
  "exercise": {
    "f1_macro": 0.12362030905077263,
    "balanced_accuracy": 0.25,
    "n": 682
  },
  "phase": {
    "f1_macro": 0.21481481481481482,
    "balanced_accuracy": 0.3333333333333333,
    "n": 488
  },
  "fatigue": {
    "mae": 1.2089729197214076,
    "pearson_r": 0.39306697195466256,
    "n": 682
  },
  "reps": {
    "mae": 0.18417915483140598,
    "n": 482
  },
  "val_total": 0.8881680231290129,
  "val_total_per_task": {
    "exercise": 1.3249418725016529,
    "phase": 0.351580046663536,
    "fatigue": 1.2089729204205824,
    "reps": 0.029847181290169614
  }
}