{
  "exercise": {
    "f1_macro": 0.2620362903225807,
    "balanced_accuracy": 0.35059724903474904,
    "n": 682
  },
  "phase": {
    "f1_macro": 0.21481481481481482,
    "balanced_accuracy": 0.3333333333333333,
    "n": 488
  },
  "fatigue": {
    "mae": 1.3390991568914956,
    "pearson_r": 0.3405081460544609,
    "n": 682
  },
  "reps": {
    "mae": 0.18638991732227606,
    "n": 482
  },
  "val_total": 1.0946830895639235,
  "val_total_per_task": {
    "exercise": 1.2359606702306754,
    "phase": 0.3507552003580804,
    "fatigue": 1.3390991603873692,
    "reps": 0.029700844354730898
  }
}