{
  "exercise": {
    "f1_macro": 0.3185310734463277,
    "balanced_accuracy": 0.35049019607843135,
    "n": 149
  },
  "phase": {
    "f1_macro": 0.25655330682335253,
    "balanced_accuracy": 0.34522792022792026,
    "n": 149
  },
  "fatigue": {
    "mae": 1.1620176174496644,
    "pearson_r": 0.1880386936905805,
    "n": 149
  },
  "reps": {
    "mae": 0.5101674389994184,
    "n": 149
  },
  "val_total": 1.4266102313995361,
  "val_total_per_task": {
    "exercise": 1.5800601243972778,
    "phase": 0.3191452920436859,
    "fatigue": 1.162017583847046,
    "reps": 0.1738416701555252
  }
}