{
  "exercise": {
    "f1_macro": 0.4442603359173126,
    "balanced_accuracy": 0.5054978101289248,
    "n": 266
  },
  "phase": {
    "f1_macro": 0.32703617893423637,
    "balanced_accuracy": 0.35105519480519476,
    "n": 194
  },
  "fatigue": {
    "mae": 1.4430069313909775,
    "pearson_r": 0.148109955179785,
    "n": 266
  },
  "reps": {
    "mae": 0.40157345153154833,
    "n": 189
  },
  "val_total": 1.4318597980011674,
  "val_total_per_task": {
    "exercise": 1.3931213572509307,
    "phase": 0.4059358629068934,
    "fatigue": 1.4430069340799088,
    "reps": 0.12462005041595689
  }
}