{
  "exercise": {
    "f1_macro": 0.35933121614048197,
    "balanced_accuracy": 0.45,
    "n": 746
  },
  "phase": {
    "f1_macro": 0.2965195204122077,
    "balanced_accuracy": 0.31140663518370015,
    "n": 746
  },
  "fatigue": {
    "mae": 1.180059274463807,
    "pearson_r": 0.23063141436344783,
    "n": 746
  },
  "reps": {
    "mae": 0.10955390697170359,
    "n": 746
  },
  "val_total": 0.8711935713208073,
  "val_total_per_task": {
    "exercise": 1.0619416876069343,
    "phase": 0.48255007124778093,
    "fatigue": 1.1800592840516855,
    "reps": 0.010117578857026535
  }
}