{
  "best_score": 0.21109795254625077,
  "best_hps": {
    "lr": 0.0028046390868500695,
    "weight_decay": 0.009884157497089997,
    "batch_size": 128,
    "dropout": 0.4828866027461608,
    "repr_dim": 64,
    "hidden_dim": 16
  },
  "phase1_elapsed_s": 5245.459508180618
}