{
  "best_fold_dir": "phase2\\mlp\\seed_1337\\fold_3",
  "val_total": -0.9086725661363552,
  "test_subjects": [],
  "metrics": {
    "exercise": {
      "f1_macro": 0.541535198992696,
      "balanced_accuracy": 0.5211489331651395,
      "n": 378
    },
    "phase": {
      "f1_macro": 0.3604939401566636,
      "balanced_accuracy": 0.3623655913978494,
      "n": 298
    },
    "fatigue": {
      "mae": 1.1912202380952381,
      "pearson_r": 0.15198907216466048,
      "n": 378
    },
    "reps": {
      "mae": 0.11245072654495805,
      "n": 295
    }
  },
  "arch": "mlp",
  "variant": "features",
  "window_s": 2.0,
  "tight_hps": true,
  "best_hps": {
    "lr": 0.0028046390868500695,
    "weight_decay": 0.009884157497089997,
    "batch_size": 128,
    "dropout": 0.4828866027461608,
    "repr_dim": 64,
    "hidden_dim": 16,
    "_patience": 10
  }
}