{
  "exercise": {
    "f1_macro": 0.34836046141045574,
    "balanced_accuracy": 0.34275657378335955,
    "n": 304
  },
  "phase": {
    "f1_macro": 0.20968660968660968,
    "balanced_accuracy": 0.32214873889645335,
    "n": 229
  },
  "fatigue": {
    "mae": 1.0958444695723684,
    "pearson_r": 0.24624410134998861,
    "n": 304
  },
  "reps": {
    "mae": 0.4064046238244181,
    "n": 223
  },
  "val_total": 1.1574919380639728,
  "val_total_per_task": {
    "exercise": 1.3862099396555048,
    "phase": 0.3294568281424673,
    "fatigue": 1.095844472709455,
    "reps": 0.1269683461440237
  }
}