{
  "lr": 0.004410600057889277,
  "weight_decay": 1.0422971466648463e-06,
  "batch_size": 64,
  "dropout": 0.36850754592708684,
  "repr_dim": 256,
  "_patience": 50
}