{
  "exercise": {
    "f1_macro": 0.3873423787980426,
    "balanced_accuracy": 0.45601725897060214,
    "n": 626
  },
  "phase": {
    "f1_macro": 0.2655495465202081,
    "balanced_accuracy": 0.3228849902534113,
    "n": 533
  },
  "fatigue": {
    "mae": 1.1288688099041533,
    "pearson_r": 0.21413533804736912,
    "n": 626
  },
  "reps": {
    "mae": 0.2273306313335629,
    "n": 531
  },
  "val_total": 0.04017556170685985,
  "val_total_per_task": {
    "exercise": 1.175771309544865,
    "phase": 0.2842769980811463,
    "fatigue": 1.1288688064764103,
    "reps": 0.03906414606057988
  }
}