{
  "arch": "cnn_lstm_raw",
  "summary": {
    "val_total": {
      "mean": 0.9997097776086482,
      "std": 0.2107998525864259,
      "n": 5
    },
    "exercise": {
      "f1_macro": {
        "mean": 0.5196413352533072,
        "std": 0.14395153128806362,
        "n": 5
      },
      "balanced_accuracy": {
        "mean": 0.5391248745639856,
        "std": 0.12739036102511983,
        "n": 5
      }
    },
    "phase": {
      "f1_macro": {
        "mean": 0.3709668559178411,
        "std": 0.09695588339840934,
        "n": 5
      },
      "balanced_accuracy": {
        "mean": 0.38733243246044285,
        "std": 0.09556719898901052,
        "n": 5
      }
    },
    "fatigue": {
      "mae": {
        "mean": 1.1013202834472753,
        "std": 0.14048243520748624,
        "n": 5
      },
      "pearson_r": {
        "mean": 0.13290071158859,
        "std": 0.2774511062328396,
        "n": 5
      }
    },
    "reps": {
      "mae": {
        "mean": 0.4136265912407252,
        "std": 0.04721638345698091,
        "n": 5
      }
    }
  },
  "enabled_tasks": [
    "exercise",
    "phase",
    "fatigue",
    "reps"
  ],
  "all_results": [
    {
      "seed": 42,
      "fold": 0,
      "test_subjects": [
        "Tias",
        "sivert"
      ],
      "metrics": {
        "exercise": {
          "f1_macro": 0.71062531499748,
          "balanced_accuracy": 0.7084734668950398,
          "n": 252
        },
        "phase": {
          "f1_macro": 0.42534658324132013,
          "balanced_accuracy": 0.42846692846692847,
          "n": 217
        },
        "fatigue": {
          "mae": 1.1293867807539681,
          "pearson_r": 0.2781841015708572,
          "n": 252
        },
        "reps": {
          "mae": 0.48935373785479047,
          "n": 214
        },
        "val_total": 0.8083644263328068,
        "val_total_per_task": {
          "exercise": 0.8139599022411165,
          "phase": 0.29174245633776225,
          "fatigue": 1.1293867675084917,
          "reps": 0.17903571280222091
        }
      }
    },
    {
      "seed": 42,
      "fold": 1,
      "test_subjects": [
        "Raghild",
        "michael"
      ],
      "metrics": {
        "exercise": {
          "f1_macro": 0.41745816413261866,
          "balanced_accuracy": 0.49135360763267744,
          "n": 266
        },
        "phase": {
          "f1_macro": 0.28911721442841776,
          "balanced_accuracy": 0.3235930735930736,
          "n": 194
        },
        "fatigue": {
          "mae": 1.2129640507518797,
          "pearson_r": 0.25221316620780554,
          "n": 266
        },
        "reps": {
          "mae": 0.397074452576735,
          "n": 189
        },
        "val_total": 1.2649151848671132,
        "val_total_per_task": {
          "exercise": 1.2895689064398743,
          "phase": 0.38045474102622584,
          "fatigue": 1.2129640507518797,
          "reps": 0.12844634235353397
        }
      }
    },
    {
      "seed": 42,
      "fold": 2,
      "test_subjects": [
        "Juile",
        "lucas 2"
      ],
      "metrics": {
        "exercise": {
          "f1_macro": 0.6233142592019796,
          "balanced_accuracy": 0.6189474587912087,
          "n": 304
        },
        "phase": {
          "f1_macro": 0.5147982085257933,
          "balanced_accuracy": 0.5356261128484431,
          "n": 229
        },
        "fatigue": {
          "mae": 1.1195646587171053,
          "pearson_r": 0.0898886634205209,
          "n": 304
        },
        "reps": {
          "mae": 0.347000625924178,
          "n": 223
        },
        "val_total": 0.9772468428862723,
        "val_total_per_task": {
          "exercise": 1.1677279409609342,
          "phase": 0.2571193560173637,
          "fatigue": 1.1195646649912785,
          "reps": 0.1017052405758908
        }
      }
    },
    {
      "seed": 42,
      "fold": 3,
      "test_subjects": [
        "Hytten",
        "lucas"
      ],
      "metrics": {
        "exercise": {
          "f1_macro": 0.5405001388199038,
          "balanced_accuracy": 0.5468866042068847,
          "n": 218
        },
        "phase": {
          "f1_macro": 0.38310060142823893,
          "balanced_accuracy": 0.39527234369006514,
          "n": 187
        },
        "fatigue": {
          "mae": 1.212890625,
          "pearson_r": -0.37985706254832213,
          "n": 218
        },
        "reps": {
          "mae": 0.43567667998697446,
          "n": 184
        },
        "val_total": 1.2121398820789582,
        "val_total_per_task": {
          "exercise": 1.2800954930279234,
          "phase": 0.33823565796974603,
          "fatigue": 1.2128906217190103,
          "reps": 0.14552879456533205
        }
      }
    },
    {
      "seed": 42,
      "fold": 4,
      "test_subjects": [
        "kiyomi"
      ],
      "metrics": {
        "exercise": {
          "f1_macro": 0.30630879911455455,
          "balanced_accuracy": 0.32996323529411764,
          "n": 149
        },
        "phase": {
          "f1_macro": 0.2424716719654357,
          "balanced_accuracy": 0.2537037037037037,
          "n": 149
        },
        "fatigue": {
          "mae": 0.8317953020134228,
          "pearson_r": 0.4240746892920883,
          "n": 149
        },
        "reps": {
          "mae": 0.3990274598609481,
          "n": 149
        },
        "val_total": 0.7358825518780907,
        "val_total_per_task": {
          "exercise": 1.0322453463637589,
          "phase": 0.2834534594076592,
          "fatigue": 0.8317953036135475,
          "reps": 0.13714097190223284
        }
      }
    }
  ]
}