{
  "lr": 0.0006488639873607766,
  "weight_decay": 2.717606285602564e-05,
  "batch_size": 64,
  "dropout": 0.3304344643588881,
  "repr_dim": 64,
  "lstm_hidden": 128,
  "lstm_layers": 1,
  "_patience": 50
}