{
  "exercise": {
    "f1_macro": 0.8429397815615448,
    "balanced_accuracy": 0.8349787026326771,
    "n": 252
  },
  "phase": {
    "f1_macro": 0.3819408661513924,
    "balanced_accuracy": 0.39735889735889734,
    "n": 217
  },
  "fatigue": {
    "mae": 1.366148933531746,
    "pearson_r": 0.10219687628164156,
    "n": 252
  },
  "reps": {
    "mae": 0.4935477284418645,
    "n": 214
  },
  "val_total": 0.3834776282310486,
  "val_total_per_task": {
    "exercise": 0.36641424894332886,
    "phase": 0.2794211506843567,
    "fatigue": 1.3661490678787231,
    "reps": 0.16607850790023804
  }
}