{
  "exercise": {
    "f1_macro": 0.17676234900187832,
    "balanced_accuracy": 0.25677853830706826,
    "n": 182309
  },
  "phase": {
    "f1_macro": 0.20025894021029997,
    "balanced_accuracy": 0.33559554659606117,
    "n": 58337
  },
  "fatigue": {
    "mae": 0.9747454996253753,
    "pearson_r": 0.016719759211802823,
    "n": 182309
  },
  "reps": {
    "mae": 4.5380484397353715,
    "n": 182309
  }
}