{
  "exercise": {
    "f1_macro": 0.3673136644546929,
    "balanced_accuracy": 0.3997379801195231,
    "n": 252
  },
  "phase": {
    "f1_macro": 0.3122412008281574,
    "balanced_accuracy": 0.3645568645568645,
    "n": 217
  },
  "fatigue": {
    "mae": 1.1037016369047619,
    "pearson_r": 0.2008947604752281,
    "n": 252
  },
  "reps": {
    "mae": 0.6615120582282543,
    "n": 214
  },
  "val_total": 1.3737809658050537,
  "val_total_per_task": {
    "exercise": 1.2105121612548828,
    "phase": 0.3094508647918701,
    "fatigue": 1.1037017107009888,
    "reps": 0.29578614234924316
  }
}