{
  "exercise": {
    "f1_macro": 0.20423469423980267,
    "balanced_accuracy": 0.3042582782614671,
    "n": 182309
  },
  "phase": {
    "f1_macro": 0.2260165761297814,
    "balanced_accuracy": 0.3373547899156055,
    "n": 58337
  },
  "fatigue": {
    "mae": 0.9403775595621607,
    "pearson_r": 0.15146421110874708,
    "n": 182309
  },
  "reps": {
    "mae": 4.380709848301192,
    "n": 182309
  }
}