{
  "arch": "lstm_raw",
  "summary": {
    "val_total": {
      "mean": -0.014162990313174407,
      "std": 0.2862502595146247,
      "n": 5
    },
    "exercise": {
      "f1_macro": {
        "mean": 0.33046723160061975,
        "std": 0.06312386690461573,
        "n": 5
      },
      "balanced_accuracy": {
        "mean": 0.3826657540401863,
        "std": 0.08254520776437209,
        "n": 5
      }
    },
    "phase": {
      "f1_macro": {
        "mean": 0.2957361740145772,
        "std": 0.035147202432867224,
        "n": 5
      },
      "balanced_accuracy": {
        "mean": 0.3270384934020456,
        "std": 0.02131606689483035,
        "n": 5
      }
    },
    "fatigue": {
      "mae": {
        "mean": 1.0953164989150987,
        "std": 0.15608700340975087,
        "n": 5
      },
      "pearson_r": {
        "mean": 0.22673826273199243,
        "std": 0.31785108557523123,
        "n": 5
      }
    },
    "reps": {
      "mae": {
        "mean": 0.11062826316200325,
        "std": 0.018798577496059187,
        "n": 5
      }
    }
  },
  "enabled_tasks": [
    "exercise",
    "phase",
    "fatigue",
    "reps"
  ],
  "all_results": [
    {
      "seed": 42,
      "fold": 0,
      "test_subjects": [
        "Tias",
        "sivert"
      ],
      "metrics": {
        "exercise": {
          "f1_macro": 0.375550177166352,
          "balanced_accuracy": 0.45011897651862137,
          "n": 1256
        },
        "phase": {
          "f1_macro": 0.30293696438947837,
          "balanced_accuracy": 0.31046155571483597,
          "n": 1069
        },
        "fatigue": {
          "mae": 1.0698957503980893,
          "pearson_r": 0.354074756893253,
          "n": 1256
        },
        "reps": {
          "mae": 0.13807904960207062,
          "n": 1067
        },
        "val_total": -0.13173785331142937,
        "val_total_per_task": {
          "exercise": 1.3822577713401454,
          "phase": 0.42575264299751087,
          "fatigue": 1.0698957521065025,
          "reps": 0.013986771327152753
        }
      }
    },
    {
      "seed": 42,
      "fold": 1,
      "test_subjects": [
        "Raghild",
        "michael"
      ],
      "metrics": {
        "exercise": {
          "f1_macro": 0.30800039800980294,
          "balanced_accuracy": 0.3480742616941037,
          "n": 1361
        },
        "phase": {
          "f1_macro": 0.3406563175476518,
          "balanced_accuracy": 0.36391676866585065,
          "n": 969
        },
        "fatigue": {
          "mae": 1.3016422896767084,
          "pearson_r": 0.375099121124677,
          "n": 1361
        },
        "reps": {
          "mae": 0.09566520031394739,
          "n": 964
        },
        "val_total": 0.2661259123545022,
        "val_total_per_task": {
          "exercise": 1.6045527533517876,
          "phase": 0.7496050828349319,
          "fatigue": 1.3016422895015294,
          "reps": 0.007911576780652754
        }
      }
    },
    {
      "seed": 42,
      "fold": 2,
      "test_subjects": [
        "Juile",
        "lucas 2"
      ],
      "metrics": {
        "exercise": {
          "f1_macro": 0.3813840782339258,
          "balanced_accuracy": 0.42195562668607023,
          "n": 1509
        },
        "phase": {
          "f1_macro": 0.23216932449966157,
          "balanced_accuracy": 0.33828172434729814,
          "n": 1113
        },
        "fatigue": {
          "mae": 0.9763088137839628,
          "pearson_r": 0.2887735737693185,
          "n": 1509
        },
        "reps": {
          "mae": 0.08674715385943073,
          "n": 1107
        },
        "val_total": 0.20869318344010038,
        "val_total_per_task": {
          "exercise": 1.1995727341249338,
          "phase": 0.835755921125096,
          "fatigue": 0.9763088158379334,
          "reps": 0.007485227056978316
        }
      }
    },
    {
      "seed": 42,
      "fold": 3,
      "test_subjects": [
        "Hytten",
        "lucas"
      ],
      "metrics": {
        "exercise": {
          "f1_macro": 0.21595176837852093,
          "balanced_accuracy": 0.23664581439304544,
          "n": 1106
        },
        "phase": {
          "f1_macro": 0.3008634524005229,
          "balanced_accuracy": 0.3138285660739804,
          "n": 944
        },
        "fatigue": {
          "mae": 1.2411738528481013,
          "pearson_r": -0.3927060202079177,
          "n": 1106
        },
        "reps": {
          "mae": 0.12510794107099513,
          "n": 941
        },
        "val_total": 0.1039484043017865,
        "val_total_per_task": {
          "exercise": 1.491952743711351,
          "phase": 0.5086498709958026,
          "fatigue": 1.2411738468121878,
          "reps": 0.012916346690255414
        }
      }
    },
    {
      "seed": 42,
      "fold": 4,
      "test_subjects": [
        "kiyomi"
      ],
      "metrics": {
        "exercise": {
          "f1_macro": 0.37144973621449734,
          "balanced_accuracy": 0.4565340909090909,
          "n": 746
        },
        "phase": {
          "f1_macro": 0.30205481123557115,
          "balanced_accuracy": 0.3087038522082628,
          "n": 746
        },
        "fatigue": {
          "mae": 0.8875617878686327,
          "pearson_r": 0.5084498820806315,
          "n": 746
        },
        "reps": {
          "mae": 0.10754197096357238,
          "n": 746
        },
        "val_total": -0.5178445983508317,
        "val_total_per_task": {
          "exercise": 1.170904408511144,
          "phase": 0.4800347343846237,
          "fatigue": 0.8875617910645922,
          "reps": 0.011190325973041097
        }
      }
    }
  ]
}