{
  "exercise": {
    "f1_macro": 0.44063010739486275,
    "balanced_accuracy": 0.49176803616938164,
    "n": 626
  },
  "phase": {
    "f1_macro": 0.2983189170698333,
    "balanced_accuracy": 0.3191423001949318,
    "n": 533
  },
  "fatigue": {
    "mae": 1.0915535143769968,
    "pearson_r": 0.30947592608053615,
    "n": 626
  },
  "reps": {
    "mae": 0.26546019516804603,
    "n": 531
  },
  "val_total": 0.1589907819089798,
  "val_total_per_task": {
    "exercise": 1.0889262741746994,
    "phase": 0.28501782449670493,
    "fatigue": 1.0915535193281813,
    "reps": 0.04957381531167716
  }
}