{
  "exercise": {
    "f1_macro": 0.7621214776888661,
    "balanced_accuracy": 0.7533198418508995,
    "n": 252
  },
  "phase": {
    "f1_macro": 0.4653451861882721,
    "balanced_accuracy": 0.4461769461769462,
    "n": 217
  },
  "fatigue": {
    "mae": 1.1710689484126984,
    "pearson_r": 0.08725812238309308,
    "n": 252
  },
  "reps": {
    "mae": 0.49794631782118404,
    "n": 214
  },
  "val_total": 0.3222549765829056,
  "val_total_per_task": {
    "exercise": 0.5403098236946833,
    "phase": 0.2893509819867119,
    "fatigue": 1.1710689446282765,
    "reps": 0.17330603443440937
  }
}