{
  "exercise": {
    "f1_macro": 0.4018639210680024,
    "balanced_accuracy": 0.4005020277341706,
    "n": 304
  },
  "phase": {
    "f1_macro": 0.30225964429933844,
    "balanced_accuracy": 0.32334824612591584,
    "n": 229
  },
  "fatigue": {
    "mae": 1.157008120888158,
    "pearson_r": 0.19249203141519722,
    "n": 304
  },
  "reps": {
    "mae": 0.4118414131189475,
    "n": 223
  },
  "val_total": 1.2175490981654118,
  "val_total_per_task": {
    "exercise": 1.391269028186798,
    "phase": 0.30997171527461004,
    "fatigue": 1.157008133436504,
    "reps": 0.1255121615372206
  }
}