{
  "exercise": {
    "f1_macro": 0.407672793791087,
    "balanced_accuracy": 0.3974604264782836,
    "n": 304
  },
  "phase": {
    "f1_macro": 0.3186853686561016,
    "balanced_accuracy": 0.3448421189133113,
    "n": 229
  },
  "fatigue": {
    "mae": 1.1383249383223684,
    "pearson_r": 0.3170870811408346,
    "n": 304
  },
  "reps": {
    "mae": 0.4079319621089662,
    "n": 223
  },
  "val_total": 0.9437829224686873,
  "val_total_per_task": {
    "exercise": 1.2424320358979075,
    "phase": 0.36490899324417114,
    "fatigue": 1.1383249383223684,
    "reps": 0.13628977929290972
  }
}