{
  "exercise": {
    "f1_macro": 0.24790823211875843,
    "balanced_accuracy": 0.23161764705882354,
    "n": 149
  },
  "phase": {
    "f1_macro": 0.2816537467700258,
    "balanced_accuracy": 0.3136039886039886,
    "n": 149
  },
  "fatigue": {
    "mae": 1.0048238255033557,
    "pearson_r": 0.4585487885643588,
    "n": 149
  },
  "reps": {
    "mae": 0.4820385702179382,
    "n": 149
  },
  "val_total": 1.2531445026397705,
  "val_total_per_task": {
    "exercise": 1.4598462581634521,
    "phase": 0.3213089406490326,
    "fatigue": 1.0048238039016724,
    "reps": 0.17738577723503113
  }
}