{
  "arch": "cnn1d_raw",
  "summary": {
    "val_total": {
      "mean": 1.4752365531777976,
      "std": 0.12934069296589418,
      "n": 5
    },
    "exercise": {
      "f1_macro": {
        "mean": 0.32759742819042426,
        "std": 0.10075875120170061,
        "n": 5
      },
      "balanced_accuracy": {
        "mean": 0.36165984182093247,
        "std": 0.12065583891931574,
        "n": 5
      }
    },
    "phase": {
      "f1_macro": {
        "mean": 0.3201659236969997,
        "std": 0.0172148151297438,
        "n": 5
      },
      "balanced_accuracy": {
        "mean": 0.35083646521233464,
        "std": 0.02680670041220871,
        "n": 5
      }
    },
    "fatigue": {
      "mae": {
        "mean": 1.257820262883604,
        "std": 0.20610308476163605,
        "n": 5
      },
      "pearson_r": {
        "mean": 0.05106806085957464,
        "std": 0.203621539720475,
        "n": 5
      }
    },
    "reps": {
      "mae": {
        "mean": 0.5030044391713997,
        "std": 0.07801991060664375,
        "n": 5
      }
    }
  },
  "enabled_tasks": [
    "exercise",
    "phase",
    "fatigue",
    "reps"
  ],
  "all_results": [
    {
      "seed": 42,
      "fold": 0,
      "test_subjects": [
        "Tias",
        "sivert"
      ],
      "metrics": {
        "exercise": {
          "f1_macro": 0.4494757915810547,
          "balanced_accuracy": 0.4921337727859696,
          "n": 252
        },
        "phase": {
          "f1_macro": 0.33683202132533635,
          "balanced_accuracy": 0.37691537691537685,
          "n": 217
        },
        "fatigue": {
          "mae": 1.142547123015873,
          "pearson_r": 0.16047638947223863,
          "n": 252
        },
        "reps": {
          "mae": 0.6412606816216607,
          "n": 214
        },
        "val_total": 1.344808578491211,
        "val_total_per_task": {
          "exercise": 1.1722888946533203,
          "phase": 0.30253028869628906,
          "fatigue": 1.1425471305847168,
          "reps": 0.27854353189468384
        }
      }
    },
    {
      "seed": 42,
      "fold": 1,
      "test_subjects": [
        "Raghild",
        "michael"
      ],
      "metrics": {
        "exercise": {
          "f1_macro": 0.39111405835543767,
          "balanced_accuracy": 0.47303271441202477,
          "n": 266
        },
        "phase": {
          "f1_macro": 0.3071132034245079,
          "balanced_accuracy": 0.32598304473304474,
          "n": 194
        },
        "fatigue": {
          "mae": 1.6495388862781954,
          "pearson_r": 0.0384943618117841,
          "n": 266
        },
        "reps": {
          "mae": 0.44864955318786165,
          "n": 189
        },
        "val_total": 1.6693777123788245,
        "val_total_per_task": {
          "exercise": 1.353537650932943,
          "phase": 0.4153851279638764,
          "fatigue": 1.649538885381885,
          "reps": 0.14033568532843338
        }
      }
    },
    {
      "seed": 42,
      "fold": 2,
      "test_subjects": [
        "Juile",
        "lucas 2"
      ],
      "metrics": {
        "exercise": {
          "f1_macro": 0.37340336912254724,
          "balanced_accuracy": 0.39879317111459966,
          "n": 304
        },
        "phase": {
          "f1_macro": 0.3186360964138742,
          "balanced_accuracy": 0.34156778836802176,
          "n": 229
        },
        "fatigue": {
          "mae": 1.1817177220394737,
          "pearson_r": 0.07855078463343121,
          "n": 304
        },
        "reps": {
          "mae": 0.4192755524561878,
          "n": 223
        },
        "val_total": 1.3715658815283525,
        "val_total_per_task": {
          "exercise": 1.2540837400837948,
          "phase": 0.3606865970711959,
          "fatigue": 1.18171773458782,
          "reps": 0.14037938886567167
        }
      }
    },
    {
      "seed": 42,
      "fold": 3,
      "test_subjects": [
        "Hytten",
        "lucas"
      ],
      "metrics": {
        "exercise": {
          "f1_macro": 0.17295972443031266,
          "balanced_accuracy": 0.18300376647834277,
          "n": 218
        },
        "phase": {
          "f1_macro": 0.34180790960451973,
          "balanced_accuracy": 0.38785001917913303,
          "n": 187
        },
        "fatigue": {
          "mae": 1.257149512614679,
          "pearson_r": -0.3166210354381151,
          "n": 218
        },
        "reps": {
          "mae": 0.4768821840053019,
          "n": 184
        },
        "val_total": 1.588480830192566,
        "val_total_per_task": {
          "exercise": 1.610641598701477,
          "phase": 0.32896026968955994,
          "fatigue": 1.2571494579315186,
          "reps": 0.1858864277601242
        }
      }
    },
    {
      "seed": 42,
      "fold": 4,
      "test_subjects": [
        "kiyomi"
      ],
      "metrics": {
        "exercise": {
          "f1_macro": 0.2510341974627689,
          "balanced_accuracy": 0.2613357843137255,
          "n": 149
        },
        "phase": {
          "f1_macro": 0.29644038771676057,
          "balanced_accuracy": 0.32186609686609685,
          "n": 149
        },
        "fatigue": {
          "mae": 1.0581480704697988,
          "pearson_r": 0.2944398038185343,
          "n": 149
        },
        "reps": {
          "mae": 0.5289542245859867,
          "n": 149
        },
        "val_total": 1.4019497632980347,
        "val_total_per_task": {
          "exercise": 1.4445652961730957,
          "phase": 0.3373057544231415,
          "fatigue": 1.0581480264663696,
          "reps": 0.18979108333587646
        }
      }
    }
  ]
}