{
  "exercise": {
    "f1_macro": 0.33882054563985875,
    "balanced_accuracy": 0.4325573979591837,
    "n": 304
  },
  "phase": {
    "f1_macro": 0.2406518259857413,
    "balanced_accuracy": 0.34847305971600856,
    "n": 229
  },
  "fatigue": {
    "mae": 1.141640111019737,
    "pearson_r": 0.2903852095306758,
    "n": 304
  },
  "reps": {
    "mae": 0.4137367157332365,
    "n": 223
  },
  "val_total": 1.151946036439193,
  "val_total_per_task": {
    "exercise": 1.058644341795068,
    "phase": 0.35188122328959015,
    "fatigue": 1.141640123568083,
    "reps": 0.13815712928771973
  }
}