{
  "exercise": {
    "f1_macro": 0.2923219810306269,
    "balanced_accuracy": 0.30407732750826055,
    "n": 132918
  },
  "phase": {
    "f1_macro": 0.2839349742550956,
    "balanced_accuracy": 0.33097954830013787,
    "n": 78741
  },
  "fatigue": {
    "mae": 0.9620356504470758,
    "pearson_r": -0.081396952284634,
    "n": 132918
  },
  "reps": {
    "mae": 2.776370809348316,
    "n": 132918
  }
}