{
  "exercise": {
    "f1_macro": 0.717891939126059,
    "balanced_accuracy": 0.7063724990188169,
    "n": 252
  },
  "phase": {
    "f1_macro": 0.39834297316859146,
    "balanced_accuracy": 0.392969892969893,
    "n": 217
  },
  "fatigue": {
    "mae": 1.2431485615079365,
    "pearson_r": 0.12096770460748842,
    "n": 252
  },
  "reps": {
    "mae": 0.5344138287843387,
    "n": 214
  },
  "val_total": 0.6515471935272217,
  "val_total_per_task": {
    "exercise": 0.6009318232536316,
    "phase": 0.27094292640686035,
    "fatigue": 1.243148684501648,
    "reps": 0.1914164423942566
  }
}