{
  "exercise": {
    "f1_macro": 0.3482902686276455,
    "balanced_accuracy": 0.39293760999606686,
    "n": 1361
  },
  "phase": {
    "f1_macro": 0.3015379007724552,
    "balanced_accuracy": 0.33018804940469565,
    "n": 969
  },
  "fatigue": {
    "mae": 1.2003782834313006,
    "pearson_r": 0.36315610374181645,
    "n": 1361
  },
  "reps": {
    "mae": 0.09640841001134628,
    "n": 964
  },
  "val_total": -0.16940307021578999,
  "val_total_per_task": {
    "exercise": 1.2981204889347937,
    "phase": 0.6885867770501221,
    "fatigue": 1.200378283694069,
    "reps": 0.008178612683994817
  }
}