{
  "exercise": {
    "f1_macro": 0.39357042686250604,
    "balanced_accuracy": 0.3765575941915228,
    "n": 304
  },
  "phase": {
    "f1_macro": 0.3173861300443579,
    "balanced_accuracy": 0.3454256629708876,
    "n": 229
  },
  "fatigue": {
    "mae": 1.030247738486842,
    "pearson_r": 0.375896793882324,
    "n": 304
  },
  "reps": {
    "mae": 0.4403034659987942,
    "n": 223
  },
  "val_total": 1.1799195471562838,
  "val_total_per_task": {
    "exercise": 1.3981489884225946,
    "phase": 0.3161787547563252,
    "fatigue": 1.0302477416239286,
    "reps": 0.14714305102825165
  }
}