{
  "exercise": {
    "f1_macro": 0.2282094076773732,
    "balanced_accuracy": 0.2600972060370065,
    "n": 557
  },
  "phase": {
    "f1_macro": 0.33689777451699676,
    "balanced_accuracy": 0.34529569892473116,
    "n": 477
  },
  "fatigue": {
    "mae": 1.0524222957809695,
    "pearson_r": -0.21447507333050914,
    "n": 557
  },
  "reps": {
    "mae": 0.2197254296988524,
    "n": 474
  },
  "val_total": 0.7067100236617042,
  "val_total_per_task": {
    "exercise": 1.60221733867159,
    "phase": 0.4003865245321709,
    "fatigue": 1.0524222979211721,
    "reps": 0.04115079300514886
  }
}