{
  "exercise": {
    "f1_macro": 0.4246634496822045,
    "balanced_accuracy": 0.4082491169544741,
    "n": 304
  },
  "phase": {
    "f1_macro": 0.2914381808876216,
    "balanced_accuracy": 0.34202165596835893,
    "n": 229
  },
  "fatigue": {
    "mae": 1.1168791118421053,
    "pearson_r": 0.21482744317056765,
    "n": 304
  },
  "reps": {
    "mae": 0.4245432741113107,
    "n": 223
  },
  "val_total": 1.1307333017650403,
  "val_total_per_task": {
    "exercise": 1.3558432867652492,
    "phase": 0.3287245882184882,
    "fatigue": 1.1168791181162785,
    "reps": 0.13468239574055924
  }
}