{
  "exercise": {
    "f1_macro": 0.24522951813674787,
    "balanced_accuracy": 0.28836857680538996,
    "n": 1106
  },
  "phase": {
    "f1_macro": 0.31534215143049704,
    "balanced_accuracy": 0.3550120645629817,
    "n": 944
  },
  "fatigue": {
    "mae": 1.1606719032549728,
    "pearson_r": -0.27050649595108334,
    "n": 1106
  },
  "reps": {
    "mae": 0.11576950420698746,
    "n": 941
  },
  "val_total": 0.03529653734583105,
  "val_total_per_task": {
    "exercise": 1.4461111472700647,
    "phase": 0.506009824129384,
    "fatigue": 1.160671892476556,
    "reps": 0.011858894346554716
  }
}