{
  "exercise": {
    "f1_macro": 0.28054162821980855,
    "balanced_accuracy": 0.3217818264502743,
    "n": 557
  },
  "phase": {
    "f1_macro": 0.3265918225630209,
    "balanced_accuracy": 0.3602854582693293,
    "n": 477
  },
  "fatigue": {
    "mae": 1.0197977446140036,
    "pearson_r": -0.2381904176348825,
    "n": 557
  },
  "reps": {
    "mae": 0.21095047539192396,
    "n": 474
  },
  "val_total": 0.3875815701441876,
  "val_total_per_task": {
    "exercise": 1.4636699500589012,
    "phase": 0.40176178913570176,
    "fatigue": 1.01979774975049,
    "reps": 0.041832023703190536
  }
}