{
  "exercise": {
    "f1_macro": 0.35473033761068234,
    "balanced_accuracy": 0.3911900335816793,
    "n": 682
  },
  "phase": {
    "f1_macro": 0.3410217308425467,
    "balanced_accuracy": 0.3726053639846743,
    "n": 488
  },
  "fatigue": {
    "mae": 1.156038077346041,
    "pearson_r": 0.3869444280394495,
    "n": 682
  },
  "reps": {
    "mae": 0.18179319351447815,
    "n": 482
  },
  "val_total": 0.5048358223655007,
  "val_total_per_task": {
    "exercise": 1.5052929358048872,
    "phase": 0.5201085515735436,
    "fatigue": 1.1560380787443905,
    "reps": 0.02808422706693498
  }
}