{
  "arch": "lstm_raw",
  "summary": {
    "val_total": {
      "mean": 0.15914686430940364,
      "std": 0.23340054929069715,
      "n": 5
    },
    "exercise": {
      "f1_macro": {
        "mean": 0.3254046034953089,
        "std": 0.05424348257781151,
        "n": 5
      },
      "balanced_accuracy": {
        "mean": 0.38435381953430314,
        "std": 0.0697408698430216,
        "n": 5
      }
    },
    "phase": {
      "f1_macro": {
        "mean": 0.3107006373176877,
        "std": 0.019310319161365545,
        "n": 5
      },
      "balanced_accuracy": {
        "mean": 0.331560075802644,
        "std": 0.014155852807821168,
        "n": 5
      }
    },
    "fatigue": {
      "mae": {
        "mean": 1.0344638708860605,
        "std": 0.10266527154199939,
        "n": 5
      },
      "pearson_r": {
        "mean": 0.20271405310405927,
        "std": 0.20811612446942504,
        "n": 5
      }
    },
    "reps": {
      "mae": {
        "mean": 0.20573280904885333,
        "std": 0.032042025224813996,
        "n": 5
      }
    }
  },
  "enabled_tasks": [
    "exercise",
    "phase",
    "fatigue",
    "reps"
  ],
  "all_results": [
    {
      "seed": 42,
      "fold": 0,
      "test_subjects": [
        "Tias",
        "sivert"
      ],
      "metrics": {
        "exercise": {
          "f1_macro": 0.38183711631857964,
          "balanced_accuracy": 0.4500243809094525,
          "n": 626
        },
        "phase": {
          "f1_macro": 0.2855316995590255,
          "balanced_accuracy": 0.3228849902534113,
          "n": 533
        },
        "fatigue": {
          "mae": 1.0802840455271565,
          "pearson_r": 0.34787950811824336,
          "n": 626
        },
        "reps": {
          "mae": 0.25564907667035913,
          "n": 531
        },
        "val_total": 0.02890656778987604,
        "val_total_per_task": {
          "exercise": 1.2280570759940832,
          "phase": 0.2815702646113813,
          "fatigue": 1.0802840489548997,
          "reps": 0.046748187922583985
        }
      }
    },
    {
      "seed": 42,
      "fold": 1,
      "test_subjects": [
        "Raghild",
        "michael"
      ],
      "metrics": {
        "exercise": {
          "f1_macro": 0.30832372111905165,
          "balanced_accuracy": 0.35198040152499954,
          "n": 682
        },
        "phase": {
          "f1_macro": 0.32099748681462603,
          "balanced_accuracy": 0.3302632871598389,
          "n": 488
        },
        "fatigue": {
          "mae": 1.1964007514662756,
          "pearson_r": 0.2860261232847824,
          "n": 682
        },
        "reps": {
          "mae": 0.17638495123145245,
          "n": 482
        },
        "val_total": 0.47682138482146946,
        "val_total_per_task": {
          "exercise": 1.425476489528533,
          "phase": 0.5408849366599164,
          "fatigue": 1.1964007511166883,
          "reps": 0.026499128411592278
        }
      }
    },
    {
      "seed": 42,
      "fold": 2,
      "test_subjects": [
        "Juile",
        "lucas 2"
      ],
      "metrics": {
        "exercise": {
          "f1_macro": 0.3386121942573555,
          "balanced_accuracy": 0.3997210078232858,
          "n": 755
        },
        "phase": {
          "f1_macro": 0.29138631443236274,
          "balanced_accuracy": 0.3173530358367267,
          "n": 560
        },
        "fatigue": {
          "mae": 0.9516297599337749,
          "pearson_r": 0.35038690038645715,
          "n": 755
        },
        "reps": {
          "mae": 0.16727820648946246,
          "n": 554
        },
        "val_total": 0.009873785562073158,
        "val_total_per_task": {
          "exercise": 1.2050941756229527,
          "phase": 0.3957328864675484,
          "fatigue": 0.9516297558285542,
          "reps": 0.028161682647387713
        }
      }
    },
    {
      "seed": 42,
      "fold": 3,
      "test_subjects": [
        "Hytten",
        "lucas"
      ],
      "metrics": {
        "exercise": {
          "f1_macro": 0.22955590620798055,
          "balanced_accuracy": 0.26637864877923995,
          "n": 557
        },
        "phase": {
          "f1_macro": 0.3369465247667849,
          "balanced_accuracy": 0.3583269329237071,
          "n": 477
        },
        "fatigue": {
          "mae": 1.041692381059246,
          "pearson_r": -0.204445448834845,
          "n": 557
        },
        "reps": {
          "mae": 0.22309647450363068,
          "n": 474
        },
        "val_total": 0.3964730561100602,
        "val_total_per_task": {
          "exercise": 1.6406302636144834,
          "phase": 0.40422349585022915,
          "fatigue": 1.0416923844835702,
          "reps": 0.043117712393964856
        }
      }
    },
    {
      "seed": 42,
      "fold": 4,
      "test_subjects": [
        "kiyomi"
      ],
      "metrics": {
        "exercise": {
          "f1_macro": 0.368694079573577,
          "balanced_accuracy": 0.45366465863453814,
          "n": 374
        },
        "phase": {
          "f1_macro": 0.3186411610156394,
          "balanced_accuracy": 0.32897213283953614,
          "n": 374
        },
        "fatigue": {
          "mae": 0.9023124164438503,
          "pearson_r": 0.23372318256565822,
          "n": 374
        },
        "reps": {
          "mae": 0.20625533634936188,
          "n": 374
        },
        "val_total": -0.11634047273646064,
        "val_total_per_task": {
          "exercise": 1.2264534980855524,
          "phase": 0.334290564697694,
          "fatigue": 0.9023124056066422,
          "reps": 0.034998777596389544
        }
      }
    }
  ]
}