{
  "exercise": {
    "f1_macro": 0.3248255216104178,
    "balanced_accuracy": 0.40279375671115203,
    "n": 1509
  },
  "phase": {
    "f1_macro": 0.3005963993588416,
    "balanced_accuracy": 0.33089455575794374,
    "n": 1113
  },
  "fatigue": {
    "mae": 1.0726319168323393,
    "pearson_r": 0.47279985890611476,
    "n": 1509
  },
  "reps": {
    "mae": 0.086280900860069,
    "n": 1107
  },
  "val_total": 0.5377509766181152,
  "val_total_per_task": {
    "exercise": 1.1532888519124056,
    "phase": 0.5317130877017343,
    "fatigue": 1.0726319120134085,
    "reps": 0.008301130463255013
  }
}