{
  "lr": 0.0010030177184474584,
  "weight_decay": 0.00015470504932079155,
  "batch_size": 128,
  "dropout": 0.42322641377886583,
  "repr_dim": 64,
  "lstm_hidden": 32,
  "lstm_layers": 1,
  "_patience": 50
}