{
  "lr": 0.004102743945874444,
  "weight_decay": 0.00015092154331142709,
  "batch_size": 128,
  "dropout": 0.4986863284828928,
  "repr_dim": 64,
  "_patience": 50
}