{
  "exercise": {
    "f1_macro": 0.49469705098628325,
    "balanced_accuracy": 0.49515463211590693,
    "n": 252
  },
  "phase": {
    "f1_macro": 0.2839995080555897,
    "balanced_accuracy": 0.3048818048818049,
    "n": 217
  },
  "fatigue": {
    "mae": 1.0974082341269842,
    "pearson_r": 0.27938301784012926,
    "n": 252
  },
  "reps": {
    "mae": 0.4914477660068285,
    "n": 214
  },
  "val_total": 0.7398212580453782,
  "val_total_per_task": {
    "exercise": 1.1727065945428514,
    "phase": 0.29404433710234507,
    "fatigue": 1.0974082152048747,
    "reps": 0.18378891310994588
  }
}