{
  "exercise": {
    "f1_macro": 0.2907820846459389,
    "balanced_accuracy": 0.40443731622560813,
    "n": 266
  },
  "phase": {
    "f1_macro": 0.30855387055208644,
    "balanced_accuracy": 0.3294101731601731,
    "n": 194
  },
  "fatigue": {
    "mae": 1.2841136043233083,
    "pearson_r": 0.29299383925168504,
    "n": 266
  },
  "reps": {
    "mae": 0.4286085541739508,
    "n": 189
  },
  "val_total": 1.421517014503479,
  "val_total_per_task": {
    "exercise": 1.2085685729980469,
    "phase": 0.3180382549762726,
    "fatigue": 1.2841136455535889,
    "reps": 0.14968089759349823
  }
}