{
  "exercise": {
    "f1_macro": 0.5734603783384271,
    "balanced_accuracy": 0.5872607945666795,
    "n": 252
  },
  "phase": {
    "f1_macro": 0.47331154684095855,
    "balanced_accuracy": 0.4461769461769462,
    "n": 217
  },
  "fatigue": {
    "mae": 1.0326605902777777,
    "pearson_r": 0.3649505896779072,
    "n": 252
  },
  "reps": {
    "mae": 0.4240535612209378,
    "n": 214
  },
  "val_total": 2.173462504432315,
  "val_total_per_task": {
    "exercise": 1.0258355443439786,
    "phase": 0.2712521172232098,
    "fatigue": 1.0326605581101918,
    "reps": 0.13372412087425353
  }
}