{
  "exercise": {
    "f1_macro": 0.35361125317617026,
    "balanced_accuracy": 0.4017235676484124,
    "n": 755
  },
  "phase": {
    "f1_macro": 0.302858899178642,
    "balanced_accuracy": 0.32753079682259817,
    "n": 560
  },
  "fatigue": {
    "mae": 0.9409664735099338,
    "pearson_r": 0.42720264269183733,
    "n": 755
  },
  "reps": {
    "mae": 0.17566544718162866,
    "n": 554
  },
  "val_total": 0.69387081837812,
  "val_total_per_task": {
    "exercise": 1.1428744319258937,
    "phase": 0.368950617747591,
    "fatigue": 0.9409664695626063,
    "reps": 0.027929145980947066
  }
}