{
  "exercise": {
    "f1_macro": 0.6725973040481312,
    "balanced_accuracy": 0.6566759991239253,
    "n": 252
  },
  "phase": {
    "f1_macro": 0.31566802150255674,
    "balanced_accuracy": 0.3388773388773389,
    "n": 217
  },
  "fatigue": {
    "mae": 1.2296471974206349,
    "pearson_r": 0.15604500255574336,
    "n": 252
  },
  "reps": {
    "mae": 0.5694511619474844,
    "n": 214
  },
  "val_total": 0.7623465061187744,
  "val_total_per_task": {
    "exercise": 0.7120313048362732,
    "phase": 0.26498523354530334,
    "fatigue": 1.2296472787857056,
    "reps": 0.2231491059064865
  }
}