{
  "exercise": {
    "f1_macro": 0.22395807478254154,
    "balanced_accuracy": 0.256947537027194,
    "n": 1106
  },
  "phase": {
    "f1_macro": 0.33785714285714286,
    "balanced_accuracy": 0.36041417761847866,
    "n": 944
  },
  "fatigue": {
    "mae": 1.0823667778028934,
    "pearson_r": -0.250863217157516,
    "n": 1106
  },
  "reps": {
    "mae": 0.11798165275073956,
    "n": 941
  },
  "val_total": 0.1914934984814194,
  "val_total_per_task": {
    "exercise": 1.4453610664681544,
    "phase": 0.5032202999156379,
    "fatigue": 1.0823667778028934,
    "reps": 0.011996658217451564
  }
}