{
  "exercise": {
    "f1_macro": 0.39111405835543767,
    "balanced_accuracy": 0.47303271441202477,
    "n": 266
  },
  "phase": {
    "f1_macro": 0.3071132034245079,
    "balanced_accuracy": 0.32598304473304474,
    "n": 194
  },
  "fatigue": {
    "mae": 1.6495388862781954,
    "pearson_r": 0.0384943618117841,
    "n": 266
  },
  "reps": {
    "mae": 0.44864955318786165,
    "n": 189
  },
  "val_total": 1.6693777123788245,
  "val_total_per_task": {
    "exercise": 1.353537650932943,
    "phase": 0.4153851279638764,
    "fatigue": 1.649538885381885,
    "reps": 0.14033568532843338
  }
}