{
  "exercise": {
    "f1_macro": 0.24832097387944158,
    "balanced_accuracy": 0.27583602721177236,
    "n": 182309
  },
  "phase": {
    "f1_macro": 0.2543768374656165,
    "balanced_accuracy": 0.3319773525622214,
    "n": 58337
  },
  "fatigue": {
    "mae": 1.0095649077232154,
    "pearson_r": 0.060815048268144434,
    "n": 182309
  },
  "reps": {
    "mae": 4.6975670786990795,
    "n": 182309
  }
}