{
  "arch": "cnn1d_raw",
  "summary": {
    "val_total": {
      "mean": 1.3049091927987293,
      "std": 0.22333011484051032,
      "n": 5
    },
    "exercise": {
      "f1_macro": {
        "mean": 0.40704076560296076,
        "std": 0.13795437404097036,
        "n": 5
      },
      "balanced_accuracy": {
        "mean": 0.4180162243185793,
        "std": 0.14289209282487497,
        "n": 5
      }
    },
    "phase": {
      "f1_macro": {
        "mean": 0.3237084626031178,
        "std": 0.027391097374061923,
        "n": 5
      },
      "balanced_accuracy": {
        "mean": 0.35476372164742404,
        "std": 0.02281437663449282,
        "n": 5
      }
    },
    "fatigue": {
      "mae": {
        "mean": 1.2121299785164417,
        "std": 0.2733615796949812,
        "n": 5
      },
      "pearson_r": {
        "mean": 0.057663929229653875,
        "std": 0.2591473741612796,
        "n": 5
      }
    },
    "reps": {
      "mae": {
        "mean": 0.45976690030254386,
        "std": 0.06336611248070548,
        "n": 5
      }
    }
  },
  "enabled_tasks": [
    "exercise",
    "phase",
    "fatigue",
    "reps"
  ],
  "all_results": [
    {
      "seed": 42,
      "fold": 0,
      "test_subjects": [
        "Tias",
        "sivert"
      ],
      "metrics": {
        "exercise": {
          "f1_macro": 0.6392256170491367,
          "balanced_accuracy": 0.6291123930924715,
          "n": 252
        },
        "phase": {
          "f1_macro": 0.3273728606783088,
          "balanced_accuracy": 0.3507353507353507,
          "n": 217
        },
        "fatigue": {
          "mae": 1.2417689732142858,
          "pearson_r": 0.1088765218929978,
          "n": 252
        },
        "reps": {
          "mae": 0.5762819082728613,
          "n": 214
        },
        "val_total": 0.9306826591491699,
        "val_total_per_task": {
          "exercise": 0.7685821652412415,
          "phase": 0.2669723331928253,
          "fatigue": 1.2417690753936768,
          "reps": 0.22713470458984375
        }
      }
    },
    {
      "seed": 42,
      "fold": 1,
      "test_subjects": [
        "Raghild",
        "michael"
      ],
      "metrics": {
        "exercise": {
          "f1_macro": 0.4571775864817472,
          "balanced_accuracy": 0.5300798840293628,
          "n": 266
        },
        "phase": {
          "f1_macro": 0.3178757361957024,
          "balanced_accuracy": 0.33730158730158727,
          "n": 194
        },
        "fatigue": {
          "mae": 1.6532248590225564,
          "pearson_r": -0.185903744866712,
          "n": 266
        },
        "reps": {
          "mae": 0.42917850072539987,
          "n": 189
        },
        "val_total": 1.5768130919090788,
        "val_total_per_task": {
          "exercise": 1.4026234598088085,
          "phase": 0.41459542826602336,
          "fatigue": 1.6532248599188668,
          "reps": 0.13723247212574893
        }
      }
    },
    {
      "seed": 42,
      "fold": 2,
      "test_subjects": [
        "Juile",
        "lucas 2"
      ],
      "metrics": {
        "exercise": {
          "f1_macro": 0.39581662649992194,
          "balanced_accuracy": 0.3821195545525903,
          "n": 304
        },
        "phase": {
          "f1_macro": 0.30612377146560105,
          "balanced_accuracy": 0.33167995850353366,
          "n": 229
        },
        "fatigue": {
          "mae": 1.141807154605263,
          "pearson_r": 0.16324611886233065,
          "n": 304
        },
        "reps": {
          "mae": 0.3886846632909681,
          "n": 223
        },
        "val_total": 1.1932407084264254,
        "val_total_per_task": {
          "exercise": 1.2818967982342369,
          "phase": 0.325923248341209,
          "fatigue": 1.1418071608794362,
          "reps": 0.1188694732753854
        }
      }
    },
    {
      "seed": 42,
      "fold": 3,
      "test_subjects": [
        "Hytten",
        "lucas"
      ],
      "metrics": {
        "exercise": {
          "f1_macro": 0.301993006993007,
          "balanced_accuracy": 0.30918595658513837,
          "n": 218
        },
        "phase": {
          "f1_macro": 0.3735824742268041,
          "balanced_accuracy": 0.3964806290755658,
          "n": 187
        },
        "fatigue": {
          "mae": 1.2276555332568808,
          "pearson_r": -0.258759644198491,
          "n": 218
        },
        "reps": {
          "mae": 0.4381661800586659,
          "n": 184
        },
        "val_total": 1.4075160026550293,
        "val_total_per_task": {
          "exercise": 1.5035135746002197,
          "phase": 0.34084662795066833,
          "fatigue": 1.2276555299758911,
          "reps": 0.16040164232254028
        }
      }
    },
    {
      "seed": 42,
      "fold": 4,
      "test_subjects": [
        "kiyomi"
      ],
      "metrics": {
        "exercise": {
          "f1_macro": 0.24099099099099097,
          "balanced_accuracy": 0.23958333333333331,
          "n": 149
        },
        "phase": {
          "f1_macro": 0.29358747044917255,
          "balanced_accuracy": 0.3576210826210826,
          "n": 149
        },
        "fatigue": {
          "mae": 0.7961933724832215,
          "pearson_r": 0.4608603944581439,
          "n": 149
        },
        "reps": {
          "mae": 0.46652324916482374,
          "n": 149
        },
        "val_total": 1.4162935018539429,
        "val_total_per_task": {
          "exercise": 1.8224753141403198,
          "phase": 0.3226393461227417,
          "fatigue": 0.7961933612823486,
          "reps": 0.17115181684494019
        }
      }
    }
  ]
}