{
  "exercise": {
    "f1_macro": 0.39488344988344987,
    "balanced_accuracy": 0.4497666971981141,
    "n": 252
  },
  "phase": {
    "f1_macro": 0.3503289473684211,
    "balanced_accuracy": 0.37445137445137444,
    "n": 217
  },
  "fatigue": {
    "mae": 1.2015593998015872,
    "pearson_r": 0.3182276664472283,
    "n": 252
  },
  "reps": {
    "mae": 0.6921345427562701,
    "n": 214
  },
  "val_total": 1.4251598138657828,
  "val_total_per_task": {
    "exercise": 1.2075703806347318,
    "phase": 0.3156324251303597,
    "fatigue": 1.2015594016937983,
    "reps": 0.3139945121984633
  }
}