{
  "exercise": {
    "f1_macro": 0.8204503822047771,
    "balanced_accuracy": 0.8152913233389011,
    "n": 252
  },
  "phase": {
    "f1_macro": 0.44527407147980064,
    "balanced_accuracy": 0.4302764302764302,
    "n": 217
  },
  "fatigue": {
    "mae": 1.1344091021825398,
    "pearson_r": 0.19077935625067444,
    "n": 252
  },
  "reps": {
    "mae": 0.47261451536389154,
    "n": 214
  },
  "val_total": 0.5021643737951914,
  "val_total_per_task": {
    "exercise": 0.4483754795695108,
    "phase": 0.2825976584165815,
    "fatigue": 1.1344091059669617,
    "reps": 0.16255411671267617
  }
}