{
  "exercise": {
    "f1_macro": 0.4071801639626741,
    "balanced_accuracy": 0.4579464781288433,
    "n": 626
  },
  "phase": {
    "f1_macro": 0.28027381487527697,
    "balanced_accuracy": 0.2960623781676413,
    "n": 533
  },
  "fatigue": {
    "mae": 1.2663363618210863,
    "pearson_r": 0.06560050545970081,
    "n": 626
  },
  "reps": {
    "mae": 0.27580625064786796,
    "n": 531
  },
  "val_total": 1.06854028252367,
  "val_total_per_task": {
    "exercise": 1.1571774246593634,
    "phase": 0.28437230533685165,
    "fatigue": 1.2663363606785052,
    "reps": 0.05373106311899595
  }
}