{
  "exercise": {
    "f1_macro": 0.2799841286094614,
    "balanced_accuracy": 0.39111768018018017,
    "n": 682
  },
  "phase": {
    "f1_macro": 0.29460594241138005,
    "balanced_accuracy": 0.31674280381176934,
    "n": 488
  },
  "fatigue": {
    "mae": 1.2443353647360704,
    "pearson_r": 0.35643764043289333,
    "n": 682
  },
  "reps": {
    "mae": 0.1900862783456368,
    "n": 482
  },
  "val_total": 1.2505419027071194,
  "val_total_per_task": {
    "exercise": 1.2148174449495557,
    "phase": 0.35143246870935835,
    "fatigue": 1.2443353612401968,
    "reps": 0.030790655543246576
  }
}