{
  "exercise": {
    "f1_macro": 0.44323395649286623,
    "balanced_accuracy": 0.43328304879644164,
    "n": 304
  },
  "phase": {
    "f1_macro": 0.36629072681704256,
    "balanced_accuracy": 0.38638097945625666,
    "n": 229
  },
  "fatigue": {
    "mae": 1.0679481907894737,
    "pearson_r": 0.308559289134906,
    "n": 304
  },
  "reps": {
    "mae": 0.38685728751974924,
    "n": 223
  },
  "val_total": 1.3338776701375057,
  "val_total_per_task": {
    "exercise": 1.5535197446220799,
    "phase": 0.2975438786180396,
    "fatigue": 1.0679481970636469,
    "reps": 0.10877109044476559
  }
}