{
  "exercise": {
    "f1_macro": 0.3733690402746737,
    "balanced_accuracy": 0.42794613537674453,
    "n": 1361
  },
  "phase": {
    "f1_macro": 0.3368103822564697,
    "balanced_accuracy": 0.3425852156819109,
    "n": 969
  },
  "fatigue": {
    "mae": 1.2197617216201322,
    "pearson_r": 0.27751103225493173,
    "n": 1361
  },
  "reps": {
    "mae": 0.09761379678304698,
    "n": 964
  },
  "val_total": 0.14547374264270746,
  "val_total_per_task": {
    "exercise": 1.6458257199384814,
    "phase": 0.7073722582893456,
    "fatigue": 1.219761720131111,
    "reps": 0.007537893562260837
  }
}