{
  "exercise": {
    "f1_macro": 0.12170385395537525,
    "balanced_accuracy": 0.25,
    "n": 746
  },
  "phase": {
    "f1_macro": 0.24615844276132,
    "balanced_accuracy": 0.3407882621996496,
    "n": 746
  },
  "fatigue": {
    "mae": 0.9315044822386059,
    "pearson_r": 0.17066632818663546,
    "n": 746
  },
  "reps": {
    "mae": 0.11608588707011602,
    "n": 746
  },
  "val_total": 1.28742991631536,
  "val_total_per_task": {
    "exercise": 1.3418911126599555,
    "phase": 0.4776230558313569,
    "fatigue": 0.9315045173941604,
    "reps": 0.010456905430607278
  }
}