{
  "exercise": {
    "f1_macro": 0.12287712287712288,
    "balanced_accuracy": 0.25,
    "n": 755
  },
  "phase": {
    "f1_macro": 0.20519159456118666,
    "balanced_accuracy": 0.3333333333333333,
    "n": 560
  },
  "fatigue": {
    "mae": 0.965702607615894,
    "pearson_r": 0.49039035048015284,
    "n": 755
  },
  "reps": {
    "mae": 0.17081382512518403,
    "n": 554
  },
  "val_total": 0.8477502098146653,
  "val_total_per_task": {
    "exercise": 1.378867465297118,
    "phase": 0.3681839390701016,
    "fatigue": 0.9657025969581099,
    "reps": 0.027081856755724807
  }
}