{
  "arch": "cnn_lstm_raw",
  "summary": {
    "val_total": {
      "mean": 1.2372279159970838,
      "std": 0.12137042054021113,
      "n": 5
    },
    "exercise": {
      "f1_macro": {
        "mean": 0.3054546407631504,
        "std": 0.08655288991598814,
        "n": 5
      },
      "balanced_accuracy": {
        "mean": 0.3621612335055964,
        "std": 0.06739267793460796,
        "n": 5
      }
    },
    "phase": {
      "f1_macro": {
        "mean": 0.2659342149085347,
        "std": 0.03523875024999345,
        "n": 5
      },
      "balanced_accuracy": {
        "mean": 0.3167917097609764,
        "std": 0.014909484770462285,
        "n": 5
      }
    },
    "fatigue": {
      "mae": {
        "mean": 0.9783131507175602,
        "std": 0.20130008663104296,
        "n": 5
      },
      "pearson_r": {
        "mean": 0.2617507139751372,
        "std": 0.24730629345705196,
        "n": 5
      }
    },
    "reps": {
      "mae": {
        "mean": 0.48804413966468496,
        "std": 0.08064988421614429,
        "n": 5
      }
    }
  },
  "enabled_tasks": [
    "exercise",
    "phase",
    "fatigue",
    "reps"
  ],
  "all_results": [
    {
      "seed": 42,
      "fold": 0,
      "test_subjects": [
        "Tias",
        "sivert"
      ],
      "metrics": {
        "exercise": {
          "f1_macro": 0.3780675714264651,
          "balanced_accuracy": 0.4161948660568662,
          "n": 252
        },
        "phase": {
          "f1_macro": 0.2916666666666667,
          "balanced_accuracy": 0.3175483175483176,
          "n": 217
        },
        "fatigue": {
          "mae": 1.1208767361111112,
          "pearson_r": 0.3715090185105608,
          "n": 252
        },
        "reps": {
          "mae": 0.6393280305386146,
          "n": 214
        },
        "val_total": 1.3527640690879217,
        "val_total_per_task": {
          "exercise": 1.2261812611231728,
          "phase": 0.3214089927219209,
          "fatigue": 1.120876703943525,
          "reps": 0.2684655194244688
        }
      }
    },
    {
      "seed": 42,
      "fold": 1,
      "test_subjects": [
        "Raghild",
        "michael"
      ],
      "metrics": {
        "exercise": {
          "f1_macro": 0.3127254738425812,
          "balanced_accuracy": 0.406496103468838,
          "n": 266
        },
        "phase": {
          "f1_macro": 0.2939369296105539,
          "balanced_accuracy": 0.33315295815295815,
          "n": 194
        },
        "fatigue": {
          "mae": 1.2098214285714286,
          "pearson_r": 0.2724658983711888,
          "n": 266
        },
        "reps": {
          "mae": 0.44640171002576906,
          "n": 189
        },
        "val_total": 1.3753314520183362,
        "val_total_per_task": {
          "exercise": 1.2328337493695711,
          "phase": 0.3895138260117151,
          "fatigue": 1.2098214303640495,
          "reps": 0.15142052155688293
        }
      }
    },
    {
      "seed": 42,
      "fold": 2,
      "test_subjects": [
        "Juile",
        "lucas 2"
      ],
      "metrics": {
        "exercise": {
          "f1_macro": 0.3875045033450301,
          "balanced_accuracy": 0.4197941195709053,
          "n": 304
        },
        "phase": {
          "f1_macro": 0.27782791485989744,
          "balanced_accuracy": 0.30120599105232443,
          "n": 229
        },
        "fatigue": {
          "mae": 1.0575015419407894,
          "pearson_r": 0.2877435545543867,
          "n": 304
        },
        "reps": {
          "mae": 0.4020162390695359,
          "n": 223
        },
        "val_total": 1.2094954754176892,
        "val_total_per_task": {
          "exercise": 1.0874239269055819,
          "phase": 0.3628581048626649,
          "fatigue": 1.057501545077876,
          "reps": 0.13310425532491585
        }
      }
    },
    {
      "seed": 42,
      "fold": 3,
      "test_subjects": [
        "Hytten",
        "lucas"
      ],
      "metrics": {
        "exercise": {
          "f1_macro": 0.1461038961038961,
          "balanced_accuracy": 0.25,
          "n": 218
        },
        "phase": {
          "f1_macro": 0.1979949874686717,
          "balanced_accuracy": 0.3333333333333333,
          "n": 187
        },
        "fatigue": {
          "mae": 0.8509174311926605,
          "pearson_r": -0.18714086791249504,
          "n": 218
        },
        "reps": {
          "mae": 0.48676142064125644,
          "n": 184
        },
        "val_total": 1.2107224694085776,
        "val_total_per_task": {
          "exercise": 1.3156402121990098,
          "phase": 0.3208483717310319,
          "fatigue": 0.8509174574405776,
          "reps": 0.18730191380605785
        }
      }
    },
    {
      "seed": 42,
      "fold": 4,
      "test_subjects": [
        "kiyomi"
      ],
      "metrics": {
        "exercise": {
          "f1_macro": 0.3028717590977793,
          "balanced_accuracy": 0.31832107843137253,
          "n": 149
        },
        "phase": {
          "f1_macro": 0.2682445759368836,
          "balanced_accuracy": 0.2987179487179487,
          "n": 149
        },
        "fatigue": {
          "mae": 0.6524486157718121,
          "pearson_r": 0.5641759663520448,
          "n": 149
        },
        "reps": {
          "mae": 0.465713298048249,
          "n": 149
        },
        "val_total": 1.0378261140528942,
        "val_total_per_task": {
          "exercise": 1.1889505010323236,
          "phase": 0.31229832708435573,
          "fatigue": 0.6524486197721238,
          "reps": 0.1827749308923747
        }
      }
    }
  ]
}