{
  "exercise": {
    "f1_macro": 0.3447382484361037,
    "balanced_accuracy": 0.4257446523911979,
    "n": 1256
  },
  "phase": {
    "f1_macro": 0.29132499156021646,
    "balanced_accuracy": 0.33038339452627885,
    "n": 1069
  },
  "fatigue": {
    "mae": 1.0732359673566878,
    "pearson_r": 0.3089880842227087,
    "n": 1256
  },
  "reps": {
    "mae": 0.11386652604738755,
    "n": 1067
  },
  "val_total": -0.5621303798286779,
  "val_total_per_task": {
    "exercise": 1.158827856847435,
    "phase": 0.42570262881600934,
    "fatigue": 1.0732359686854538,
    "reps": 0.01077307686565598
  }
}