{
  "exercise": {
    "f1_macro": 0.3327213426827458,
    "balanced_accuracy": 0.3775568181818182,
    "n": 746
  },
  "phase": {
    "f1_macro": 0.3093601367419738,
    "balanced_accuracy": 0.32414090112566457,
    "n": 746
  },
  "fatigue": {
    "mae": 0.9454669696715817,
    "pearson_r": 0.394012472350762,
    "n": 746
  },
  "reps": {
    "mae": 0.10331342874179736,
    "n": 746
  },
  "val_total": 0.04962356033018383,
  "val_total_per_task": {
    "exercise": 1.23808144756041,
    "phase": 0.49984026418614325,
    "fatigue": 0.9454669728675412,
    "reps": 0.009897061857087762
  }
}