{
  "arch": "lstm_raw",
  "summary": {
    "val_total": {
      "mean": 0.1641267620086295,
      "std": 0.25514883563067636,
      "n": 5
    },
    "exercise": {
      "f1_macro": {
        "mean": 0.3335418063812395,
        "std": 0.07799797604725102,
        "n": 5
      },
      "balanced_accuracy": {
        "mean": 0.3811299755966475,
        "std": 0.08780732070076393,
        "n": 5
      }
    },
    "phase": {
      "f1_macro": {
        "mean": 0.30874206253106,
        "std": 0.02313400527832177,
        "n": 5
      },
      "balanced_accuracy": {
        "mean": 0.3436098563853462,
        "std": 0.01464300413563584,
        "n": 5
      }
    },
    "fatigue": {
      "mae": {
        "mean": 1.031159061466757,
        "std": 0.09055720133699062,
        "n": 5
      },
      "pearson_r": {
        "mean": 0.20843423321170268,
        "std": 0.256370556268909,
        "n": 5
      }
    },
    "reps": {
      "mae": {
        "mean": 0.209758260679526,
        "std": 0.03403145373766267,
        "n": 5
      }
    }
  },
  "enabled_tasks": [
    "exercise",
    "phase",
    "fatigue",
    "reps"
  ],
  "all_results": [
    {
      "seed": 42,
      "fold": 0,
      "test_subjects": [
        "Tias",
        "sivert"
      ],
      "metrics": {
        "exercise": {
          "f1_macro": 0.37034008307372795,
          "balanced_accuracy": 0.43311727231705704,
          "n": 626
        },
        "phase": {
          "f1_macro": 0.32351110622963514,
          "balanced_accuracy": 0.3367641325536062,
          "n": 533
        },
        "fatigue": {
          "mae": 1.0769331569488818,
          "pearson_r": 0.32755487384905413,
          "n": 626
        },
        "reps": {
          "mae": 0.26598626261983915,
          "n": 531
        },
        "val_total": 0.02376563175798605,
        "val_total_per_task": {
          "exercise": 1.1794353693057174,
          "phase": 0.2821390341265133,
          "fatigue": 1.0769331632330776,
          "reps": 0.050279018406669936
        }
      }
    },
    {
      "seed": 42,
      "fold": 1,
      "test_subjects": [
        "Raghild",
        "michael"
      ],
      "metrics": {
        "exercise": {
          "f1_macro": 0.35473033761068234,
          "balanced_accuracy": 0.3911900335816793,
          "n": 682
        },
        "phase": {
          "f1_macro": 0.3410217308425467,
          "balanced_accuracy": 0.3726053639846743,
          "n": 488
        },
        "fatigue": {
          "mae": 1.156038077346041,
          "pearson_r": 0.3869444280394495,
          "n": 682
        },
        "reps": {
          "mae": 0.18179319351447815,
          "n": 482
        },
        "val_total": 0.5048358223655007,
        "val_total_per_task": {
          "exercise": 1.5052929358048872,
          "phase": 0.5201085515735436,
          "fatigue": 1.1560380787443905,
          "reps": 0.02808422706693498
        }
      }
    },
    {
      "seed": 42,
      "fold": 2,
      "test_subjects": [
        "Juile",
        "lucas 2"
      ],
      "metrics": {
        "exercise": {
          "f1_macro": 0.4047554649496397,
          "balanced_accuracy": 0.4368780200184077,
          "n": 755
        },
        "phase": {
          "f1_macro": 0.3125773629451207,
          "balanced_accuracy": 0.33261034847869997,
          "n": 560
        },
        "fatigue": {
          "mae": 0.9460368377483444,
          "pearson_r": 0.4662220230995158,
          "n": 755
        },
        "reps": {
          "mae": 0.16953114995359703,
          "n": 554
        },
        "val_total": 0.023872604906953723,
        "val_total_per_task": {
          "exercise": 1.1589464691301055,
          "phase": 0.3963704212217141,
          "fatigue": 0.9460368326957652,
          "reps": 0.030636542887482424
        }
      }
    },
    {
      "seed": 42,
      "fold": 3,
      "test_subjects": [
        "Hytten",
        "lucas"
      ],
      "metrics": {
        "exercise": {
          "f1_macro": 0.18177050890951005,
          "balanced_accuracy": 0.2088721825881818,
          "n": 557
        },
        "phase": {
          "f1_macro": 0.2905976063723332,
          "balanced_accuracy": 0.33885048643113164,
          "n": 477
        },
        "fatigue": {
          "mae": 1.0671636557450628,
          "pearson_r": -0.24516456837064776,
          "n": 557
        },
        "reps": {
          "mae": 0.22460812298956284,
          "n": 474
        },
        "val_total": 0.4241176933531701,
        "val_total_per_task": {
          "exercise": 1.5848425915682123,
          "phase": 0.40812703100312336,
          "fatigue": 1.067163656601144,
          "reps": 0.041278945275413495
        }
      }
    },
    {
      "seed": 42,
      "fold": 4,
      "test_subjects": [
        "kiyomi"
      ],
      "metrics": {
        "exercise": {
          "f1_macro": 0.3561126373626373,
          "balanced_accuracy": 0.43559236947791163,
          "n": 374
        },
        "phase": {
          "f1_macro": 0.27600250626566414,
          "balanced_accuracy": 0.33721895047861894,
          "n": 374
        },
        "fatigue": {
          "mae": 0.9096235795454546,
          "pearson_r": 0.10661440944114153,
          "n": 374
        },
        "reps": {
          "mae": 0.20687257432015263,
          "n": 374
        },
        "val_total": -0.15595794234046323,
        "val_total_per_task": {
          "exercise": 1.1092103375470574,
          "phase": 0.32754500887610694,
          "fatigue": 0.9096235667957979,
          "reps": 0.03581780513977622
        }
      }
    }
  ]
}