{
  "exercise": {
    "f1_macro": 0.17610270101394532,
    "balanced_accuracy": 0.19763399462728592,
    "n": 1106
  },
  "phase": {
    "f1_macro": 0.31174785100286534,
    "balanced_accuracy": 0.33877292852624913,
    "n": 944
  },
  "fatigue": {
    "mae": 1.1322120818264014,
    "pearson_r": -0.2931433547736548,
    "n": 1106
  },
  "reps": {
    "mae": 0.11836584807545794,
    "n": 941
  },
  "val_total": -0.14685050488380583,
  "val_total_per_task": {
    "exercise": 1.6018097348928884,
    "phase": 0.505413149946637,
    "fatigue": 1.1322120714791213,
    "reps": 0.011887320787199583
  }
}