{
  "exercise": {
    "f1_macro": 0.2370935067704446,
    "balanced_accuracy": 0.27656112326976096,
    "n": 557
  },
  "phase": {
    "f1_macro": 0.34529555208290114,
    "balanced_accuracy": 0.35295698924731184,
    "n": 477
  },
  "fatigue": {
    "mae": 1.0081070466786355,
    "pearson_r": -0.24242119682663013,
    "n": 557
  },
  "reps": {
    "mae": 0.21934872205646214,
    "n": 474
  },
  "val_total": 0.6897707195213496,
  "val_total_per_task": {
    "exercise": 1.472934142905463,
    "phase": 0.40171722995528625,
    "fatigue": 1.0081070481767773,
    "reps": 0.04079879988553387
  }
}