{
  "arch": "cnn1d_raw",
  "summary": {
    "val_total": {
      "mean": 1.1531178686851846,
      "std": 0.2957937128909207,
      "n": 5
    },
    "exercise": {
      "f1_macro": {
        "mean": 0.41603245252307663,
        "std": 0.15825554320791801,
        "n": 5
      },
      "balanced_accuracy": {
        "mean": 0.4280255052082114,
        "std": 0.1594223219072108,
        "n": 5
      }
    },
    "phase": {
      "f1_macro": {
        "mean": 0.2872640036761143,
        "std": 0.038430585338512006,
        "n": 5
      },
      "balanced_accuracy": {
        "mean": 0.3352560231874734,
        "std": 0.03096493709033235,
        "n": 5
      }
    },
    "fatigue": {
      "mae": {
        "mean": 1.2503973626713507,
        "std": 0.13177666369727056,
        "n": 5
      },
      "pearson_r": {
        "mean": 0.12279707542220952,
        "std": 0.223389702707993,
        "n": 5
      }
    },
    "reps": {
      "mae": {
        "mean": 0.48060524096833673,
        "std": 0.05492392084197644,
        "n": 5
      }
    }
  },
  "enabled_tasks": [
    "exercise",
    "phase",
    "fatigue",
    "reps"
  ],
  "all_results": [
    {
      "seed": 42,
      "fold": 0,
      "test_subjects": [
        "Tias",
        "sivert"
      ],
      "metrics": {
        "exercise": {
          "f1_macro": 0.7105603698723376,
          "balanced_accuracy": 0.6996990305186757,
          "n": 252
        },
        "phase": {
          "f1_macro": 0.3434511434511434,
          "balanced_accuracy": 0.36709786709786707,
          "n": 217
        },
        "fatigue": {
          "mae": 1.2085193452380953,
          "pearson_r": 0.15248508552612303,
          "n": 252
        },
        "reps": {
          "mae": 0.5678881799854408,
          "n": 214
        },
        "val_total": 0.6615510582923889,
        "val_total_per_task": {
          "exercise": 0.6239726543426514,
          "phase": 0.2687161862850189,
          "fatigue": 1.208519458770752,
          "reps": 0.2211739718914032
        }
      }
    },
    {
      "seed": 42,
      "fold": 1,
      "test_subjects": [
        "Raghild",
        "michael"
      ],
      "metrics": {
        "exercise": {
          "f1_macro": 0.4373511904761905,
          "balanced_accuracy": 0.504968334258631,
          "n": 266
        },
        "phase": {
          "f1_macro": 0.3070559610705596,
          "balanced_accuracy": 0.33482142857142855,
          "n": 194
        },
        "fatigue": {
          "mae": 1.4762100563909775,
          "pearson_r": 0.1012031096546059,
          "n": 266
        },
        "reps": {
          "mae": 0.42739475257300513,
          "n": 189
        },
        "val_total": 1.5337812488240408,
        "val_total_per_task": {
          "exercise": 1.4939725488648379,
          "phase": 0.4284285513081945,
          "fatigue": 1.4762100590799088,
          "reps": 0.13451233483794936
        }
      }
    },
    {
      "seed": 42,
      "fold": 2,
      "test_subjects": [
        "Juile",
        "lucas 2"
      ],
      "metrics": {
        "exercise": {
          "f1_macro": 0.35306310798841894,
          "balanced_accuracy": 0.35558730703819985,
          "n": 304
        },
        "phase": {
          "f1_macro": 0.22950187135856773,
          "balanced_accuracy": 0.33420864941969786,
          "n": 229
        },
        "fatigue": {
          "mae": 1.0752595600328947,
          "pearson_r": 0.42590015523315206,
          "n": 304
        },
        "reps": {
          "mae": 0.4779930555975825,
          "n": 223
        },
        "val_total": 1.0704685135891563,
        "val_total_per_task": {
          "exercise": 1.2225315696314762,
          "phase": 0.343299515937504,
          "fatigue": 1.0752595600328947,
          "reps": 0.15764022500891434
        }
      }
    },
    {
      "seed": 42,
      "fold": 3,
      "test_subjects": [
        "Hytten",
        "lucas"
      ],
      "metrics": {
        "exercise": {
          "f1_macro": 0.3218761188686001,
          "balanced_accuracy": 0.33446844246084456,
          "n": 218
        },
        "phase": {
          "f1_macro": 0.29106753812636166,
          "balanced_accuracy": 0.360807441503644,
          "n": 187
        },
        "fatigue": {
          "mae": 1.2870377006880733,
          "pearson_r": -0.26504469650768586,
          "n": 218
        },
        "reps": {
          "mae": 0.41942282442165457,
          "n": 184
        },
        "val_total": 1.1372780799865723,
        "val_total_per_task": {
          "exercise": 1.2035850286483765,
          "phase": 0.32100462913513184,
          "fatigue": 1.2870376110076904,
          "reps": 0.14921139180660248
        }
      }
    },
    {
      "seed": 42,
      "fold": 4,
      "test_subjects": [
        "kiyomi"
      ],
      "metrics": {
        "exercise": {
          "f1_macro": 0.25731147540983607,
          "balanced_accuracy": 0.24540441176470587,
          "n": 149
        },
        "phase": {
          "f1_macro": 0.2652435043739392,
          "balanced_accuracy": 0.27934472934472937,
          "n": 149
        },
        "fatigue": {
          "mae": 1.2049601510067114,
          "pearson_r": 0.1994417232048525,
          "n": 149
        },
        "reps": {
          "mae": 0.5103273922640005,
          "n": 149
        },
        "val_total": 1.3625104427337646,
        "val_total_per_task": {
          "exercise": 1.5560200214385986,
          "phase": 0.3057079017162323,
          "fatigue": 1.2049601078033447,
          "reps": 0.18090958893299103
        }
      }
    }
  ]
}