{
  "exercise": {
    "f1_macro": 0.3709724965557325,
    "balanced_accuracy": 0.3711144315345182,
    "n": 69958
  },
  "phase": {
    "f1_macro": 0.2976719638592384,
    "balanced_accuracy": 0.32307937592718133,
    "n": 40865
  },
  "fatigue": {
    "mae": 0.8760098954812581,
    "pearson_r": 0.46895480657016964,
    "n": 69958
  },
  "reps": {
    "mae": 2.2745582845799324,
    "n": 69958
  }
}