{
  "exercise": {
    "f1_macro": 0.26593382189651343,
    "balanced_accuracy": 0.3101694915254237,
    "n": 218
  },
  "phase": {
    "f1_macro": 0.21064110367214442,
    "balanced_accuracy": 0.30629075565784425,
    "n": 187
  },
  "fatigue": {
    "mae": 1.2107135177752293,
    "pearson_r": -0.4134367838481026,
    "n": 218
  },
  "reps": {
    "mae": 0.4857909015339354,
    "n": 184
  },
  "val_total": 1.1855183883544502,
  "val_total_per_task": {
    "exercise": 1.4099098640844363,
    "phase": 0.32620217739988905,
    "fatigue": 1.210713526524535,
    "reps": 0.1680009965229472
  }
}