{
  "exercise": {
    "f1_macro": 0.34795480549199087,
    "balanced_accuracy": 0.38064781200941916,
    "n": 304
  },
  "phase": {
    "f1_macro": 0.2599326599326599,
    "balanced_accuracy": 0.3361213771639759,
    "n": 229
  },
  "fatigue": {
    "mae": 1.251721833881579,
    "pearson_r": 0.18812286251445942,
    "n": 304
  },
  "reps": {
    "mae": 0.40723378697802803,
    "n": 223
  },
  "val_total": 0.9880583035318475,
  "val_total_per_task": {
    "exercise": 1.1541282252261513,
    "phase": 0.35357191844990377,
    "fatigue": 1.2517218464299251,
    "reps": 0.13508355695950358
  }
}