{
  "exercise": {
    "f1_macro": 0.631147884915757,
    "balanced_accuracy": 0.6554202161887726,
    "n": 218
  },
  "phase": {
    "f1_macro": 0.34306195596518174,
    "balanced_accuracy": 0.36497890295358654,
    "n": 187
  },
  "fatigue": {
    "mae": 1.189462084288991,
    "pearson_r": -0.3138437109745982,
    "n": 218
  },
  "reps": {
    "mae": 0.4325433473872102,
    "n": 184
  },
  "val_total": 0.7443817285222745,
  "val_total_per_task": {
    "exercise": 1.0629737245927162,
    "phase": 0.30734957276134317,
    "fatigue": 1.189462122567203,
    "reps": 0.1388398223650565
  }
}