{
  "exercise": {
    "f1_macro": 0.3640905985205332,
    "balanced_accuracy": 0.3670055762689691,
    "n": 304
  },
  "phase": {
    "f1_macro": 0.23285140562248996,
    "balanced_accuracy": 0.34364261168384874,
    "n": 229
  },
  "fatigue": {
    "mae": 1.0630782277960527,
    "pearson_r": 0.35650504422922413,
    "n": 304
  },
  "reps": {
    "mae": 0.4492510971675873,
    "n": 223
  },
  "val_total": 1.0085423996574001,
  "val_total_per_task": {
    "exercise": 1.175047428984391,
    "phase": 0.3414218739459389,
    "fatigue": 1.0630782277960527,
    "reps": 0.14750159100482338
  }
}