{
  "exercise": {
    "f1_macro": 0.2623173408890185,
    "balanced_accuracy": 0.3226887938728391,
    "n": 682
  },
  "phase": {
    "f1_macro": 0.2934419960174599,
    "balanced_accuracy": 0.30039787798408485,
    "n": 488
  },
  "fatigue": {
    "mae": 1.2009427694281525,
    "pearson_r": 0.34003627998823427,
    "n": 682
  },
  "reps": {
    "mae": 0.1890422317636087,
    "n": 482
  },
  "val_total": 0.8025798584359133,
  "val_total_per_task": {
    "exercise": 1.276192767529194,
    "phase": 0.3530256248289539,
    "fatigue": 1.2009427813141227,
    "reps": 0.03078454999455259
  }
}