{
  "exercise": {
    "f1_macro": 0.2541216807703531,
    "balanced_accuracy": 0.340884790163058,
    "n": 266
  },
  "phase": {
    "f1_macro": 0.3022031629342228,
    "balanced_accuracy": 0.34095418470418476,
    "n": 194
  },
  "fatigue": {
    "mae": 1.3365395911654134,
    "pearson_r": 0.40885647668497305,
    "n": 266
  },
  "reps": {
    "mae": 0.4776462352287675,
    "n": 189
  },
  "val_total": 1.4327118522242497,
  "val_total_per_task": {
    "exercise": 1.2824702451103611,
    "phase": 0.3793052049507772,
    "fatigue": 1.3365395929580344,
    "reps": 0.1624701220290105
  }
}