{
  "exercise": {
    "f1_macro": 0.1461038961038961,
    "balanced_accuracy": 0.25,
    "n": 218
  },
  "phase": {
    "f1_macro": 0.28882664176781825,
    "balanced_accuracy": 0.35701956271576524,
    "n": 187
  },
  "fatigue": {
    "mae": 0.8139872419724771,
    "pearson_r": -0.14899788587248508,
    "n": 218
  },
  "reps": {
    "mae": 0.5080501770843631,
    "n": 184
  },
  "val_total": 1.2688874006271362,
  "val_total_per_task": {
    "exercise": 1.3127732276916504,
    "phase": 0.3198961615562439,
    "fatigue": 0.8139871954917908,
    "reps": 0.19939638674259186
  }
}