{
  "exercise": {
    "f1_macro": 0.36783326018527696,
    "balanced_accuracy": 0.38145113814756676,
    "n": 304
  },
  "phase": {
    "f1_macro": 0.3411599524786694,
    "balanced_accuracy": 0.36743824158723987,
    "n": 229
  },
  "fatigue": {
    "mae": 1.3087479440789473,
    "pearson_r": 0.10145487185539306,
    "n": 304
  },
  "reps": {
    "mae": 0.39825719810871935,
    "n": 223
  },
  "val_total": 0.9907038556902033,
  "val_total_per_task": {
    "exercise": 1.178397730777138,
    "phase": 0.35413498078521927,
    "fatigue": 1.3087479503531205,
    "reps": 0.12939569903047463
  }
}