{
  "exercise": {
    "f1_macro": 0.2902633183772303,
    "balanced_accuracy": 0.3060245697993512,
    "n": 69958
  },
  "phase": {
    "f1_macro": 0.30799134875192263,
    "balanced_accuracy": 0.3115877577053931,
    "n": 40865
  },
  "fatigue": {
    "mae": 1.0864668517419591,
    "pearson_r": -0.33643597270116976,
    "n": 69958
  },
  "reps": {
    "mae": 2.3541408671588178,
    "n": 69958
  }
}