{
  "exercise": {
    "f1_macro": 0.11069651741293532,
    "balanced_accuracy": 0.25,
    "n": 626
  },
  "phase": {
    "f1_macro": 0.20917846923208852,
    "balanced_accuracy": 0.33146198830409357,
    "n": 533
  },
  "fatigue": {
    "mae": 1.0683219349041533,
    "pearson_r": 0.19474798668196608,
    "n": 626
  },
  "reps": {
    "mae": 0.2742677968453174,
    "n": 531
  },
  "val_total": 1.2982524203035397,
  "val_total_per_task": {
    "exercise": 1.395534329901869,
    "phase": 0.2841474811870831,
    "fatigue": 1.0683219381414664,
    "reps": 0.05285578795943778
  }
}