{
  "exercise": {
    "f1_macro": 0.12287712287712288,
    "balanced_accuracy": 0.25,
    "n": 755
  },
  "phase": {
    "f1_macro": 0.24377401604932283,
    "balanced_accuracy": 0.3406751279216751,
    "n": 560
  },
  "fatigue": {
    "mae": 0.9852752483443709,
    "pearson_r": 0.3931489169386225,
    "n": 755
  },
  "reps": {
    "mae": 0.16653394308664066,
    "n": 554
  },
  "val_total": 1.3043469271123014,
  "val_total_per_task": {
    "exercise": 1.3749612045603872,
    "phase": 0.3949321705773966,
    "fatigue": 0.9852752454233485,
    "reps": 0.029544577249233296
  }
}