{
  "arch": "cnn1d_raw",
  "summary": {
    "val_total": {
      "mean": 1.2011897517326182,
      "std": 0.3585654369639803,
      "n": 5
    },
    "exercise": {
      "f1_macro": {
        "mean": 0.47321657869879924,
        "std": 0.1316657780195382,
        "n": 5
      },
      "balanced_accuracy": {
        "mean": 0.5033484396594605,
        "std": 0.1155855552839039,
        "n": 5
      }
    },
    "phase": {
      "f1_macro": {
        "mean": 0.32612188084917204,
        "std": 0.03675915160886974,
        "n": 5
      },
      "balanced_accuracy": {
        "mean": 0.35625165363728084,
        "std": 0.024544109225479848,
        "n": 5
      }
    },
    "fatigue": {
      "mae": {
        "mean": 1.1892207715342373,
        "std": 0.25542082633899554,
        "n": 5
      },
      "pearson_r": {
        "mean": 0.11193117184303522,
        "std": 0.2970719126891597,
        "n": 5
      }
    },
    "reps": {
      "mae": {
        "mean": 0.48026935983014585,
        "std": 0.04069285541867068,
        "n": 5
      }
    }
  },
  "enabled_tasks": [
    "exercise",
    "phase",
    "fatigue",
    "reps"
  ],
  "all_results": [
    {
      "seed": 42,
      "fold": 0,
      "test_subjects": [
        "Tias",
        "sivert"
      ],
      "metrics": {
        "exercise": {
          "f1_macro": 0.7192067887920784,
          "balanced_accuracy": 0.706695363897228,
          "n": 252
        },
        "phase": {
          "f1_macro": 0.39561221895318005,
          "balanced_accuracy": 0.3991683991683992,
          "n": 217
        },
        "fatigue": {
          "mae": 1.3046875,
          "pearson_r": 0.03826755672539448,
          "n": 252
        },
        "reps": {
          "mae": 0.5436421914426522,
          "n": 214
        },
        "val_total": 0.6295133233070374,
        "val_total_per_task": {
          "exercise": 0.6616254448890686,
          "phase": 0.26602721214294434,
          "fatigue": 1.3046876192092896,
          "reps": 0.20342572033405304
        }
      }
    },
    {
      "seed": 42,
      "fold": 1,
      "test_subjects": [
        "Raghild",
        "michael"
      ],
      "metrics": {
        "exercise": {
          "f1_macro": 0.42820386758439855,
          "balanced_accuracy": 0.5236285032796661,
          "n": 266
        },
        "phase": {
          "f1_macro": 0.3251224518830153,
          "balanced_accuracy": 0.34600468975468973,
          "n": 194
        },
        "fatigue": {
          "mae": 1.5486519031954886,
          "pearson_r": 0.19461003130461124,
          "n": 266
        },
        "reps": {
          "mae": 0.4966953599717093,
          "n": 189
        },
        "val_total": 1.7624708118295311,
        "val_total_per_task": {
          "exercise": 1.4072014371255286,
          "phase": 0.5020489477573481,
          "fatigue": 1.5486519038677216,
          "reps": 0.17560385223618127
        }
      }
    },
    {
      "seed": 42,
      "fold": 2,
      "test_subjects": [
        "Juile",
        "lucas 2"
      ],
      "metrics": {
        "exercise": {
          "f1_macro": 0.39357042686250604,
          "balanced_accuracy": 0.3765575941915228,
          "n": 304
        },
        "phase": {
          "f1_macro": 0.3173861300443579,
          "balanced_accuracy": 0.3454256629708876,
          "n": 229
        },
        "fatigue": {
          "mae": 1.030247738486842,
          "pearson_r": 0.375896793882324,
          "n": 304
        },
        "reps": {
          "mae": 0.4403034659987942,
          "n": 223
        },
        "val_total": 1.1799195471562838,
        "val_total_per_task": {
          "exercise": 1.3981489884225946,
          "phase": 0.3161787547563252,
          "fatigue": 1.0302477416239286,
          "reps": 0.14714305102825165
        }
      }
    },
    {
      "seed": 42,
      "fold": 3,
      "test_subjects": [
        "Hytten",
        "lucas"
      ],
      "metrics": {
        "exercise": {
          "f1_macro": 0.4847932074226309,
          "balanced_accuracy": 0.5011597565367291,
          "n": 218
        },
        "phase": {
          "f1_macro": 0.29056022870965964,
          "balanced_accuracy": 0.3641637897967012,
          "n": 187
        },
        "fatigue": {
          "mae": 1.2641735951834863,
          "pearson_r": -0.42584429609673136,
          "n": 218
        },
        "reps": {
          "mae": 0.432042036043561,
          "n": 184
        },
        "val_total": 1.2124552726745605,
        "val_total_per_task": {
          "exercise": 1.2158619165420532,
          "phase": 0.3253830373287201,
          "fatigue": 1.2641735076904297,
          "reps": 0.150193452835083
        }
      }
    },
    {
      "seed": 42,
      "fold": 4,
      "test_subjects": [
        "kiyomi"
      ],
      "metrics": {
        "exercise": {
          "f1_macro": 0.3403086028323822,
          "balanced_accuracy": 0.40870098039215685,
          "n": 149
        },
        "phase": {
          "f1_macro": 0.30192837465564737,
          "balanced_accuracy": 0.3264957264957265,
          "n": 149
        },
        "fatigue": {
          "mae": 0.7983431208053692,
          "pearson_r": 0.37672577339957786,
          "n": 149
        },
        "reps": {
          "mae": 0.48866374569401244,
          "n": 149
        },
        "val_total": 1.2215898036956787,
        "val_total_per_task": {
          "exercise": 1.4240984916687012,
          "phase": 0.3030461370944977,
          "fatigue": 0.7983431220054626,
          "reps": 0.17307083308696747
        }
      }
    }
  ]
}