{
  "exercise": {
    "f1_macro": 0.71062531499748,
    "balanced_accuracy": 0.7084734668950398,
    "n": 252
  },
  "phase": {
    "f1_macro": 0.42534658324132013,
    "balanced_accuracy": 0.42846692846692847,
    "n": 217
  },
  "fatigue": {
    "mae": 1.1293867807539681,
    "pearson_r": 0.2781841015708572,
    "n": 252
  },
  "reps": {
    "mae": 0.48935373785479047,
    "n": 214
  },
  "val_total": 0.8083644263328068,
  "val_total_per_task": {
    "exercise": 0.8139599022411165,
    "phase": 0.29174245633776225,
    "fatigue": 1.1293867675084917,
    "reps": 0.17903571280222091
  }
}