{
  "exercise": {
    "f1_macro": 0.5720715549864613,
    "balanced_accuracy": 0.5915207858059318,
    "n": 252
  },
  "phase": {
    "f1_macro": 0.22878397711015738,
    "balanced_accuracy": 0.29406329406329407,
    "n": 217
  },
  "fatigue": {
    "mae": 1.1159474206349207,
    "pearson_r": 0.2185308008462283,
    "n": 252
  },
  "reps": {
    "mae": 0.5984936114574704,
    "n": 214
  },
  "val_total": 0.7784306643501161,
  "val_total_per_task": {
    "exercise": 0.8780035423854041,
    "phase": 0.3026675023729839,
    "fatigue": 1.1159474282037645,
    "reps": 0.25169441624293254
  }
}