{
  "exercise": {
    "f1_macro": 0.34886298058520343,
    "balanced_accuracy": 0.3665888360119569,
    "n": 69958
  },
  "phase": {
    "f1_macro": 0.255105347452974,
    "balanced_accuracy": 0.3149944564822553,
    "n": 40865
  },
  "fatigue": {
    "mae": 0.9706092118678451,
    "pearson_r": 0.0318759341447514,
    "n": 69958
  },
  "reps": {
    "mae": 2.3348336653390556,
    "n": 69958
  }
}