{
  "lr": 0.00029528133401304535,
  "weight_decay": 1.0700300323562513e-06,
  "batch_size": 64,
  "dropout": 0.11696121579546334,
  "repr_dim": 64,
  "lstm_hidden": 128,
  "lstm_layers": 2,
  "_patience": 50
}