{
  "exercise": {
    "f1_macro": 0.33579486214378595,
    "balanced_accuracy": 0.4021040659993864,
    "n": 755
  },
  "phase": {
    "f1_macro": 0.31721715196291467,
    "balanced_accuracy": 0.3259588878160727,
    "n": 560
  },
  "fatigue": {
    "mae": 1.040247309602649,
    "pearson_r": 0.37620947850667247,
    "n": 755
  },
  "reps": {
    "mae": 0.168181678417243,
    "n": 554
  },
  "val_total": 0.18668802479245014,
  "val_total_per_task": {
    "exercise": 1.15834540720807,
    "phase": 0.395170543722759,
    "fatigue": 1.0402473058132147,
    "reps": 0.030172455989268442
  }
}