{
  "lr": 0.0038858995026663148,
  "weight_decay": 6.630599890152516e-05,
  "batch_size": 128,
  "dropout": 0.47872028180630966,
  "repr_dim": 64,
  "_patience": 50
}