{
  "arch": "lstm_raw",
  "summary": {
    "val_total": {
      "mean": 0.29664020905996347,
      "std": 0.2965077381973373,
      "n": 5
    },
    "exercise": {
      "f1_macro": {
        "mean": 0.3300453490623833,
        "std": 0.10794619746638057,
        "n": 5
      },
      "balanced_accuracy": {
        "mean": 0.3717259057972799,
        "std": 0.1336152206696144,
        "n": 5
      }
    },
    "phase": {
      "f1_macro": {
        "mean": 0.29010514058436293,
        "std": 0.04965241819784183,
        "n": 5
      },
      "balanced_accuracy": {
        "mean": 0.34496274576878194,
        "std": 0.008242971938926025,
        "n": 5
      }
    },
    "fatigue": {
      "mae": {
        "mean": 1.002988338950448,
        "std": 0.14476319193033324,
        "n": 5
      },
      "pearson_r": {
        "mean": 0.24810800082063453,
        "std": 0.26956579176634304,
        "n": 5
      }
    },
    "reps": {
      "mae": {
        "mean": 0.2138862103156553,
        "std": 0.03352902316862678,
        "n": 5
      }
    }
  },
  "enabled_tasks": [
    "exercise",
    "phase",
    "fatigue",
    "reps"
  ],
  "all_results": [
    {
      "seed": 42,
      "fold": 0,
      "test_subjects": [
        "Tias",
        "sivert"
      ],
      "metrics": {
        "exercise": {
          "f1_macro": 0.3463000532450321,
          "balanced_accuracy": 0.4230183325535679,
          "n": 626
        },
        "phase": {
          "f1_macro": 0.34295501173280757,
          "balanced_accuracy": 0.3542300194931774,
          "n": 533
        },
        "fatigue": {
          "mae": 1.063223841853035,
          "pearson_r": 0.3597641497810469,
          "n": 626
        },
        "reps": {
          "mae": 0.2522604210581104,
          "n": 531
        },
        "val_total": 0.1141805130833635,
        "val_total_per_task": {
          "exercise": 1.2660966365101238,
          "phase": 0.27691392576732576,
          "fatigue": 1.0632238429956162,
          "reps": 0.0449520734171517
        }
      }
    },
    {
      "seed": 42,
      "fold": 1,
      "test_subjects": [
        "Raghild",
        "michael"
      ],
      "metrics": {
        "exercise": {
          "f1_macro": 0.4383930787504875,
          "balanced_accuracy": 0.4982638215207311,
          "n": 682
        },
        "phase": {
          "f1_macro": 0.3092731335436383,
          "balanced_accuracy": 0.35385352195697023,
          "n": 488
        },
        "fatigue": {
          "mae": 1.166015625,
          "pearson_r": 0.3309265936593141,
          "n": 682
        },
        "reps": {
          "mae": 0.1794154679023997,
          "n": 482
        },
        "val_total": 0.5254426002502441,
        "val_total_per_task": {
          "exercise": 1.5264969585228525,
          "phase": 0.5371217475958234,
          "fatigue": 1.166015628845461,
          "reps": 0.02792330466407485
        }
      }
    },
    {
      "seed": 42,
      "fold": 2,
      "test_subjects": [
        "Juile",
        "lucas 2"
      ],
      "metrics": {
        "exercise": {
          "f1_macro": 0.3706655850472627,
          "balanced_accuracy": 0.3545487957790373,
          "n": 755
        },
        "phase": {
          "f1_macro": 0.3345000455746969,
          "balanced_accuracy": 0.34471917868920515,
          "n": 560
        },
        "fatigue": {
          "mae": 0.9428756208609271,
          "pearson_r": 0.40491023883335847,
          "n": 755
        },
        "reps": {
          "mae": 0.17245213237812992,
          "n": 554
        },
        "val_total": 0.2158935685820927,
        "val_total_per_task": {
          "exercise": 1.3677289929611003,
          "phase": 0.38776334784678274,
          "fatigue": 0.9428756169135997,
          "reps": 0.031090921341188696
        }
      }
    },
    {
      "seed": 42,
      "fold": 3,
      "test_subjects": [
        "Hytten",
        "lucas"
      ],
      "metrics": {
        "exercise": {
          "f1_macro": 0.1230169877433949,
          "balanced_accuracy": 0.12195520563908707,
          "n": 557
        },
        "phase": {
          "f1_macro": 0.2463800946532544,
          "balanced_accuracy": 0.33867767537122373,
          "n": 477
        },
        "fatigue": {
          "mae": 1.091197262118492,
          "pearson_r": -0.2864997533781749,
          "n": 557
        },
        "reps": {
          "mae": 0.24906962550537984,
          "n": 474
        },
        "val_total": 0.7302736187323634,
        "val_total_per_task": {
          "exercise": 1.7555464167997268,
          "phase": 0.4057654559719284,
          "fatigue": 1.0911972608343703,
          "reps": 0.046833066928536504
        }
      }
    },
    {
      "seed": 42,
      "fold": 4,
      "test_subjects": [
        "kiyomi"
      ],
      "metrics": {
        "exercise": {
          "f1_macro": 0.3718510405257393,
          "balanced_accuracy": 0.4608433734939759,
          "n": 374
        },
        "phase": {
          "f1_macro": 0.2174174174174174,
          "balanced_accuracy": 0.3333333333333333,
          "n": 374
        },
        "fatigue": {
          "mae": 0.7516293449197861,
          "pearson_r": 0.43143877520762786,
          "n": 374
        },
        "reps": {
          "mae": 0.2162334047342566,
          "n": 374
        },
        "val_total": -0.10258925534824637,
        "val_total_per_task": {
          "exercise": 1.198732420722431,
          "phase": 0.33725701599197594,
          "fatigue": 0.751629364044271,
          "reps": 0.040967346373248226
        }
      }
    }
  ]
}