{
  "exercise": {
    "f1_macro": 0.3646255060728745,
    "balanced_accuracy": 0.45180722891566266,
    "n": 374
  },
  "phase": {
    "f1_macro": 0.2818630762072019,
    "balanced_accuracy": 0.29411288527310625,
    "n": 374
  },
  "fatigue": {
    "mae": 1.0449636530748663,
    "pearson_r": 0.1313447073123359,
    "n": 374
  },
  "reps": {
    "mae": 0.21377581088270814,
    "n": 374
  },
  "val_total": 0.36739312263733565,
  "val_total_per_task": {
    "exercise": 1.0221528159105842,
    "phase": 0.3337483903303503,
    "fatigue": 1.0449636849490078,
    "reps": 0.03646911824132032
  }
}