{
  "exercise": {
    "f1_macro": 0.4519427940480572,
    "balanced_accuracy": 0.5262116258507599,
    "n": 266
  },
  "phase": {
    "f1_macro": 0.29715916633479356,
    "balanced_accuracy": 0.33400974025974023,
    "n": 194
  },
  "fatigue": {
    "mae": 1.5922374295112782,
    "pearson_r": 0.09330338621514707,
    "n": 266
  },
  "reps": {
    "mae": 0.43186073118534984,
    "n": 189
  },
  "val_total": 1.6556200981140137,
  "val_total_per_task": {
    "exercise": 1.4684163331985474,
    "phase": 0.34331217408180237,
    "fatigue": 1.5922374725341797,
    "reps": 0.14581690728664398
  }
}