{
  "lr": 0.004355898368310852,
  "weight_decay": 6.645691186051388e-05,
  "batch_size": 64,
  "dropout": 0.4871013003751494,
  "repr_dim": 128,
  "_patience": 50
}