{
  "exercise": {
    "f1_macro": 0.29306798321448263,
    "balanced_accuracy": 0.3304830341136365,
    "n": 626
  },
  "phase": {
    "f1_macro": 0.2340659340659341,
    "balanced_accuracy": 0.33808966861598444,
    "n": 533
  },
  "fatigue": {
    "mae": 1.077020517172524,
    "pearson_r": 0.25989700163315715,
    "n": 626
  },
  "reps": {
    "mae": 0.27254694227827275,
    "n": 531
  },
  "val_total": 0.6007912128497237,
  "val_total_per_task": {
    "exercise": 1.1380073159647446,
    "phase": 0.26195547584527595,
    "fatigue": 1.0770205146969316,
    "reps": 0.05190811221734784
  }
}