{
  "lr": 0.0024938851448104505,
  "weight_decay": 3.7678092956584596e-05,
  "batch_size": 128,
  "dropout": 0.4787847505560598,
  "repr_dim": 64,
  "_patience": 50
}