{
  "lr": 0.0039065154171662566,
  "weight_decay": 4.7575671421787835e-05,
  "batch_size": 128,
  "dropout": 0.47020696382730726,
  "repr_dim": 64,
  "_patience": 50
}