{
  "exercise": {
    "f1_macro": 0.11069651741293532,
    "balanced_accuracy": 0.25,
    "n": 626
  },
  "phase": {
    "f1_macro": 0.21321378957373693,
    "balanced_accuracy": 0.34035087719298246,
    "n": 533
  },
  "fatigue": {
    "mae": 1.0678726537539935,
    "pearson_r": 0.21213711397026153,
    "n": 626
  },
  "reps": {
    "mae": 0.2741875979538986,
    "n": 531
  },
  "val_total": 1.2561376978414127,
  "val_total_per_task": {
    "exercise": 1.3963486584611595,
    "phase": 0.25868824876535434,
    "fatigue": 1.0678726512784014,
    "reps": 0.05232658590109775
  }
}