{
  "exercise": {
    "f1_macro": 0.1214574898785425,
    "balanced_accuracy": 0.25,
    "n": 374
  },
  "phase": {
    "f1_macro": 0.2174174174174174,
    "balanced_accuracy": 0.3333333333333333,
    "n": 374
  },
  "fatigue": {
    "mae": 0.8199156082887701,
    "pearson_r": 0.006073761372225559,
    "n": 374
  },
  "reps": {
    "mae": 0.21566900930910265,
    "n": 374
  },
  "val_total": 1.1468939781188965,
  "val_total_per_task": {
    "exercise": 1.379136085510254,
    "phase": 0.3286987245082855,
    "fatigue": 0.8199156522750854,
    "reps": 0.03525882586836815
  }
}