{
  "exercise": {
    "f1_macro": 0.3653607158391847,
    "balanced_accuracy": 0.45606060606060606,
    "n": 746
  },
  "phase": {
    "f1_macro": 0.2120658135283364,
    "balanced_accuracy": 0.3333333333333333,
    "n": 746
  },
  "fatigue": {
    "mae": 1.0884718498659518,
    "pearson_r": 0.1094346271233781,
    "n": 746
  },
  "reps": {
    "mae": 0.10851486370307031,
    "n": 746
  },
  "val_total": 0.23384856602461665,
  "val_total_per_task": {
    "exercise": 1.039403174262264,
    "phase": 0.4789657374649201,
    "fatigue": 1.088471874155244,
    "reps": 0.010020877973703372
  }
}