{
  "exercise": {
    "f1_macro": 0.34107522594364703,
    "balanced_accuracy": 0.3188844907284416,
    "n": 218
  },
  "phase": {
    "f1_macro": 0.3159642401021711,
    "balanced_accuracy": 0.33803222094361335,
    "n": 187
  },
  "fatigue": {
    "mae": 1.235342603211009,
    "pearson_r": -0.3035581096803854,
    "n": 218
  },
  "reps": {
    "mae": 0.481688944865828,
    "n": 184
  },
  "val_total": 1.3062955141067505,
  "val_total_per_task": {
    "exercise": 1.376613974571228,
    "phase": 0.33726805448532104,
    "fatigue": 1.2353425025939941,
    "reps": 0.16763480007648468
  }
}