{
  "arch": "lstm_raw",
  "summary": {
    "val_total": {
      "mean": 0.30336317411015873,
      "std": 0.27030129802913305,
      "n": 5
    },
    "exercise": {
      "f1_macro": {
        "mean": 0.3041029500279107,
        "std": 0.10783890417154081,
        "n": 5
      },
      "balanced_accuracy": {
        "mean": 0.34555353697479874,
        "std": 0.12653208987545767,
        "n": 5
      }
    },
    "phase": {
      "f1_macro": {
        "mean": 0.29510271415015865,
        "std": 0.04164196653493563,
        "n": 5
      },
      "balanced_accuracy": {
        "mean": 0.3299496957050998,
        "std": 0.006199234995595362,
        "n": 5
      }
    },
    "fatigue": {
      "mae": {
        "mean": 1.0527762375377676,
        "std": 0.15270622903579234,
        "n": 5
      },
      "pearson_r": {
        "mean": 0.18541274516259162,
        "std": 0.25041022004222396,
        "n": 5
      }
    },
    "reps": {
      "mae": {
        "mean": 0.11069027029263112,
        "std": 0.017624518408821472,
        "n": 5
      }
    }
  },
  "enabled_tasks": [
    "exercise",
    "phase",
    "fatigue",
    "reps"
  ],
  "all_results": [
    {
      "seed": 42,
      "fold": 0,
      "test_subjects": [
        "Tias",
        "sivert"
      ],
      "metrics": {
        "exercise": {
          "f1_macro": 0.3272319313810485,
          "balanced_accuracy": 0.39202540327629976,
          "n": 1256
        },
        "phase": {
          "f1_macro": 0.33173402962882376,
          "balanced_accuracy": 0.33700247209747963,
          "n": 1069
        },
        "fatigue": {
          "mae": 1.1389580015923566,
          "pearson_r": 0.2354324413517181,
          "n": 1256
        },
        "reps": {
          "mae": 0.13970059156112352,
          "n": 1067
        },
        "val_total": 0.13827031964709044,
        "val_total_per_task": {
          "exercise": 1.3741043676995928,
          "phase": 0.4270470298019944,
          "fatigue": 1.1389580027312989,
          "reps": 0.013916131625082463
        }
      }
    },
    {
      "seed": 42,
      "fold": 1,
      "test_subjects": [
        "Raghild",
        "michael"
      ],
      "metrics": {
        "exercise": {
          "f1_macro": 0.34079929664111674,
          "balanced_accuracy": 0.3710890453023565,
          "n": 1361
        },
        "phase": {
          "f1_macro": 0.3175374522041305,
          "balanced_accuracy": 0.321336745669671,
          "n": 969
        },
        "fatigue": {
          "mae": 1.2664745591476856,
          "pearson_r": 0.23574581421901475,
          "n": 1361
        },
        "reps": {
          "mae": 0.09743477237754776,
          "n": 964
        },
        "val_total": 0.5520188575453131,
        "val_total_per_task": {
          "exercise": 1.4792560509773496,
          "phase": 0.7123461202345378,
          "fatigue": 1.2664745625636755,
          "reps": 0.008083206165546359
        }
      }
    },
    {
      "seed": 42,
      "fold": 2,
      "test_subjects": [
        "Juile",
        "lucas 2"
      ],
      "metrics": {
        "exercise": {
          "f1_macro": 0.3919186564276586,
          "balanced_accuracy": 0.4115475685651848,
          "n": 1509
        },
        "phase": {
          "f1_macro": 0.3066767931140158,
          "balanced_accuracy": 0.3334345274235984,
          "n": 1113
        },
        "fatigue": {
          "mae": 0.9848254224652088,
          "pearson_r": 0.3922889277603209,
          "n": 1509
        },
        "reps": {
          "mae": 0.08841405067863758,
          "n": 1107
        },
        "val_total": 0.5193803246405205,
        "val_total_per_task": {
          "exercise": 1.2180831255385067,
          "phase": 0.8343402631161149,
          "fatigue": 0.9848254237291906,
          "reps": 0.007050974422299246
        }
      }
    },
    {
      "seed": 42,
      "fold": 3,
      "test_subjects": [
        "Hytten",
        "lucas"
      ],
      "metrics": {
        "exercise": {
          "f1_macro": 0.09307084655097345,
          "balanced_accuracy": 0.09856021318469782,
          "n": 1106
        },
        "phase": {
          "f1_macro": 0.305587247429759,
          "balanced_accuracy": 0.3237800735586947,
          "n": 944
        },
        "fatigue": {
          "mae": 1.063280543625678,
          "pearson_r": -0.29873042307909536,
          "n": 1106
        },
        "reps": {
          "mae": 0.11697727109713324,
          "n": 941
        },
        "val_total": 0.45745734625224826,
        "val_total_per_task": {
          "exercise": 2.0019237654549733,
          "phase": 0.5102173469381349,
          "fatigue": 1.0632805440568147,
          "reps": 0.012369513018208322
        }
      }
    },
    {
      "seed": 42,
      "fold": 4,
      "test_subjects": [
        "kiyomi"
      ],
      "metrics": {
        "exercise": {
          "f1_macro": 0.367494019138756,
          "balanced_accuracy": 0.4545454545454546,
          "n": 746
        },
        "phase": {
          "f1_macro": 0.21397804837406423,
          "balanced_accuracy": 0.33419465977605517,
          "n": 746
        },
        "fatigue": {
          "mae": 0.8103426608579088,
          "pearson_r": 0.36232696556099975,
          "n": 746
        },
        "reps": {
          "mae": 0.11092466574871349,
          "n": 746
        },
        "val_total": -0.1503109775343785,
        "val_total_per_task": {
          "exercise": 1.2710854272100944,
          "phase": 0.5062966966756867,
          "fatigue": 0.8103426698065954,
          "reps": 0.009597398192139877
        }
      }
    }
  ]
}