{
  "arch": "cnn_lstm_raw",
  "summary": {
    "val_total": {
      "mean": 1.1116857774275586,
      "std": 0.2527463223878115,
      "n": 5
    },
    "exercise": {
      "f1_macro": {
        "mean": 0.4776655055608563,
        "std": 0.17046305299837022,
        "n": 5
      },
      "balanced_accuracy": {
        "mean": 0.5123742777846105,
        "std": 0.1469202334406069,
        "n": 5
      }
    },
    "phase": {
      "f1_macro": {
        "mean": 0.34500196853337856,
        "std": 0.13157070540176108,
        "n": 5
      },
      "balanced_accuracy": {
        "mean": 0.39709016758958404,
        "std": 0.06838194873864369,
        "n": 5
      }
    },
    "fatigue": {
      "mae": {
        "mean": 1.0123227841091453,
        "std": 0.1338015469148273,
        "n": 5
      },
      "pearson_r": {
        "mean": 0.21812334754457927,
        "std": 0.25619868113935834,
        "n": 5
      }
    },
    "reps": {
      "mae": {
        "mean": 0.45296132638078,
        "std": 0.06638849496018372,
        "n": 5
      }
    }
  },
  "enabled_tasks": [
    "exercise",
    "phase",
    "fatigue",
    "reps"
  ],
  "all_results": [
    {
      "seed": 42,
      "fold": 0,
      "test_subjects": [
        "Tias",
        "sivert"
      ],
      "metrics": {
        "exercise": {
          "f1_macro": 0.746343408608692,
          "balanced_accuracy": 0.7393330000590262,
          "n": 252
        },
        "phase": {
          "f1_macro": 0.4905021894793728,
          "balanced_accuracy": 0.47293447293447294,
          "n": 217
        },
        "fatigue": {
          "mae": 1.0632130456349207,
          "pearson_r": 0.3010995355495368,
          "n": 252
        },
        "reps": {
          "mae": 0.4919255390136598,
          "n": 214
        },
        "val_total": 0.6351687908172607,
        "val_total_per_task": {
          "exercise": 0.708361029624939,
          "phase": 0.26771679520606995,
          "fatigue": 1.0632131099700928,
          "reps": 0.17928078770637512
        }
      }
    },
    {
      "seed": 42,
      "fold": 1,
      "test_subjects": [
        "Raghild",
        "michael"
      ],
      "metrics": {
        "exercise": {
          "f1_macro": 0.519507307303823,
          "balanced_accuracy": 0.5781979314457262,
          "n": 266
        },
        "phase": {
          "f1_macro": 0.33609831029185866,
          "balanced_accuracy": 0.3590367965367965,
          "n": 194
        },
        "fatigue": {
          "mae": 1.1875,
          "pearson_r": 0.29699882376021197,
          "n": 266
        },
        "reps": {
          "mae": 0.4167758728914633,
          "n": 189
        },
        "val_total": 1.308238635385843,
        "val_total_per_task": {
          "exercise": 1.295598990935132,
          "phase": 0.39021251076146174,
          "fatigue": 1.187500001792621,
          "reps": 0.1415393657254097
        }
      }
    },
    {
      "seed": 42,
      "fold": 2,
      "test_subjects": [
        "Juile",
        "lucas 2"
      ],
      "metrics": {
        "exercise": {
          "f1_macro": 0.5349183880815562,
          "balanced_accuracy": 0.5357163298011512,
          "n": 304
        },
        "phase": {
          "f1_macro": 0.4979221435889833,
          "balanced_accuracy": 0.48681290180998404,
          "n": 229
        },
        "fatigue": {
          "mae": 1.0144235711348684,
          "pearson_r": 0.3301585574030705,
          "n": 304
        },
        "reps": {
          "mae": 0.34521946272992365,
          "n": 223
        },
        "val_total": 1.2406654295168424,
        "val_total_per_task": {
          "exercise": 1.5498532746967517,
          "phase": 0.2657937909427442,
          "fatigue": 1.0144235711348684,
          "reps": 0.09076294538221862
        }
      }
    },
    {
      "seed": 42,
      "fold": 3,
      "test_subjects": [
        "Hytten",
        "lucas"
      ],
      "metrics": {
        "exercise": {
          "f1_macro": 0.27888828039430447,
          "balanced_accuracy": 0.326271186440678,
          "n": 218
        },
        "phase": {
          "f1_macro": 0.1979949874686717,
          "balanced_accuracy": 0.3333333333333333,
          "n": 187
        },
        "fatigue": {
          "mae": 1.021126003440367,
          "pearson_r": -0.2828417471056143,
          "n": 218
        },
        "reps": {
          "mae": 0.4730960969691691,
          "n": 184
        },
        "val_total": 1.3004655838012695,
        "val_total_per_task": {
          "exercise": 1.3565349578857422,
          "phase": 0.3373536467552185,
          "fatigue": 1.0211259126663208,
          "reps": 0.19574099779129028
        }
      }
    },
    {
      "seed": 42,
      "fold": 4,
      "test_subjects": [
        "kiyomi"
      ],
      "metrics": {
        "exercise": {
          "f1_macro": 0.30867014341590615,
          "balanced_accuracy": 0.38235294117647056,
          "n": 149
        },
        "phase": {
          "f1_macro": 0.20249221183800623,
          "balanced_accuracy": 0.3333333333333333,
          "n": 149
        },
        "fatigue": {
          "mae": 0.7753513003355704,
          "pearson_r": 0.44520156811569145,
          "n": 149
        },
        "reps": {
          "mae": 0.5377896602996843,
          "n": 149
        },
        "val_total": 1.0738904476165771,
        "val_total_per_task": {
          "exercise": 1.2538796663284302,
          "phase": 0.31990137696266174,
          "fatigue": 0.7753512859344482,
          "reps": 0.19764184951782227
        }
      }
    }
  ]
}