{
  "exercise": {
    "f1_macro": 0.32519718058620445,
    "balanced_accuracy": 0.3832759209971395,
    "n": 1361
  },
  "phase": {
    "f1_macro": 0.3333201669497439,
    "balanced_accuracy": 0.33953785096991956,
    "n": 969
  },
  "fatigue": {
    "mae": 1.2204003260470242,
    "pearson_r": 0.23526342661090058,
    "n": 1361
  },
  "reps": {
    "mae": 0.0966080910742623,
    "n": 964
  },
  "val_total": 0.9099964422832773,
  "val_total_per_task": {
    "exercise": 1.3292959693772752,
    "phase": 0.6958174088875394,
    "fatigue": 1.2204003235945187,
    "reps": 0.007836578875057492
  }
}