{
  "exercise": {
    "f1_macro": 0.25556327772859033,
    "balanced_accuracy": 0.3499552772808586,
    "n": 266
  },
  "phase": {
    "f1_macro": 0.2683133859604448,
    "balanced_accuracy": 0.3248556998556999,
    "n": 194
  },
  "fatigue": {
    "mae": 4.845860990366542,
    "pearson_r": -0.16626007783152802,
    "n": 266
  },
  "reps": {
    "mae": 0.5210394352654774,
    "n": 189
  },
  "val_total": 3.3360536098480225,
  "val_total_per_task": {
    "exercise": 1.3254752159118652,
    "phase": 0.3411910831928253,
    "fatigue": 4.845860958099365,
    "reps": 0.20185792446136475
  }
}