{
  "exercise": {
    "f1_macro": 0.6333715717518151,
    "balanced_accuracy": 0.6369231586865515,
    "n": 304
  },
  "phase": {
    "f1_macro": 0.4928813221823974,
    "balanced_accuracy": 0.493421413573135,
    "n": 229
  },
  "fatigue": {
    "mae": 1.207480982730263,
    "pearson_r": 0.17491525657063128,
    "n": 304
  },
  "reps": {
    "mae": 0.3667978901173836,
    "n": 223
  },
  "val_total": 0.9563058708843432,
  "val_total_per_task": {
    "exercise": 0.9803594005735297,
    "phase": 0.2685669801737133,
    "fatigue": 1.2074809890044362,
    "reps": 0.08684955458892019
  }
}