{
  "arch": "lstm_raw",
  "summary": {
    "val_total": {
      "mean": 0.5134700663286662,
      "std": 0.18732007886592475,
      "n": 5
    },
    "exercise": {
      "f1_macro": {
        "mean": 0.3073075631818397,
        "std": 0.04634979857574005,
        "n": 5
      },
      "balanced_accuracy": {
        "mean": 0.34465684487043874,
        "std": 0.06645129431180413,
        "n": 5
      }
    },
    "phase": {
      "f1_macro": {
        "mean": 0.28421747353383303,
        "std": 0.03734592926090121,
        "n": 5
      },
      "balanced_accuracy": {
        "mean": 0.3221457917505906,
        "std": 0.029373083824028937,
        "n": 5
      }
    },
    "fatigue": {
      "mae": {
        "mean": 1.0498948684265608,
        "std": 0.13857745244519024,
        "n": 5
      },
      "pearson_r": {
        "mean": 0.22119418815001696,
        "std": 0.2527359881269059,
        "n": 5
      }
    },
    "reps": {
      "mae": {
        "mean": 0.21315933092346911,
        "std": 0.03607101335322854,
        "n": 5
      }
    }
  },
  "enabled_tasks": [
    "exercise",
    "phase",
    "fatigue",
    "reps"
  ],
  "all_results": [
    {
      "seed": 42,
      "fold": 0,
      "test_subjects": [
        "Tias",
        "sivert"
      ],
      "metrics": {
        "exercise": {
          "f1_macro": 0.3499724856124966,
          "balanced_accuracy": 0.41056738566414747,
          "n": 626
        },
        "phase": {
          "f1_macro": 0.2269597082566209,
          "balanced_accuracy": 0.3378557504873294,
          "n": 533
        },
        "fatigue": {
          "mae": 1.0577388678115016,
          "pearson_r": 0.3799010956279944,
          "n": 626
        },
        "reps": {
          "mae": 0.24003096925719114,
          "n": 531
        },
        "val_total": 0.4262678535601582,
        "val_total_per_task": {
          "exercise": 1.227874665595472,
          "phase": 0.2697736241946967,
          "fatigue": 1.0577388640028982,
          "reps": 0.04426699137083067
        }
      }
    },
    {
      "seed": 42,
      "fold": 1,
      "test_subjects": [
        "Raghild",
        "michael"
      ],
      "metrics": {
        "exercise": {
          "f1_macro": 0.29218380305049635,
          "balanced_accuracy": 0.33134033059441353,
          "n": 682
        },
        "phase": {
          "f1_macro": 0.30063358421567377,
          "balanced_accuracy": 0.3297597995873858,
          "n": 488
        },
        "fatigue": {
          "mae": 1.3025024056085044,
          "pearson_r": 0.17329392276843894,
          "n": 682
        },
        "reps": {
          "mae": 0.175272588328269,
          "n": 482
        },
        "val_total": 0.6352829062693979,
        "val_total_per_task": {
          "exercise": 1.3710880758475699,
          "phase": 0.3561137945246487,
          "fatigue": 1.3025024059580919,
          "reps": 0.02894710623754784
        }
      }
    },
    {
      "seed": 42,
      "fold": 2,
      "test_subjects": [
        "Juile",
        "lucas 2"
      ],
      "metrics": {
        "exercise": {
          "f1_macro": 0.3461918114208307,
          "balanced_accuracy": 0.4042579908218625,
          "n": 755
        },
        "phase": {
          "f1_macro": 0.2944160976328914,
          "balanced_accuracy": 0.3160936428641395,
          "n": 560
        },
        "fatigue": {
          "mae": 0.8968543046357615,
          "pearson_r": 0.5558140158813794,
          "n": 755
        },
        "reps": {
          "mae": 0.17491093124195745,
          "n": 554
        },
        "val_total": 0.5193334217892577,
        "val_total_per_task": {
          "exercise": 1.295200980104358,
          "phase": 0.3703948427509788,
          "fatigue": 0.8968543012410599,
          "reps": 0.026820366817298314
        }
      }
    },
    {
      "seed": 42,
      "fold": 3,
      "test_subjects": [
        "Hytten",
        "lucas"
      ],
      "metrics": {
        "exercise": {
          "f1_macro": 0.22422330755664088,
          "balanced_accuracy": 0.22646590683000312,
          "n": 557
        },
        "phase": {
          "f1_macro": 0.337302345325268,
          "balanced_accuracy": 0.35723246287762417,
          "n": 477
        },
        "fatigue": {
          "mae": 1.0346372868043088,
          "pearson_r": -0.2024198698644563,
          "n": 557
        },
        "reps": {
          "mae": 0.266702268635638,
          "n": 474
        },
        "val_total": 0.7690482443496184,
        "val_total_per_task": {
          "exercise": 1.515575910385036,
          "phase": 0.39698714643877325,
          "fatigue": 1.0346372872323493,
          "reps": 0.05231419728677619
        }
      }
    },
    {
      "seed": 42,
      "fold": 4,
      "test_subjects": [
        "kiyomi"
      ],
      "metrics": {
        "exercise": {
          "f1_macro": 0.32396640826873385,
          "balanced_accuracy": 0.3506526104417671,
          "n": 374
        },
        "phase": {
          "f1_macro": 0.2617756322387111,
          "balanced_accuracy": 0.2697873029364742,
          "n": 374
        },
        "fatigue": {
          "mae": 0.9577414772727273,
          "pearson_r": 0.1993817763367283,
          "n": 374
        },
        "reps": {
          "mae": 0.20887989715428992,
          "n": 374
        },
        "val_total": 0.2174179056748987,
        "val_total_per_task": {
          "exercise": 1.074771656072076,
          "phase": 0.3333939683628592,
          "fatigue": 0.9577414932097981,
          "reps": 0.0354085006317831
        }
      }
    }
  ]
}