{
  "exercise": {
    "f1_macro": 0.3136516525299795,
    "balanced_accuracy": 0.36351224105461394,
    "n": 218
  },
  "phase": {
    "f1_macro": 0.2486132644272179,
    "balanced_accuracy": 0.29689298043728424,
    "n": 187
  },
  "fatigue": {
    "mae": 1.2108031106651376,
    "pearson_r": -0.36002925780610057,
    "n": 218
  },
  "reps": {
    "mae": 0.4503463296138722,
    "n": 184
  },
  "val_total": 0.8437613172268649,
  "val_total_per_task": {
    "exercise": 1.3169796619940242,
    "phase": 0.3100151004047569,
    "fatigue": 1.2108031259764225,
    "reps": 0.18402081980891183
  }
}