{
  "exercise": {
    "f1_macro": 0.24099099099099097,
    "balanced_accuracy": 0.23958333333333331,
    "n": 149
  },
  "phase": {
    "f1_macro": 0.29358747044917255,
    "balanced_accuracy": 0.3576210826210826,
    "n": 149
  },
  "fatigue": {
    "mae": 0.7961933724832215,
    "pearson_r": 0.4608603944581439,
    "n": 149
  },
  "reps": {
    "mae": 0.46652324916482374,
    "n": 149
  },
  "val_total": 1.4162935018539429,
  "val_total_per_task": {
    "exercise": 1.8224753141403198,
    "phase": 0.3226393461227417,
    "fatigue": 0.7961933612823486,
    "reps": 0.17115181684494019
  }
}