{
  "lr": 0.004313055674233063,
  "weight_decay": 1.75095511882326e-05,
  "batch_size": 64,
  "dropout": 0.3533934523116733,
  "repr_dim": 64,
  "lstm_hidden": 32,
  "lstm_layers": 1,
  "_patience": 50
}