{
  "exercise": {
    "f1_macro": 0.31275356988400926,
    "balanced_accuracy": 0.33107813508339423,
    "n": 132918
  },
  "phase": {
    "f1_macro": 0.24740635180187662,
    "balanced_accuracy": 0.30886966167780977,
    "n": 78741
  },
  "fatigue": {
    "mae": 1.092507934543048,
    "pearson_r": 0.026621253509035894,
    "n": 132918
  },
  "reps": {
    "mae": 2.6737483249143064,
    "n": 132918
  }
}