{
  "exercise": {
    "f1_macro": 0.2456657987870473,
    "balanced_accuracy": 0.2932311059318421,
    "n": 557
  },
  "phase": {
    "f1_macro": 0.25252787052424197,
    "balanced_accuracy": 0.3088005632360471,
    "n": 477
  },
  "fatigue": {
    "mae": 1.1820789385098742,
    "pearson_r": -0.22337214978841033,
    "n": 557
  },
  "reps": {
    "mae": 0.2274847017450824,
    "n": 474
  },
  "val_total": 0.4663990395715463,
  "val_total_per_task": {
    "exercise": 1.461356531781825,
    "phase": 0.40046024680993714,
    "fatigue": 1.1820789474987257,
    "reps": 0.04185342825481023
  }
}