{
  "exercise": {
    "f1_macro": 0.4303048912512383,
    "balanced_accuracy": 0.4776694836839183,
    "n": 266
  },
  "phase": {
    "f1_macro": 0.2984582604675471,
    "balanced_accuracy": 0.31646825396825395,
    "n": 194
  },
  "fatigue": {
    "mae": 1.276829769736842,
    "pearson_r": 0.27115218517829065,
    "n": 266
  },
  "reps": {
    "mae": 0.39943649949969123,
    "n": 189
  },
  "val_total": 1.1733280142447107,
  "val_total_per_task": {
    "exercise": 1.24843568640544,
    "phase": 0.3802409333393986,
    "fatigue": 1.2768297724257736,
    "reps": 0.13055632168189027
  }
}