{
  "exercise": {
    "f1_macro": 0.31986042447007734,
    "balanced_accuracy": 0.32900489022121004,
    "n": 182309
  },
  "phase": {
    "f1_macro": 0.18572822723341242,
    "balanced_accuracy": 0.333351316672528,
    "n": 58337
  },
  "fatigue": {
    "mae": 0.99111514647844,
    "pearson_r": -0.033059132662247984,
    "n": 182309
  },
  "reps": {
    "mae": 4.715556813385952,
    "n": 182309
  }
}