{
  "exercise": {
    "f1_macro": 0.16261519302615193,
    "balanced_accuracy": 0.1967541049546767,
    "n": 1106
  },
  "phase": {
    "f1_macro": 0.23462647715822585,
    "balanced_accuracy": 0.3327289338674538,
    "n": 944
  },
  "fatigue": {
    "mae": 1.0831508533001808,
    "pearson_r": -0.30897943573956566,
    "n": 1106
  },
  "reps": {
    "mae": 0.11348153146079817,
    "n": 941
  },
  "val_total": -0.109572106632143,
  "val_total_per_task": {
    "exercise": 1.7357674440466688,
    "phase": 0.5078855647316461,
    "fatigue": 1.083150846401994,
    "reps": 0.01167116003788024
  }
}