{
  "exercise": {
    "f1_macro": 0.873489414473021,
    "balanced_accuracy": 0.8713063895467504,
    "n": 252
  },
  "phase": {
    "f1_macro": 0.4185370185370185,
    "balanced_accuracy": 0.4057904057904058,
    "n": 217
  },
  "fatigue": {
    "mae": 1.4681454613095237,
    "pearson_r": -0.07700821656613338,
    "n": 252
  },
  "reps": {
    "mae": 0.4289450163944302,
    "n": 214
  },
  "val_total": 0.11530047655105591,
  "val_total_per_task": {
    "exercise": 0.2755994498729706,
    "phase": 0.28804588317871094,
    "fatigue": 1.468145489692688,
    "reps": 0.13694320619106293
  }
}