{
  "exercise": {
    "f1_macro": 0.39600691571947383,
    "balanced_accuracy": 0.43037935241873315,
    "n": 755
  },
  "phase": {
    "f1_macro": 0.3558999647763297,
    "balanced_accuracy": 0.37124106180820843,
    "n": 560
  },
  "fatigue": {
    "mae": 0.9523644453642384,
    "pearson_r": 0.4486708884497846,
    "n": 755
  },
  "reps": {
    "mae": 0.17027180587674495,
    "n": 554
  },
  "val_total": -0.08093897664783806,
  "val_total_per_task": {
    "exercise": 1.1952436305039766,
    "phase": 0.394876769796902,
    "fatigue": 0.9523644362064387,
    "reps": 0.029348530575929097
  }
}