{
  "exercise": {
    "f1_macro": 0.22991577991830148,
    "balanced_accuracy": 0.2838983050847458,
    "n": 218
  },
  "phase": {
    "f1_macro": 0.21333333333333335,
    "balanced_accuracy": 0.3333333333333333,
    "n": 187
  },
  "fatigue": {
    "mae": 1.078429615825688,
    "pearson_r": -0.25903277757069704,
    "n": 218
  },
  "reps": {
    "mae": 0.5078651551967082,
    "n": 184
  },
  "val_total": 1.306300586516704,
  "val_total_per_task": {
    "exercise": 1.3487246386501768,
    "phase": 0.33280578665777083,
    "fatigue": 1.078429651916574,
    "reps": 0.1914172838313864
  }
}