{
  "arch": "cnn1d_raw",
  "summary": {
    "val_total": {
      "mean": 1.5130183178679388,
      "std": 0.39170443185164106,
      "n": 5
    },
    "exercise": {
      "f1_macro": {
        "mean": 0.4113835697418658,
        "std": 0.14660790037048446,
        "n": 5
      },
      "balanced_accuracy": {
        "mean": 0.42743974627803694,
        "std": 0.14549559401309622,
        "n": 5
      }
    },
    "phase": {
      "f1_macro": {
        "mean": 0.365894238097182,
        "std": 0.07763373418392563,
        "n": 5
      },
      "balanced_accuracy": {
        "mean": 0.3929686512306748,
        "std": 0.0535210139991795,
        "n": 5
      }
    },
    "fatigue": {
      "mae": {
        "mean": 1.1944413989477622,
        "std": 0.17191922933422416,
        "n": 5
      },
      "pearson_r": {
        "mean": 0.11039059323545637,
        "std": 0.23805383832304666,
        "n": 5
      }
    },
    "reps": {
      "mae": {
        "mean": 0.46417396042654435,
        "std": 0.06219669221183164,
        "n": 5
      }
    }
  },
  "enabled_tasks": [
    "exercise",
    "phase",
    "fatigue",
    "reps"
  ],
  "all_results": [
    {
      "seed": 42,
      "fold": 0,
      "test_subjects": [
        "Tias",
        "sivert"
      ],
      "metrics": {
        "exercise": {
          "f1_macro": 0.6284684231697506,
          "balanced_accuracy": 0.6213705936079679,
          "n": 252
        },
        "phase": {
          "f1_macro": 0.4149360751066547,
          "balanced_accuracy": 0.4107954107954108,
          "n": 217
        },
        "fatigue": {
          "mae": 1.323273189484127,
          "pearson_r": 0.14721389853728625,
          "n": 252
        },
        "reps": {
          "mae": 0.43818936535270414,
          "n": 214
        },
        "val_total": 0.8303549289703369,
        "val_total_per_task": {
          "exercise": 0.8062899112701416,
          "phase": 0.2725725769996643,
          "fatigue": 1.3232733011245728,
          "reps": 0.14042676985263824
        }
      }
    },
    {
      "seed": 42,
      "fold": 1,
      "test_subjects": [
        "Raghild",
        "michael"
      ],
      "metrics": {
        "exercise": {
          "f1_macro": 0.46810862773371786,
          "balanced_accuracy": 0.54004996607242,
          "n": 266
        },
        "phase": {
          "f1_macro": 0.29248366013071897,
          "balanced_accuracy": 0.3383838383838384,
          "n": 194
        },
        "fatigue": {
          "mae": 1.4083940319548873,
          "pearson_r": 0.11570595338145978,
          "n": 266
        },
        "reps": {
          "mae": 0.48960583845261857,
          "n": 189
        },
        "val_total": 1.7867237750748943,
        "val_total_per_task": {
          "exercise": 1.5072692713343112,
          "phase": 0.44896861126548365,
          "fatigue": 1.408394031506732,
          "reps": 0.16889448811237076
        }
      }
    },
    {
      "seed": 42,
      "fold": 2,
      "test_subjects": [
        "Juile",
        "lucas 2"
      ],
      "metrics": {
        "exercise": {
          "f1_macro": 0.45799661578389866,
          "balanced_accuracy": 0.44344011643118786,
          "n": 304
        },
        "phase": {
          "f1_macro": 0.4951192474923587,
          "balanced_accuracy": 0.48917450959855163,
          "n": 229
        },
        "fatigue": {
          "mae": 1.1205412212171053,
          "pearson_r": 0.34280118823637734,
          "n": 304
        },
        "reps": {
          "mae": 0.35765256290428443,
          "n": 223
        },
        "val_total": 1.3555359212975753,
        "val_total_per_task": {
          "exercise": 1.5339852006811845,
          "phase": 0.273824774905255,
          "fatigue": 1.1205412212171053,
          "reps": 0.08797865321761683
        }
      }
    },
    {
      "seed": 42,
      "fold": 3,
      "test_subjects": [
        "Hytten",
        "lucas"
      ],
      "metrics": {
        "exercise": {
          "f1_macro": 0.20864207474226804,
          "balanced_accuracy": 0.22565913370998117,
          "n": 218
        },
        "phase": {
          "f1_macro": 0.30497354497354495,
          "balanced_accuracy": 0.3621020329881089,
          "n": 187
        },
        "fatigue": {
          "mae": 1.2079809346330275,
          "pearson_r": -0.3353160456712896,
          "n": 218
        },
        "reps": {
          "mae": 0.5394011292120685,
          "n": 184
        },
        "val_total": 1.9393988847732544,
        "val_total_per_task": {
          "exercise": 1.80829918384552,
          "phase": 0.32820120453834534,
          "fatigue": 1.2079808712005615,
          "reps": 0.21438124775886536
        }
      }
    },
    {
      "seed": 42,
      "fold": 4,
      "test_subjects": [
        "kiyomi"
      ],
      "metrics": {
        "exercise": {
          "f1_macro": 0.2937021072796935,
          "balanced_accuracy": 0.30667892156862747,
          "n": 149
        },
        "phase": {
          "f1_macro": 0.3219586627826328,
          "balanced_accuracy": 0.36438746438746444,
          "n": 149
        },
        "fatigue": {
          "mae": 0.9120176174496645,
          "pearson_r": 0.28154797169344803,
          "n": 149
        },
        "reps": {
          "mae": 0.4960209062110458,
          "n": 149
        },
        "val_total": 1.6530780792236328,
        "val_total_per_task": {
          "exercise": 1.6460944414138794,
          "phase": 0.30790767073631287,
          "fatigue": 0.9120176434516907,
          "reps": 0.17702575027942657
        }
      }
    }
  ]
}