{
  "exercise": {
    "f1_macro": 0.3461918114208307,
    "balanced_accuracy": 0.4042579908218625,
    "n": 755
  },
  "phase": {
    "f1_macro": 0.2944160976328914,
    "balanced_accuracy": 0.3160936428641395,
    "n": 560
  },
  "fatigue": {
    "mae": 0.8968543046357615,
    "pearson_r": 0.5558140158813794,
    "n": 755
  },
  "reps": {
    "mae": 0.17491093124195745,
    "n": 554
  },
  "val_total": 0.5193334217892577,
  "val_total_per_task": {
    "exercise": 1.295200980104358,
    "phase": 0.3703948427509788,
    "fatigue": 0.8968543012410599,
    "reps": 0.026820366817298314
  }
}