{
  "exercise": {
    "f1_macro": 0.23420685532084495,
    "balanced_accuracy": 0.26742001982445307,
    "n": 1106
  },
  "phase": {
    "f1_macro": 0.3203317774037377,
    "balanced_accuracy": 0.326445990582613,
    "n": 944
  },
  "fatigue": {
    "mae": 1.1897109516274864,
    "pearson_r": -0.24966291195628995,
    "n": 1106
  },
  "reps": {
    "mae": 0.11678057355241103,
    "n": 941
  },
  "val_total": -0.19796866038393154,
  "val_total_per_task": {
    "exercise": 1.5158938673909275,
    "phase": 0.5065352174084613,
    "fatigue": 1.1897109382622497,
    "reps": 0.011364504802722827
  }
}