{
  "exercise": {
    "f1_macro": 0.3409611442696088,
    "balanced_accuracy": 0.4129680463882549,
    "n": 266
  },
  "phase": {
    "f1_macro": 0.3104189044038668,
    "balanced_accuracy": 0.329455266955267,
    "n": 194
  },
  "fatigue": {
    "mae": 1.247811912593985,
    "pearson_r": 0.2589701564816984,
    "n": 266
  },
  "reps": {
    "mae": 0.4009895379403754,
    "n": 189
  },
  "val_total": 1.1491487725336749,
  "val_total_per_task": {
    "exercise": 1.3040810491805686,
    "phase": 0.3889935160041752,
    "fatigue": 1.2478119179718477,
    "reps": 0.13604514043133958
  }
}