{
  "exercise": {
    "f1_macro": 0.7193964512619502,
    "balanced_accuracy": 0.7180809056604164,
    "n": 252
  },
  "phase": {
    "f1_macro": 0.44497661228265856,
    "balanced_accuracy": 0.43351043351043345,
    "n": 217
  },
  "fatigue": {
    "mae": 0.9625806051587301,
    "pearson_r": 0.4465234289668659,
    "n": 252
  },
  "reps": {
    "mae": 0.45886041380673925,
    "n": 214
  },
  "val_total": 0.8182226873579479,
  "val_total_per_task": {
    "exercise": 0.869992939252702,
    "phase": 0.3110041523736621,
    "fatigue": 0.9625805635300894,
    "reps": 0.17320321902396188
  }
}