{
  "exercise": {
    "f1_macro": 0.3335527226695907,
    "balanced_accuracy": 0.4018811901517829,
    "n": 626
  },
  "phase": {
    "f1_macro": 0.2704237658366098,
    "balanced_accuracy": 0.3278752436647174,
    "n": 533
  },
  "fatigue": {
    "mae": 1.051037090654952,
    "pearson_r": 0.357901093980458,
    "n": 626
  },
  "reps": {
    "mae": 0.24893377268539563,
    "n": 531
  },
  "val_total": 0.12040447903136475,
  "val_total_per_task": {
    "exercise": 1.1654565623773934,
    "phase": 0.28348025555808704,
    "fatigue": 1.0510370879889297,
    "reps": 0.04423320260696327
  }
}