{
  "exercise": {
    "f1_macro": 0.14278885985596837,
    "balanced_accuracy": 0.17090395480225987,
    "n": 218
  },
  "phase": {
    "f1_macro": 0.344564949205634,
    "balanced_accuracy": 0.37135596471039506,
    "n": 187
  },
  "fatigue": {
    "mae": 1.3061926605504588,
    "pearson_r": -0.37459572236027167,
    "n": 218
  },
  "reps": {
    "mae": 0.5498519070122553,
    "n": 184
  },
  "val_total": 1.5943814395764553,
  "val_total_per_task": {
    "exercise": 1.5407132479028964,
    "phase": 0.32322790015728103,
    "fatigue": 1.3061926900793652,
    "reps": 0.21697760694617524
  }
}