{
  "arch": "cnn1d_raw",
  "summary": {
    "val_total": {
      "mean": 1.4501542471405258,
      "std": 0.11960482454237177,
      "n": 5
    },
    "exercise": {
      "f1_macro": {
        "mean": 0.36100310456655754,
        "std": 0.11939995215360892,
        "n": 5
      },
      "balanced_accuracy": {
        "mean": 0.37614255884642717,
        "std": 0.1280333494964028,
        "n": 5
      }
    },
    "phase": {
      "f1_macro": {
        "mean": 0.30382407391715044,
        "std": 0.039343828599966255,
        "n": 5
      },
      "balanced_accuracy": {
        "mean": 0.3503035521205532,
        "std": 0.012164523830091057,
        "n": 5
      }
    },
    "fatigue": {
      "mae": {
        "mean": 1.3608504180749958,
        "std": 0.13229099897854216,
        "n": 5
      },
      "pearson_r": {
        "mean": 0.1449801370621664,
        "std": 0.2787417567973203,
        "n": 5
      }
    },
    "reps": {
      "mae": {
        "mean": 0.5020894474311175,
        "std": 0.07758859193938136,
        "n": 5
      }
    }
  },
  "enabled_tasks": [
    "exercise",
    "phase",
    "fatigue",
    "reps"
  ],
  "all_results": [
    {
      "seed": 42,
      "fold": 0,
      "test_subjects": [
        "Tias",
        "sivert"
      ],
      "metrics": {
        "exercise": {
          "f1_macro": 0.5508076857617563,
          "balanced_accuracy": 0.5554160979774685,
          "n": 252
        },
        "phase": {
          "f1_macro": 0.3153086419753086,
          "balanced_accuracy": 0.3565103565103565,
          "n": 217
        },
        "fatigue": {
          "mae": 1.254030257936508,
          "pearson_r": 0.14259369841034553,
          "n": 252
        },
        "reps": {
          "mae": 0.6487488889039676,
          "n": 214
        },
        "val_total": 1.2901939153671265,
        "val_total_per_task": {
          "exercise": 1.085022211074829,
          "phase": 0.29534244537353516,
          "fatigue": 1.2540303468704224,
          "reps": 0.28014466166496277
        }
      }
    },
    {
      "seed": 42,
      "fold": 1,
      "test_subjects": [
        "Raghild",
        "michael"
      ],
      "metrics": {
        "exercise": {
          "f1_macro": 0.415583453994998,
          "balanced_accuracy": 0.49102204264593996,
          "n": 266
        },
        "phase": {
          "f1_macro": 0.33293451383903644,
          "balanced_accuracy": 0.36399711399711404,
          "n": 194
        },
        "fatigue": {
          "mae": 1.619140625,
          "pearson_r": 0.040701771607570235,
          "n": 266
        },
        "reps": {
          "mae": 0.44869248619273544,
          "n": 189
        },
        "val_total": 1.6387895426355807,
        "val_total_per_task": {
          "exercise": 1.3951195738369362,
          "phase": 0.4321215708452956,
          "fatigue": 1.6191406254481553,
          "reps": 0.1497202421489515
        }
      }
    },
    {
      "seed": 42,
      "fold": 2,
      "test_subjects": [
        "Juile",
        "lucas 2"
      ],
      "metrics": {
        "exercise": {
          "f1_macro": 0.3559633984365461,
          "balanced_accuracy": 0.3349379415227629,
          "n": 304
        },
        "phase": {
          "f1_macro": 0.33169538632573653,
          "balanced_accuracy": 0.35956039680995916,
          "n": 229
        },
        "fatigue": {
          "mae": 1.277112458881579,
          "pearson_r": 0.3782651556636256,
          "n": 304
        },
        "reps": {
          "mae": 0.43111898521621267,
          "n": 223
        },
        "val_total": 1.3719294698614823,
        "val_total_per_task": {
          "exercise": 1.3035984980432611,
          "phase": 0.33892550044938136,
          "fatigue": 1.2771124651557522,
          "reps": 0.1338577992037723
        }
      }
    },
    {
      "seed": 42,
      "fold": 3,
      "test_subjects": [
        "Hytten",
        "lucas"
      ],
      "metrics": {
        "exercise": {
          "f1_macro": 0.1988541318166611,
          "balanced_accuracy": 0.21134651600753296,
          "n": 218
        },
        "phase": {
          "f1_macro": 0.31225086367260163,
          "balanced_accuracy": 0.3344840813195244,
          "n": 187
        },
        "fatigue": {
          "mae": 1.3330794868119267,
          "pearson_r": -0.3152978045609453,
          "n": 218
        },
        "reps": {
          "mae": 0.4758695004426915,
          "n": 184
        },
        "val_total": 1.513718843460083,
        "val_total_per_task": {
          "exercise": 1.4935123920440674,
          "phase": 0.32735583186149597,
          "fatigue": 1.33307945728302,
          "reps": 0.18554696440696716
        }
      }
    },
    {
      "seed": 42,
      "fold": 4,
      "test_subjects": [
        "kiyomi"
      ],
      "metrics": {
        "exercise": {
          "f1_macro": 0.28380685282282647,
          "balanced_accuracy": 0.2879901960784314,
          "n": 149
        },
        "phase": {
          "f1_macro": 0.22693096377306907,
          "balanced_accuracy": 0.33696581196581193,
          "n": 149
        },
        "fatigue": {
          "mae": 1.3208892617449663,
          "pearson_r": 0.47863786419023585,
          "n": 149
        },
        "reps": {
          "mae": 0.5060173763999803,
          "n": 149
        },
        "val_total": 1.436139464378357,
        "val_total_per_task": {
          "exercise": 1.4131646156311035,
          "phase": 0.32580775022506714,
          "fatigue": 1.3208892345428467,
          "reps": 0.1777745634317398
        }
      }
    }
  ]
}