{
  "exercise": {
    "f1_macro": 0.4030321846907573,
    "balanced_accuracy": 0.4362087663070923,
    "n": 1361
  },
  "phase": {
    "f1_macro": 0.28284166713026415,
    "balanced_accuracy": 0.3377367308334261,
    "n": 969
  },
  "fatigue": {
    "mae": 1.1658592027920647,
    "pearson_r": 0.3738586781166684,
    "n": 1361
  },
  "reps": {
    "mae": 0.09866212692335866,
    "n": 964
  },
  "val_total": 0.6004316766502049,
  "val_total_per_task": {
    "exercise": 1.3484383990535134,
    "phase": 0.6967441543422142,
    "fatigue": 1.1658592015658118,
    "reps": 0.007779317686962433
  }
}