{
  "exercise": {
    "f1_macro": 0.38210946547812025,
    "balanced_accuracy": 0.35501525356628005,
    "n": 1509
  },
  "phase": {
    "f1_macro": 0.34632414676574347,
    "balanced_accuracy": 0.35105241853875735,
    "n": 1113
  },
  "fatigue": {
    "mae": 0.9944810304837641,
    "pearson_r": 0.39823693195695364,
    "n": 1509
  },
  "reps": {
    "mae": 0.08769619069756249,
    "n": 1107
  },
  "val_total": 0.7393633534056687,
  "val_total_per_task": {
    "exercise": 1.56332201235653,
    "phase": 0.7921087746394242,
    "fatigue": 0.9944810274818071,
    "reps": 0.00725777326287508
  }
}