{
  "exercise": {
    "f1_macro": 0.4047554649496397,
    "balanced_accuracy": 0.4368780200184077,
    "n": 755
  },
  "phase": {
    "f1_macro": 0.3125773629451207,
    "balanced_accuracy": 0.33261034847869997,
    "n": 560
  },
  "fatigue": {
    "mae": 0.9460368377483444,
    "pearson_r": 0.4662220230995158,
    "n": 755
  },
  "reps": {
    "mae": 0.16953114995359703,
    "n": 554
  },
  "val_total": 0.023872604906953723,
  "val_total_per_task": {
    "exercise": 1.1589464691301055,
    "phase": 0.3963704212217141,
    "fatigue": 0.9460368326957652,
    "reps": 0.030636542887482424
  }
}