{
  "arch": "cnn1d_raw",
  "summary": {
    "val_total": {
      "mean": 1.197265420910111,
      "std": 0.2461497077838125,
      "n": 5
    },
    "exercise": {
      "f1_macro": {
        "mean": 0.43778248396868236,
        "std": 0.1443874544551055,
        "n": 5
      },
      "balanced_accuracy": {
        "mean": 0.45247879176551586,
        "std": 0.14699989874381889,
        "n": 5
      }
    },
    "phase": {
      "f1_macro": {
        "mean": 0.27609422821489404,
        "std": 0.03463018061193367,
        "n": 5
      },
      "balanced_accuracy": {
        "mean": 0.33292476319570496,
        "std": 0.023221678224945627,
        "n": 5
      }
    },
    "fatigue": {
      "mae": {
        "mean": 1.22204638279735,
        "std": 0.16956306606255026,
        "n": 5
      },
      "pearson_r": {
        "mean": 0.14798432385682314,
        "std": 0.2922588475457173,
        "n": 5
      }
    },
    "reps": {
      "mae": {
        "mean": 0.4581321382024292,
        "std": 0.05421600003279571,
        "n": 5
      }
    }
  },
  "enabled_tasks": [
    "exercise",
    "phase",
    "fatigue",
    "reps"
  ],
  "all_results": [
    {
      "seed": 42,
      "fold": 0,
      "test_subjects": [
        "Tias",
        "sivert"
      ],
      "metrics": {
        "exercise": {
          "f1_macro": 0.6944846760636234,
          "balanced_accuracy": 0.6849838739073659,
          "n": 252
        },
        "phase": {
          "f1_macro": 0.318895966029724,
          "balanced_accuracy": 0.3398013398013398,
          "n": 217
        },
        "fatigue": {
          "mae": 1.2855437748015872,
          "pearson_r": 0.1031749238977109,
          "n": 252
        },
        "reps": {
          "mae": 0.5427440675410712,
          "n": 214
        },
        "val_total": 0.7311800122261047,
        "val_total_per_task": {
          "exercise": 0.6803042888641357,
          "phase": 0.25805866718292236,
          "fatigue": 1.2855437994003296,
          "reps": 0.20214267075061798
        }
      }
    },
    {
      "seed": 42,
      "fold": 1,
      "test_subjects": [
        "Raghild",
        "michael"
      ],
      "metrics": {
        "exercise": {
          "f1_macro": 0.4651434213379904,
          "balanced_accuracy": 0.5324882281578351,
          "n": 266
        },
        "phase": {
          "f1_macro": 0.25708172871202395,
          "balanced_accuracy": 0.35064935064935066,
          "n": 194
        },
        "fatigue": {
          "mae": 1.4570899906015038,
          "pearson_r": 0.13987191831970652,
          "n": 266
        },
        "reps": {
          "mae": 0.4036455902926348,
          "n": 189
        },
        "val_total": 1.4668309240412891,
        "val_total_per_task": {
          "exercise": 1.397132242532601,
          "phase": 0.4275516388111545,
          "fatigue": 1.4570899897051932,
          "reps": 0.11989664493646837
        }
      }
    },
    {
      "seed": 42,
      "fold": 2,
      "test_subjects": [
        "Juile",
        "lucas 2"
      ],
      "metrics": {
        "exercise": {
          "f1_macro": 0.3940739459523516,
          "balanced_accuracy": 0.3919884059392988,
          "n": 304
        },
        "phase": {
          "f1_macro": 0.29534313725490197,
          "balanced_accuracy": 0.3311936717888867,
          "n": 229
        },
        "fatigue": {
          "mae": 1.070762232730263,
          "pearson_r": 0.25383897317096715,
          "n": 304
        },
        "reps": {
          "mae": 0.4126879380631674,
          "n": 223
        },
        "val_total": 1.2523175854431956,
        "val_total_per_task": {
          "exercise": 1.497655219153354,
          "phase": 0.31416145437642146,
          "fatigue": 1.070762232730263,
          "reps": 0.13547014601920782
        }
      }
    },
    {
      "seed": 42,
      "fold": 3,
      "test_subjects": [
        "Hytten",
        "lucas"
      ],
      "metrics": {
        "exercise": {
          "f1_macro": 0.3759080509080509,
          "balanced_accuracy": 0.4044653135681774,
          "n": 218
        },
        "phase": {
          "f1_macro": 0.2899737532808399,
          "balanced_accuracy": 0.3536632144227081,
          "n": 187
        },
        "fatigue": {
          "mae": 1.307715739678899,
          "pearson_r": -0.3325725772722528,
          "n": 218
        },
        "reps": {
          "mae": 0.4312488031776055,
          "n": 184
        },
        "val_total": 1.2657718658447266,
        "val_total_per_task": {
          "exercise": 1.2957954406738281,
          "phase": 0.3302310109138489,
          "fatigue": 1.307715654373169,
          "reps": 0.1553705483675003
        }
      }
    },
    {
      "seed": 42,
      "fold": 4,
      "test_subjects": [
        "kiyomi"
      ],
      "metrics": {
        "exercise": {
          "f1_macro": 0.2593023255813954,
          "balanced_accuracy": 0.24846813725490194,
          "n": 149
        },
        "phase": {
          "f1_macro": 0.21917655579698034,
          "balanced_accuracy": 0.28931623931623934,
          "n": 149
        },
        "fatigue": {
          "mae": 0.9891201761744967,
          "pearson_r": 0.575608381167984,
          "n": 149
        },
        "reps": {
          "mae": 0.5003342919376672,
          "n": 149
        },
        "val_total": 1.2702267169952393,
        "val_total_per_task": {
          "exercise": 1.4872767925262451,
          "phase": 0.3304784297943115,
          "fatigue": 0.9891201853752136,
          "reps": 0.17638888955116272
        }
      }
    }
  ]
}