{
  "exercise": {
    "f1_macro": 0.3492761971548788,
    "balanced_accuracy": 0.3531671081894296,
    "n": 304
  },
  "phase": {
    "f1_macro": 0.31,
    "balanced_accuracy": 0.3301562601309732,
    "n": 229
  },
  "fatigue": {
    "mae": 1.174329255756579,
    "pearson_r": 0.125608193498824,
    "n": 304
  },
  "reps": {
    "mae": 0.3902729212644723,
    "n": 223
  },
  "val_total": 1.2715780295823749,
  "val_total_per_task": {
    "exercise": 1.3794653101971275,
    "phase": 0.3301952920461956,
    "fatigue": 1.1743292683049251,
    "reps": 0.11518551801380358
  }
}