{
  "exercise": {
    "f1_macro": 0.21016170537635825,
    "balanced_accuracy": 0.24496128485440521,
    "n": 1106
  },
  "phase": {
    "f1_macro": 0.21714285714285717,
    "balanced_accuracy": 0.3311546840958606,
    "n": 944
  },
  "fatigue": {
    "mae": 1.0970205131103075,
    "pearson_r": -0.2533790698385715,
    "n": 1106
  },
  "reps": {
    "mae": 0.11780562471597397,
    "n": 941
  },
  "val_total": -0.23033361947989162,
  "val_total_per_task": {
    "exercise": 1.4859012119593284,
    "phase": 0.5046304377035034,
    "fatigue": 1.0970205062121208,
    "reps": 0.011920296073391037
  }
}