{
  "exercise": {
    "f1_macro": 0.12762237762237763,
    "balanced_accuracy": 0.173861852433281,
    "n": 304
  },
  "phase": {
    "f1_macro": 0.34812373024719173,
    "balanced_accuracy": 0.39959800298255854,
    "n": 229
  },
  "fatigue": {
    "mae": 1.1783768503289473,
    "pearson_r": -0.05051854566716635,
    "n": 304
  },
  "reps": {
    "mae": 0.3696212333088298,
    "n": 223
  },
  "val_total": 0.7815862203899183,
  "val_total_per_task": {
    "exercise": 1.3807308799342106,
    "phase": 0.3352124440042596,
    "fatigue": 1.178376853466034,
    "reps": 0.11357316257138002
  }
}