{
  "exercise": {
    "f1_macro": 0.377269631114257,
    "balanced_accuracy": 0.434311783522876,
    "n": 1256
  },
  "phase": {
    "f1_macro": 0.3106094763358102,
    "balanced_accuracy": 0.32191024384535494,
    "n": 1069
  },
  "fatigue": {
    "mae": 0.9994681777468153,
    "pearson_r": 0.4317976149010872,
    "n": 1256
  },
  "reps": {
    "mae": 0.1189887086221915,
    "n": 1067
  },
  "val_total": -0.31226415846757827,
  "val_total_per_task": {
    "exercise": 1.384926747364603,
    "phase": 0.4263545694244895,
    "fatigue": 0.9994681786959339,
    "reps": 0.011153913037792134
  }
}