{
  "exercise": {
    "f1_macro": 0.396745834959147,
    "balanced_accuracy": 0.45452407390085797,
    "n": 1361
  },
  "phase": {
    "f1_macro": 0.2977095667665717,
    "balanced_accuracy": 0.3420036348800119,
    "n": 969
  },
  "fatigue": {
    "mae": 1.1995602957384277,
    "pearson_r": 0.3536972032706789,
    "n": 1361
  },
  "reps": {
    "mae": 0.0963186245794211,
    "n": 964
  },
  "val_total": -0.1770831489282702,
  "val_total_per_task": {
    "exercise": 1.3234593003747395,
    "phase": 0.6882944043991235,
    "fatigue": 1.1995602987164702,
    "reps": 0.007821752449592012
  }
}