{
  "exercise": {
    "f1_macro": 0.3655407328300714,
    "balanced_accuracy": 0.39264598786750354,
    "n": 252
  },
  "phase": {
    "f1_macro": 0.3025660789414523,
    "balanced_accuracy": 0.33117733117733117,
    "n": 217
  },
  "fatigue": {
    "mae": 1.1398809523809523,
    "pearson_r": 0.12472861604633471,
    "n": 252
  },
  "reps": {
    "mae": 0.6503935838205235,
    "n": 214
  },
  "val_total": 1.304347276687622,
  "val_total_per_task": {
    "exercise": 1.1786140203475952,
    "phase": 0.31537702679634094,
    "fatigue": 1.1398810148239136,
    "reps": 0.2859016954898834
  }
}