{
  "exercise": {
    "f1_macro": 0.14547907813517788,
    "balanced_accuracy": 0.158251144018418,
    "n": 557
  },
  "phase": {
    "f1_macro": 0.28150675489385163,
    "balanced_accuracy": 0.34002816180235534,
    "n": 477
  },
  "fatigue": {
    "mae": 1.0616303859964094,
    "pearson_r": -0.2669754289418734,
    "n": 557
  },
  "reps": {
    "mae": 0.22625972896584462,
    "n": 474
  },
  "val_total": 0.41629212784381914,
  "val_total_per_task": {
    "exercise": 1.641683969934282,
    "phase": 0.4079252339137093,
    "fatigue": 1.06163039455722,
    "reps": 0.04169859586340414
  }
}