{
  "exercise": {
    "f1_macro": 0.64007463962622,
    "balanced_accuracy": 0.634137068288854,
    "n": 304
  },
  "phase": {
    "f1_macro": 0.4592066711742168,
    "balanced_accuracy": 0.45876538037596193,
    "n": 229
  },
  "fatigue": {
    "mae": 1.057642886513158,
    "pearson_r": 0.1956531780659803,
    "n": 304
  },
  "reps": {
    "mae": 0.34296021896577333,
    "n": 223
  },
  "val_total": 0.7982781654910037,
  "val_total_per_task": {
    "exercise": 1.0450627960656818,
    "phase": 0.24739770042268852,
    "fatigue": 1.057642886513158,
    "reps": 0.08477914098062013
  }
}