{
  "exercise": {
    "f1_macro": 0.43399433009814514,
    "balanced_accuracy": 0.5191202475685235,
    "n": 266
  },
  "phase": {
    "f1_macro": 0.3105263157894737,
    "balanced_accuracy": 0.34875541125541126,
    "n": 194
  },
  "fatigue": {
    "mae": 1.7264450187969924,
    "pearson_r": -0.0296876932465786,
    "n": 266
  },
  "reps": {
    "mae": 0.4579684826885424,
    "n": 189
  },
  "val_total": 1.6668753480552732,
  "val_total_per_task": {
    "exercise": 1.3397716973957263,
    "phase": 0.4088350525475982,
    "fatigue": 1.7264450205896134,
    "reps": 0.15122238675454505
  }
}