{
  "exercise": {
    "f1_macro": 0.3658699456571797,
    "balanced_accuracy": 0.45783132530120485,
    "n": 374
  },
  "phase": {
    "f1_macro": 0.2535697377865335,
    "balanced_accuracy": 0.27215510088438266,
    "n": 374
  },
  "fatigue": {
    "mae": 1.027719752673797,
    "pearson_r": 0.1226228575785878,
    "n": 374
  },
  "reps": {
    "mae": 0.20896789114075628,
    "n": 374
  },
  "val_total": -0.05904500688461059,
  "val_total_per_task": {
    "exercise": 1.0314938257084811,
    "phase": 0.33265454899818503,
    "fatigue": 1.027719789647801,
    "reps": 0.035009974962409166
  }
}