{
  "exercise": {
    "f1_macro": 0.3506836601988882,
    "balanced_accuracy": 0.42499615791810386,
    "n": 1256
  },
  "phase": {
    "f1_macro": 0.30169508636160164,
    "balanced_accuracy": 0.3326750825251476,
    "n": 1069
  },
  "fatigue": {
    "mae": 1.0586528413614649,
    "pearson_r": 0.3625095308663411,
    "n": 1256
  },
  "reps": {
    "mae": 0.1357107478623377,
    "n": 1067
  },
  "val_total": -0.17299742151977152,
  "val_total_per_task": {
    "exercise": 1.1473297267962412,
    "phase": 0.4269431753523031,
    "fatigue": 1.05865284060217,
    "reps": 0.013464461258689688
  }
}