{
  "exercise": {
    "f1_macro": 0.1620305980528512,
    "balanced_accuracy": 0.25,
    "n": 557
  },
  "phase": {
    "f1_macro": 0.2843804745978659,
    "balanced_accuracy": 0.33131720430107525,
    "n": 477
  },
  "fatigue": {
    "mae": 1.0193629376122082,
    "pearson_r": -0.2310711060810471,
    "n": 557
  },
  "reps": {
    "mae": 0.2232086313313722,
    "n": 474
  },
  "val_total": 0.8150711213664906,
  "val_total_per_task": {
    "exercise": 1.4223948391806502,
    "phase": 0.3999766930001428,
    "fatigue": 1.0193629337598433,
    "reps": 0.040881770751581156
  }
}