{
  "exercise": {
    "f1_macro": 0.3873656897519149,
    "balanced_accuracy": 0.4108134578826772,
    "n": 1509
  },
  "phase": {
    "f1_macro": 0.3078824659094429,
    "balanced_accuracy": 0.33643999190447277,
    "n": 1113
  },
  "fatigue": {
    "mae": 0.9800002070907886,
    "pearson_r": 0.3607780287014825,
    "n": 1509
  },
  "reps": {
    "mae": 0.08757711865484055,
    "n": 1107
  },
  "val_total": -0.11095890815562962,
  "val_total_per_task": {
    "exercise": 1.2333147194782104,
    "phase": 0.8213536862587597,
    "fatigue": 0.9800002028248498,
    "reps": 0.007090287157158492
  }
}