{
  "exercise": {
    "f1_macro": 0.39750151843950204,
    "balanced_accuracy": 0.43159119017487346,
    "n": 755
  },
  "phase": {
    "f1_macro": 0.3090899888652698,
    "balanced_accuracy": 0.34255022412530495,
    "n": 560
  },
  "fatigue": {
    "mae": 0.941106167218543,
    "pearson_r": 0.4483892292454558,
    "n": 755
  },
  "reps": {
    "mae": 0.16528182766830635,
    "n": 554
  },
  "val_total": -0.05602687652537365,
  "val_total_per_task": {
    "exercise": 1.1903069560890955,
    "phase": 0.3936760347805276,
    "fatigue": 0.9411061632712155,
    "reps": 0.030098937032435904
  }
}