{
  "exercise": {
    "f1_macro": 0.3527426160337553,
    "balanced_accuracy": 0.41513480392156865,
    "n": 149
  },
  "phase": {
    "f1_macro": 0.30307653190948386,
    "balanced_accuracy": 0.3387464387464387,
    "n": 149
  },
  "fatigue": {
    "mae": 1.1102925755033557,
    "pearson_r": 0.2376037688026636,
    "n": 149
  },
  "reps": {
    "mae": 0.4597052890657379,
    "n": 149
  },
  "val_total": 0.8229614496231079,
  "val_total_per_task": {
    "exercise": 1.1398987770080566,
    "phase": 0.3016355633735657,
    "fatigue": 1.1102925539016724,
    "reps": 0.16283662617206573
  }
}