{
  "exercise": {
    "f1_macro": 0.37325557601800696,
    "balanced_accuracy": 0.4213520522678592,
    "n": 1361
  },
  "phase": {
    "f1_macro": 0.24858457183297947,
    "balanced_accuracy": 0.343220206965617,
    "n": 969
  },
  "fatigue": {
    "mae": 1.2153575036737694,
    "pearson_r": 0.36119506787722294,
    "n": 1361
  },
  "reps": {
    "mae": 0.09790480897966695,
    "n": 964
  },
  "val_total": -0.0026259993385690525,
  "val_total_per_task": {
    "exercise": 1.30538111693013,
    "phase": 0.6955349783438431,
    "fatigue": 1.2153575038489484,
    "reps": 0.007692469580921507
  }
}