{
  "exercise": {
    "f1_macro": 0.45135552571734583,
    "balanced_accuracy": 0.5253068903830732,
    "n": 266
  },
  "phase": {
    "f1_macro": 0.3003267973856209,
    "balanced_accuracy": 0.348800505050505,
    "n": 194
  },
  "fatigue": {
    "mae": 1.4795435855263157,
    "pearson_r": 0.08785996367335829,
    "n": 266
  },
  "reps": {
    "mae": 0.42804468918847977,
    "n": 189
  },
  "val_total": 1.556332152588923,
  "val_total_per_task": {
    "exercise": 1.3195314371496214,
    "phase": 0.39811536243983675,
    "fatigue": 1.4795435873189366,
    "reps": 0.14911644082320363
  }
}