{
  "exercise": {
    "f1_macro": 0.46564373126873126,
    "balanced_accuracy": 0.5351638804926696,
    "n": 266
  },
  "phase": {
    "f1_macro": 0.34236659487915766,
    "balanced_accuracy": 0.36327561327561325,
    "n": 194
  },
  "fatigue": {
    "mae": 1.4969895441729324,
    "pearson_r": 0.1502371979998726,
    "n": 266
  },
  "reps": {
    "mae": 0.40189828990746745,
    "n": 189
  },
  "val_total": 1.4920266660532557,
  "val_total_per_task": {
    "exercise": 1.4215180802166014,
    "phase": 0.4255401335264507,
    "fatigue": 1.4969895459655533,
    "reps": 0.12421200687723949
  }
}