{
  "exercise": {
    "f1_macro": 0.3686042872789861,
    "balanced_accuracy": 0.45783132530120485,
    "n": 374
  },
  "phase": {
    "f1_macro": 0.294440891162989,
    "balanced_accuracy": 0.32741383846356226,
    "n": 374
  },
  "fatigue": {
    "mae": 0.9716483539438503,
    "pearson_r": 0.3826392853601692,
    "n": 374
  },
  "reps": {
    "mae": 0.20584801350655482,
    "n": 374
  },
  "val_total": 0.01934843777335264,
  "val_total_per_task": {
    "exercise": 1.0507546637784988,
    "phase": 0.3314289729544186,
    "fatigue": 0.9716483590437129,
    "reps": 0.03521005000500756
  }
}