{
  "exercise": {
    "f1_macro": 0.33938427774634894,
    "balanced_accuracy": 0.3379524236986753,
    "n": 1509
  },
  "phase": {
    "f1_macro": 0.33894210140670283,
    "balanced_accuracy": 0.34272414490993725,
    "n": 1113
  },
  "fatigue": {
    "mae": 0.9461874585818423,
    "pearson_r": 0.4407168776740762,
    "n": 1509
  },
  "reps": {
    "mae": 0.08836759443082716,
    "n": 1107
  },
  "val_total": 0.18293262002008337,
  "val_total_per_task": {
    "exercise": 1.490894992356272,
    "phase": 0.8053798249338224,
    "fatigue": 0.9461874584238446,
    "reps": 0.0070516578331614385
  }
}