{
  "exercise": {
    "f1_macro": 0.11250022421122491,
    "balanced_accuracy": 0.1564625850340136,
    "n": 304
  },
  "phase": {
    "f1_macro": 0.3421870645486312,
    "balanced_accuracy": 0.36364520521299354,
    "n": 229
  },
  "fatigue": {
    "mae": 1.051526521381579,
    "pearson_r": 0.03906326463008515,
    "n": 304
  },
  "reps": {
    "mae": 0.3918948550604184,
    "n": 223
  },
  "val_total": 0.8396950458225451,
  "val_total_per_task": {
    "exercise": 1.4436276084498356,
    "phase": 0.3533133503637816,
    "fatigue": 1.0515265339299251,
    "reps": 0.13621427824622706
  }
}