{
  "exercise": {
    "f1_macro": 0.12189054726368159,
    "balanced_accuracy": 0.25,
    "n": 304
  },
  "phase": {
    "f1_macro": 0.1983640081799591,
    "balanced_accuracy": 0.3333333333333333,
    "n": 229
  },
  "fatigue": {
    "mae": 0.912841796875,
    "pearson_r": 0.41970914351274546,
    "n": 304
  },
  "reps": {
    "mae": 0.4139925570440199,
    "n": 223
  },
  "val_total": 1.1793545484542847,
  "val_total_per_task": {
    "exercise": 1.3805509805679321,
    "phase": 0.3543156385421753,
    "fatigue": 0.912841796875,
    "reps": 0.15128755569458008
  }
}