{
  "arch": "cnn1d_raw",
  "summary": {
    "val_total": {
      "mean": 1.209632126550029,
      "std": 0.2985419537098722,
      "n": 5
    },
    "exercise": {
      "f1_macro": {
        "mean": 0.4192072627293218,
        "std": 0.14633090815302702,
        "n": 5
      },
      "balanced_accuracy": {
        "mean": 0.4399034796103175,
        "std": 0.14132047428457953,
        "n": 5
      }
    },
    "phase": {
      "f1_macro": {
        "mean": 0.27602799688419366,
        "std": 0.0360536469066186,
        "n": 5
      },
      "balanced_accuracy": {
        "mean": 0.32781939885901834,
        "std": 0.03773821398752906,
        "n": 5
      }
    },
    "fatigue": {
      "mae": {
        "mean": 1.1747949102168176,
        "std": 0.21680803215543443,
        "n": 5
      },
      "pearson_r": {
        "mean": 0.18802450661167383,
        "std": 0.25328053323238486,
        "n": 5
      }
    },
    "reps": {
      "mae": {
        "mean": 0.4730607436995715,
        "std": 0.04918654128142509,
        "n": 5
      }
    }
  },
  "enabled_tasks": [
    "exercise",
    "phase",
    "fatigue",
    "reps"
  ],
  "all_results": [
    {
      "seed": 42,
      "fold": 0,
      "test_subjects": [
        "Tias",
        "sivert"
      ],
      "metrics": {
        "exercise": {
          "f1_macro": 0.6910950612928211,
          "balanced_accuracy": 0.6802484684224752,
          "n": 252
        },
        "phase": {
          "f1_macro": 0.3416666666666666,
          "balanced_accuracy": 0.36563486563486564,
          "n": 217
        },
        "fatigue": {
          "mae": 1.251860119047619,
          "pearson_r": 0.09443493801985145,
          "n": 252
        },
        "reps": {
          "mae": 0.5667312950522543,
          "n": 214
        },
        "val_total": 0.7245006561279297,
        "val_total_per_task": {
          "exercise": 0.6991589069366455,
          "phase": 0.267215371131897,
          "fatigue": 1.2518601417541504,
          "reps": 0.21796844899654388
        }
      }
    },
    {
      "seed": 42,
      "fold": 1,
      "test_subjects": [
        "Raghild",
        "michael"
      ],
      "metrics": {
        "exercise": {
          "f1_macro": 0.3662007593735168,
          "balanced_accuracy": 0.46372062180001233,
          "n": 266
        },
        "phase": {
          "f1_macro": 0.24957079606035962,
          "balanced_accuracy": 0.2932900432900433,
          "n": 194
        },
        "fatigue": {
          "mae": 1.4875029370300752,
          "pearson_r": 0.12692595060679454,
          "n": 266
        },
        "reps": {
          "mae": 0.45647003201068076,
          "n": 189
        },
        "val_total": 1.634170643369058,
        "val_total_per_task": {
          "exercise": 1.5539763063416445,
          "phase": 0.4369516229270992,
          "fatigue": 1.4875029397190065,
          "reps": 0.1524308857164885
        }
      }
    },
    {
      "seed": 42,
      "fold": 2,
      "test_subjects": [
        "Juile",
        "lucas 2"
      ],
      "metrics": {
        "exercise": {
          "f1_macro": 0.3224844922355202,
          "balanced_accuracy": 0.322358630952381,
          "n": 304
        },
        "phase": {
          "f1_macro": 0.24226190476190476,
          "balanced_accuracy": 0.33793684756532455,
          "n": 229
        },
        "fatigue": {
          "mae": 1.110364412006579,
          "pearson_r": 0.2826673008151827,
          "n": 304
        },
        "reps": {
          "mae": 0.43698655358294336,
          "n": 223
        },
        "val_total": 1.1331302805950767,
        "val_total_per_task": {
          "exercise": 1.307307199427956,
          "phase": 0.3424151233936611,
          "fatigue": 1.110364412006579,
          "reps": 0.13876328970256605
        }
      }
    },
    {
      "seed": 42,
      "fold": 3,
      "test_subjects": [
        "Hytten",
        "lucas"
      ],
      "metrics": {
        "exercise": {
          "f1_macro": 0.44033007481882536,
          "balanced_accuracy": 0.45867987295515056,
          "n": 218
        },
        "phase": {
          "f1_macro": 0.2862836548653805,
          "balanced_accuracy": 0.36752013808975836,
          "n": 187
        },
        "fatigue": {
          "mae": 1.204773509174312,
          "pearson_r": -0.16763606760696523,
          "n": 218
        },
        "reps": {
          "mae": 0.431284972830959,
          "n": 184
        },
        "val_total": 1.1921534538269043,
        "val_total_per_task": {
          "exercise": 1.2624598741531372,
          "phase": 0.3399914801120758,
          "fatigue": 1.2047734260559082,
          "reps": 0.1544974446296692
        }
      }
    },
    {
      "seed": 42,
      "fold": 4,
      "test_subjects": [
        "kiyomi"
      ],
      "metrics": {
        "exercise": {
          "f1_macro": 0.2759259259259259,
          "balanced_accuracy": 0.2745098039215686,
          "n": 149
        },
        "phase": {
          "f1_macro": 0.26035696206665687,
          "balanced_accuracy": 0.2747150997150997,
          "n": 149
        },
        "fatigue": {
          "mae": 0.8194735738255033,
          "pearson_r": 0.6037304112235057,
          "n": 149
        },
        "reps": {
          "mae": 0.47383086502101995,
          "n": 149
        },
        "val_total": 1.3642055988311768,
        "val_total_per_task": {
          "exercise": 1.6732333898544312,
          "phase": 0.31080135703086853,
          "fatigue": 0.8194735646247864,
          "reps": 0.17068712413311005
        }
      }
    }
  ]
}