{
  "arch": "cnn1d_raw",
  "summary": {
    "val_total": {
      "mean": 1.21077600412799,
      "std": 0.2115766345841303,
      "n": 5
    },
    "exercise": {
      "f1_macro": {
        "mean": 0.41845088260521174,
        "std": 0.1420732189879189,
        "n": 5
      },
      "balanced_accuracy": {
        "mean": 0.4407074103079043,
        "std": 0.13830581406188203,
        "n": 5
      }
    },
    "phase": {
      "f1_macro": {
        "mean": 0.3106575472569835,
        "std": 0.02255333805480417,
        "n": 5
      },
      "balanced_accuracy": {
        "mean": 0.3428411191460202,
        "std": 0.012475310430537819,
        "n": 5
      }
    },
    "fatigue": {
      "mae": {
        "mean": 1.1967483472590583,
        "std": 0.1714917529519387,
        "n": 5
      },
      "pearson_r": {
        "mean": 0.14510209745575492,
        "std": 0.20080011095288006,
        "n": 5
      }
    },
    "reps": {
      "mae": {
        "mean": 0.45897831570123565,
        "std": 0.07047528840348802,
        "n": 5
      }
    }
  },
  "enabled_tasks": [
    "exercise",
    "phase",
    "fatigue",
    "reps"
  ],
  "all_results": [
    {
      "seed": 42,
      "fold": 0,
      "test_subjects": [
        "Tias",
        "sivert"
      ],
      "metrics": {
        "exercise": {
          "f1_macro": 0.6772225342355188,
          "balanced_accuracy": 0.6681112796180066,
          "n": 252
        },
        "phase": {
          "f1_macro": 0.32593201754385964,
          "balanced_accuracy": 0.3483483483483483,
          "n": 217
        },
        "fatigue": {
          "mae": 1.211883060515873,
          "pearson_r": 0.14773484446076676,
          "n": 252
        },
        "reps": {
          "mae": 0.5950396153205466,
          "n": 214
        },
        "val_total": 0.8303830027580261,
        "val_total_per_task": {
          "exercise": 0.708975613117218,
          "phase": 0.26902854442596436,
          "fatigue": 1.2118831872940063,
          "reps": 0.24401965737342834
        }
      }
    },
    {
      "seed": 42,
      "fold": 1,
      "test_subjects": [
        "Raghild",
        "michael"
      ],
      "metrics": {
        "exercise": {
          "f1_macro": 0.4442603359173126,
          "balanced_accuracy": 0.5054978101289248,
          "n": 266
        },
        "phase": {
          "f1_macro": 0.32703617893423637,
          "balanced_accuracy": 0.35105519480519476,
          "n": 194
        },
        "fatigue": {
          "mae": 1.4430069313909775,
          "pearson_r": 0.148109955179785,
          "n": 266
        },
        "reps": {
          "mae": 0.40157345153154833,
          "n": 189
        },
        "val_total": 1.4318597980011674,
        "val_total_per_task": {
          "exercise": 1.3931213572509307,
          "phase": 0.4059358629068934,
          "fatigue": 1.4430069340799088,
          "reps": 0.12462005041595689
        }
      }
    },
    {
      "seed": 42,
      "fold": 2,
      "test_subjects": [
        "Juile",
        "lucas 2"
      ],
      "metrics": {
        "exercise": {
          "f1_macro": 0.365696850822709,
          "balanced_accuracy": 0.36979984301412877,
          "n": 304
        },
        "phase": {
          "f1_macro": 0.3310273261847112,
          "balanced_accuracy": 0.35800427932308887,
          "n": 229
        },
        "fatigue": {
          "mae": 1.0906789679276316,
          "pearson_r": 0.42133645899196237,
          "n": 304
        },
        "reps": {
          "mae": 0.40753246024000406,
          "n": 223
        },
        "val_total": 1.145788588021931,
        "val_total_per_task": {
          "exercise": 1.2961075494163914,
          "phase": 0.32897251216988815,
          "fatigue": 1.0906789742018048,
          "reps": 0.12637217499707876
        }
      }
    },
    {
      "seed": 42,
      "fold": 3,
      "test_subjects": [
        "Hytten",
        "lucas"
      ],
      "metrics": {
        "exercise": {
          "f1_macro": 0.34520008390004786,
          "balanced_accuracy": 0.4015496874059118,
          "n": 218
        },
        "phase": {
          "f1_macro": 0.29634179634179636,
          "balanced_accuracy": 0.324319140774837,
          "n": 187
        },
        "fatigue": {
          "mae": 1.2963732798165137,
          "pearson_r": -0.20266293876365074,
          "n": 218
        },
        "reps": {
          "mae": 0.4474886600737986,
          "n": 184
        },
        "val_total": 1.3437645435333252,
        "val_total_per_task": {
          "exercise": 1.3921616077423096,
          "phase": 0.33001089096069336,
          "fatigue": 1.2963732481002808,
          "reps": 0.1628519743680954
        }
      }
    },
    {
      "seed": 42,
      "fold": 4,
      "test_subjects": [
        "kiyomi"
      ],
      "metrics": {
        "exercise": {
          "f1_macro": 0.25987460815047025,
          "balanced_accuracy": 0.25857843137254904,
          "n": 149
        },
        "phase": {
          "f1_macro": 0.27295041728031416,
          "balanced_accuracy": 0.33247863247863246,
          "n": 149
        },
        "fatigue": {
          "mae": 0.9417994966442953,
          "pearson_r": 0.21099216740991122,
          "n": 149
        },
        "reps": {
          "mae": 0.4432573913402805,
          "n": 149
        },
        "val_total": 1.3020840883255005,
        "val_total_per_task": {
          "exercise": 1.60893714427948,
          "phase": 0.305452436208725,
          "fatigue": 0.941799521446228,
          "reps": 0.16361379623413086
        }
      }
    }
  ]
}