{
  "exercise": {
    "f1_macro": 0.36631374725105725,
    "balanced_accuracy": 0.38567512263491843,
    "n": 1509
  },
  "phase": {
    "f1_macro": 0.29057104320867677,
    "balanced_accuracy": 0.3330601092896175,
    "n": 1113
  },
  "fatigue": {
    "mae": 1.012308958747515,
    "pearson_r": 0.3644951552640866,
    "n": 1509
  },
  "reps": {
    "mae": 0.0858727631431709,
    "n": 1107
  },
  "val_total": -0.09338022155268766,
  "val_total_per_task": {
    "exercise": 1.2343402233559853,
    "phase": 0.8267348730619417,
    "fatigue": 1.0123089566935444,
    "reps": 0.007008165246982934
  }
}