{
  "exercise": {
    "f1_macro": 0.3800489476225201,
    "balanced_accuracy": 0.3611860609628467,
    "n": 304
  },
  "phase": {
    "f1_macro": 0.3143317230273752,
    "balanced_accuracy": 0.33680217856448164,
    "n": 229
  },
  "fatigue": {
    "mae": 1.0106393914473684,
    "pearson_r": 0.41558258749681876,
    "n": 304
  },
  "reps": {
    "mae": 0.417738273292947,
    "n": 223
  },
  "val_total": 1.0749403426521702,
  "val_total_per_task": {
    "exercise": 1.2445254137641506,
    "phase": 0.32790112965985346,
    "fatigue": 1.010639394584455,
    "reps": 0.13317910777895073
  }
}