{
  "exercise": {
    "f1_macro": 0.4371558143268818,
    "balanced_accuracy": 0.4250044969911041,
    "n": 304
  },
  "phase": {
    "f1_macro": 0.270860884080907,
    "balanced_accuracy": 0.2897944628152759,
    "n": 229
  },
  "fatigue": {
    "mae": 1.1165064761513157,
    "pearson_r": 0.17567107816740052,
    "n": 304
  },
  "reps": {
    "mae": 0.4084390046559441,
    "n": 223
  },
  "val_total": 1.3397296980807656,
  "val_total_per_task": {
    "exercise": 1.2364690617511147,
    "phase": 0.3547833883448651,
    "fatigue": 1.1165064761513157,
    "reps": 0.1360380194689098
  }
}