{
  "exercise": {
    "f1_macro": 0.37207842208618847,
    "balanced_accuracy": 0.36363330330961,
    "n": 132918
  },
  "phase": {
    "f1_macro": 0.28995250015226015,
    "balanced_accuracy": 0.3377968997448673,
    "n": 78741
  },
  "fatigue": {
    "mae": 0.9225995476475226,
    "pearson_r": 0.3724643443117423,
    "n": 132918
  },
  "reps": {
    "mae": 2.7785132599163234,
    "n": 132918
  }
}