{
  "arch": "lstm_raw",
  "summary": {
    "val_total": {
      "mean": -0.1696149638298936,
      "std": 0.3105889408222517,
      "n": 5
    },
    "exercise": {
      "f1_macro": {
        "mean": 0.31494243122715126,
        "std": 0.09791062504656149,
        "n": 5
      },
      "balanced_accuracy": {
        "mean": 0.35375531443825564,
        "std": 0.12111634484030684,
        "n": 5
      }
    },
    "phase": {
      "f1_macro": {
        "mean": 0.30476178117368335,
        "std": 0.022602312304566354,
        "n": 5
      },
      "balanced_accuracy": {
        "mean": 0.3334989785573238,
        "std": 0.01687949205838901,
        "n": 5
      }
    },
    "fatigue": {
      "mae": {
        "mean": 1.0428191601304122,
        "std": 0.1252891496247661,
        "n": 5
      },
      "pearson_r": {
        "mean": 0.21292594753755206,
        "std": 0.2665011265254922,
        "n": 5
      }
    },
    "reps": {
      "mae": {
        "mean": 0.10765827139613612,
        "std": 0.014818828458083655,
        "n": 5
      }
    }
  },
  "enabled_tasks": [
    "exercise",
    "phase",
    "fatigue",
    "reps"
  ],
  "all_results": [
    {
      "seed": 42,
      "fold": 0,
      "test_subjects": [
        "Tias",
        "sivert"
      ],
      "metrics": {
        "exercise": {
          "f1_macro": 0.3725065236316205,
          "balanced_accuracy": 0.42502959826053294,
          "n": 1256
        },
        "phase": {
          "f1_macro": 0.2907934357121349,
          "balanced_accuracy": 0.30630726172539724,
          "n": 1069
        },
        "fatigue": {
          "mae": 1.1067563196656052,
          "pearson_r": 0.2775485966997116,
          "n": 1256
        },
        "reps": {
          "mae": 0.13393816734239067,
          "n": 1067
        },
        "val_total": -0.29418702414081355,
        "val_total_per_task": {
          "exercise": 1.3057458977790395,
          "phase": 0.4292366914688402,
          "fatigue": 1.1067563143505412,
          "reps": 0.01347117728085085
        }
      }
    },
    {
      "seed": 42,
      "fold": 1,
      "test_subjects": [
        "Raghild",
        "michael"
      ],
      "metrics": {
        "exercise": {
          "f1_macro": 0.3733690402746737,
          "balanced_accuracy": 0.42794613537674453,
          "n": 1361
        },
        "phase": {
          "f1_macro": 0.3368103822564697,
          "balanced_accuracy": 0.3425852156819109,
          "n": 969
        },
        "fatigue": {
          "mae": 1.2197617216201322,
          "pearson_r": 0.27751103225493173,
          "n": 1361
        },
        "reps": {
          "mae": 0.09761379678304698,
          "n": 964
        },
        "val_total": 0.14547374264270746,
        "val_total_per_task": {
          "exercise": 1.6458257199384814,
          "phase": 0.7073722582893456,
          "fatigue": 1.219761720131111,
          "reps": 0.007537893562260837
        }
      }
    },
    {
      "seed": 42,
      "fold": 2,
      "test_subjects": [
        "Juile",
        "lucas 2"
      ],
      "metrics": {
        "exercise": {
          "f1_macro": 0.34375258972849543,
          "balanced_accuracy": 0.33379337191071534,
          "n": 1509
        },
        "phase": {
          "f1_macro": 0.29494932766576043,
          "balanced_accuracy": 0.3337482291034204,
          "n": 1113
        },
        "fatigue": {
          "mae": 0.9397909418489065,
          "pearson_r": 0.5060548337625379,
          "n": 1509
        },
        "reps": {
          "mae": 0.09018074101856771,
          "n": 1107
        },
        "val_total": -0.25248365357982316,
        "val_total_per_task": {
          "exercise": 1.2883065588984606,
          "phase": 0.531328799848607,
          "fatigue": 0.9397909436658805,
          "reps": 0.008814809993872231
        }
      }
    },
    {
      "seed": 42,
      "fold": 3,
      "test_subjects": [
        "Hytten",
        "lucas"
      ],
      "metrics": {
        "exercise": {
          "f1_macro": 0.12028921119762999,
          "balanced_accuracy": 0.12594686058267954,
          "n": 1106
        },
        "phase": {
          "f1_macro": 0.32513943434693354,
          "balanced_accuracy": 0.35731253074706587,
          "n": 944
        },
        "fatigue": {
          "mae": 1.0810705809222423,
          "pearson_r": -0.2912084680320022,
          "n": 1106
        },
        "reps": {
          "mae": 0.10861733302896631,
          "n": 941
        },
        "val_total": 0.19778967679732531,
        "val_total_per_task": {
          "exercise": 1.9231470297301225,
          "phase": 0.5055890943430648,
          "fatigue": 1.0810705779042855,
          "reps": 0.010912476291048053
        }
      }
    },
    {
      "seed": 42,
      "fold": 4,
      "test_subjects": [
        "kiyomi"
      ],
      "metrics": {
        "exercise": {
          "f1_macro": 0.3647947913033368,
          "balanced_accuracy": 0.45606060606060606,
          "n": 746
        },
        "phase": {
          "f1_macro": 0.27611632588711826,
          "balanced_accuracy": 0.3275416555288247,
          "n": 746
        },
        "fatigue": {
          "mae": 0.8667162365951743,
          "pearson_r": 0.2947237430025812,
          "n": 746
        },
        "reps": {
          "mae": 0.10794131880770899,
          "n": 746
        },
        "val_total": -0.6446675608688641,
        "val_total_per_task": {
          "exercise": 1.017812347603867,
          "phase": 0.48132085736251706,
          "fatigue": 0.8667162634412341,
          "reps": 0.010942846918653387
        }
      }
    }
  ]
}