{
  "exercise": {
    "f1_macro": 0.36813278415220163,
    "balanced_accuracy": 0.41223706970346363,
    "n": 218
  },
  "phase": {
    "f1_macro": 0.30401704199634816,
    "balanced_accuracy": 0.3587456846950518,
    "n": 187
  },
  "fatigue": {
    "mae": 1.202139478211009,
    "pearson_r": -0.3299080966144867,
    "n": 218
  },
  "reps": {
    "mae": 0.4577867126335268,
    "n": 184
  },
  "val_total": 1.3072782754898071,
  "val_total_per_task": {
    "exercise": 1.3864113092422485,
    "phase": 0.3273089528083801,
    "fatigue": 1.2021393775939941,
    "reps": 0.1708373874425888
  }
}