{
  "exercise": {
    "f1_macro": 0.3872609019127847,
    "balanced_accuracy": 0.4607725017717931,
    "n": 374
  },
  "phase": {
    "f1_macro": 0.2627486991123355,
    "balanced_accuracy": 0.31283265537409183,
    "n": 374
  },
  "fatigue": {
    "mae": 0.980886530748663,
    "pearson_r": -0.006349359908341937,
    "n": 374
  },
  "reps": {
    "mae": 0.20920064440993144,
    "n": 374
  },
  "val_total": 0.43195080757141113,
  "val_total_per_task": {
    "exercise": 1.0858111381530762,
    "phase": 0.33159199357032776,
    "fatigue": 0.9808865785598755,
    "reps": 0.035201482474803925
  }
}