{
  "exercise": {
    "f1_macro": 0.31740064816929586,
    "balanced_accuracy": 0.3757665325745683,
    "n": 304
  },
  "phase": {
    "f1_macro": 0.2601092896174863,
    "balanced_accuracy": 0.35417882383453286,
    "n": 229
  },
  "fatigue": {
    "mae": 0.9048494037828947,
    "pearson_r": 0.48822055871672376,
    "n": 304
  },
  "reps": {
    "mae": 0.4126259064669366,
    "n": 223
  },
  "val_total": 1.2230135892566882,
  "val_total_per_task": {
    "exercise": 1.209629265885604,
    "phase": 0.37048415212254776,
    "fatigue": 0.9048494100570679,
    "reps": 0.15015966954984164
  }
}