{
  "exercise": {
    "f1_macro": 0.16991168205539944,
    "balanced_accuracy": 0.18389830508474575,
    "n": 218
  },
  "phase": {
    "f1_macro": 0.334104938271605,
    "balanced_accuracy": 0.35869773686229384,
    "n": 187
  },
  "fatigue": {
    "mae": 1.4635177752293578,
    "pearson_r": -0.4188553566510921,
    "n": 218
  },
  "reps": {
    "mae": 0.5042092758028404,
    "n": 184
  },
  "val_total": 1.7517298460006714,
  "val_total_per_task": {
    "exercise": 1.6001827716827393,
    "phase": 0.32207468152046204,
    "fatigue": 1.463517665863037,
    "reps": 0.2089809775352478
  }
}