{
  "exercise": {
    "f1_macro": 0.3398031888417943,
    "balanced_accuracy": 0.3266001111983255,
    "n": 304
  },
  "phase": {
    "f1_macro": 0.3455149012593754,
    "balanced_accuracy": 0.3730143292485249,
    "n": 229
  },
  "fatigue": {
    "mae": 1.269813939144737,
    "pearson_r": 0.31750720961751566,
    "n": 304
  },
  "reps": {
    "mae": 0.4225374970944273,
    "n": 223
  },
  "val_total": 1.4230620861053467,
  "val_total_per_task": {
    "exercise": 1.2382322549819946,
    "phase": 0.34310153126716614,
    "fatigue": 1.269813895225525,
    "reps": 0.1422264277935028
  }
}