{
  "exercise": {
    "f1_macro": 0.3711753883973645,
    "balanced_accuracy": 0.4575757575757576,
    "n": 746
  },
  "phase": {
    "f1_macro": 0.33914683408770135,
    "balanced_accuracy": 0.3439291336244023,
    "n": 746
  },
  "fatigue": {
    "mae": 0.9202569956434317,
    "pearson_r": 0.23126056845417245,
    "n": 746
  },
  "reps": {
    "mae": 0.10842614858124115,
    "n": 746
  },
  "val_total": -0.6949858275559249,
  "val_total_per_task": {
    "exercise": 1.0320706968333062,
    "phase": 0.47666465788680173,
    "fatigue": 0.9202570010765628,
    "reps": 0.009900513596972575
  }
}