{
  "exercise": {
    "f1_macro": 0.3689717925386715,
    "balanced_accuracy": 0.463855421686747,
    "n": 374
  },
  "phase": {
    "f1_macro": 0.2560874356535785,
    "balanced_accuracy": 0.27026288628498574,
    "n": 374
  },
  "fatigue": {
    "mae": 1.1336898395721926,
    "pearson_r": 0.09112772042864334,
    "n": 374
  },
  "reps": {
    "mae": 0.2112582506148772,
    "n": 374
  },
  "val_total": 0.4512472216458244,
  "val_total_per_task": {
    "exercise": 1.0814222167519962,
    "phase": 0.33313507224149247,
    "fatigue": 1.1336898421221238,
    "reps": 0.03545987753466489
  }
}