{
  "exercise": {
    "f1_macro": 0.2692242974928487,
    "balanced_accuracy": 0.3208568738229755,
    "n": 218
  },
  "phase": {
    "f1_macro": 0.28705702464472027,
    "balanced_accuracy": 0.32762754123513615,
    "n": 187
  },
  "fatigue": {
    "mae": 1.2715202121559632,
    "pearson_r": -0.43378895224889236,
    "n": 218
  },
  "reps": {
    "mae": 0.44630045055047324,
    "n": 184
  },
  "val_total": 0.8320376747245088,
  "val_total_per_task": {
    "exercise": 1.3460659663611596,
    "phase": 0.30913867644213755,
    "fatigue": 1.271520216530616,
    "reps": 0.16781840616956764
  }
}