{
  "exercise": {
    "f1_macro": 0.7078933011743761,
    "balanced_accuracy": 0.6922466994452562,
    "n": 252
  },
  "phase": {
    "f1_macro": 0.36298605229734243,
    "balanced_accuracy": 0.3730268730268731,
    "n": 217
  },
  "fatigue": {
    "mae": 1.2769872271825398,
    "pearson_r": 0.09758425862416227,
    "n": 252
  },
  "reps": {
    "mae": 0.5444010621824554,
    "n": 214
  },
  "val_total": 0.5583857297897339,
  "val_total_per_task": {
    "exercise": 0.6110367774963379,
    "phase": 0.2632887363433838,
    "fatigue": 1.2769873142242432,
    "reps": 0.1973530650138855
  }
}