{
  "arch": "lstm_raw",
  "summary": {
    "val_total": {
      "mean": 0.8726326715204941,
      "std": 0.16582551744830043,
      "n": 5
    },
    "exercise": {
      "f1_macro": {
        "mean": 0.27730112657189104,
        "std": 0.07191667825726969,
        "n": 5
      },
      "balanced_accuracy": {
        "mean": 0.36023219218366387,
        "std": 0.06599698373232839,
        "n": 5
      }
    },
    "phase": {
      "f1_macro": {
        "mean": 0.25430919986430905,
        "std": 0.04610308879685991,
        "n": 5
      },
      "balanced_accuracy": {
        "mean": 0.33091233120901087,
        "std": 0.004214160822097074,
        "n": 5
      }
    },
    "fatigue": {
      "mae": {
        "mean": 1.073355823205079,
        "std": 0.0972610731077411,
        "n": 5
      },
      "pearson_r": {
        "mean": 0.24365006943797426,
        "std": 0.2625845296679762,
        "n": 5
      }
    },
    "reps": {
      "mae": {
        "mean": 0.1099085408170017,
        "std": 0.01948902588084674,
        "n": 5
      }
    }
  },
  "enabled_tasks": [
    "exercise",
    "phase",
    "fatigue",
    "reps"
  ],
  "all_results": [
    {
      "seed": 42,
      "fold": 0,
      "test_subjects": [
        "Tias",
        "sivert"
      ],
      "metrics": {
        "exercise": {
          "f1_macro": 0.3115641799756799,
          "balanced_accuracy": 0.36439585396673607,
          "n": 1256
        },
        "phase": {
          "f1_macro": 0.3205583104562043,
          "balanced_accuracy": 0.3320156127339838,
          "n": 1069
        },
        "fatigue": {
          "mae": 1.0218016023089171,
          "pearson_r": 0.40787193641855773,
          "n": 1256
        },
        "reps": {
          "mae": 0.14296997364064035,
          "n": 1067
        },
        "val_total": 0.7197774306983705,
        "val_total_per_task": {
          "exercise": 1.102248670189244,
          "phase": 0.42713780312021826,
          "fatigue": 1.0218015973735008,
          "reps": 0.014636753275278648
        }
      }
    },
    {
      "seed": 42,
      "fold": 1,
      "test_subjects": [
        "Raghild",
        "michael"
      ],
      "metrics": {
        "exercise": {
          "f1_macro": 0.24779240436776068,
          "balanced_accuracy": 0.3434624880334559,
          "n": 1361
        },
        "phase": {
          "f1_macro": 0.2192982456140351,
          "balanced_accuracy": 0.3333333333333333,
          "n": 969
        },
        "fatigue": {
          "mae": 1.2621435295738428,
          "pearson_r": 0.3400421632623154,
          "n": 1361
        },
        "reps": {
          "mae": 0.09568156586975415,
          "n": 964
        },
        "val_total": 1.1687846740845982,
        "val_total_per_task": {
          "exercise": 1.2579351074112242,
          "phase": 0.7131402010781024,
          "fatigue": 1.2621435309752744,
          "reps": 0.007753554028154383
        }
      }
    },
    {
      "seed": 42,
      "fold": 2,
      "test_subjects": [
        "Juile",
        "lucas 2"
      ],
      "metrics": {
        "exercise": {
          "f1_macro": 0.3148252000524728,
          "balanced_accuracy": 0.3917874674029759,
          "n": 1509
        },
        "phase": {
          "f1_macro": 0.2996094352588105,
          "balanced_accuracy": 0.3225460433110706,
          "n": 1113
        },
        "fatigue": {
          "mae": 0.9865468646454606,
          "pearson_r": 0.45309117822658146,
          "n": 1509
        },
        "reps": {
          "mae": 0.08621042345582348,
          "n": 1107
        },
        "val_total": 0.8391940612679211,
        "val_total_per_task": {
          "exercise": 1.1429928315246713,
          "phase": 0.5317175918023581,
          "fatigue": 0.986546870333379,
          "reps": 0.008264715434592082
        }
      }
    },
    {
      "seed": 42,
      "fold": 3,
      "test_subjects": [
        "Hytten",
        "lucas"
      ],
      "metrics": {
        "exercise": {
          "f1_macro": 0.15244708994708994,
          "balanced_accuracy": 0.25,
          "n": 1106
        },
        "phase": {
          "f1_macro": 0.22001419446415896,
          "balanced_accuracy": 0.3333333333333333,
          "n": 944
        },
        "fatigue": {
          "mae": 1.0383243388336347,
          "pearson_r": -0.2690026231547315,
          "n": 1106
        },
        "reps": {
          "mae": 0.1162273445857964,
          "n": 941
        },
        "val_total": 0.9158545777767519,
        "val_total_per_task": {
          "exercise": 1.418768280237967,
          "phase": 0.5067495482739661,
          "fatigue": 1.038324324174988,
          "reps": 0.011328003761673491
        }
      }
    },
    {
      "seed": 42,
      "fold": 4,
      "test_subjects": [
        "kiyomi"
      ],
      "metrics": {
        "exercise": {
          "f1_macro": 0.3598767585164516,
          "balanced_accuracy": 0.45151515151515154,
          "n": 746
        },
        "phase": {
          "f1_macro": 0.2120658135283364,
          "balanced_accuracy": 0.3333333333333333,
          "n": 746
        },
        "fatigue": {
          "mae": 1.0579627806635388,
          "pearson_r": 0.28624769243714854,
          "n": 746
        },
        "reps": {
          "mae": 0.10845339653299417,
          "n": 746
        },
        "val_total": 0.7195526137748288,
        "val_total_per_task": {
          "exercise": 1.0781557451304418,
          "phase": 0.48046281742026914,
          "fatigue": 1.057962805592023,
          "reps": 0.01000615091989411
        }
      }
    }
  ]
}