{
  "exercise": {
    "f1_macro": 0.5508076857617563,
    "balanced_accuracy": 0.5554160979774685,
    "n": 252
  },
  "phase": {
    "f1_macro": 0.3153086419753086,
    "balanced_accuracy": 0.3565103565103565,
    "n": 217
  },
  "fatigue": {
    "mae": 1.254030257936508,
    "pearson_r": 0.14259369841034553,
    "n": 252
  },
  "reps": {
    "mae": 0.6487488889039676,
    "n": 214
  },
  "val_total": 1.2901939153671265,
  "val_total_per_task": {
    "exercise": 1.085022211074829,
    "phase": 0.29534244537353516,
    "fatigue": 1.2540303468704224,
    "reps": 0.28014466166496277
  }
}