{
  "exercise": {
    "f1_macro": 0.414334983354624,
    "balanced_accuracy": 0.4677927640469684,
    "n": 252
  },
  "phase": {
    "f1_macro": 0.32073112073112076,
    "balanced_accuracy": 0.3586663586663587,
    "n": 217
  },
  "fatigue": {
    "mae": 1.1144748263888888,
    "pearson_r": 0.10625369900330336,
    "n": 252
  },
  "reps": {
    "mae": 0.6599509680173664,
    "n": 214
  },
  "val_total": 1.3451026053655715,
  "val_total_per_task": {
    "exercise": 1.1704004908364916,
    "phase": 0.30792086228491766,
    "fatigue": 1.1144748320655218,
    "reps": 0.29494165617322166
  }
}