{
  "exercise": {
    "f1_macro": 0.41025051765756865,
    "balanced_accuracy": 0.45503497455618147,
    "n": 626
  },
  "phase": {
    "f1_macro": 0.2944562599735014,
    "balanced_accuracy": 0.3118908382066277,
    "n": 533
  },
  "fatigue": {
    "mae": 1.1210251098242812,
    "pearson_r": 0.30951600065158597,
    "n": 626
  },
  "reps": {
    "mae": 0.27258831957572627,
    "n": 531
  },
  "val_total": 0.6276411564586262,
  "val_total_per_task": {
    "exercise": 1.1343431507055752,
    "phase": 0.25981527681167893,
    "fatigue": 1.121025115156326,
    "reps": 0.05156415165327608
  }
}