{
  "exercise": {
    "f1_macro": 0.3462904911180773,
    "balanced_accuracy": 0.41605392156862747,
    "n": 149
  },
  "phase": {
    "f1_macro": 0.2983770287141074,
    "balanced_accuracy": 0.3397435897435897,
    "n": 149
  },
  "fatigue": {
    "mae": 0.9287437080536913,
    "pearson_r": 0.3151701330444011,
    "n": 149
  },
  "reps": {
    "mae": 0.6082230561206605,
    "n": 149
  },
  "val_total": 1.3411695957183838,
  "val_total_per_task": {
    "exercise": 1.421340823173523,
    "phase": 0.3483574390411377,
    "fatigue": 0.9287437200546265,
    "reps": 0.2418540120124817
  }
}