{
  "exercise": {
    "f1_macro": 0.3463000532450321,
    "balanced_accuracy": 0.4230183325535679,
    "n": 626
  },
  "phase": {
    "f1_macro": 0.34295501173280757,
    "balanced_accuracy": 0.3542300194931774,
    "n": 533
  },
  "fatigue": {
    "mae": 1.063223841853035,
    "pearson_r": 0.3597641497810469,
    "n": 626
  },
  "reps": {
    "mae": 0.2522604210581104,
    "n": 531
  },
  "val_total": 0.1141805130833635,
  "val_total_per_task": {
    "exercise": 1.2660966365101238,
    "phase": 0.27691392576732576,
    "fatigue": 1.0632238429956162,
    "reps": 0.0449520734171517
  }
}