{
  "exercise": {
    "f1_macro": 0.35194305421896616,
    "balanced_accuracy": 0.40016792436767595,
    "n": 1509
  },
  "phase": {
    "f1_macro": 0.29579408087828296,
    "balanced_accuracy": 0.32720097146326654,
    "n": 1113
  },
  "fatigue": {
    "mae": 1.096033175944334,
    "pearson_r": 0.3420981041666717,
    "n": 1509
  },
  "reps": {
    "mae": 0.08702036765948369,
    "n": 1107
  },
  "val_total": -0.409338311931011,
  "val_total_per_task": {
    "exercise": 1.1752159538610318,
    "phase": 0.5320082025823409,
    "fatigue": 1.096033187715165,
    "reps": 0.008339083459131997
  }
}