{
  "exercise": {
    "f1_macro": 0.19567973173239356,
    "balanced_accuracy": 0.2228993980836362,
    "n": 1106
  },
  "phase": {
    "f1_macro": 0.3169981755219246,
    "balanced_accuracy": 0.32207463630613536,
    "n": 944
  },
  "fatigue": {
    "mae": 1.0373212872965643,
    "pearson_r": -0.23498422537382493,
    "n": 1106
  },
  "reps": {
    "mae": 0.11558919844631299,
    "n": 941
  },
  "val_total": -0.20560528981965878,
  "val_total_per_task": {
    "exercise": 1.5800979952268963,
    "phase": 0.504858961049299,
    "fatigue": 1.0373212816917874,
    "reps": 0.011702325671682199
  }
}