{
  "exercise": {
    "f1_macro": 0.2146825396825397,
    "balanced_accuracy": 0.25065913370998116,
    "n": 218
  },
  "phase": {
    "f1_macro": 0.34042416245615165,
    "balanced_accuracy": 0.36756808592251633,
    "n": 187
  },
  "fatigue": {
    "mae": 1.459539850917431,
    "pearson_r": -0.3782528529046417,
    "n": 218
  },
  "reps": {
    "mae": 0.4314089440133261,
    "n": 184
  },
  "val_total": 1.5974528789520264,
  "val_total_per_task": {
    "exercise": 1.5633152723312378,
    "phase": 0.3205379545688629,
    "fatigue": 1.459539771080017,
    "reps": 0.17272375524044037
  }
}