{
  "exercise": {
    "f1_macro": 0.3741348448687351,
    "balanced_accuracy": 0.4209360379275962,
    "n": 755
  },
  "phase": {
    "f1_macro": 0.308420902664171,
    "balanced_accuracy": 0.3354836302235656,
    "n": 560
  },
  "fatigue": {
    "mae": 0.9395695364238411,
    "pearson_r": 0.3936371573221254,
    "n": 755
  },
  "reps": {
    "mae": 0.16788661692019163,
    "n": 554
  },
  "val_total": 0.014430750600549559,
  "val_total_per_task": {
    "exercise": 1.1857864270936573,
    "phase": 0.394785610808442,
    "fatigue": 0.9395695293975982,
    "reps": 0.02881809213007523
  }
}