{
  "exercise": {
    "f1_macro": 0.3672534364174056,
    "balanced_accuracy": 0.4125894786805222,
    "n": 1509
  },
  "phase": {
    "f1_macro": 0.2438824633946585,
    "balanced_accuracy": 0.3384031572556163,
    "n": 1113
  },
  "fatigue": {
    "mae": 0.8688196342776673,
    "pearson_r": 0.5057034308372074,
    "n": 1509
  },
  "reps": {
    "mae": 0.10956741271072758,
    "n": 1107
  },
  "val_total": 0.6126033173561728,
  "val_total_per_task": {
    "exercise": 1.1902556849916381,
    "phase": 0.5434232134547274,
    "fatigue": 0.8688196380301135,
    "reps": 0.008575857113343228
  }
}