{
  "exercise": {
    "f1_macro": 0.36476073994802016,
    "balanced_accuracy": 0.45783132530120485,
    "n": 374
  },
  "phase": {
    "f1_macro": 0.26350457155221435,
    "balanced_accuracy": 0.27760913120029146,
    "n": 374
  },
  "fatigue": {
    "mae": 0.9748704879679144,
    "pearson_r": 0.21833107736568982,
    "n": 374
  },
  "reps": {
    "mae": 0.21672807611216277,
    "n": 374
  },
  "val_total": 0.758705143622536,
  "val_total_per_task": {
    "exercise": 1.0488297416564616,
    "phase": 0.33289951149792596,
    "fatigue": 0.9748705172921247,
    "reps": 0.0371939343883392
  }
}