{
  "exercise": {
    "f1_macro": 0.443677010343677,
    "balanced_accuracy": 0.5107154606954125,
    "n": 266
  },
  "phase": {
    "f1_macro": 0.2909037279059742,
    "balanced_accuracy": 0.33229617604617606,
    "n": 194
  },
  "fatigue": {
    "mae": 1.4573249530075187,
    "pearson_r": 0.14231486731291265,
    "n": 266
  },
  "reps": {
    "mae": 0.4198743582225193,
    "n": 189
  },
  "val_total": 1.429944095754982,
  "val_total_per_task": {
    "exercise": 1.3877423544575398,
    "phase": 0.41750570526696684,
    "fatigue": 1.4573249530075187,
    "reps": 0.13849764658992453
  }
}