{
  "arch": "lstm_raw",
  "summary": {
    "val_total": {
      "mean": 1.172890743687446,
      "std": 0.07060487679008554,
      "n": 5
    },
    "exercise": {
      "f1_macro": {
        "mean": 0.2867911340124704,
        "std": 0.07325661800365363,
        "n": 5
      },
      "balanced_accuracy": {
        "mean": 0.3707302734287227,
        "std": 0.07085201392036203,
        "n": 5
      }
    },
    "phase": {
      "f1_macro": {
        "mean": 0.2760293519632792,
        "std": 0.03733495427000416,
        "n": 5
      },
      "balanced_accuracy": {
        "mean": 0.3338176024451349,
        "std": 0.009754615615546417,
        "n": 5
      }
    },
    "fatigue": {
      "mae": {
        "mean": 1.0750061050862165,
        "std": 0.09898391679040135,
        "n": 5
      },
      "pearson_r": {
        "mean": 0.1463967415568357,
        "std": 0.22541830812978186,
        "n": 5
      }
    },
    "reps": {
      "mae": {
        "mean": 0.11194644657215366,
        "std": 0.018279808749207115,
        "n": 5
      }
    }
  },
  "enabled_tasks": [
    "exercise",
    "phase",
    "fatigue",
    "reps"
  ],
  "all_results": [
    {
      "seed": 42,
      "fold": 0,
      "test_subjects": [
        "Tias",
        "sivert"
      ],
      "metrics": {
        "exercise": {
          "f1_macro": 0.3262622543842221,
          "balanced_accuracy": 0.41008674567125436,
          "n": 1256
        },
        "phase": {
          "f1_macro": 0.2628379485498935,
          "balanced_accuracy": 0.32683859202590093,
          "n": 1069
        },
        "fatigue": {
          "mae": 1.1210159982085988,
          "pearson_r": 0.2106828428959187,
          "n": 1256
        },
        "reps": {
          "mae": 0.1411195407960225,
          "n": 1067
        },
        "val_total": 1.1242356383876435,
        "val_total_per_task": {
          "exercise": 1.0984290997693493,
          "phase": 0.42076617270518263,
          "fatigue": 1.1210159970696565,
          "reps": 0.014500396871927437
        }
      }
    },
    {
      "seed": 42,
      "fold": 1,
      "test_subjects": [
        "Raghild",
        "michael"
      ],
      "metrics": {
        "exercise": {
          "f1_macro": 0.26358282892285334,
          "balanced_accuracy": 0.33830586734107865,
          "n": 1361
        },
        "phase": {
          "f1_macro": 0.29722132222479364,
          "balanced_accuracy": 0.3217417751567078,
          "n": 969
        },
        "fatigue": {
          "mae": 1.2254287977590008,
          "pearson_r": 0.3968555950311322,
          "n": 1361
        },
        "reps": {
          "mae": 0.09903400184787593,
          "n": 964
        },
        "val_total": 1.304245976995318,
        "val_total_per_task": {
          "exercise": 1.2944304470101495,
          "phase": 0.49523196209011316,
          "fatigue": 1.2254288097587602,
          "reps": 0.008475109694620031
        }
      }
    },
    {
      "seed": 42,
      "fold": 2,
      "test_subjects": [
        "Juile",
        "lucas 2"
      ],
      "metrics": {
        "exercise": {
          "f1_macro": 0.3226138161552713,
          "balanced_accuracy": 0.400713299585826,
          "n": 1509
        },
        "phase": {
          "f1_macro": 0.32893609846003097,
          "balanced_accuracy": 0.3372495446265938,
          "n": 1113
        },
        "fatigue": {
          "mae": 0.9719107231610338,
          "pearson_r": 0.3216417751280289,
          "n": 1509
        },
        "reps": {
          "mae": 0.08720383290983838,
          "n": 1107
        },
        "val_total": 1.143960030289025,
        "val_total_per_task": {
          "exercise": 1.1538870463393396,
          "phase": 0.5149367762725823,
          "fatigue": 0.9719107346948683,
          "reps": 0.007386633867707728
        }
      }
    },
    {
      "seed": 42,
      "fold": 3,
      "test_subjects": [
        "Hytten",
        "lucas"
      ],
      "metrics": {
        "exercise": {
          "f1_macro": 0.15563808237677246,
          "balanced_accuracy": 0.25,
          "n": 1106
        },
        "phase": {
          "f1_macro": 0.27466527323397555,
          "balanced_accuracy": 0.35021435097336423,
          "n": 944
        },
        "fatigue": {
          "mae": 0.9602911674954792,
          "pearson_r": -0.2335960525091948,
          "n": 1106
        },
        "reps": {
          "mae": 0.11464023840758161,
          "n": 941
        },
        "val_total": 1.1848722517382604,
        "val_total_per_task": {
          "exercise": 1.3010818994929088,
          "phase": 0.5109657728219335,
          "fatigue": 0.9602911646930908,
          "reps": 0.011073268667052064
        }
      }
    },
    {
      "seed": 42,
      "fold": 4,
      "test_subjects": [
        "kiyomi"
      ],
      "metrics": {
        "exercise": {
          "f1_macro": 0.36585868822323303,
          "balanced_accuracy": 0.4545454545454546,
          "n": 746
        },
        "phase": {
          "f1_macro": 0.21648611734770243,
          "balanced_accuracy": 0.33304374944310794,
          "n": 746
        },
        "fatigue": {
          "mae": 1.0963838388069704,
          "pearson_r": 0.03639954723829344,
          "n": 746
        },
        "reps": {
          "mae": 0.1177346188994499,
          "n": 746
        },
        "val_total": 1.1071398210269836,
        "val_total_per_task": {
          "exercise": 1.042705968301993,
          "phase": 0.4806222417878721,
          "fatigue": 1.0963838560651518,
          "reps": 0.010770860609995455
        }
      }
    }
  ]
}