{
  "exercise": {
    "f1_macro": 0.37214282281790567,
    "balanced_accuracy": 0.4162423483246348,
    "n": 682
  },
  "phase": {
    "f1_macro": 0.2789894988196348,
    "balanced_accuracy": 0.3535833578937027,
    "n": 488
  },
  "fatigue": {
    "mae": 1.1911084127565983,
    "pearson_r": 0.35112867863566755,
    "n": 682
  },
  "reps": {
    "mae": 0.18391851212875723,
    "n": 482
  },
  "val_total": 0.3613307273283033,
  "val_total_per_task": {
    "exercise": 1.3429580203249307,
    "phase": 0.5103282830582336,
    "fatigue": 1.1911084159028844,
    "reps": 0.02757945927706632
  }
}