{
  "exercise": {
    "f1_macro": 0.3785285490826122,
    "balanced_accuracy": 0.45301095435009936,
    "n": 1256
  },
  "phase": {
    "f1_macro": 0.34067546671920423,
    "balanced_accuracy": 0.34425785878325993,
    "n": 1069
  },
  "fatigue": {
    "mae": 1.067507215366242,
    "pearson_r": 0.3410305285821751,
    "n": 1256
  },
  "reps": {
    "mae": 0.12455959842630226,
    "n": 1067
  },
  "val_total": -0.2646710766348869,
  "val_total_per_task": {
    "exercise": 1.2140732289879186,
    "phase": 0.42513917927529404,
    "fatigue": 1.0675072170746553,
    "reps": 0.011916279608893927
  }
}