{
  "exercise": {
    "f1_macro": 0.1565896739130435,
    "balanced_accuracy": 0.25,
    "n": 1106
  },
  "phase": {
    "f1_macro": 0.3287115372563765,
    "balanced_accuracy": 0.33918991730503434,
    "n": 944
  },
  "fatigue": {
    "mae": 0.9873841546112115,
    "pearson_r": -0.25404218950378044,
    "n": 1106
  },
  "reps": {
    "mae": 0.11656337758396554,
    "n": 941
  },
  "val_total": 1.0064979565294483,
  "val_total_per_task": {
    "exercise": 1.4349716201182083,
    "phase": 0.5027359161411444,
    "fatigue": 0.9873841531022333,
    "reps": 0.012080680292645371
  }
}