{
  "exercise": {
    "f1_macro": 0.38329367939596987,
    "balanced_accuracy": 0.45567824316821914,
    "n": 266
  },
  "phase": {
    "f1_macro": 0.30004310079428603,
    "balanced_accuracy": 0.3226461038961039,
    "n": 194
  },
  "fatigue": {
    "mae": 1.6705386513157894,
    "pearson_r": 0.2676584435982922,
    "n": 266
  },
  "reps": {
    "mae": 0.47563683461378176,
    "n": 189
  },
  "val_total": 1.3554156525690753,
  "val_total_per_task": {
    "exercise": 1.2352505985059237,
    "phase": 0.3709918036496729,
    "fatigue": 1.6705386549010313,
    "reps": 0.1524074597466261
  }
}