{
  "exercise": {
    "f1_macro": 0.15521587556985786,
    "balanced_accuracy": 0.2665094339622642,
    "n": 1509
  },
  "phase": {
    "f1_macro": 0.30320565490755996,
    "balanced_accuracy": 0.33642987249544626,
    "n": 1113
  },
  "fatigue": {
    "mae": 0.9932566061961564,
    "pearson_r": 0.2895238527780117,
    "n": 1509
  },
  "reps": {
    "mae": 0.08610259838420779,
    "n": 1107
  },
  "val_total": -0.0990955648712957,
  "val_total_per_task": {
    "exercise": 1.2745299020139014,
    "phase": 0.8277221381308781,
    "fatigue": 0.9932566017722199,
    "reps": 0.006904846579120343
  }
}