{
  "exercise": {
    "f1_macro": 0.32412259401382354,
    "balanced_accuracy": 0.3240251760908619,
    "n": 96301
  },
  "phase": {
    "f1_macro": 0.2959505823590167,
    "balanced_accuracy": 0.3297958052312611,
    "n": 55121
  },
  "fatigue": {
    "mae": 0.992360110466154,
    "pearson_r": -0.21562578694480136,
    "n": 96301
  },
  "reps": {
    "mae": 2.5831659165247296,
    "n": 96301
  }
}