{
  "exercise": {
    "f1_macro": 0.7119425467690247,
    "balanced_accuracy": 0.7020666847197441,
    "n": 252
  },
  "phase": {
    "f1_macro": 0.33856437082243535,
    "balanced_accuracy": 0.3653653653653654,
    "n": 217
  },
  "fatigue": {
    "mae": 1.199094742063492,
    "pearson_r": 0.17007609239776703,
    "n": 252
  },
  "reps": {
    "mae": 0.559758134847768,
    "n": 214
  },
  "val_total": 0.6105640530586243,
  "val_total_per_task": {
    "exercise": 0.6238715052604675,
    "phase": 0.276077538728714,
    "fatigue": 1.1990947723388672,
    "reps": 0.21298104524612427
  }
}