{
  "exercise": {
    "f1_macro": 0.4425410793804573,
    "balanced_accuracy": 0.49532449053902156,
    "n": 1361
  },
  "phase": {
    "f1_macro": 0.32042369927246966,
    "balanced_accuracy": 0.33499054189384664,
    "n": 969
  },
  "fatigue": {
    "mae": 1.1745126515429831,
    "pearson_r": 0.39173110803392885,
    "n": 1361
  },
  "reps": {
    "mae": 0.09431288215714309,
    "n": 964
  },
  "val_total": -0.1991764460303694,
  "val_total_per_task": {
    "exercise": 1.3109119465734747,
    "phase": 0.6905321605410495,
    "fatigue": 1.1745126503167302,
    "reps": 0.007650738249448711
  }
}