{
  "exercise": {
    "f1_macro": 0.42409661219348616,
    "balanced_accuracy": 0.4867637877923448,
    "n": 626
  },
  "phase": {
    "f1_macro": 0.28027716438603184,
    "balanced_accuracy": 0.3236647173489278,
    "n": 533
  },
  "fatigue": {
    "mae": 1.0319114416932906,
    "pearson_r": 0.4030942147224895,
    "n": 626
  },
  "reps": {
    "mae": 0.2619547786589242,
    "n": 531
  },
  "val_total": -0.02308061214300771,
  "val_total_per_task": {
    "exercise": 1.1586620666729375,
    "phase": 0.2777432168063264,
    "fatigue": 1.0319114475966262,
    "reps": 0.04858823221760055
  }
}