{
  "exercise": {
    "f1_macro": 0.3968528926233499,
    "balanced_accuracy": 0.3978447148090005,
    "n": 304
  },
  "phase": {
    "f1_macro": 0.33118242064876174,
    "balanced_accuracy": 0.36260779355508005,
    "n": 229
  },
  "fatigue": {
    "mae": 1.0857961554276316,
    "pearson_r": 0.4487328281399401,
    "n": 304
  },
  "reps": {
    "mae": 0.4294069115565296,
    "n": 223
  },
  "val_total": 1.1604496899404024,
  "val_total_per_task": {
    "exercise": 1.334027836197301,
    "phase": 0.32774911742461355,
    "fatigue": 1.0857961679759778,
    "reps": 0.13460009427447067
  }
}