{
  "arch": "lstm_raw",
  "summary": {
    "val_total": {
      "mean": -0.3313324611453568,
      "std": 0.21844071642439578,
      "n": 5
    },
    "exercise": {
      "f1_macro": {
        "mean": 0.3393855623172769,
        "std": 0.08071408520484186,
        "n": 5
      },
      "balanced_accuracy": {
        "mean": 0.39156471500391543,
        "std": 0.0919574789198239,
        "n": 5
      }
    },
    "phase": {
      "f1_macro": {
        "mean": 0.29984362573982803,
        "std": 0.015550548146628812,
        "n": 5
      },
      "balanced_accuracy": {
        "mean": 0.3270440631345489,
        "std": 0.0083028517297795,
        "n": 5
      }
    },
    "fatigue": {
      "mae": {
        "mean": 1.0214085542846423,
        "std": 0.1299553296171639,
        "n": 5
      },
      "pearson_r": {
        "mean": 0.24546976304519957,
        "std": 0.24433028117846073,
        "n": 5
      }
    },
    "reps": {
      "mae": {
        "mean": 0.1038784533853913,
        "std": 0.012668121986169765,
        "n": 5
      }
    }
  },
  "enabled_tasks": [
    "exercise",
    "phase",
    "fatigue",
    "reps"
  ],
  "all_results": [
    {
      "seed": 42,
      "fold": 0,
      "test_subjects": [
        "Tias",
        "sivert"
      ],
      "metrics": {
        "exercise": {
          "f1_macro": 0.3309735689330279,
          "balanced_accuracy": 0.4107427455801828,
          "n": 1256
        },
        "phase": {
          "f1_macro": 0.2852554891992483,
          "balanced_accuracy": 0.33203999239354626,
          "n": 1069
        },
        "fatigue": {
          "mae": 1.0961727458200636,
          "pearson_r": 0.286185988191967,
          "n": 1256
        },
        "reps": {
          "mae": 0.11967579488037634,
          "n": 1067
        },
        "val_total": -0.4657566813146992,
        "val_total_per_task": {
          "exercise": 1.241058443761935,
          "phase": 0.4255104442690588,
          "fatigue": 1.0961727463895348,
          "reps": 0.01143234229652555
        }
      }
    },
    {
      "seed": 42,
      "fold": 1,
      "test_subjects": [
        "Raghild",
        "michael"
      ],
      "metrics": {
        "exercise": {
          "f1_macro": 0.4425410793804573,
          "balanced_accuracy": 0.49532449053902156,
          "n": 1361
        },
        "phase": {
          "f1_macro": 0.32042369927246966,
          "balanced_accuracy": 0.33499054189384664,
          "n": 969
        },
        "fatigue": {
          "mae": 1.1745126515429831,
          "pearson_r": 0.39173110803392885,
          "n": 1361
        },
        "reps": {
          "mae": 0.09431288215714309,
          "n": 964
        },
        "val_total": -0.1991764460303694,
        "val_total_per_task": {
          "exercise": 1.3109119465734747,
          "phase": 0.6905321605410495,
          "fatigue": 1.1745126503167302,
          "reps": 0.007650738249448711
        }
      }
    },
    {
      "seed": 42,
      "fold": 2,
      "test_subjects": [
        "Juile",
        "lucas 2"
      ],
      "metrics": {
        "exercise": {
          "f1_macro": 0.36631374725105725,
          "balanced_accuracy": 0.38567512263491843,
          "n": 1509
        },
        "phase": {
          "f1_macro": 0.29057104320867677,
          "balanced_accuracy": 0.3330601092896175,
          "n": 1113
        },
        "fatigue": {
          "mae": 1.012308958747515,
          "pearson_r": 0.3644951552640866,
          "n": 1509
        },
        "reps": {
          "mae": 0.0858727631431709,
          "n": 1107
        },
        "val_total": -0.09338022155268766,
        "val_total_per_task": {
          "exercise": 1.2343402233559853,
          "phase": 0.8267348730619417,
          "fatigue": 1.0123089566935444,
          "reps": 0.007008165246982934
        }
      }
    },
    {
      "seed": 42,
      "fold": 3,
      "test_subjects": [
        "Hytten",
        "lucas"
      ],
      "metrics": {
        "exercise": {
          "f1_macro": 0.19567973173239356,
          "balanced_accuracy": 0.2228993980836362,
          "n": 1106
        },
        "phase": {
          "f1_macro": 0.3169981755219246,
          "balanced_accuracy": 0.32207463630613536,
          "n": 944
        },
        "fatigue": {
          "mae": 1.0373212872965643,
          "pearson_r": -0.23498422537382493,
          "n": 1106
        },
        "reps": {
          "mae": 0.11558919844631299,
          "n": 941
        },
        "val_total": -0.20560528981965878,
        "val_total_per_task": {
          "exercise": 1.5800979952268963,
          "phase": 0.504858961049299,
          "fatigue": 1.0373212816917874,
          "reps": 0.011702325671682199
        }
      }
    },
    {
      "seed": 42,
      "fold": 4,
      "test_subjects": [
        "kiyomi"
      ],
      "metrics": {
        "exercise": {
          "f1_macro": 0.3614196842894486,
          "balanced_accuracy": 0.4431818181818182,
          "n": 746
        },
        "phase": {
          "f1_macro": 0.285969721496821,
          "balanced_accuracy": 0.3130550357895987,
          "n": 746
        },
        "fatigue": {
          "mae": 0.7867271280160858,
          "pearson_r": 0.41992078910984043,
          "n": 746
        },
        "reps": {
          "mae": 0.10394162829995315,
          "n": 746
        },
        "val_total": -0.692743667009369,
        "val_total_per_task": {
          "exercise": 1.1465160961764747,
          "phase": 0.47997237642073437,
          "fatigue": 0.7867271229025505,
          "reps": 0.009751169280655902
        }
      }
    }
  ]
}