{
  "exercise": {
    "f1_macro": 0.4319112513426423,
    "balanced_accuracy": 0.5102528118767092,
    "n": 266
  },
  "phase": {
    "f1_macro": 0.285986248292235,
    "balanced_accuracy": 0.32273629148629146,
    "n": 194
  },
  "fatigue": {
    "mae": 1.5335702537593985,
    "pearson_r": 0.28642418508840145,
    "n": 266
  },
  "reps": {
    "mae": 0.44486456237260313,
    "n": 189
  },
  "val_total": 1.1549064629059984,
  "val_total_per_task": {
    "exercise": 1.3159827899215812,
    "phase": 0.3715917490478745,
    "fatigue": 1.5335702573446404,
    "reps": 0.1386919953769311
  }
}