{
  "exercise": {
    "f1_macro": 0.1826274377834399,
    "balanced_accuracy": 0.20274453750125698,
    "n": 1106
  },
  "phase": {
    "f1_macro": 0.3327695041980756,
    "balanced_accuracy": 0.3371377702813503,
    "n": 944
  },
  "fatigue": {
    "mae": 1.1238803966998192,
    "pearson_r": -0.2502596659087043,
    "n": 1106
  },
  "reps": {
    "mae": 0.12108176424540183,
    "n": 941
  },
  "val_total": 0.4553762355290528,
  "val_total_per_task": {
    "exercise": 1.8276660733369547,
    "phase": 0.5044315475667364,
    "fatigue": 1.1238803936818624,
    "reps": 0.013174242715588745
  }
}