{
  "exercise": {
    "f1_macro": 0.2771479972172814,
    "balanced_accuracy": 0.37265841757047785,
    "n": 682
  },
  "phase": {
    "f1_macro": 0.30185857405325633,
    "balanced_accuracy": 0.34670645446507514,
    "n": 488
  },
  "fatigue": {
    "mae": 1.1486465588343109,
    "pearson_r": 0.3743423330529382,
    "n": 682
  },
  "reps": {
    "mae": 0.18599250842334075,
    "n": 482
  },
  "val_total": 0.6693092553147123,
  "val_total_per_task": {
    "exercise": 1.2755583206579482,
    "phase": 0.5299509326733453,
    "fatigue": 1.1486465640781212,
    "reps": 0.028331344078712798
  }
}