{
  "exercise": {
    "f1_macro": 0.12299168975069252,
    "balanced_accuracy": 0.24943820224719102,
    "n": 1361
  },
  "phase": {
    "f1_macro": 0.2192982456140351,
    "balanced_accuracy": 0.3333333333333333,
    "n": 969
  },
  "fatigue": {
    "mae": 1.2397478875826597,
    "pearson_r": 0.20066956547227857,
    "n": 1361
  },
  "reps": {
    "mae": 0.09563001013975359,
    "n": 964
  },
  "val_total": 1.456685102923139,
  "val_total_per_task": {
    "exercise": 1.344786127379149,
    "phase": 0.49421484119133596,
    "fatigue": 1.2397478870571228,
    "reps": 0.00817651627482648
  }
}