{
  "exercise": {
    "f1_macro": 0.28614533777795903,
    "balanced_accuracy": 0.32105019321658934,
    "n": 1106
  },
  "phase": {
    "f1_macro": 0.32347505850599495,
    "balanced_accuracy": 0.334134514020662,
    "n": 944
  },
  "fatigue": {
    "mae": 1.071721716772152,
    "pearson_r": -0.2274013118185833,
    "n": 1106
  },
  "reps": {
    "mae": 0.1152140696784907,
    "n": 941
  },
  "val_total": 0.8118939585108007,
  "val_total_per_task": {
    "exercise": 1.4584395797084513,
    "phase": 0.5021957538442628,
    "fatigue": 1.0717217090116917,
    "reps": 0.012024189465111678
  }
}