{
  "exercise": {
    "f1_macro": 0.5831434855383453,
    "balanced_accuracy": 0.5788771809964263,
    "n": 252
  },
  "phase": {
    "f1_macro": 0.33763440860215055,
    "balanced_accuracy": 0.36066836066836067,
    "n": 217
  },
  "fatigue": {
    "mae": 1.1743861607142858,
    "pearson_r": 0.25176119808529673,
    "n": 252
  },
  "reps": {
    "mae": 0.51609029868078,
    "n": 214
  },
  "val_total": 1.1311417818069458,
  "val_total_per_task": {
    "exercise": 0.9215390682220459,
    "phase": 0.2670213282108307,
    "fatigue": 1.1743862628936768,
    "reps": 0.18852022290229797
  }
}