{
  "lr": 0.0004064644058668378,
  "weight_decay": 2.2264204303769692e-06,
  "batch_size": 64,
  "dropout": 0.12542334011440948,
  "repr_dim": 256,
  "lstm_hidden": 64,
  "lstm_layers": 1,
  "_patience": 50
}