{
  "exercise": {
    "f1_macro": 0.36826252377932783,
    "balanced_accuracy": 0.45481927710843373,
    "n": 374
  },
  "phase": {
    "f1_macro": 0.3035629267418349,
    "balanced_accuracy": 0.35141561937142046,
    "n": 374
  },
  "fatigue": {
    "mae": 0.9552870153743316,
    "pearson_r": 0.1261957236601243,
    "n": 374
  },
  "reps": {
    "mae": 0.20401789432511053,
    "n": 374
  },
  "val_total": -0.15771584013566614,
  "val_total_per_task": {
    "exercise": 1.0822463481821478,
    "phase": 0.3291216667960672,
    "fatigue": 0.9552869994372608,
    "reps": 0.03516072327679491
  }
}