{
  "exercise": {
    "f1_macro": 0.1218274111675127,
    "balanced_accuracy": 0.25,
    "n": 149
  },
  "phase": {
    "f1_macro": 0.2171945701357466,
    "balanced_accuracy": 0.3333333333333333,
    "n": 149
  },
  "fatigue": {
    "mae": 0.8901531040268457,
    "pearson_r": 0.37985209065145525,
    "n": 149
  },
  "reps": {
    "mae": 0.4919845244703477,
    "n": 149
  },
  "val_total": 1.3688411712646484,
  "val_total_per_task": {
    "exercise": 1.4012033939361572,
    "phase": 0.30795374512672424,
    "fatigue": 0.8901531100273132,
    "reps": 0.18072627484798431
  }
}