{
  "lr": 0.00010727173462598614,
  "weight_decay": 0.00010466834863208652,
  "batch_size": 64,
  "dropout": 0.34628735086705836,
  "repr_dim": 128,
  "lstm_hidden": 32,
  "lstm_layers": 1,
  "_patience": 50
}