{
  "exercise": {
    "f1_macro": 0.5352830605926582,
    "balanced_accuracy": 0.6538281706604325,
    "n": 218
  },
  "phase": {
    "f1_macro": 0.257516339869281,
    "balanced_accuracy": 0.3580168776371308,
    "n": 187
  },
  "fatigue": {
    "mae": 1.1980002866972477,
    "pearson_r": -0.3052844118111361,
    "n": 218
  },
  "reps": {
    "mae": 0.45128301142350485,
    "n": 184
  },
  "val_total": 2.093241779082412,
  "val_total_per_task": {
    "exercise": 1.212841832309688,
    "phase": 0.3305037962187321,
    "fatigue": 1.1980002834162582,
    "reps": 0.15356084171238296
  }
}