{
  "exercise": {
    "f1_macro": 0.3061902686151083,
    "balanced_accuracy": 0.29598741479899815,
    "n": 1509
  },
  "phase": {
    "f1_macro": 0.3435454817711774,
    "balanced_accuracy": 0.34755110301558384,
    "n": 1113
  },
  "fatigue": {
    "mae": 0.9143265407554672,
    "pearson_r": 0.44640548049393863,
    "n": 1509
  },
  "reps": {
    "mae": 0.087857621666818,
    "n": 1107
  },
  "val_total": 0.6612342915999486,
  "val_total_per_task": {
    "exercise": 1.332405949128709,
    "phase": 0.8110112762158876,
    "fatigue": 0.9143265427304389,
    "reps": 0.007332011765070294
  }
}