{
  "exercise": {
    "f1_macro": 0.2272942289092624,
    "balanced_accuracy": 0.2650014134670834,
    "n": 1106
  },
  "phase": {
    "f1_macro": 0.31477431885538304,
    "balanced_accuracy": 0.32300700447443015,
    "n": 944
  },
  "fatigue": {
    "mae": 0.9619652746383364,
    "pearson_r": -0.23753858500748473,
    "n": 1106
  },
  "reps": {
    "mae": 0.11448621417803534,
    "n": 941
  },
  "val_total": 0.9927245548793248,
  "val_total_per_task": {
    "exercise": 1.4545602636785662,
    "phase": 0.501750059520142,
    "fatigue": 0.9619652686024229,
    "reps": 0.012035117989867441
  }
}