{
  "exercise": {
    "f1_macro": 0.14812558978711282,
    "balanced_accuracy": 0.16255512778152878,
    "n": 1106
  },
  "phase": {
    "f1_macro": 0.3313818722623754,
    "balanced_accuracy": 0.35463255792161547,
    "n": 944
  },
  "fatigue": {
    "mae": 1.2398282097649187,
    "pearson_r": -0.4191985890696889,
    "n": 1106
  },
  "reps": {
    "mae": 0.1265628918434823,
    "n": 941
  },
  "val_total": 0.8812728686962162,
  "val_total_per_task": {
    "exercise": 2.054407540755936,
    "phase": 0.5055638742490013,
    "fatigue": 1.2398281929505885,
    "reps": 0.012464852577536814
  }
}