{
  "exercise": {
    "f1_macro": 0.5451776731071166,
    "balanced_accuracy": 0.6182598039215687,
    "n": 149
  },
  "phase": {
    "f1_macro": 0.2899641577060932,
    "balanced_accuracy": 0.32229344729344733,
    "n": 149
  },
  "fatigue": {
    "mae": 0.9359270134228188,
    "pearson_r": -0.1783270064132299,
    "n": 149
  },
  "reps": {
    "mae": 0.46857958540770434,
    "n": 149
  },
  "val_total": 0.5309288177714252,
  "val_total_per_task": {
    "exercise": 0.9601526440390005,
    "phase": 0.3049429171037354,
    "fatigue": 0.9359270238236292,
    "reps": 0.16954991271431813
  }
}