{
  "exercise": {
    "f1_macro": 0.4408349379157131,
    "balanced_accuracy": 0.43010653780743063,
    "n": 304
  },
  "phase": {
    "f1_macro": 0.3058754578754579,
    "balanced_accuracy": 0.33067496595992996,
    "n": 229
  },
  "fatigue": {
    "mae": 1.7050717002467106,
    "pearson_r": 0.15374496402789625,
    "n": 304
  },
  "reps": {
    "mae": 0.44308417503024566,
    "n": 223
  },
  "val_total": 1.6593447484468158,
  "val_total_per_task": {
    "exercise": 1.294009152211641,
    "phase": 0.34408695760526153,
    "fatigue": 1.7050717002467106,
    "reps": 0.13996021371138723
  }
}