{
  "exercise": {
    "f1_macro": 0.47100686399846303,
    "balanced_accuracy": 0.532824593096364,
    "n": 218
  },
  "phase": {
    "f1_macro": 0.32685734844396475,
    "balanced_accuracy": 0.35299194476409673,
    "n": 187
  },
  "fatigue": {
    "mae": 1.227798881880734,
    "pearson_r": -0.2181934431767642,
    "n": 218
  },
  "reps": {
    "mae": 0.414227529388407,
    "n": 184
  },
  "val_total": 1.0781633853912354,
  "val_total_per_task": {
    "exercise": 1.1610033512115479,
    "phase": 0.3367479145526886,
    "fatigue": 1.2277988195419312,
    "reps": 0.1451464295387268
  }
}