{
  "exercise": {
    "f1_macro": 0.2895444804158497,
    "balanced_accuracy": 0.36515151515151517,
    "n": 746
  },
  "phase": {
    "f1_macro": 0.27346376183715165,
    "balanced_accuracy": 0.320257506905462,
    "n": 746
  },
  "fatigue": {
    "mae": 1.0626570878016086,
    "pearson_r": 0.277881187040168,
    "n": 746
  },
  "reps": {
    "mae": 0.10697032167169268,
    "n": 746
  },
  "val_total": -0.5461047181495073,
  "val_total_per_task": {
    "exercise": 1.1907091655296551,
    "phase": 0.4812495380080737,
    "fatigue": 1.0626571012246384,
    "reps": 0.009758476539946912
  }
}