{
  "exercise": {
    "f1_macro": 0.40076609573532934,
    "balanced_accuracy": 0.4585950277811657,
    "n": 1361
  },
  "phase": {
    "f1_macro": 0.31743624090562866,
    "balanced_accuracy": 0.3226838767108045,
    "n": 969
  },
  "fatigue": {
    "mae": 1.2032570260837618,
    "pearson_r": 0.3788927222193394,
    "n": 1361
  },
  "reps": {
    "mae": 0.09716005432245581,
    "n": 964
  },
  "val_total": -0.1723743511595155,
  "val_total_per_task": {
    "exercise": 1.2657582162496888,
    "phase": 0.6984723537481505,
    "fatigue": 1.2032570244195617,
    "reps": 0.008167981860569344
  }
}