{
  "repr_dim": 128,
  "dropout": 0.20351199264000677,
  "lr": 0.002298752892366083,
  "hidden": 64,
  "n_layers": 2
}