{
  "exercise": {
    "f1_macro": 0.3700447093889717,
    "balanced_accuracy": 0.4575757575757576,
    "n": 746
  },
  "phase": {
    "f1_macro": 0.2508085725960072,
    "balanced_accuracy": 0.3303409664676706,
    "n": 746
  },
  "fatigue": {
    "mae": 0.9697710707104558,
    "pearson_r": 0.16946207625464932,
    "n": 746
  },
  "reps": {
    "mae": 0.10816705230393774,
    "n": 746
  },
  "val_total": 0.1005435779331197,
  "val_total_per_task": {
    "exercise": 1.0112779079749181,
    "phase": 0.47855863031049833,
    "fatigue": 0.9697710895666168,
    "reps": 0.00999960343006389
  }
}