{
  "exercise": {
    "f1_macro": 0.2521567925541435,
    "balanced_accuracy": 0.35187685796342016,
    "n": 1361
  },
  "phase": {
    "f1_macro": 0.2192982456140351,
    "balanced_accuracy": 0.3333333333333333,
    "n": 969
  },
  "fatigue": {
    "mae": 1.2671777415503307,
    "pearson_r": 0.34362528718654944,
    "n": 1361
  },
  "reps": {
    "mae": 0.09626922568429988,
    "n": 964
  },
  "val_total": 1.2724150879080027,
  "val_total_per_task": {
    "exercise": 1.274334889050357,
    "phase": 0.722723171169665,
    "fatigue": 1.2671777440028362,
    "reps": 0.007759656037240235
  }
}