{
  "exercise": {
    "f1_macro": 0.1645855525308715,
    "balanced_accuracy": 0.20191569792229203,
    "n": 557
  },
  "phase": {
    "f1_macro": 0.2125055537454459,
    "balanced_accuracy": 0.3315028161802355,
    "n": 477
  },
  "fatigue": {
    "mae": 0.994747250897666,
    "pearson_r": -0.1807693329904775,
    "n": 557
  },
  "reps": {
    "mae": 0.23488151216201625,
    "n": 474
  },
  "val_total": 0.48136203699950897,
  "val_total_per_task": {
    "exercise": 1.7028488579943535,
    "phase": 0.40203763788007535,
    "fatigue": 0.9947472543219904,
    "reps": 0.045466143102844914
  }
}