{
  "exercise": {
    "f1_macro": 0.21245532549087698,
    "balanced_accuracy": 0.2411328669319504,
    "n": 1106
  },
  "phase": {
    "f1_macro": 0.32826055376390945,
    "balanced_accuracy": 0.33573687539531943,
    "n": 944
  },
  "fatigue": {
    "mae": 1.112949254068716,
    "pearson_r": -0.22059680358123587,
    "n": 1106
  },
  "reps": {
    "mae": 0.11714807374914564,
    "n": 941
  },
  "val_total": -0.1251649869501483,
  "val_total_per_task": {
    "exercise": 1.54629533372779,
    "phase": 0.5038559443265146,
    "fatigue": 1.1129492497573494,
    "reps": 0.012232564249923066
  }
}