{
  "arch": "cnn1d_raw",
  "summary": {
    "val_total": {
      "mean": 1.39902381414453,
      "std": 0.6311222373422896,
      "n": 5
    },
    "exercise": {
      "f1_macro": {
        "mean": 0.47510342150223883,
        "std": 0.16148453346715644,
        "n": 5
      },
      "balanced_accuracy": {
        "mean": 0.5039717939298208,
        "std": 0.14198125771312622,
        "n": 5
      }
    },
    "phase": {
      "f1_macro": {
        "mean": 0.343223182017811,
        "std": 0.09410040405466474,
        "n": 5
      },
      "balanced_accuracy": {
        "mean": 0.37277442000135774,
        "std": 0.05734361053352804,
        "n": 5
      }
    },
    "fatigue": {
      "mae": {
        "mean": 1.2302171501451504,
        "std": 0.18101061357083867,
        "n": 5
      },
      "pearson_r": {
        "mean": -0.020745029678038596,
        "std": 0.3399342402877217,
        "n": 5
      }
    },
    "reps": {
      "mae": {
        "mean": 0.4323025898304508,
        "std": 0.05719152751433441,
        "n": 5
      }
    }
  },
  "enabled_tasks": [
    "exercise",
    "phase",
    "fatigue",
    "reps"
  ],
  "all_results": [
    {
      "seed": 42,
      "fold": 0,
      "test_subjects": [
        "Tias",
        "sivert"
      ],
      "metrics": {
        "exercise": {
          "f1_macro": 0.7621214776888661,
          "balanced_accuracy": 0.7533198418508995,
          "n": 252
        },
        "phase": {
          "f1_macro": 0.4653451861882721,
          "balanced_accuracy": 0.4461769461769462,
          "n": 217
        },
        "fatigue": {
          "mae": 1.1710689484126984,
          "pearson_r": 0.08725812238309308,
          "n": 252
        },
        "reps": {
          "mae": 0.49794631782118404,
          "n": 214
        },
        "val_total": 0.3222549765829056,
        "val_total_per_task": {
          "exercise": 0.5403098236946833,
          "phase": 0.2893509819867119,
          "fatigue": 1.1710689446282765,
          "reps": 0.17330603443440937
        }
      }
    },
    {
      "seed": 42,
      "fold": 1,
      "test_subjects": [
        "Raghild",
        "michael"
      ],
      "metrics": {
        "exercise": {
          "f1_macro": 0.39907313997477933,
          "balanced_accuracy": 0.49853751567865445,
          "n": 266
        },
        "phase": {
          "f1_macro": 0.316862299633977,
          "balanced_accuracy": 0.34347943722943725,
          "n": 194
        },
        "fatigue": {
          "mae": 1.3872767857142858,
          "pearson_r": 0.26464358482623895,
          "n": 266
        },
        "reps": {
          "mae": 0.42716420685290973,
          "n": 189
        },
        "val_total": 2.157544881777656,
        "val_total_per_task": {
          "exercise": 1.5802764928430544,
          "phase": 0.38423803695162434,
          "fatigue": 1.3872767892995275,
          "reps": 0.15541875810551464
        }
      }
    },
    {
      "seed": 42,
      "fold": 2,
      "test_subjects": [
        "Juile",
        "lucas 2"
      ],
      "metrics": {
        "exercise": {
          "f1_macro": 0.5291250029506107,
          "balanced_accuracy": 0.532582744636316,
          "n": 304
        },
        "phase": {
          "f1_macro": 0.4386259289843106,
          "balanced_accuracy": 0.43658322485398937,
          "n": 229
        },
        "fatigue": {
          "mae": 0.9541786595394737,
          "pearson_r": 0.38511061227691895,
          "n": 304
        },
        "reps": {
          "mae": 0.3352348128450625,
          "n": 223
        },
        "val_total": 1.206017597725517,
        "val_total_per_task": {
          "exercise": 1.2160006071391858,
          "phase": 0.2721541696473172,
          "fatigue": 0.9541786658136469,
          "reps": 0.08946343511343002
        }
      }
    },
    {
      "seed": 42,
      "fold": 3,
      "test_subjects": [
        "Hytten",
        "lucas"
      ],
      "metrics": {
        "exercise": {
          "f1_macro": 0.3883862624071419,
          "balanced_accuracy": 0.38554141650284257,
          "n": 218
        },
        "phase": {
          "f1_macro": 0.2730602730602731,
          "balanced_accuracy": 0.33107978519370923,
          "n": 187
        },
        "fatigue": {
          "mae": 1.4669223050458715,
          "pearson_r": -0.43692295298065376,
          "n": 218
        },
        "reps": {
          "mae": 0.4195330969017485,
          "n": 184
        },
        "val_total": 1.8654224063278337,
        "val_total_per_task": {
          "exercise": 1.3325865695235926,
          "phase": 0.31647232393605995,
          "fatigue": 1.4669223028585452,
          "reps": 0.1377021075662123
        }
      }
    },
    {
      "seed": 42,
      "fold": 4,
      "test_subjects": [
        "kiyomi"
      ],
      "metrics": {
        "exercise": {
          "f1_macro": 0.2968112244897959,
          "balanced_accuracy": 0.34987745098039214,
          "n": 149
        },
        "phase": {
          "f1_macro": 0.22222222222222224,
          "balanced_accuracy": 0.30655270655270656,
          "n": 149
        },
        "fatigue": {
          "mae": 1.1716390520134228,
          "pearson_r": -0.40381451489579023,
          "n": 149
        },
        "reps": {
          "mae": 0.4816345147313488,
          "n": 149
        },
        "val_total": 1.4438792083087384,
        "val_total_per_task": {
          "exercise": 1.2126808998568746,
          "phase": 0.3062106535938762,
          "fatigue": 1.171639052413454,
          "reps": 0.17776408641530364
        }
      }
    }
  ]
}