{
  "exercise": {
    "f1_macro": 0.3226138161552713,
    "balanced_accuracy": 0.400713299585826,
    "n": 1509
  },
  "phase": {
    "f1_macro": 0.32893609846003097,
    "balanced_accuracy": 0.3372495446265938,
    "n": 1113
  },
  "fatigue": {
    "mae": 0.9719107231610338,
    "pearson_r": 0.3216417751280289,
    "n": 1509
  },
  "reps": {
    "mae": 0.08720383290983838,
    "n": 1107
  },
  "val_total": 1.143960030289025,
  "val_total_per_task": {
    "exercise": 1.1538870463393396,
    "phase": 0.5149367762725823,
    "fatigue": 0.9719107346948683,
    "reps": 0.007386633867707728
  }
}