{
  "exercise": {
    "f1_macro": 0.40508046154948724,
    "balanced_accuracy": 0.4461166716311775,
    "n": 1361
  },
  "phase": {
    "f1_macro": 0.29397991772417015,
    "balanced_accuracy": 0.33359445124439,
    "n": 969
  },
  "fatigue": {
    "mae": 1.1742916513592947,
    "pearson_r": 0.3758223196488773,
    "n": 1361
  },
  "reps": {
    "mae": 0.10423613374249012,
    "n": 964
  },
  "val_total": 0.25967548105490723,
  "val_total_per_task": {
    "exercise": 1.6569262360230166,
    "phase": 0.7056603543816201,
    "fatigue": 1.1742916548628741,
    "reps": 0.008588321173042169
  }
}