{
  "exercise": {
    "f1_macro": 0.4356429468812987,
    "balanced_accuracy": 0.5043052042851561,
    "n": 266
  },
  "phase": {
    "f1_macro": 0.28349423122203904,
    "balanced_accuracy": 0.3514610389610389,
    "n": 194
  },
  "fatigue": {
    "mae": 1.4271469689849625,
    "pearson_r": 0.2919416629754645,
    "n": 266
  },
  "reps": {
    "mae": 0.43579103497088584,
    "n": 189
  },
  "val_total": 1.4437788052666456,
  "val_total_per_task": {
    "exercise": 1.4028648451754921,
    "phase": 0.4162236747885109,
    "fatigue": 1.4271469725702042,
    "reps": 0.144882159125536
  }
}