{
  "exercise": {
    "f1_macro": 0.32450980392156864,
    "balanced_accuracy": 0.3630514705882353,
    "n": 149
  },
  "phase": {
    "f1_macro": 0.26834005677573586,
    "balanced_accuracy": 0.3386039886039886,
    "n": 149
  },
  "fatigue": {
    "mae": 1.1221030830536913,
    "pearson_r": 0.41985162314770214,
    "n": 149
  },
  "reps": {
    "mae": 0.5754530400712818,
    "n": 149
  },
  "val_total": 1.2642128467559814,
  "val_total_per_task": {
    "exercise": 1.3792482614517212,
    "phase": 0.3188902735710144,
    "fatigue": 1.1221030950546265,
    "reps": 0.2185760885477066
  }
}