{
  "exercise": {
    "f1_macro": 0.2084246789852803,
    "balanced_accuracy": 0.22947269303201506,
    "n": 218
  },
  "phase": {
    "f1_macro": 0.3767587285044294,
    "balanced_accuracy": 0.40889911775987725,
    "n": 187
  },
  "fatigue": {
    "mae": 1.2481185493119267,
    "pearson_r": -0.44895941957820645,
    "n": 218
  },
  "reps": {
    "mae": 0.517797231350256,
    "n": 184
  },
  "val_total": 1.6383814210191778,
  "val_total_per_task": {
    "exercise": 1.651815155230531,
    "phase": 0.31365460075369667,
    "fatigue": 1.248118578840833,
    "reps": 0.2200709906739926
  }
}