{
  "exercise": {
    "f1_macro": 0.14709636247606891,
    "balanced_accuracy": 0.25,
    "n": 1106
  },
  "phase": {
    "f1_macro": 0.26626696244778864,
    "balanced_accuracy": 0.3248389439407782,
    "n": 944
  },
  "fatigue": {
    "mae": 1.2411420660036165,
    "pearson_r": -0.31935226455743565,
    "n": 1106
  },
  "reps": {
    "mae": 0.1175557585612759,
    "n": 941
  },
  "val_total": -0.2683007721443935,
  "val_total_per_task": {
    "exercise": 1.3370023603680767,
    "phase": 0.5029426513485624,
    "fatigue": 1.2411420487581497,
    "reps": 0.012064668198350217
  }
}