{
  "exercise": {
    "f1_macro": 0.11766213791335556,
    "balanced_accuracy": 0.1914021442085348,
    "n": 252
  },
  "phase": {
    "f1_macro": 0.24822746172519047,
    "balanced_accuracy": 0.27612227612227613,
    "n": 217
  },
  "fatigue": {
    "mae": 1.1021050347222223,
    "pearson_r": 0.2712960619022076,
    "n": 252
  },
  "reps": {
    "mae": 0.648784553649548,
    "n": 214
  },
  "val_total": 1.3158930540084839,
  "val_total_per_task": {
    "exercise": 1.3610161542892456,
    "phase": 0.3226676285266876,
    "fatigue": 1.1021051406860352,
    "reps": 0.28022074699401855
  }
}