{
  "exercise": {
    "f1_macro": 0.3886637343381544,
    "balanced_accuracy": 0.4593869185260819,
    "n": 252
  },
  "phase": {
    "f1_macro": 0.32415607752534975,
    "balanced_accuracy": 0.36317086317086317,
    "n": 217
  },
  "fatigue": {
    "mae": 1.134827628968254,
    "pearson_r": 0.19611364792567548,
    "n": 252
  },
  "reps": {
    "mae": 0.6928463447664943,
    "n": 214
  },
  "val_total": 1.4164944887161255,
  "val_total_per_task": {
    "exercise": 1.181498646736145,
    "phase": 0.31135621666908264,
    "fatigue": 1.134827733039856,
    "reps": 0.3111690282821655
  }
}