{
  "exercise": {
    "f1_macro": 0.4028912282735827,
    "balanced_accuracy": 0.47158510766089073,
    "n": 252
  },
  "phase": {
    "f1_macro": 0.32916185342061355,
    "balanced_accuracy": 0.36224686224686226,
    "n": 217
  },
  "fatigue": {
    "mae": 1.144500248015873,
    "pearson_r": 0.12008666297012839,
    "n": 252
  },
  "reps": {
    "mae": 0.6262308278721627,
    "n": 214
  },
  "val_total": 0.9563912153244019,
  "val_total_per_task": {
    "exercise": 1.07807457447052,
    "phase": 0.318046897649765,
    "fatigue": 1.1445002555847168,
    "reps": 0.26292046904563904
  }
}