{
  "exercise": {
    "f1_macro": 0.3829264973092174,
    "balanced_accuracy": 0.4374495875817764,
    "n": 1361
  },
  "phase": {
    "f1_macro": 0.333145421585533,
    "balanced_accuracy": 0.3419457735247209,
    "n": 969
  },
  "fatigue": {
    "mae": 1.1897846252755326,
    "pearson_r": 0.4029618749609894,
    "n": 1361
  },
  "reps": {
    "mae": 0.09701921973818009,
    "n": 964
  },
  "val_total": -0.14400330823103705,
  "val_total_per_task": {
    "exercise": 1.3100188847940517,
    "phase": 0.7016964894195938,
    "fatigue": 1.1897846288667016,
    "reps": 0.0078036864394216655
  }
}