{
  "exercise": {
    "f1_macro": 0.38071646341463417,
    "balanced_accuracy": 0.47058823529411764,
    "n": 149
  },
  "phase": {
    "f1_macro": 0.20249221183800623,
    "balanced_accuracy": 0.3333333333333333,
    "n": 149
  },
  "fatigue": {
    "mae": 0.7642093120805369,
    "pearson_r": 0.4730085182381244,
    "n": 149
  },
  "reps": {
    "mae": 0.47858741168157765,
    "n": 149
  },
  "val_total": 0.8035439004834066,
  "val_total_per_task": {
    "exercise": 1.0267440432670132,
    "phase": 0.31466890761516236,
    "fatigue": 0.7642093096803498,
    "reps": 0.18056854305651365
  }
}