{
  "exercise": {
    "f1_macro": 0.3568771853071163,
    "balanced_accuracy": 0.4005663443473363,
    "n": 626
  },
  "phase": {
    "f1_macro": 0.21465030921021575,
    "balanced_accuracy": 0.32725146198830407,
    "n": 533
  },
  "fatigue": {
    "mae": 1.0495270067891374,
    "pearson_r": 0.3710419283453222,
    "n": 626
  },
  "reps": {
    "mae": 0.21920715852354683,
    "n": 531
  },
  "val_total": 0.02947115631530079,
  "val_total_per_task": {
    "exercise": 1.198295610019574,
    "phase": 0.2823275511447614,
    "fatigue": 1.0495270111690314,
    "reps": 0.03688700592960603
  }
}