{
  "arch": "cnn_lstm_raw",
  "summary": {
    "val_total": {
      "mean": 0.8035521885958208,
      "std": 0.1641166433663699,
      "n": 5
    },
    "exercise": {
      "f1_macro": {
        "mean": 0.38364502299975334,
        "std": 0.1134732876908521,
        "n": 5
      },
      "balanced_accuracy": {
        "mean": 0.420951749107375,
        "std": 0.13319219150839737,
        "n": 5
      }
    },
    "phase": {
      "f1_macro": {
        "mean": 0.30505109226737753,
        "std": 0.060944300646272265,
        "n": 5
      },
      "balanced_accuracy": {
        "mean": 0.3285599209498263,
        "std": 0.046620400452585475,
        "n": 5
      }
    },
    "fatigue": {
      "mae": {
        "mean": 1.086714829315816,
        "std": 0.11204547578499562,
        "n": 5
      },
      "pearson_r": {
        "mean": 0.06439006145895253,
        "std": 0.2877393832679863,
        "n": 5
      }
    },
    "reps": {
      "mae": {
        "mean": 0.4573117390511102,
        "std": 0.061954838709932694,
        "n": 5
      }
    }
  },
  "enabled_tasks": [
    "exercise",
    "phase",
    "fatigue",
    "reps"
  ],
  "all_results": [
    {
      "seed": 42,
      "fold": 0,
      "test_subjects": [
        "Tias",
        "sivert"
      ],
      "metrics": {
        "exercise": {
          "f1_macro": 0.4852220360284876,
          "balanced_accuracy": 0.5103500247496301,
          "n": 252
        },
        "phase": {
          "f1_macro": 0.2745559038662487,
          "balanced_accuracy": 0.2946792946792947,
          "n": 217
        },
        "fatigue": {
          "mae": 1.0726996527777777,
          "pearson_r": 0.3400964971966601,
          "n": 252
        },
        "reps": {
          "mae": 0.5684471150216098,
          "n": 214
        },
        "val_total": 0.8987909886572096,
        "val_total_per_task": {
          "exercise": 1.2833402251440382,
          "phase": 0.3003632028897603,
          "fatigue": 1.0726996262868245,
          "reps": 0.23205943949638852
        }
      }
    },
    {
      "seed": 42,
      "fold": 1,
      "test_subjects": [
        "Raghild",
        "michael"
      ],
      "metrics": {
        "exercise": {
          "f1_macro": 0.3341199783822735,
          "balanced_accuracy": 0.38441233318939816,
          "n": 266
        },
        "phase": {
          "f1_macro": 0.4232332464484389,
          "balanced_accuracy": 0.4196879509379509,
          "n": 194
        },
        "fatigue": {
          "mae": 1.2157248590225564,
          "pearson_r": 0.3657073280472569,
          "n": 266
        },
        "reps": {
          "mae": 0.4007137235963628,
          "n": 189
        },
        "val_total": 0.7302735873631069,
        "val_total_per_task": {
          "exercise": 1.1820982721515167,
          "phase": 0.3207974039522329,
          "fatigue": 1.2157248608151774,
          "reps": 0.1228081516753462
        }
      }
    },
    {
      "seed": 42,
      "fold": 2,
      "test_subjects": [
        "Juile",
        "lucas 2"
      ],
      "metrics": {
        "exercise": {
          "f1_macro": 0.24005377495090963,
          "balanced_accuracy": 0.22822434262166408,
          "n": 304
        },
        "phase": {
          "f1_macro": 0.2888888888888889,
          "balanced_accuracy": 0.30924593140115414,
          "n": 229
        },
        "fatigue": {
          "mae": 0.9984195106907895,
          "pearson_r": 0.15450274627017627,
          "n": 304
        },
        "reps": {
          "mae": 0.39847194161600197,
          "n": 223
        },
        "val_total": 1.0140062319604974,
        "val_total_per_task": {
          "exercise": 1.5385967116606862,
          "phase": 0.369143650719994,
          "fatigue": 0.9984195138278761,
          "reps": 0.14326078640787224
        }
      }
    },
    {
      "seed": 42,
      "fold": 3,
      "test_subjects": [
        "Hytten",
        "lucas"
      ],
      "metrics": {
        "exercise": {
          "f1_macro": 0.3136516525299795,
          "balanced_accuracy": 0.36351224105461394,
          "n": 218
        },
        "phase": {
          "f1_macro": 0.2486132644272179,
          "balanced_accuracy": 0.29689298043728424,
          "n": 187
        },
        "fatigue": {
          "mae": 1.2108031106651376,
          "pearson_r": -0.36002925780610057,
          "n": 218
        },
        "reps": {
          "mae": 0.4503463296138722,
          "n": 184
        },
        "val_total": 0.8437613172268649,
        "val_total_per_task": {
          "exercise": 1.3169796619940242,
          "phase": 0.3100151004047569,
          "fatigue": 1.2108031259764225,
          "reps": 0.18402081980891183
        }
      }
    },
    {
      "seed": 42,
      "fold": 4,
      "test_subjects": [
        "kiyomi"
      ],
      "metrics": {
        "exercise": {
          "f1_macro": 0.5451776731071166,
          "balanced_accuracy": 0.6182598039215687,
          "n": 149
        },
        "phase": {
          "f1_macro": 0.2899641577060932,
          "balanced_accuracy": 0.32229344729344733,
          "n": 149
        },
        "fatigue": {
          "mae": 0.9359270134228188,
          "pearson_r": -0.1783270064132299,
          "n": 149
        },
        "reps": {
          "mae": 0.46857958540770434,
          "n": 149
        },
        "val_total": 0.5309288177714252,
        "val_total_per_task": {
          "exercise": 0.9601526440390005,
          "phase": 0.3049429171037354,
          "fatigue": 0.9359270238236292,
          "reps": 0.16954991271431813
        }
      }
    }
  ]
}