{
  "lr": 0.004992843398112702,
  "weight_decay": 8.917196340389403e-05,
  "batch_size": 128,
  "dropout": 0.40205402174219596,
  "repr_dim": 64,
  "_patience": 50
}