{
  "exercise": {
    "f1_macro": 0.7903361453223466,
    "balanced_accuracy": 0.7838472549139407,
    "n": 252
  },
  "phase": {
    "f1_macro": 0.37134367977316257,
    "balanced_accuracy": 0.3754523754523755,
    "n": 217
  },
  "fatigue": {
    "mae": 1.2078993055555556,
    "pearson_r": 0.07970381623425683,
    "n": 252
  },
  "reps": {
    "mae": 0.4999112551248519,
    "n": 214
  },
  "val_total": 0.3854673353452531,
  "val_total_per_task": {
    "exercise": 0.4526738420365349,
    "phase": 0.2783837379917266,
    "fatigue": 1.2078992582502819,
    "reps": 0.18212057673741902
  }
}