{
  "exercise": {
    "f1_macro": 0.40280635968935424,
    "balanced_accuracy": 0.4528058882142949,
    "n": 1256
  },
  "phase": {
    "f1_macro": 0.28169330669330667,
    "balanced_accuracy": 0.3277223546850392,
    "n": 1069
  },
  "fatigue": {
    "mae": 1.0440977060111465,
    "pearson_r": 0.39477954725032827,
    "n": 1256
  },
  "reps": {
    "mae": 0.12825171832098245,
    "n": 1067
  },
  "val_total": 0.23421183361369333,
  "val_total_per_task": {
    "exercise": 1.1582017590285867,
    "phase": 0.42647754652484965,
    "fatigue": 1.044097708289031,
    "reps": 0.013141557906463647
  }
}