{
  "lr": 0.0005424298491176704,
  "weight_decay": 0.00030570441963530693,
  "batch_size": 128,
  "dropout": 0.47673757659503446,
  "repr_dim": 64,
  "_patience": 50
}