{
  "exercise": {
    "f1_macro": 0.34643143544506816,
    "balanced_accuracy": 0.42647058823529416,
    "n": 149
  },
  "phase": {
    "f1_macro": 0.25422082773046467,
    "balanced_accuracy": 0.30078347578347575,
    "n": 149
  },
  "fatigue": {
    "mae": 1.0189282718120805,
    "pearson_r": 0.4665724163088539,
    "n": 149
  },
  "reps": {
    "mae": 0.5139179888662676,
    "n": 149
  },
  "val_total": 1.060959815979004,
  "val_total_per_task": {
    "exercise": 1.12635338306427,
    "phase": 0.3128684163093567,
    "fatigue": 1.0189282894134521,
    "reps": 0.19114738702774048
  }
}