{
  "exercise": {
    "f1_macro": 0.37144973621449734,
    "balanced_accuracy": 0.4565340909090909,
    "n": 746
  },
  "phase": {
    "f1_macro": 0.30205481123557115,
    "balanced_accuracy": 0.3087038522082628,
    "n": 746
  },
  "fatigue": {
    "mae": 0.8875617878686327,
    "pearson_r": 0.5084498820806315,
    "n": 746
  },
  "reps": {
    "mae": 0.10754197096357238,
    "n": 746
  },
  "val_total": -0.5178445983508317,
  "val_total_per_task": {
    "exercise": 1.170904408511144,
    "phase": 0.4800347343846237,
    "fatigue": 0.8875617910645922,
    "reps": 0.011190325973041097
  }
}