{
  "exercise": {
    "f1_macro": 0.25613897596656215,
    "balanced_accuracy": 0.24417892156862747,
    "n": 149
  },
  "phase": {
    "f1_macro": 0.2901809497565904,
    "balanced_accuracy": 0.3524928774928775,
    "n": 149
  },
  "fatigue": {
    "mae": 1.0636010906040267,
    "pearson_r": 0.3625160956715924,
    "n": 149
  },
  "reps": {
    "mae": 0.48226320692306796,
    "n": 149
  },
  "val_total": 1.3766449689865112,
  "val_total_per_task": {
    "exercise": 1.6292970180511475,
    "phase": 0.31550753116607666,
    "fatigue": 1.0636011362075806,
    "reps": 0.16665808856487274
  }
}