{
  "exercise": {
    "f1_macro": 0.33488676373252735,
    "balanced_accuracy": 0.32363831449888825,
    "n": 132918
  },
  "phase": {
    "f1_macro": 0.25881687347142374,
    "balanced_accuracy": 0.28637299704085367,
    "n": 78741
  },
  "fatigue": {
    "mae": 1.1728520054428966,
    "pearson_r": 0.3759933857802242,
    "n": 132918
  },
  "reps": {
    "mae": 2.8431737170763065,
    "n": 132918
  }
}