{
  "exercise": {
    "f1_macro": 0.33245096132473884,
    "balanced_accuracy": 0.3891866544810877,
    "n": 1361
  },
  "phase": {
    "f1_macro": 0.32099647850493357,
    "balanced_accuracy": 0.3248514520974741,
    "n": 969
  },
  "fatigue": {
    "mae": 1.2597527094048493,
    "pearson_r": 0.27036841596376726,
    "n": 1361
  },
  "reps": {
    "mae": 0.09512915540123319,
    "n": 964
  },
  "val_total": 0.7638446165304864,
  "val_total_per_task": {
    "exercise": 1.284369632043355,
    "phase": 0.7027045308799099,
    "fatigue": 1.2597527092296703,
    "reps": 0.007683106768577963
  }
}