{
  "exercise": {
    "f1_macro": 0.5233126543843155,
    "balanced_accuracy": 0.5154081321919797,
    "n": 96301
  },
  "phase": {
    "f1_macro": 0.2942319703230815,
    "balanced_accuracy": 0.3840939906450203,
    "n": 55121
  },
  "fatigue": {
    "mae": 0.9293420864804618,
    "pearson_r": 0.4394246667795547,
    "n": 96301
  },
  "reps": {
    "mae": 2.621461363354001,
    "n": 96301
  }
}