{
  "exercise": {
    "f1_macro": 0.6567679691400113,
    "balanced_accuracy": 0.6470868119162737,
    "n": 252
  },
  "phase": {
    "f1_macro": 0.324989824989825,
    "balanced_accuracy": 0.3471548471548472,
    "n": 217
  },
  "fatigue": {
    "mae": 1.2522321428571428,
    "pearson_r": 0.11193512478298631,
    "n": 252
  },
  "reps": {
    "mae": 0.5448942828192332,
    "n": 214
  },
  "val_total": 0.8708564043045044,
  "val_total_per_task": {
    "exercise": 0.7461321353912354,
    "phase": 0.2669244110584259,
    "fatigue": 1.2522321939468384,
    "reps": 0.20289702713489532
  }
}