{
  "exercise": {
    "f1_macro": 0.3487591551694771,
    "balanced_accuracy": 0.38704018560827447,
    "n": 218
  },
  "phase": {
    "f1_macro": 0.2749130650769995,
    "balanced_accuracy": 0.35769083237437665,
    "n": 187
  },
  "fatigue": {
    "mae": 1.2510482368119267,
    "pearson_r": -0.38532038761225706,
    "n": 218
  },
  "reps": {
    "mae": 0.4510040577986966,
    "n": 184
  },
  "val_total": 1.1218738052823127,
  "val_total_per_task": {
    "exercise": 1.357435337994077,
    "phase": 0.3255867870575791,
    "fatigue": 1.2510482400929162,
    "reps": 0.15574837551204437
  }
}