{
  "exercise": {
    "f1_macro": 0.3658699456571797,
    "balanced_accuracy": 0.45783132530120485,
    "n": 374
  },
  "phase": {
    "f1_macro": 0.2640345240147751,
    "balanced_accuracy": 0.2924635217452897,
    "n": 374
  },
  "fatigue": {
    "mae": 1.0471570020053476,
    "pearson_r": 0.11587319869295185,
    "n": 374
  },
  "reps": {
    "mae": 0.20753792152655395,
    "n": 374
  },
  "val_total": -0.04230254410422422,
  "val_total_per_task": {
    "exercise": 1.0288056466668685,
    "phase": 0.332379970480414,
    "fatigue": 1.0471570147550042,
    "reps": 0.035343723959304435
  }
}