{
  "exercise": {
    "f1_macro": 0.1557486631016043,
    "balanced_accuracy": 0.25,
    "n": 557
  },
  "phase": {
    "f1_macro": 0.20772946859903382,
    "balanced_accuracy": 0.33026113671274965,
    "n": 477
  },
  "fatigue": {
    "mae": 1.0350720938061042,
    "pearson_r": -0.2222879436052095,
    "n": 557
  },
  "reps": {
    "mae": 0.2239544448862245,
    "n": 474
  },
  "val_total": 0.8129257824091338,
  "val_total_per_task": {
    "exercise": 1.317645801890046,
    "phase": 0.40039019310709817,
    "fatigue": 1.0350720972304284,
    "reps": 0.0408092626542709
  }
}