{
  "exercise": {
    "f1_macro": 0.4155786276835127,
    "balanced_accuracy": 0.43134214238060015,
    "n": 626
  },
  "phase": {
    "f1_macro": 0.3472444172785138,
    "balanced_accuracy": 0.35742690058479537,
    "n": 533
  },
  "fatigue": {
    "mae": 1.0414773861821087,
    "pearson_r": 0.39067680463452337,
    "n": 626
  },
  "reps": {
    "mae": 0.2658530277175489,
    "n": 531
  },
  "val_total": 0.5505546954112311,
  "val_total_per_task": {
    "exercise": 1.2371260723747766,
    "phase": 0.24963442090982066,
    "fatigue": 1.0414773913237234,
    "reps": 0.04928468871778383
  }
}