{
  "exercise": {
    "f1_macro": 0.6951644279337266,
    "balanced_accuracy": 0.6843485967270426,
    "n": 252
  },
  "phase": {
    "f1_macro": 0.33459453931894884,
    "balanced_accuracy": 0.35735735735735735,
    "n": 217
  },
  "fatigue": {
    "mae": 1.2114180307539681,
    "pearson_r": 0.15497169438323993,
    "n": 252
  },
  "reps": {
    "mae": 0.5500018131858277,
    "n": 214
  },
  "val_total": 0.7906507253646851,
  "val_total_per_task": {
    "exercise": 0.7271643280982971,
    "phase": 0.2644681930541992,
    "fatigue": 1.2114181518554688,
    "reps": 0.21035754680633545
  }
}