{
  "exercise": {
    "f1_macro": 0.3647947913033368,
    "balanced_accuracy": 0.45606060606060606,
    "n": 746
  },
  "phase": {
    "f1_macro": 0.27611632588711826,
    "balanced_accuracy": 0.3275416555288247,
    "n": 746
  },
  "fatigue": {
    "mae": 0.8667162365951743,
    "pearson_r": 0.2947237430025812,
    "n": 746
  },
  "reps": {
    "mae": 0.10794131880770899,
    "n": 746
  },
  "val_total": -0.6446675608688641,
  "val_total_per_task": {
    "exercise": 1.017812347603867,
    "phase": 0.48132085736251706,
    "fatigue": 0.8667162634412341,
    "reps": 0.010942846918653387
  }
}