{
  "exercise": {
    "f1_macro": 0.3370753465943339,
    "balanced_accuracy": 0.42054660049851345,
    "n": 252
  },
  "phase": {
    "f1_macro": 0.25893077907139245,
    "balanced_accuracy": 0.3147763147763148,
    "n": 217
  },
  "fatigue": {
    "mae": 4.879615420386905,
    "pearson_r": -0.25020456426298376,
    "n": 252
  },
  "reps": {
    "mae": 0.8574262147543029,
    "n": 214
  },
  "val_total": 3.425856113433838,
  "val_total_per_task": {
    "exercise": 1.2529548406600952,
    "phase": 0.3269481062889099,
    "fatigue": 4.879615783691406,
    "reps": 0.43291422724723816
  }
}