{
  "exercise": {
    "f1_macro": 0.2192824681640087,
    "balanced_accuracy": 0.2607741592564394,
    "n": 1106
  },
  "phase": {
    "f1_macro": 0.3277510554024259,
    "balanced_accuracy": 0.33301004989809546,
    "n": 944
  },
  "fatigue": {
    "mae": 1.0092040574141048,
    "pearson_r": -0.27927717950428044,
    "n": 1106
  },
  "reps": {
    "mae": 0.1148379117329125,
    "n": 941
  },
  "val_total": 1.049203210239169,
  "val_total_per_task": {
    "exercise": 1.5383353783036657,
    "phase": 0.5130735229411134,
    "fatigue": 1.0092040552584216,
    "reps": 0.011193112675673168
  }
}