{
  "exercise": {
    "f1_macro": 0.2567668207498716,
    "balanced_accuracy": 0.26620989304812837,
    "n": 149
  },
  "phase": {
    "f1_macro": 0.31690140845070425,
    "balanced_accuracy": 0.33276353276353277,
    "n": 149
  },
  "fatigue": {
    "mae": 1.114565855704698,
    "pearson_r": 0.15148404458917222,
    "n": 149
  },
  "reps": {
    "mae": 0.43272229517816296,
    "n": 149
  },
  "val_total": 0.6489547483072985,
  "val_total_per_task": {
    "exercise": 1.2287425570840003,
    "phase": 0.29509019151630017,
    "fatigue": 1.1145658613051344,
    "reps": 0.1462641378377108
  }
}