{
  "exercise": {
    "f1_macro": 0.12287712287712288,
    "balanced_accuracy": 0.25,
    "n": 755
  },
  "phase": {
    "f1_macro": 0.20519159456118666,
    "balanced_accuracy": 0.3333333333333333,
    "n": 560
  },
  "fatigue": {
    "mae": 0.9433671357615894,
    "pearson_r": 0.24987861566082115,
    "n": 755
  },
  "reps": {
    "mae": 0.16782727866729433,
    "n": 554
  },
  "val_total": 1.284781997566981,
  "val_total_per_task": {
    "exercise": 1.3756919960312497,
    "phase": 0.368429704178248,
    "fatigue": 0.9433671368668411,
    "reps": 0.0268873754518711
  }
}