{
  "exercise": {
    "f1_macro": 0.4980525748799427,
    "balanced_accuracy": 0.5244409318196577,
    "n": 218
  },
  "phase": {
    "f1_macro": 0.381086046166661,
    "balanced_accuracy": 0.411536248561565,
    "n": 187
  },
  "fatigue": {
    "mae": 1.2730432912844036,
    "pearson_r": -0.4401598172776328,
    "n": 218
  },
  "reps": {
    "mae": 0.47028085038713785,
    "n": 184
  },
  "val_total": 1.975016474723816,
  "val_total_per_task": {
    "exercise": 1.2176538705825806,
    "phase": 0.31989938020706177,
    "fatigue": 1.2730432748794556,
    "reps": 0.17605337500572205
  }
}