{
  "exercise": {
    "f1_macro": 0.20340340898529713,
    "balanced_accuracy": 0.20130167451596026,
    "n": 304
  },
  "phase": {
    "f1_macro": 0.39042059571920373,
    "balanced_accuracy": 0.4261492576022823,
    "n": 229
  },
  "fatigue": {
    "mae": 1.1224557976973684,
    "pearson_r": -0.016450299126746934,
    "n": 304
  },
  "reps": {
    "mae": 0.3764684449071106,
    "n": 223
  },
  "val_total": 0.7526853147305941,
  "val_total_per_task": {
    "exercise": 1.3063434738861888,
    "phase": 0.3418091982603073,
    "fatigue": 1.1224558039715415,
    "reps": 0.12031230487321552
  }
}