{
  "exercise": {
    "f1_macro": 0.3784712522079795,
    "balanced_accuracy": 0.3618401687598116,
    "n": 304
  },
  "phase": {
    "f1_macro": 0.34793939914654753,
    "balanced_accuracy": 0.3702262854178824,
    "n": 229
  },
  "fatigue": {
    "mae": 1.1330052425986843,
    "pearson_r": 0.3711129420844793,
    "n": 304
  },
  "reps": {
    "mae": 0.44453978246587406,
    "n": 223
  },
  "val_total": 1.237672586190073,
  "val_total_per_task": {
    "exercise": 1.3420014695117348,
    "phase": 0.33047229365298625,
    "fatigue": 1.1330052551470304,
    "reps": 0.14345653511975942
  }
}