{
  "exercise": {
    "f1_macro": 0.5025193517174649,
    "balanced_accuracy": 0.5018820584571607,
    "n": 218
  },
  "phase": {
    "f1_macro": 0.33462885041595736,
    "balanced_accuracy": 0.3582662063674722,
    "n": 187
  },
  "fatigue": {
    "mae": 1.1955096043577982,
    "pearson_r": -0.37729352894511575,
    "n": 218
  },
  "reps": {
    "mae": 0.4014876261353493,
    "n": 184
  },
  "val_total": 0.9037317825019906,
  "val_total_per_task": {
    "exercise": 1.2416368077654358,
    "phase": 0.30233930748537047,
    "fatigue": 1.1955096262310623,
    "reps": 0.11980764786584662
  }
}