{
  "arch": "lstm_raw",
  "summary": {
    "val_total": {
      "mean": 0.614404021120242,
      "std": 0.13928812170660823,
      "n": 5
    },
    "exercise": {
      "f1_macro": {
        "mean": 0.3357442128729883,
        "std": 0.041607047099042956,
        "n": 5
      },
      "balanced_accuracy": {
        "mean": 0.38217193593777277,
        "std": 0.044967797007144095,
        "n": 5
      }
    },
    "phase": {
      "f1_macro": {
        "mean": 0.2968682730239246,
        "std": 0.02685771304807259,
        "n": 5
      },
      "balanced_accuracy": {
        "mean": 0.32867213670392503,
        "std": 0.017136550536264804,
        "n": 5
      }
    },
    "fatigue": {
      "mae": {
        "mean": 1.0352239493188795,
        "std": 0.0791878399014228,
        "n": 5
      },
      "pearson_r": {
        "mean": 0.20581619956517544,
        "std": 0.2699916310976469,
        "n": 5
      }
    },
    "reps": {
      "mae": {
        "mean": 0.21259415894939354,
        "std": 0.032904437966258575,
        "n": 5
      }
    }
  },
  "enabled_tasks": [
    "exercise",
    "phase",
    "fatigue",
    "reps"
  ],
  "all_results": [
    {
      "seed": 42,
      "fold": 0,
      "test_subjects": [
        "Tias",
        "sivert"
      ],
      "metrics": {
        "exercise": {
          "f1_macro": 0.3366132360377359,
          "balanced_accuracy": 0.3756027293255836,
          "n": 626
        },
        "phase": {
          "f1_macro": 0.29266855256954266,
          "balanced_accuracy": 0.32187134502923975,
          "n": 533
        },
        "fatigue": {
          "mae": 1.070456020367412,
          "pearson_r": 0.36420524505410173,
          "n": 626
        },
        "reps": {
          "mae": 0.2694722787712099,
          "n": 531
        },
        "val_total": 0.5131674485084728,
        "val_total_per_task": {
          "exercise": 1.1976914028771006,
          "phase": 0.2571209413936725,
          "fatigue": 1.0704560218908536,
          "reps": 0.05041081190537721
        }
      }
    },
    {
      "seed": 42,
      "fold": 1,
      "test_subjects": [
        "Raghild",
        "michael"
      ],
      "metrics": {
        "exercise": {
          "f1_macro": 0.3025670272613452,
          "balanced_accuracy": 0.36571739206004283,
          "n": 682
        },
        "phase": {
          "f1_macro": 0.27628034057694756,
          "balanced_accuracy": 0.31109391885253956,
          "n": 488
        },
        "fatigue": {
          "mae": 1.160706103372434,
          "pearson_r": 0.40516100073698835,
          "n": 682
        },
        "reps": {
          "mae": 0.1868336664829635,
          "n": 482
        },
        "val_total": 0.7130538609720045,
        "val_total_per_task": {
          "exercise": 1.3495615951476558,
          "phase": 0.3554072830159643,
          "fatigue": 1.1607061138600547,
          "reps": 0.030472981369346817
        }
      }
    },
    {
      "seed": 42,
      "fold": 2,
      "test_subjects": [
        "Juile",
        "lucas 2"
      ],
      "metrics": {
        "exercise": {
          "f1_macro": 0.3746981517600074,
          "balanced_accuracy": 0.38658731063143564,
          "n": 755
        },
        "phase": {
          "f1_macro": 0.3147891693346239,
          "balanced_accuracy": 0.34361371152437864,
          "n": 560
        },
        "fatigue": {
          "mae": 0.9283888658940397,
          "pearson_r": 0.48234758460198135,
          "n": 755
        },
        "reps": {
          "mae": 0.1750787989016192,
          "n": 554
        },
        "val_total": 0.5915632476869798,
        "val_total_per_task": {
          "exercise": 1.1517999300104103,
          "phase": 0.3693780658655609,
          "fatigue": 0.9283888599730485,
          "reps": 0.02765578498804806
        }
      }
    },
    {
      "seed": 42,
      "fold": 3,
      "test_subjects": [
        "Hytten",
        "lucas"
      ],
      "metrics": {
        "exercise": {
          "f1_macro": 0.2775817473930681,
          "balanced_accuracy": 0.32217974590000853,
          "n": 557
        },
        "phase": {
          "f1_macro": 0.3378546035261734,
          "balanced_accuracy": 0.3539490527393753,
          "n": 477
        },
        "fatigue": {
          "mae": 1.0356822262118492,
          "pearson_r": -0.21628347265885234,
          "n": 557
        },
        "reps": {
          "mae": 0.22238540618124375,
          "n": 474
        },
        "val_total": 0.8222847408623413,
        "val_total_per_task": {
          "exercise": 1.5219630152789652,
          "phase": 0.4035550993691655,
          "fatigue": 1.0356822249277275,
          "reps": 0.039601581732958184
        }
      }
    },
    {
      "seed": 42,
      "fold": 4,
      "test_subjects": [
        "kiyomi"
      ],
      "metrics": {
        "exercise": {
          "f1_macro": 0.3872609019127847,
          "balanced_accuracy": 0.4607725017717931,
          "n": 374
        },
        "phase": {
          "f1_macro": 0.2627486991123355,
          "balanced_accuracy": 0.31283265537409183,
          "n": 374
        },
        "fatigue": {
          "mae": 0.980886530748663,
          "pearson_r": -0.006349359908341937,
          "n": 374
        },
        "reps": {
          "mae": 0.20920064440993144,
          "n": 374
        },
        "val_total": 0.43195080757141113,
        "val_total_per_task": {
          "exercise": 1.0858111381530762,
          "phase": 0.33159199357032776,
          "fatigue": 0.9808865785598755,
          "reps": 0.035201482474803925
        }
      }
    }
  ]
}