{
  "exercise": {
    "f1_macro": 0.2712637857086923,
    "balanced_accuracy": 0.2973618874136086,
    "n": 626
  },
  "phase": {
    "f1_macro": 0.29605517516618646,
    "balanced_accuracy": 0.3228070175438596,
    "n": 533
  },
  "fatigue": {
    "mae": 1.103515625,
    "pearson_r": 0.20770327211751624,
    "n": 626
  },
  "reps": {
    "mae": 0.27012658847860727,
    "n": 531
  },
  "val_total": 1.1260816489164822,
  "val_total_per_task": {
    "exercise": 1.183619881209474,
    "phase": 0.2595432430220107,
    "fatigue": 1.1035156251904301,
    "reps": 0.051397634259523296
  }
}