{
  "exercise": {
    "f1_macro": 0.8601480381032012,
    "balanced_accuracy": 0.8548634835259628,
    "n": 252
  },
  "phase": {
    "f1_macro": 0.4144094319642351,
    "balanced_accuracy": 0.42369292369292366,
    "n": 217
  },
  "fatigue": {
    "mae": 1.2668805803571428,
    "pearson_r": 0.09043673359337304,
    "n": 252
  },
  "reps": {
    "mae": 0.3930788968002128,
    "n": 214
  },
  "val_total": 0.06888157176592993,
  "val_total_per_task": {
    "exercise": 0.3156977891921997,
    "phase": 0.34507011090006146,
    "fatigue": 1.2668805708960882,
    "reps": 0.12973574016775405
  }
}