{
  "arch": "cnn1d_raw",
  "summary": {
    "val_total": {
      "mean": 1.4656646565387124,
      "std": 0.20910795591948883,
      "n": 5
    },
    "exercise": {
      "f1_macro": {
        "mean": 0.3553948974108053,
        "std": 0.13210871039520253,
        "n": 5
      },
      "balanced_accuracy": {
        "mean": 0.37583964682454724,
        "std": 0.12711976980534329,
        "n": 5
      }
    },
    "phase": {
      "f1_macro": {
        "mean": 0.30983904638859816,
        "std": 0.03512855717833447,
        "n": 5
      },
      "balanced_accuracy": {
        "mean": 0.33325448870104457,
        "std": 0.03476110608996371,
        "n": 5
      }
    },
    "fatigue": {
      "mae": {
        "mean": 1.1899973564152346,
        "std": 0.23268725157616776,
        "n": 5
      },
      "pearson_r": {
        "mean": 0.15001403193865856,
        "std": 0.273170022500322,
        "n": 5
      }
    },
    "reps": {
      "mae": {
        "mean": 0.4640920722711076,
        "std": 0.047222813296074445,
        "n": 5
      }
    }
  },
  "enabled_tasks": [
    "exercise",
    "phase",
    "fatigue",
    "reps"
  ],
  "all_results": [
    {
      "seed": 42,
      "fold": 0,
      "test_subjects": [
        "Tias",
        "sivert"
      ],
      "metrics": {
        "exercise": {
          "f1_macro": 0.5831434855383453,
          "balanced_accuracy": 0.5788771809964263,
          "n": 252
        },
        "phase": {
          "f1_macro": 0.33763440860215055,
          "balanced_accuracy": 0.36066836066836067,
          "n": 217
        },
        "fatigue": {
          "mae": 1.1743861607142858,
          "pearson_r": 0.25176119808529673,
          "n": 252
        },
        "reps": {
          "mae": 0.51609029868078,
          "n": 214
        },
        "val_total": 1.1311417818069458,
        "val_total_per_task": {
          "exercise": 0.9215390682220459,
          "phase": 0.2670213282108307,
          "fatigue": 1.1743862628936768,
          "reps": 0.18852022290229797
        }
      }
    },
    {
      "seed": 42,
      "fold": 1,
      "test_subjects": [
        "Raghild",
        "michael"
      ],
      "metrics": {
        "exercise": {
          "f1_macro": 0.37074715773203054,
          "balanced_accuracy": 0.4270094380359015,
          "n": 266
        },
        "phase": {
          "f1_macro": 0.2870155844670192,
          "balanced_accuracy": 0.3085768398268398,
          "n": 194
        },
        "fatigue": {
          "mae": 1.5064467810150375,
          "pearson_r": 0.002163816370311716,
          "n": 266
        },
        "reps": {
          "mae": 0.4461894329716131,
          "n": 189
        },
        "val_total": 1.5995289526487653,
        "val_total_per_task": {
          "exercise": 1.349386111237949,
          "phase": 0.40241563768315136,
          "fatigue": 1.506446781911348,
          "reps": 0.14342680909579858
        }
      }
    },
    {
      "seed": 42,
      "fold": 2,
      "test_subjects": [
        "Juile",
        "lucas 2"
      ],
      "metrics": {
        "exercise": {
          "f1_macro": 0.3520255281415477,
          "balanced_accuracy": 0.3592707515698587,
          "n": 304
        },
        "phase": {
          "f1_macro": 0.27778373164719755,
          "balanced_accuracy": 0.29614860921999614,
          "n": 229
        },
        "fatigue": {
          "mae": 1.3023360402960527,
          "pearson_r": 0.14150892721272665,
          "n": 304
        },
        "reps": {
          "mae": 0.380903743061283,
          "n": 223
        },
        "val_total": 1.4159085687838102,
        "val_total_per_task": {
          "exercise": 1.3085079757790816,
          "phase": 0.32889416813850403,
          "fatigue": 1.3023360528443988,
          "reps": 0.1073913817342959
        }
      }
    },
    {
      "seed": 42,
      "fold": 3,
      "test_subjects": [
        "Hytten",
        "lucas"
      ],
      "metrics": {
        "exercise": {
          "f1_macro": 0.17890980681678356,
          "balanced_accuracy": 0.19204331450094161,
          "n": 218
        },
        "phase": {
          "f1_macro": 0.3651077604565976,
          "balanced_accuracy": 0.3872746451860376,
          "n": 187
        },
        "fatigue": {
          "mae": 1.1736131020642202,
          "pearson_r": -0.2345882953110936,
          "n": 218
        },
        "reps": {
          "mae": 0.48902809328359104,
          "n": 184
        },
        "val_total": 1.756667137145996,
        "val_total_per_task": {
          "exercise": 1.8991284370422363,
          "phase": 0.32322296500205994,
          "fatigue": 1.1736130714416504,
          "reps": 0.2177557349205017
        }
      }
    },
    {
      "seed": 42,
      "fold": 4,
      "test_subjects": [
        "kiyomi"
      ],
      "metrics": {
        "exercise": {
          "f1_macro": 0.2921485088253195,
          "balanced_accuracy": 0.32199754901960786,
          "n": 149
        },
        "phase": {
          "f1_macro": 0.2816537467700258,
          "balanced_accuracy": 0.3136039886039886,
          "n": 149
        },
        "fatigue": {
          "mae": 0.7932046979865772,
          "pearson_r": 0.5892245133360513,
          "n": 149
        },
        "reps": {
          "mae": 0.48824879335827076,
          "n": 149
        },
        "val_total": 1.4250768423080444,
        "val_total_per_task": {
          "exercise": 1.6943391561508179,
          "phase": 0.33301350474357605,
          "fatigue": 0.7932047247886658,
          "reps": 0.17964886128902435
        }
      }
    }
  ]
}