{
  "exercise": {
    "f1_macro": 0.37126302463725774,
    "balanced_accuracy": 0.4528186274509804,
    "n": 149
  },
  "phase": {
    "f1_macro": 0.23764122347754202,
    "balanced_accuracy": 0.30370370370370375,
    "n": 149
  },
  "fatigue": {
    "mae": 0.8987783137583892,
    "pearson_r": 0.4284829179526657,
    "n": 149
  },
  "reps": {
    "mae": 0.48388896241234053,
    "n": 149
  },
  "val_total": 0.9264062643051147,
  "val_total_per_task": {
    "exercise": 1.0140235424041748,
    "phase": 0.31361138820648193,
    "fatigue": 0.8987783193588257,
    "reps": 0.17690998315811157
  }
}