{
  "exercise": {
    "f1_macro": 0.19128068193488754,
    "balanced_accuracy": 0.20216572504708097,
    "n": 218
  },
  "phase": {
    "f1_macro": 0.3610028968135051,
    "balanced_accuracy": 0.3888089758342923,
    "n": 187
  },
  "fatigue": {
    "mae": 1.8146771072247707,
    "pearson_r": -0.4365348745346801,
    "n": 218
  },
  "reps": {
    "mae": 0.5026301142314206,
    "n": 184
  },
  "val_total": 1.8801949177313289,
  "val_total_per_task": {
    "exercise": 1.5361999874814936,
    "phase": 0.3277191839633732,
    "fatigue": 1.8146770941008121,
    "reps": 0.20945022480750303
  }
}