{
  "exercise": {
    "f1_macro": 0.3462691853693513,
    "balanced_accuracy": 0.37223026229722656,
    "n": 304
  },
  "phase": {
    "f1_macro": 0.34108897626961543,
    "balanced_accuracy": 0.36773001361602803,
    "n": 229
  },
  "fatigue": {
    "mae": 1.314208984375,
    "pearson_r": 0.13186418982862863,
    "n": 304
  },
  "reps": {
    "mae": 0.40700022978582856,
    "n": 223
  },
  "val_total": 1.0030243584984226,
  "val_total_per_task": {
    "exercise": 1.147519566510853,
    "phase": 0.3527561747714093,
    "fatigue": 1.3142089969233464,
    "reps": 0.13160257786512375
  }
}