{
  "arch": "cnn_lstm_raw",
  "summary": {
    "val_total": {
      "mean": 1.0859970560328531,
      "std": 0.07752694087090149,
      "n": 5
    },
    "exercise": {
      "f1_macro": {
        "mean": 0.43826002080702614,
        "std": 0.09482791656389,
        "n": 5
      },
      "balanced_accuracy": {
        "mean": 0.47322421685511207,
        "std": 0.07164137857211021,
        "n": 5
      }
    },
    "phase": {
      "f1_macro": {
        "mean": 0.3022951471650102,
        "std": 0.04639055809171269,
        "n": 5
      },
      "balanced_accuracy": {
        "mean": 0.3380578153524915,
        "std": 0.03571255466668725,
        "n": 5
      }
    },
    "fatigue": {
      "mae": {
        "mean": 1.1128201450966801,
        "std": 0.20044805466826066,
        "n": 5
      },
      "pearson_r": {
        "mean": 0.11026070996366896,
        "std": 0.29112854344737693,
        "n": 5
      }
    },
    "reps": {
      "mae": {
        "mean": 0.4513769227713471,
        "std": 0.07260336169188937,
        "n": 5
      }
    }
  },
  "enabled_tasks": [
    "exercise",
    "phase",
    "fatigue",
    "reps"
  ],
  "all_results": [
    {
      "seed": 42,
      "fold": 0,
      "test_subjects": [
        "Tias",
        "sivert"
      ],
      "metrics": {
        "exercise": {
          "f1_macro": 0.5886526471436311,
          "balanced_accuracy": 0.5837213191656372,
          "n": 252
        },
        "phase": {
          "f1_macro": 0.3159675522961234,
          "balanced_accuracy": 0.3374143374143374,
          "n": 217
        },
        "fatigue": {
          "mae": 1.0127728174603174,
          "pearson_r": 0.3604233845672384,
          "n": 252
        },
        "reps": {
          "mae": 0.5873456667307938,
          "n": 214
        },
        "val_total": 0.9983056859364585,
        "val_total_per_task": {
          "exercise": 1.1218956727830192,
          "phase": 0.29808388815985787,
          "fatigue": 1.01277280232263,
          "reps": 0.25418721778052195
        }
      }
    },
    {
      "seed": 42,
      "fold": 1,
      "test_subjects": [
        "Raghild",
        "michael"
      ],
      "metrics": {
        "exercise": {
          "f1_macro": 0.3409611442696088,
          "balanced_accuracy": 0.4129680463882549,
          "n": 266
        },
        "phase": {
          "f1_macro": 0.3104189044038668,
          "balanced_accuracy": 0.329455266955267,
          "n": 194
        },
        "fatigue": {
          "mae": 1.247811912593985,
          "pearson_r": 0.2589701564816984,
          "n": 266
        },
        "reps": {
          "mae": 0.4009895379403754,
          "n": 189
        },
        "val_total": 1.1491487725336749,
        "val_total_per_task": {
          "exercise": 1.3040810491805686,
          "phase": 0.3889935160041752,
          "fatigue": 1.2478119179718477,
          "reps": 0.13604514043133958
        }
      }
    },
    {
      "seed": 42,
      "fold": 2,
      "test_subjects": [
        "Juile",
        "lucas 2"
      ],
      "metrics": {
        "exercise": {
          "f1_macro": 0.41320555658815183,
          "balanced_accuracy": 0.4097147272370487,
          "n": 304
        },
        "phase": {
          "f1_macro": 0.23542254846602673,
          "balanced_accuracy": 0.3345004214484861,
          "n": 229
        },
        "fatigue": {
          "mae": 1.2653294613486843,
          "pearson_r": -0.07860869057428854,
          "n": 304
        },
        "reps": {
          "mae": 0.40208176141312435,
          "n": 223
        },
        "val_total": 1.204221524690327,
        "val_total_per_task": {
          "exercise": 1.3823031312540959,
          "phase": 0.35396991356423024,
          "fatigue": 1.2653294676228573,
          "reps": 0.12555328991852308
        }
      }
    },
    {
      "seed": 42,
      "fold": 3,
      "test_subjects": [
        "Hytten",
        "lucas"
      ],
      "metrics": {
        "exercise": {
          "f1_macro": 0.5012333271166186,
          "balanced_accuracy": 0.5332464032493255,
          "n": 218
        },
        "phase": {
          "f1_macro": 0.37493128092358435,
          "balanced_accuracy": 0.4001726121979286,
          "n": 187
        },
        "fatigue": {
          "mae": 1.2758385894495412,
          "pearson_r": -0.3698146823635709,
          "n": 218
        },
        "reps": {
          "mae": 0.3997562511459641,
          "n": 184
        },
        "val_total": 1.0370606282435426,
        "val_total_per_task": {
          "exercise": 1.1392993161437708,
          "phase": 0.3140432596753497,
          "fatigue": 1.275838603667163,
          "reps": 0.13034880591915288
        }
      }
    },
    {
      "seed": 42,
      "fold": 4,
      "test_subjects": [
        "kiyomi"
      ],
      "metrics": {
        "exercise": {
          "f1_macro": 0.34724742891712035,
          "balanced_accuracy": 0.42647058823529416,
          "n": 149
        },
        "phase": {
          "f1_macro": 0.2747354497354497,
          "balanced_accuracy": 0.28874643874643874,
          "n": 149
        },
        "fatigue": {
          "mae": 0.7623479446308725,
          "pearson_r": 0.38033338170726744,
          "n": 149
        },
        "reps": {
          "mae": 0.4667113966264781,
          "n": 149
        },
        "val_total": 1.0412486687602613,
        "val_total_per_task": {
          "exercise": 1.300215949948202,
          "phase": 0.30763755648728186,
          "fatigue": 0.7623479502313089,
          "reps": 0.1780745353074682
        }
      }
    }
  ]
}