{
  "arch": "lstm_raw",
  "summary": {
    "val_total": {
      "mean": 0.5375006682088539,
      "std": 0.17216538564596914,
      "n": 5
    },
    "exercise": {
      "f1_macro": {
        "mean": 0.3065263388117565,
        "std": 0.047907679069938765,
        "n": 5
      },
      "balanced_accuracy": {
        "mean": 0.3812814341596029,
        "std": 0.05710432419362003,
        "n": 5
      }
    },
    "phase": {
      "f1_macro": {
        "mean": 0.27676878350860357,
        "std": 0.05084264878554861,
        "n": 5
      },
      "balanced_accuracy": {
        "mean": 0.3343965370083498,
        "std": 0.0031653587351558113,
        "n": 5
      }
    },
    "fatigue": {
      "mae": {
        "mean": 1.1460328510140163,
        "std": 0.10677288981849008,
        "n": 5
      },
      "pearson_r": {
        "mean": 0.23792309863872535,
        "std": 0.23862312808512562,
        "n": 5
      }
    },
    "reps": {
      "mae": {
        "mean": 0.11024574634693547,
        "std": 0.019946007395893684,
        "n": 5
      }
    }
  },
  "enabled_tasks": [
    "exercise",
    "phase",
    "fatigue",
    "reps"
  ],
  "all_results": [
    {
      "seed": 42,
      "fold": 0,
      "test_subjects": [
        "Tias",
        "sivert"
      ],
      "metrics": {
        "exercise": {
          "f1_macro": 0.3472275822004083,
          "balanced_accuracy": 0.4213817549491707,
          "n": 1256
        },
        "phase": {
          "f1_macro": 0.3299307840035743,
          "balanced_accuracy": 0.3340695990521188,
          "n": 1069
        },
        "fatigue": {
          "mae": 1.0519568570859872,
          "pearson_r": 0.3385517109824042,
          "n": 1256
        },
        "reps": {
          "mae": 0.143326450977649,
          "n": 1067
        },
        "val_total": 0.38225280782979004,
        "val_total_per_task": {
          "exercise": 1.1108744448157633,
          "phase": 0.4266268500856533,
          "fatigue": 1.0519568589842243,
          "reps": 0.014667463500740802
        }
      }
    },
    {
      "seed": 42,
      "fold": 1,
      "test_subjects": [
        "Raghild",
        "michael"
      ],
      "metrics": {
        "exercise": {
          "f1_macro": 0.23993263570961415,
          "balanced_accuracy": 0.3328110041819922,
          "n": 1361
        },
        "phase": {
          "f1_macro": 0.2192982456140351,
          "balanced_accuracy": 0.3333333333333333,
          "n": 969
        },
        "fatigue": {
          "mae": 1.3369291306943425,
          "pearson_r": 0.27863554131258145,
          "n": 1361
        },
        "reps": {
          "mae": 0.09492263526180411,
          "n": 964
        },
        "val_total": 0.8303828316519665,
        "val_total_per_task": {
          "exercise": 1.2641079106986042,
          "phase": 0.6878225002807348,
          "fatigue": 1.3369291285046052,
          "reps": 0.007636713596234682
        }
      }
    },
    {
      "seed": 42,
      "fold": 2,
      "test_subjects": [
        "Juile",
        "lucas 2"
      ],
      "metrics": {
        "exercise": {
          "f1_macro": 0.3248255216104178,
          "balanced_accuracy": 0.40279375671115203,
          "n": 1509
        },
        "phase": {
          "f1_macro": 0.3005963993588416,
          "balanced_accuracy": 0.33089455575794374,
          "n": 1113
        },
        "fatigue": {
          "mae": 1.0726319168323393,
          "pearson_r": 0.47279985890611476,
          "n": 1509
        },
        "reps": {
          "mae": 0.086280900860069,
          "n": 1107
        },
        "val_total": 0.5377509766181152,
        "val_total_per_task": {
          "exercise": 1.1532888519124056,
          "phase": 0.5317130877017343,
          "fatigue": 1.0726319120134085,
          "reps": 0.008301130463255013
        }
      }
    },
    {
      "seed": 42,
      "fold": 3,
      "test_subjects": [
        "Hytten",
        "lucas"
      ],
      "metrics": {
        "exercise": {
          "f1_macro": 0.2602194492254733,
          "balanced_accuracy": 0.2979055034405482,
          "n": 1106
        },
        "phase": {
          "f1_macro": 0.3219526750382303,
          "balanced_accuracy": 0.3403518635650198,
          "n": 944
        },
        "fatigue": {
          "mae": 1.0793293682188065,
          "pearson_r": -0.2212802122034151,
          "n": 1106
        },
        "reps": {
          "mae": 0.11911593522162917,
          "n": 941
        },
        "val_total": 0.5885929294994899,
        "val_total_per_task": {
          "exercise": 1.4814329511649353,
          "phase": 0.5077976518686167,
          "fatigue": 1.07932936261403,
          "reps": 0.011500989233445086
        }
      }
    },
    {
      "seed": 42,
      "fold": 4,
      "test_subjects": [
        "kiyomi"
      ],
      "metrics": {
        "exercise": {
          "f1_macro": 0.36042650531286896,
          "balanced_accuracy": 0.45151515151515154,
          "n": 746
        },
        "phase": {
          "f1_macro": 0.2120658135283364,
          "balanced_accuracy": 0.3333333333333333,
          "n": 746
        },
        "fatigue": {
          "mae": 1.1893169822386058,
          "pearson_r": 0.3209085941959412,
          "n": 746
        },
        "reps": {
          "mae": 0.10758280941352608,
          "n": 746
        },
        "val_total": 0.34852379544490786,
        "val_total_per_task": {
          "exercise": 1.0422888559566426,
          "phase": 0.48139171354252913,
          "fatigue": 1.1893170046103225,
          "reps": 0.010089394139580368
        }
      }
    }
  ]
}