{
  "exercise": {
    "f1_macro": 0.4571775864817472,
    "balanced_accuracy": 0.5300798840293628,
    "n": 266
  },
  "phase": {
    "f1_macro": 0.3178757361957024,
    "balanced_accuracy": 0.33730158730158727,
    "n": 194
  },
  "fatigue": {
    "mae": 1.6532248590225564,
    "pearson_r": -0.185903744866712,
    "n": 266
  },
  "reps": {
    "mae": 0.42917850072539987,
    "n": 189
  },
  "val_total": 1.5768130919090788,
  "val_total_per_task": {
    "exercise": 1.4026234598088085,
    "phase": 0.41459542826602336,
    "fatigue": 1.6532248599188668,
    "reps": 0.13723247212574893
  }
}