{
  "exercise": {
    "f1_macro": 0.19004404523296958,
    "balanced_accuracy": 0.216388214506328,
    "n": 1106
  },
  "phase": {
    "f1_macro": 0.31713944286221013,
    "balanced_accuracy": 0.32091737531332726,
    "n": 944
  },
  "fatigue": {
    "mae": 1.0573328718354431,
    "pearson_r": -0.24634530424930512,
    "n": 1106
  },
  "reps": {
    "mae": 0.11512166670697774,
    "n": 941
  },
  "val_total": -0.14706755740733085,
  "val_total_per_task": {
    "exercise": 1.6386524490594432,
    "phase": 0.5065406251557266,
    "fatigue": 1.0573328584702062,
    "reps": 0.011827235258307315
  }
}