{
  "exercise": {
    "f1_macro": 0.31119498099822873,
    "balanced_accuracy": 0.3504126720545676,
    "n": 1361
  },
  "phase": {
    "f1_macro": 0.3356795902146074,
    "balanced_accuracy": 0.3440480694336263,
    "n": 969
  },
  "fatigue": {
    "mae": 1.1390579077883909,
    "pearson_r": 0.41862346066361306,
    "n": 1361
  },
  "reps": {
    "mae": 0.09715041487875754,
    "n": 964
  },
  "val_total": 0.6068288850749266,
  "val_total_per_task": {
    "exercise": 1.3870846874831269,
    "phase": 0.7204684135582761,
    "fatigue": 1.1390579091022333,
    "reps": 0.008105860047266818
  }
}