{
  "exercise": {
    "f1_macro": 0.25987460815047025,
    "balanced_accuracy": 0.25857843137254904,
    "n": 149
  },
  "phase": {
    "f1_macro": 0.27295041728031416,
    "balanced_accuracy": 0.33247863247863246,
    "n": 149
  },
  "fatigue": {
    "mae": 0.9417994966442953,
    "pearson_r": 0.21099216740991122,
    "n": 149
  },
  "reps": {
    "mae": 0.4432573913402805,
    "n": 149
  },
  "val_total": 1.3020840883255005,
  "val_total_per_task": {
    "exercise": 1.60893714427948,
    "phase": 0.305452436208725,
    "fatigue": 0.941799521446228,
    "reps": 0.16361379623413086
  }
}