{
  "exercise": {
    "f1_macro": 0.3614001230029938,
    "balanced_accuracy": 0.41957208723399364,
    "n": 626
  },
  "phase": {
    "f1_macro": 0.3241561464768556,
    "balanced_accuracy": 0.3314619883040935,
    "n": 533
  },
  "fatigue": {
    "mae": 1.0139027555910542,
    "pearson_r": 0.388969601918209,
    "n": 626
  },
  "reps": {
    "mae": 0.2504137266057205,
    "n": 531
  },
  "val_total": -0.04492481067157782,
  "val_total_per_task": {
    "exercise": 1.1678268852325293,
    "phase": 0.2784848029430682,
    "fatigue": 1.0139027578762163,
    "reps": 0.044854689716769106
  }
}