{
  "exercise": {
    "f1_macro": 0.14364391477067534,
    "balanced_accuracy": 0.15993408662900188,
    "n": 218
  },
  "phase": {
    "f1_macro": 0.33394174218408107,
    "balanced_accuracy": 0.3539509014192559,
    "n": 187
  },
  "fatigue": {
    "mae": 1.2359518348623852,
    "pearson_r": -0.38953585709206695,
    "n": 218
  },
  "reps": {
    "mae": 0.5005958180712617,
    "n": 184
  },
  "val_total": 1.5372340055780673,
  "val_total_per_task": {
    "exercise": 1.4917507270060548,
    "phase": 0.32598833835453067,
    "fatigue": 1.2359518425180278,
    "reps": 0.1984503807824686
  }
}