{
  "exercise": {
    "f1_macro": 0.12362030905077263,
    "balanced_accuracy": 0.25,
    "n": 682
  },
  "phase": {
    "f1_macro": 0.31632909574086043,
    "balanced_accuracy": 0.33087729639453783,
    "n": 488
  },
  "fatigue": {
    "mae": 1.2886100164956011,
    "pearson_r": 0.190137950122393,
    "n": 682
  },
  "reps": {
    "mae": 0.17575232039255967,
    "n": 482
  },
  "val_total": 1.3801622376763576,
  "val_total_per_task": {
    "exercise": 1.3465579867013389,
    "phase": 0.3518741792422935,
    "fatigue": 1.2886100077559173,
    "reps": 0.0283355083360263
  }
}