{
  "arch": "cnn_lstm_raw",
  "summary": {
    "val_total": {
      "mean": 1.339598798751831,
      "std": 0.10216010014768989,
      "n": 5
    },
    "exercise": {
      "f1_macro": {
        "mean": 0.23942208470523862,
        "std": 0.08972999858669832,
        "n": 5
      },
      "balanced_accuracy": {
        "mean": 0.3280684461464806,
        "std": 0.09214536456427234,
        "n": 5
      }
    },
    "phase": {
      "f1_macro": {
        "mean": 0.2752452945691109,
        "std": 0.043815870493725484,
        "n": 5
      },
      "balanced_accuracy": {
        "mean": 0.33451278940202994,
        "std": 0.033506929539885474,
        "n": 5
      }
    },
    "fatigue": {
      "mae": {
        "mean": 1.02383485094686,
        "std": 0.1573001026276066,
        "n": 5
      },
      "pearson_r": {
        "mean": 0.11033841654174817,
        "std": 0.15167428426711427,
        "n": 5
      }
    },
    "reps": {
      "mae": {
        "mean": 0.5032054669799175,
        "std": 0.09180727491290572,
        "n": 5
      }
    }
  },
  "enabled_tasks": [
    "exercise",
    "phase",
    "fatigue",
    "reps"
  ],
  "all_results": [
    {
      "seed": 42,
      "fold": 0,
      "test_subjects": [
        "Tias",
        "sivert"
      ],
      "metrics": {
        "exercise": {
          "f1_macro": 0.11764460163190286,
          "balanced_accuracy": 0.18788101744797142,
          "n": 252
        },
        "phase": {
          "f1_macro": 0.2590579264543107,
          "balanced_accuracy": 0.27666127666127666,
          "n": 217
        },
        "fatigue": {
          "mae": 1.079985119047619,
          "pearson_r": 0.07951383232285714,
          "n": 252
        },
        "reps": {
          "mae": 0.6626474832611107,
          "n": 214
        },
        "val_total": 1.4841797351837158,
        "val_total_per_task": {
          "exercise": 1.3982417583465576,
          "phase": 0.3256419003009796,
          "fatigue": 1.0799851417541504,
          "reps": 0.28346505761146545
        }
      }
    },
    {
      "seed": 42,
      "fold": 1,
      "test_subjects": [
        "Raghild",
        "michael"
      ],
      "metrics": {
        "exercise": {
          "f1_macro": 0.2907820846459389,
          "balanced_accuracy": 0.40443731622560813,
          "n": 266
        },
        "phase": {
          "f1_macro": 0.30855387055208644,
          "balanced_accuracy": 0.3294101731601731,
          "n": 194
        },
        "fatigue": {
          "mae": 1.2841136043233083,
          "pearson_r": 0.29299383925168504,
          "n": 266
        },
        "reps": {
          "mae": 0.4286085541739508,
          "n": 189
        },
        "val_total": 1.421517014503479,
        "val_total_per_task": {
          "exercise": 1.2085685729980469,
          "phase": 0.3180382549762726,
          "fatigue": 1.2841136455535889,
          "reps": 0.14968089759349823
        }
      }
    },
    {
      "seed": 42,
      "fold": 2,
      "test_subjects": [
        "Juile",
        "lucas 2"
      ],
      "metrics": {
        "exercise": {
          "f1_macro": 0.3028944206967843,
          "balanced_accuracy": 0.37890625,
          "n": 304
        },
        "phase": {
          "f1_macro": 0.1983640081799591,
          "balanced_accuracy": 0.3333333333333333,
          "n": 229
        },
        "fatigue": {
          "mae": 1.0099326685855263,
          "pearson_r": 0.22605183751475133,
          "n": 304
        },
        "reps": {
          "mae": 0.39873330076663616,
          "n": 223
        },
        "val_total": 1.3226728439331055,
        "val_total_per_task": {
          "exercise": 1.246620535850525,
          "phase": 0.3605625331401825,
          "fatigue": 1.0099326372146606,
          "reps": 0.13962742686271667
        }
      }
    },
    {
      "seed": 42,
      "fold": 3,
      "test_subjects": [
        "Hytten",
        "lucas"
      ],
      "metrics": {
        "exercise": {
          "f1_macro": 0.1461038961038961,
          "balanced_accuracy": 0.25,
          "n": 218
        },
        "phase": {
          "f1_macro": 0.28882664176781825,
          "balanced_accuracy": 0.35701956271576524,
          "n": 187
        },
        "fatigue": {
          "mae": 0.8139872419724771,
          "pearson_r": -0.14899788587248508,
          "n": 218
        },
        "reps": {
          "mae": 0.5080501770843631,
          "n": 184
        },
        "val_total": 1.2688874006271362,
        "val_total_per_task": {
          "exercise": 1.3127732276916504,
          "phase": 0.3198961615562439,
          "fatigue": 0.8139871954917908,
          "reps": 0.19939638674259186
        }
      }
    },
    {
      "seed": 42,
      "fold": 4,
      "test_subjects": [
        "kiyomi"
      ],
      "metrics": {
        "exercise": {
          "f1_macro": 0.3396854204476709,
          "balanced_accuracy": 0.41911764705882354,
          "n": 149
        },
        "phase": {
          "f1_macro": 0.3214240258913798,
          "balanced_accuracy": 0.37613960113960115,
          "n": 149
        },
        "fatigue": {
          "mae": 0.9311556208053692,
          "pearson_r": 0.10213045949193246,
          "n": 149
        },
        "reps": {
          "mae": 0.5179878196135264,
          "n": 149
        },
        "val_total": 1.2007369995117188,
        "val_total_per_task": {
          "exercise": 1.0835682153701782,
          "phase": 0.32084739208221436,
          "fatigue": 0.9311556220054626,
          "reps": 0.19881616532802582
        }
      }
    }
  ]
}