{
  "exercise": {
    "f1_macro": 0.3553960574050932,
    "balanced_accuracy": 0.455809327000185,
    "n": 266
  },
  "phase": {
    "f1_macro": 0.2206896551724138,
    "balanced_accuracy": 0.3333333333333333,
    "n": 194
  },
  "fatigue": {
    "mae": 1.2911184210526316,
    "pearson_r": 0.35377389581559837,
    "n": 266
  },
  "reps": {
    "mae": 0.49235311681749644,
    "n": 189
  },
  "val_total": 1.3644718227529884,
  "val_total_per_task": {
    "exercise": 1.196405625881109,
    "phase": 0.375872384336658,
    "fatigue": 1.2911184210526316,
    "reps": 0.18882956540674195
  }
}