{
  "exercise": {
    "f1_macro": 0.41193387371863543,
    "balanced_accuracy": 0.38586636577708006,
    "n": 304
  },
  "phase": {
    "f1_macro": 0.29153439153439153,
    "balanced_accuracy": 0.3237048563833236,
    "n": 229
  },
  "fatigue": {
    "mae": 0.9944490131578947,
    "pearson_r": 0.28023132581994004,
    "n": 304
  },
  "reps": {
    "mae": 0.4358756149505085,
    "n": 223
  },
  "val_total": 1.2495917081832886,
  "val_total_per_task": {
    "exercise": 1.3856761455535889,
    "phase": 0.34593310952186584,
    "fatigue": 0.9944490194320679,
    "reps": 0.15247119963169098
  }
}