{
  "exercise": {
    "f1_macro": 0.35988122198086614,
    "balanced_accuracy": 0.453030303030303,
    "n": 746
  },
  "phase": {
    "f1_macro": 0.30451674824839237,
    "balanced_accuracy": 0.3335486649440138,
    "n": 746
  },
  "fatigue": {
    "mae": 0.949700485924933,
    "pearson_r": 0.23533544024204908,
    "n": 746
  },
  "reps": {
    "mae": 0.11637377183155304,
    "n": 746
  },
  "val_total": 0.9515403205523861,
  "val_total_per_task": {
    "exercise": 1.0443661586848405,
    "phase": 0.48012427174693456,
    "fatigue": 0.9497005281115984,
    "reps": 0.010520695511441448
  }
}