{
  "exercise": {
    "f1_macro": 0.1218274111675127,
    "balanced_accuracy": 0.25,
    "n": 149
  },
  "phase": {
    "f1_macro": 0.20249221183800623,
    "balanced_accuracy": 0.3333333333333333,
    "n": 149
  },
  "fatigue": {
    "mae": 0.9551174496644296,
    "pearson_r": 0.29855101648025706,
    "n": 149
  },
  "reps": {
    "mae": 0.49679971890111496,
    "n": 149
  },
  "val_total": 1.3655384066920953,
  "val_total_per_task": {
    "exercise": 1.3582673480846739,
    "phase": 0.3120821700400154,
    "fatigue": 0.9551174568649906,
    "reps": 0.19098705863392593
  }
}