{
  "arch": "lstm_raw",
  "summary": {
    "val_total": {
      "mean": 0.30851866199657807,
      "std": 0.2316441177000208,
      "n": 5
    },
    "exercise": {
      "f1_macro": {
        "mean": 0.2975572324575671,
        "std": 0.07190853766703537,
        "n": 5
      },
      "balanced_accuracy": {
        "mean": 0.35492413756268404,
        "std": 0.09048528752343678,
        "n": 5
      }
    },
    "phase": {
      "f1_macro": {
        "mean": 0.28741386392154017,
        "std": 0.018819912751311587,
        "n": 5
      },
      "balanced_accuracy": {
        "mean": 0.32852187977575703,
        "std": 0.011678430849761967,
        "n": 5
      }
    },
    "fatigue": {
      "mae": {
        "mean": 1.0388846277784538,
        "std": 0.08042683847584453,
        "n": 5
      },
      "pearson_r": {
        "mean": 0.2510956866548138,
        "std": 0.23366109490741072,
        "n": 5
      }
    },
    "reps": {
      "mae": {
        "mean": 0.20709013352184522,
        "std": 0.028819860108242095,
        "n": 5
      }
    }
  },
  "enabled_tasks": [
    "exercise",
    "phase",
    "fatigue",
    "reps"
  ],
  "all_results": [
    {
      "seed": 42,
      "fold": 0,
      "test_subjects": [
        "Tias",
        "sivert"
      ],
      "metrics": {
        "exercise": {
          "f1_macro": 0.3335527226695907,
          "balanced_accuracy": 0.4018811901517829,
          "n": 626
        },
        "phase": {
          "f1_macro": 0.2704237658366098,
          "balanced_accuracy": 0.3278752436647174,
          "n": 533
        },
        "fatigue": {
          "mae": 1.051037090654952,
          "pearson_r": 0.357901093980458,
          "n": 626
        },
        "reps": {
          "mae": 0.24893377268539563,
          "n": 531
        },
        "val_total": 0.12040447903136475,
        "val_total_per_task": {
          "exercise": 1.1654565623773934,
          "phase": 0.28348025555808704,
          "fatigue": 1.0510370879889297,
          "reps": 0.04423320260696327
        }
      }
    },
    {
      "seed": 42,
      "fold": 1,
      "test_subjects": [
        "Raghild",
        "michael"
      ],
      "metrics": {
        "exercise": {
          "f1_macro": 0.2591365384357257,
          "balanced_accuracy": 0.30924844217871855,
          "n": 682
        },
        "phase": {
          "f1_macro": 0.293535640904062,
          "balanced_accuracy": 0.30997642204538756,
          "n": 488
        },
        "fatigue": {
          "mae": 1.1846934567448681,
          "pearson_r": 0.3305628346456364,
          "n": 682
        },
        "reps": {
          "mae": 0.18739890277045643,
          "n": 482
        },
        "val_total": 0.6309783158064588,
        "val_total_per_task": {
          "exercise": 1.3515162058939332,
          "phase": 0.5244550970642448,
          "fatigue": 1.1846934570944554,
          "reps": 0.02857790524658919
        }
      }
    },
    {
      "seed": 42,
      "fold": 2,
      "test_subjects": [
        "Juile",
        "lucas 2"
      ],
      "metrics": {
        "exercise": {
          "f1_macro": 0.3517906480623266,
          "balanced_accuracy": 0.40439065136524005,
          "n": 755
        },
        "phase": {
          "f1_macro": 0.31567885666246326,
          "balanced_accuracy": 0.34674353628217863,
          "n": 560
        },
        "fatigue": {
          "mae": 0.9596233443708609,
          "pearson_r": 0.3983394032723991,
          "n": 755
        },
        "reps": {
          "mae": 0.1666839957356601,
          "n": 554
        },
        "val_total": 0.2568515254961734,
        "val_total_per_task": {
          "exercise": 1.1734759889691082,
          "phase": 0.39491195576080423,
          "fatigue": 0.9596233399498542,
          "reps": 0.03005256655052403
        }
      }
    },
    {
      "seed": 42,
      "fold": 3,
      "test_subjects": [
        "Hytten",
        "lucas"
      ],
      "metrics": {
        "exercise": {
          "f1_macro": 0.17470196584120634,
          "balanced_accuracy": 0.20126907881647388,
          "n": 557
        },
        "phase": {
          "f1_macro": 0.26299016504157696,
          "balanced_accuracy": 0.33060035842293906,
          "n": 477
        },
        "fatigue": {
          "mae": 1.0274208931777378,
          "pearson_r": -0.21396418398459385,
          "n": 557
        },
        "reps": {
          "mae": 0.22658598291115906,
          "n": 474
        },
        "val_total": 0.5150105518755408,
        "val_total_per_task": {
          "exercise": 1.551330891717058,
          "phase": 0.40705444322668244,
          "fatigue": 1.0274208961740217,
          "reps": 0.04198342225308692
        }
      }
    },
    {
      "seed": 42,
      "fold": 4,
      "test_subjects": [
        "kiyomi"
      ],
      "metrics": {
        "exercise": {
          "f1_macro": 0.3686042872789861,
          "balanced_accuracy": 0.45783132530120485,
          "n": 374
        },
        "phase": {
          "f1_macro": 0.294440891162989,
          "balanced_accuracy": 0.32741383846356226,
          "n": 374
        },
        "fatigue": {
          "mae": 0.9716483539438503,
          "pearson_r": 0.3826392853601692,
          "n": 374
        },
        "reps": {
          "mae": 0.20584801350655482,
          "n": 374
        },
        "val_total": 0.01934843777335264,
        "val_total_per_task": {
          "exercise": 1.0507546637784988,
          "phase": 0.3314289729544186,
          "fatigue": 0.9716483590437129,
          "reps": 0.03521005000500756
        }
      }
    }
  ]
}