{
  "exercise": {
    "f1_macro": 0.12322946175637393,
    "balanced_accuracy": 0.25,
    "n": 266
  },
  "phase": {
    "f1_macro": 0.2206896551724138,
    "balanced_accuracy": 0.3333333333333333,
    "n": 194
  },
  "fatigue": {
    "mae": 1.3386836231203008,
    "pearson_r": 0.20989097435979598,
    "n": 266
  },
  "reps": {
    "mae": 0.39115999783906674,
    "n": 189
  },
  "val_total": 0.9003165216374218,
  "val_total_per_task": {
    "exercise": 1.3505125099554993,
    "phase": 0.3673132810377537,
    "fatigue": 1.3386836267055426,
    "reps": 0.1202026883462318
  }
}