{
  "exercise": {
    "f1_macro": 0.415583453994998,
    "balanced_accuracy": 0.49102204264593996,
    "n": 266
  },
  "phase": {
    "f1_macro": 0.33293451383903644,
    "balanced_accuracy": 0.36399711399711404,
    "n": 194
  },
  "fatigue": {
    "mae": 1.619140625,
    "pearson_r": 0.040701771607570235,
    "n": 266
  },
  "reps": {
    "mae": 0.44869248619273544,
    "n": 189
  },
  "val_total": 1.6387895426355807,
  "val_total_per_task": {
    "exercise": 1.3951195738369362,
    "phase": 0.4321215708452956,
    "fatigue": 1.6191406254481553,
    "reps": 0.1497202421489515
  }
}