{
  "arch": "cnn1d_raw",
  "summary": {
    "val_total": {
      "mean": 1.479548954963684,
      "std": 0.11205567216101422,
      "n": 5
    },
    "exercise": {
      "f1_macro": {
        "mean": 0.35885695767834896,
        "std": 0.11101147618614664,
        "n": 5
      },
      "balanced_accuracy": {
        "mean": 0.3833294840698677,
        "std": 0.12652751190708478,
        "n": 5
      }
    },
    "phase": {
      "f1_macro": {
        "mean": 0.326819657861037,
        "std": 0.041925332329586285,
        "n": 5
      },
      "balanced_accuracy": {
        "mean": 0.35739328927578207,
        "std": 0.03684969443124056,
        "n": 5
      }
    },
    "fatigue": {
      "mae": {
        "mean": 1.2424982236497744,
        "std": 0.19810269097527947,
        "n": 5
      },
      "pearson_r": {
        "mean": 0.12730313526654755,
        "std": 0.24262417253561394,
        "n": 5
      }
    },
    "reps": {
      "mae": {
        "mean": 0.4865654516886509,
        "std": 0.07485875799180736,
        "n": 5
      }
    }
  },
  "enabled_tasks": [
    "exercise",
    "phase",
    "fatigue",
    "reps"
  ],
  "all_results": [
    {
      "seed": 42,
      "fold": 0,
      "test_subjects": [
        "Tias",
        "sivert"
      ],
      "metrics": {
        "exercise": {
          "f1_macro": 0.4559605488850772,
          "balanced_accuracy": 0.500810835160215,
          "n": 252
        },
        "phase": {
          "f1_macro": 0.384180790960452,
          "balanced_accuracy": 0.41306691306691307,
          "n": 217
        },
        "fatigue": {
          "mae": 1.1699373759920635,
          "pearson_r": 0.18024257520084697,
          "n": 252
        },
        "reps": {
          "mae": 0.6338901439350899,
          "n": 214
        },
        "val_total": 1.3563308715820312,
        "val_total_per_task": {
          "exercise": 1.1680264472961426,
          "phase": 0.305190771818161,
          "fatigue": 1.1699374914169312,
          "reps": 0.2731419503688812
        }
      }
    },
    {
      "seed": 42,
      "fold": 1,
      "test_subjects": [
        "Raghild",
        "michael"
      ],
      "metrics": {
        "exercise": {
          "f1_macro": 0.4519427940480572,
          "balanced_accuracy": 0.5262116258507599,
          "n": 266
        },
        "phase": {
          "f1_macro": 0.29715916633479356,
          "balanced_accuracy": 0.33400974025974023,
          "n": 194
        },
        "fatigue": {
          "mae": 1.5922374295112782,
          "pearson_r": 0.09330338621514707,
          "n": 266
        },
        "reps": {
          "mae": 0.43186073118534984,
          "n": 189
        },
        "val_total": 1.6556200981140137,
        "val_total_per_task": {
          "exercise": 1.4684163331985474,
          "phase": 0.34331217408180237,
          "fatigue": 1.5922374725341797,
          "reps": 0.14581690728664398
        }
      }
    },
    {
      "seed": 42,
      "fold": 2,
      "test_subjects": [
        "Juile",
        "lucas 2"
      ],
      "metrics": {
        "exercise": {
          "f1_macro": 0.4285791319206114,
          "balanced_accuracy": 0.4113888343799058,
          "n": 304
        },
        "phase": {
          "f1_macro": 0.3152033152033152,
          "balanced_accuracy": 0.3361537962782857,
          "n": 229
        },
        "fatigue": {
          "mae": 1.1522024054276316,
          "pearson_r": 0.3137475372094367,
          "n": 304
        },
        "reps": {
          "mae": 0.4569052653136609,
          "n": 223
        },
        "val_total": 1.376365303993225,
        "val_total_per_task": {
          "exercise": 1.3116599321365356,
          "phase": 0.3507738709449768,
          "fatigue": 1.1522023677825928,
          "reps": 0.1516195833683014
        }
      }
    },
    {
      "seed": 42,
      "fold": 3,
      "test_subjects": [
        "Hytten",
        "lucas"
      ],
      "metrics": {
        "exercise": {
          "f1_macro": 0.17947719038528964,
          "balanced_accuracy": 0.19759887005649718,
          "n": 218
        },
        "phase": {
          "f1_macro": 0.365437616387337,
          "balanced_accuracy": 0.38813770617568083,
          "n": 187
        },
        "fatigue": {
          "mae": 1.2957282110091743,
          "pearson_r": -0.317822153142552,
          "n": 218
        },
        "reps": {
          "mae": 0.4702563023437624,
          "n": 184
        },
        "val_total": 1.5531145334243774,
        "val_total_per_task": {
          "exercise": 1.517582654953003,
          "phase": 0.32415667176246643,
          "fatigue": 1.2957282066345215,
          "reps": 0.19042463600635529
        }
      }
    },
    {
      "seed": 42,
      "fold": 4,
      "test_subjects": [
        "kiyomi"
      ],
      "metrics": {
        "exercise": {
          "f1_macro": 0.27832512315270935,
          "balanced_accuracy": 0.2806372549019608,
          "n": 149
        },
        "phase": {
          "f1_macro": 0.2721174004192872,
          "balanced_accuracy": 0.31559829059829064,
          "n": 149
        },
        "fatigue": {
          "mae": 1.0023856963087248,
          "pearson_r": 0.36704433084985894,
          "n": 149
        },
        "reps": {
          "mae": 0.4399148156653915,
          "n": 149
        },
        "val_total": 1.456313967704773,
        "val_total_per_task": {
          "exercise": 1.709564447402954,
          "phase": 0.3102349638938904,
          "fatigue": 1.0023857355117798,
          "reps": 0.15469792485237122
        }
      }
    }
  ]
}