{
  "exercise": {
    "f1_macro": 0.7192067887920784,
    "balanced_accuracy": 0.706695363897228,
    "n": 252
  },
  "phase": {
    "f1_macro": 0.39561221895318005,
    "balanced_accuracy": 0.3991683991683992,
    "n": 217
  },
  "fatigue": {
    "mae": 1.3046875,
    "pearson_r": 0.03826755672539448,
    "n": 252
  },
  "reps": {
    "mae": 0.5436421914426522,
    "n": 214
  },
  "val_total": 0.6295133233070374,
  "val_total_per_task": {
    "exercise": 0.6616254448890686,
    "phase": 0.26602721214294434,
    "fatigue": 1.3046876192092896,
    "reps": 0.20342572033405304
  }
}