{
  "exercise": {
    "f1_macro": 0.34112468898776577,
    "balanced_accuracy": 0.401808065670304,
    "n": 1509
  },
  "phase": {
    "f1_macro": 0.30605241601654043,
    "balanced_accuracy": 0.3286682857721109,
    "n": 1113
  },
  "fatigue": {
    "mae": 1.0710683813783963,
    "pearson_r": 0.3606302385712633,
    "n": 1509
  },
  "reps": {
    "mae": 0.08657250255842668,
    "n": 1107
  },
  "val_total": -0.07049242639636424,
  "val_total_per_task": {
    "exercise": 1.1579286890996854,
    "phase": 0.8258547659857215,
    "fatigue": 1.0710683794034246,
    "reps": 0.007275784041638739
  }
}