{
  "exercise": {
    "f1_macro": 0.34854573713224546,
    "balanced_accuracy": 0.4240285224776021,
    "n": 1256
  },
  "phase": {
    "f1_macro": 0.284315184993966,
    "balanced_accuracy": 0.33423416175416526,
    "n": 1069
  },
  "fatigue": {
    "mae": 1.083073124004777,
    "pearson_r": 0.31157775562941575,
    "n": 1256
  },
  "reps": {
    "mae": 0.11289302075732126,
    "n": 1067
  },
  "val_total": -0.5410256340245533,
  "val_total_per_task": {
    "exercise": 1.1923577360286834,
    "phase": 0.4253194178365598,
    "fatigue": 1.083073125333543,
    "reps": 0.010668034285639122
  }
}