{
  "exercise": {
    "f1_macro": 0.18757746815405524,
    "balanced_accuracy": 0.2751700508893032,
    "n": 1361
  },
  "phase": {
    "f1_macro": 0.2192982456140351,
    "balanced_accuracy": 0.3333333333333333,
    "n": 969
  },
  "fatigue": {
    "mae": 1.1756377433872154,
    "pearson_r": 0.36363775917656466,
    "n": 1361
  },
  "reps": {
    "mae": 0.0989769022676058,
    "n": 964
  },
  "val_total": 0.9525117988449786,
  "val_total_per_task": {
    "exercise": 1.272823603866207,
    "phase": 0.4943908929255497,
    "fatigue": 1.1756377448762365,
    "reps": 0.008457715544729199
  }
}