{
  "exercise": {
    "f1_macro": 0.301993006993007,
    "balanced_accuracy": 0.30918595658513837,
    "n": 218
  },
  "phase": {
    "f1_macro": 0.3735824742268041,
    "balanced_accuracy": 0.3964806290755658,
    "n": 187
  },
  "fatigue": {
    "mae": 1.2276555332568808,
    "pearson_r": -0.258759644198491,
    "n": 218
  },
  "reps": {
    "mae": 0.4381661800586659,
    "n": 184
  },
  "val_total": 1.4075160026550293,
  "val_total_per_task": {
    "exercise": 1.5035135746002197,
    "phase": 0.34084662795066833,
    "fatigue": 1.2276555299758911,
    "reps": 0.16040164232254028
  }
}