{
  "exercise": {
    "f1_macro": 0.42174212714958476,
    "balanced_accuracy": 0.4048089187598116,
    "n": 304
  },
  "phase": {
    "f1_macro": 0.27257006559332136,
    "balanced_accuracy": 0.3000389029371717,
    "n": 229
  },
  "fatigue": {
    "mae": 0.9907612047697368,
    "pearson_r": 0.3119565355860553,
    "n": 304
  },
  "reps": {
    "mae": 0.42085885602746975,
    "n": 223
  },
  "val_total": 1.1553208200555098,
  "val_total_per_task": {
    "exercise": 1.442388327498185,
    "phase": 0.3163419977614754,
    "fatigue": 0.9907612047697368,
    "reps": 0.13596934472259722
  }
}