{
  "exercise": {
    "f1_macro": 0.35853566336174025,
    "balanced_accuracy": 0.47328970435891304,
    "n": 1256
  },
  "phase": {
    "f1_macro": 0.3014117821209959,
    "balanced_accuracy": 0.31755481766452615,
    "n": 1069
  },
  "fatigue": {
    "mae": 1.1433400925557324,
    "pearson_r": 0.07577518979692578,
    "n": 1256
  },
  "reps": {
    "mae": 0.1382687563829878,
    "n": 1067
  },
  "val_total": 1.2740958306440122,
  "val_total_per_task": {
    "exercise": 1.1437723872008596,
    "phase": 0.41854060284651007,
    "fatigue": 1.1433400906574953,
    "reps": 0.014179924479240824
  }
}