{
  "exercise": {
    "f1_macro": 0.26152073732718895,
    "balanced_accuracy": 0.25275735294117646,
    "n": 149
  },
  "phase": {
    "f1_macro": 0.2577091377091377,
    "balanced_accuracy": 0.2950854700854701,
    "n": 149
  },
  "fatigue": {
    "mae": 0.9808226719798657,
    "pearson_r": 0.6389774239490434,
    "n": 149
  },
  "reps": {
    "mae": 0.5006443112963598,
    "n": 149
  },
  "val_total": 1.2355225086212158,
  "val_total_per_task": {
    "exercise": 1.4333364963531494,
    "phase": 0.32558318972587585,
    "fatigue": 0.9808226823806763,
    "reps": 0.17785659432411194
  }
}