{
  "exercise": {
    "f1_macro": 0.1485148514851485,
    "balanced_accuracy": 0.25,
    "n": 218
  },
  "phase": {
    "f1_macro": 0.24448808479226733,
    "balanced_accuracy": 0.3317031070195627,
    "n": 187
  },
  "fatigue": {
    "mae": 1.118889764908257,
    "pearson_r": -0.3214691026762807,
    "n": 218
  },
  "reps": {
    "mae": 0.5083229370091272,
    "n": 184
  },
  "val_total": 1.1869430541992188,
  "val_total_per_task": {
    "exercise": 1.2783830165863037,
    "phase": 0.3276059329509735,
    "fatigue": 1.1188896894454956,
    "reps": 0.18486811220645905
  }
}