{
  "exercise": {
    "f1_macro": 0.3890546426931873,
    "balanced_accuracy": 0.42982036564625853,
    "n": 304
  },
  "phase": {
    "f1_macro": 0.2783239089459185,
    "balanced_accuracy": 0.29893665305063866,
    "n": 229
  },
  "fatigue": {
    "mae": 1.373817845394737,
    "pearson_r": 0.09627138270609631,
    "n": 304
  },
  "reps": {
    "mae": 0.4091146551114361,
    "n": 223
  },
  "val_total": 1.1460027004543103,
  "val_total_per_task": {
    "exercise": 1.0777242591506557,
    "phase": 0.3554533249453494,
    "fatigue": 1.37381785166891,
    "reps": 0.13290750980377197
  }
}