{
  "lr": 0.00032925293631105276,
  "weight_decay": 1.9634341572933354e-06,
  "batch_size": 64,
  "dropout": 0.29807076404450805,
  "repr_dim": 128,
  "_patience": 50
}