{
  "exercise": {
    "f1_macro": 0.4344749272853645,
    "balanced_accuracy": 0.49196614507544156,
    "n": 682
  },
  "phase": {
    "f1_macro": 0.3109873634611266,
    "balanced_accuracy": 0.3454047548875135,
    "n": 488
  },
  "fatigue": {
    "mae": 1.1753430855938416,
    "pearson_r": 0.37433819338167884,
    "n": 682
  },
  "reps": {
    "mae": 0.1826201322801504,
    "n": 482
  },
  "val_total": 0.46771258273082744,
  "val_total_per_task": {
    "exercise": 1.490555623409685,
    "phase": 0.5229000045407203,
    "fatigue": 1.1753430873417785,
    "reps": 0.0284446156269644
  }
}