{
  "exercise": {
    "f1_macro": 0.3603792415169661,
    "balanced_accuracy": 0.4411764705882353,
    "n": 149
  },
  "phase": {
    "f1_macro": 0.2539069359086918,
    "balanced_accuracy": 0.31367521367521367,
    "n": 149
  },
  "fatigue": {
    "mae": 0.8279677013422819,
    "pearson_r": 0.3175649114266824,
    "n": 149
  },
  "reps": {
    "mae": 0.48176573935721145,
    "n": 149
  },
  "val_total": 0.8940649840655743,
  "val_total_per_task": {
    "exercise": 1.0973399077485873,
    "phase": 0.30973667346391104,
    "fatigue": 0.827967708542843,
    "reps": 0.17955197953937838
  }
}