{
  "arch": "lstm_raw",
  "summary": {
    "val_total": {
      "mean": -0.347624245425064,
      "std": 0.24403625911070057,
      "n": 5
    },
    "exercise": {
      "f1_macro": {
        "mean": 0.33242340068718007,
        "std": 0.10624915961513073,
        "n": 5
      },
      "balanced_accuracy": {
        "mean": 0.38435441306490226,
        "std": 0.12477888274701422,
        "n": 5
      }
    },
    "phase": {
      "f1_macro": {
        "mean": 0.30516655415205884,
        "std": 0.019648966715106148,
        "n": 5
      },
      "balanced_accuracy": {
        "mean": 0.33908714779258303,
        "std": 0.005636034040248817,
        "n": 5
      }
    },
    "fatigue": {
      "mae": {
        "mean": 1.0366516030720523,
        "std": 0.15259728053357347,
        "n": 5
      },
      "pearson_r": {
        "mean": 0.23249307293185786,
        "std": 0.26255510283271344,
        "n": 5
      }
    },
    "reps": {
      "mae": {
        "mean": 0.10395109061131347,
        "std": 0.01222294922963011,
        "n": 5
      }
    }
  },
  "enabled_tasks": [
    "exercise",
    "phase",
    "fatigue",
    "reps"
  ],
  "all_results": [
    {
      "seed": 42,
      "fold": 0,
      "test_subjects": [
        "Tias",
        "sivert"
      ],
      "metrics": {
        "exercise": {
          "f1_macro": 0.34854573713224546,
          "balanced_accuracy": 0.4240285224776021,
          "n": 1256
        },
        "phase": {
          "f1_macro": 0.284315184993966,
          "balanced_accuracy": 0.33423416175416526,
          "n": 1069
        },
        "fatigue": {
          "mae": 1.083073124004777,
          "pearson_r": 0.31157775562941575,
          "n": 1256
        },
        "reps": {
          "mae": 0.11289302075732126,
          "n": 1067
        },
        "val_total": -0.5410256340245533,
        "val_total_per_task": {
          "exercise": 1.1923577360286834,
          "phase": 0.4253194178365598,
          "fatigue": 1.083073125333543,
          "reps": 0.010668034285639122
        }
      }
    },
    {
      "seed": 42,
      "fold": 1,
      "test_subjects": [
        "Raghild",
        "michael"
      ],
      "metrics": {
        "exercise": {
          "f1_macro": 0.396745834959147,
          "balanced_accuracy": 0.45452407390085797,
          "n": 1361
        },
        "phase": {
          "f1_macro": 0.2977095667665717,
          "balanced_accuracy": 0.3420036348800119,
          "n": 969
        },
        "fatigue": {
          "mae": 1.1995602957384277,
          "pearson_r": 0.3536972032706789,
          "n": 1361
        },
        "reps": {
          "mae": 0.0963186245794211,
          "n": 964
        },
        "val_total": -0.1770831489282702,
        "val_total_per_task": {
          "exercise": 1.3234593003747395,
          "phase": 0.6882944043991235,
          "fatigue": 1.1995602987164702,
          "reps": 0.007821752449592012
        }
      }
    },
    {
      "seed": 42,
      "fold": 2,
      "test_subjects": [
        "Juile",
        "lucas 2"
      ],
      "metrics": {
        "exercise": {
          "f1_macro": 0.4216865317983324,
          "balanced_accuracy": 0.4497187138842642,
          "n": 1509
        },
        "phase": {
          "f1_macro": 0.34256046469786927,
          "balanced_accuracy": 0.34810767051204206,
          "n": 1113
        },
        "fatigue": {
          "mae": 1.0148691186216037,
          "pearson_r": 0.31750527855760546,
          "n": 1509
        },
        "reps": {
          "mae": 0.08514068731970836,
          "n": 1107
        },
        "val_total": -0.1536384213436827,
        "val_total_per_task": {
          "exercise": 1.1470578701943257,
          "phase": 0.8282820381930208,
          "fatigue": 1.0148691169626276,
          "reps": 0.006917659226296416
        }
      }
    },
    {
      "seed": 42,
      "fold": 3,
      "test_subjects": [
        "Hytten",
        "lucas"
      ],
      "metrics": {
        "exercise": {
          "f1_macro": 0.1257523291285349,
          "balanced_accuracy": 0.1359249974860295,
          "n": 1106
        },
        "phase": {
          "f1_macro": 0.30109548497925137,
          "balanced_accuracy": 0.33235879776044225,
          "n": 944
        },
        "fatigue": {
          "mae": 1.1295243275316456,
          "pearson_r": -0.28151014686375975,
          "n": 1106
        },
        "reps": {
          "mae": 0.11983658223389178,
          "n": 941
        },
        "val_total": -0.134015119097332,
        "val_total_per_task": {
          "exercise": 1.5878641396275912,
          "phase": 0.50505432793719,
          "fatigue": 1.1295243180466388,
          "reps": 0.011929896249221958
        }
      }
    },
    {
      "seed": 42,
      "fold": 4,
      "test_subjects": [
        "kiyomi"
      ],
      "metrics": {
        "exercise": {
          "f1_macro": 0.3693865704176407,
          "balanced_accuracy": 0.4575757575757576,
          "n": 746
        },
        "phase": {
          "f1_macro": 0.30015206932263605,
          "balanced_accuracy": 0.33873147405625353,
          "n": 746
        },
        "fatigue": {
          "mae": 0.756231149463807,
          "pearson_r": 0.46119527406534905,
          "n": 746
        },
        "reps": {
          "mae": 0.1055665381662248,
          "n": 746
        },
        "val_total": -0.7323589037314816,
        "val_total_per_task": {
          "exercise": 1.0835795472837964,
          "phase": 0.4782795129448735,
          "fatigue": 0.7562311593712815,
          "reps": 0.00977493866768743
        }
      }
    }
  ]
}