{
  "lr": 0.0039104468996425295,
  "weight_decay": 1.3866129846792231e-05,
  "batch_size": 64,
  "dropout": 0.30772888617454647,
  "repr_dim": 128,
  "lstm_hidden": 64,
  "lstm_layers": 1,
  "_patience": 50
}