{
  "exercise": {
    "f1_macro": 0.3678182859324298,
    "balanced_accuracy": 0.45588235294117646,
    "n": 149
  },
  "phase": {
    "f1_macro": 0.33577917540181695,
    "balanced_accuracy": 0.37927350427350426,
    "n": 149
  },
  "fatigue": {
    "mae": 0.9486157718120806,
    "pearson_r": 0.10695864618821002,
    "n": 149
  },
  "reps": {
    "mae": 0.5205911120787363,
    "n": 149
  },
  "val_total": 1.3027914762496948,
  "val_total_per_task": {
    "exercise": 1.238232135772705,
    "phase": 0.3130452632904053,
    "fatigue": 0.9486157894134521,
    "reps": 0.20102398097515106
  }
}