{
  "exercise": {
    "f1_macro": 0.34520008390004786,
    "balanced_accuracy": 0.4015496874059118,
    "n": 218
  },
  "phase": {
    "f1_macro": 0.29634179634179636,
    "balanced_accuracy": 0.324319140774837,
    "n": 187
  },
  "fatigue": {
    "mae": 1.2963732798165137,
    "pearson_r": -0.20266293876365074,
    "n": 218
  },
  "reps": {
    "mae": 0.4474886600737986,
    "n": 184
  },
  "val_total": 1.3437645435333252,
  "val_total_per_task": {
    "exercise": 1.3921616077423096,
    "phase": 0.33001089096069336,
    "fatigue": 1.2963732481002808,
    "reps": 0.1628519743680954
  }
}