{
  "exercise": {
    "f1_macro": 0.2764102564102564,
    "balanced_accuracy": 0.29381127450980393,
    "n": 149
  },
  "phase": {
    "f1_macro": 0.2587043972811763,
    "balanced_accuracy": 0.3007122507122507,
    "n": 149
  },
  "fatigue": {
    "mae": 1.2446780620805369,
    "pearson_r": 0.12736287810391156,
    "n": 149
  },
  "reps": {
    "mae": 0.47271041290822047,
    "n": 149
  },
  "val_total": 1.3610824346542358,
  "val_total_per_task": {
    "exercise": 1.552322268486023,
    "phase": 0.31303301453590393,
    "fatigue": 1.244678020477295,
    "reps": 0.16873414814472198
  }
}