{
  "arch": "lstm_raw",
  "summary": {
    "val_total": {
      "mean": 0.14083038515386823,
      "std": 0.24026750221273838,
      "n": 5
    },
    "exercise": {
      "f1_macro": {
        "mean": 0.32292448661007545,
        "std": 0.057541177878491924,
        "n": 5
      },
      "balanced_accuracy": {
        "mean": 0.379610990280465,
        "std": 0.06721664161769979,
        "n": 5
      }
    },
    "phase": {
      "f1_macro": {
        "mean": 0.3060414641936479,
        "std": 0.020635079977406493,
        "n": 5
      },
      "balanced_accuracy": {
        "mean": 0.33737290549986965,
        "std": 0.018520670449165565,
        "n": 5
      }
    },
    "fatigue": {
      "mae": {
        "mean": 1.0432638808790866,
        "std": 0.08527307282824946,
        "n": 5
      },
      "pearson_r": {
        "mean": 0.18722691712845513,
        "std": 0.2340387106163946,
        "n": 5
      }
    },
    "reps": {
      "mae": {
        "mean": 0.20561966814219795,
        "std": 0.03143400220346341,
        "n": 5
      }
    }
  },
  "enabled_tasks": [
    "exercise",
    "phase",
    "fatigue",
    "reps"
  ],
  "all_results": [
    {
      "seed": 42,
      "fold": 0,
      "test_subjects": [
        "Tias",
        "sivert"
      ],
      "metrics": {
        "exercise": {
          "f1_macro": 0.33727358682232333,
          "balanced_accuracy": 0.3997505239583532,
          "n": 626
        },
        "phase": {
          "f1_macro": 0.31838326723472204,
          "balanced_accuracy": 0.33231968810916185,
          "n": 533
        },
        "fatigue": {
          "mae": 1.104195786741214,
          "pearson_r": 0.32645033874572127,
          "n": 626
        },
        "reps": {
          "mae": 0.25760813609288263,
          "n": 531
        },
        "val_total": 0.008964076781044371,
        "val_total_per_task": {
          "exercise": 1.1811775018612798,
          "phase": 0.2810440056811506,
          "fatigue": 1.1041957873125046,
          "reps": 0.047395711461195165
        }
      }
    },
    {
      "seed": 42,
      "fold": 1,
      "test_subjects": [
        "Raghild",
        "michael"
      ],
      "metrics": {
        "exercise": {
          "f1_macro": 0.3200203550905722,
          "balanced_accuracy": 0.36362434760675966,
          "n": 682
        },
        "phase": {
          "f1_macro": 0.2691795384103077,
          "balanced_accuracy": 0.30677129384025936,
          "n": 488
        },
        "fatigue": {
          "mae": 1.1615767045454546,
          "pearson_r": 0.33445819657330406,
          "n": 682
        },
        "reps": {
          "mae": 0.18017119012340224,
          "n": 482
        },
        "val_total": 0.49382543703677717,
        "val_total_per_task": {
          "exercise": 1.5090339344617558,
          "phase": 0.5147864965399689,
          "fatigue": 1.1615767080413282,
          "reps": 0.027968160917332445
        }
      }
    },
    {
      "seed": 42,
      "fold": 2,
      "test_subjects": [
        "Juile",
        "lucas 2"
      ],
      "metrics": {
        "exercise": {
          "f1_macro": 0.3741348448687351,
          "balanced_accuracy": 0.4209360379275962,
          "n": 755
        },
        "phase": {
          "f1_macro": 0.308420902664171,
          "balanced_accuracy": 0.3354836302235656,
          "n": 560
        },
        "fatigue": {
          "mae": 0.9395695364238411,
          "pearson_r": 0.3936371573221254,
          "n": 755
        },
        "reps": {
          "mae": 0.16788661692019163,
          "n": 554
        },
        "val_total": 0.014430750600549559,
        "val_total_per_task": {
          "exercise": 1.1857864270936573,
          "phase": 0.394785610808442,
          "fatigue": 0.9395695293975982,
          "reps": 0.02881809213007523
        }
      }
    },
    {
      "seed": 42,
      "fold": 3,
      "test_subjects": [
        "Hytten",
        "lucas"
      ],
      "metrics": {
        "exercise": {
          "f1_macro": 0.2149311224894187,
          "balanced_accuracy": 0.25892476480118237,
          "n": 557
        },
        "phase": {
          "f1_macro": 0.330660685917204,
          "balanced_accuracy": 0.36087429595494114,
          "n": 477
        },
        "fatigue": {
          "mae": 1.0556903613105924,
          "pearson_r": -0.24460683065899932,
          "n": 557
        },
        "reps": {
          "mae": 0.21841450324940265,
          "n": 474
        },
        "val_total": 0.34464750148663614,
        "val_total_per_task": {
          "exercise": 1.5392816608213222,
          "phase": 0.40158342346682796,
          "fatigue": 1.0556903608825519,
          "reps": 0.04256419883622943
        }
      }
    },
    {
      "seed": 42,
      "fold": 4,
      "test_subjects": [
        "kiyomi"
      ],
      "metrics": {
        "exercise": {
          "f1_macro": 0.36826252377932783,
          "balanced_accuracy": 0.45481927710843373,
          "n": 374
        },
        "phase": {
          "f1_macro": 0.3035629267418349,
          "balanced_accuracy": 0.35141561937142046,
          "n": 374
        },
        "fatigue": {
          "mae": 0.9552870153743316,
          "pearson_r": 0.1261957236601243,
          "n": 374
        },
        "reps": {
          "mae": 0.20401789432511053,
          "n": 374
        },
        "val_total": -0.15771584013566614,
        "val_total_per_task": {
          "exercise": 1.0822463481821478,
          "phase": 0.3291216667960672,
          "fatigue": 0.9552869994372608,
          "reps": 0.03516072327679491
        }
      }
    }
  ]
}