{
  "exercise": {
    "f1_macro": 0.3020918785890074,
    "balanced_accuracy": 0.39995476322661566,
    "n": 266
  },
  "phase": {
    "f1_macro": 0.2833500613360098,
    "balanced_accuracy": 0.3192640692640693,
    "n": 194
  },
  "fatigue": {
    "mae": 1.6761483787593985,
    "pearson_r": 0.33613161154170357,
    "n": 266
  },
  "reps": {
    "mae": 0.4706827299127345,
    "n": 189
  },
  "val_total": 1.171180764535316,
  "val_total_per_task": {
    "exercise": 1.2488981539145447,
    "phase": 0.3604023877839397,
    "fatigue": 1.6761483823446404,
    "reps": 0.1507593025838522
  }
}