{
  "exercise": {
    "f1_macro": 0.756025901287403,
    "balanced_accuracy": 0.7554023963648075,
    "n": 252
  },
  "phase": {
    "f1_macro": 0.3596623559481327,
    "balanced_accuracy": 0.37576037576037574,
    "n": 217
  },
  "fatigue": {
    "mae": 1.1103515625,
    "pearson_r": 0.3273891636467151,
    "n": 252
  },
  "reps": {
    "mae": 0.4378065681694267,
    "n": 214
  },
  "val_total": 0.4923033799443926,
  "val_total_per_task": {
    "exercise": 0.6815610348232208,
    "phase": 0.3028158077171871,
    "fatigue": 1.1103515587155781,
    "reps": 0.15068277444631334
  }
}