{
  "exercise": {
    "f1_macro": 0.1596364106877143,
    "balanced_accuracy": 0.18284398715288636,
    "n": 557
  },
  "phase": {
    "f1_macro": 0.2940233736605709,
    "balanced_accuracy": 0.32083973374295954,
    "n": 477
  },
  "fatigue": {
    "mae": 1.0380947037701975,
    "pearson_r": -0.3149752821585264,
    "n": 557
  },
  "reps": {
    "mae": 0.22850924045120596,
    "n": 474
  },
  "val_total": 1.1941530237934106,
  "val_total_per_task": {
    "exercise": 1.5111270284738318,
    "phase": 0.40056200590339125,
    "fatigue": 1.0380947093347244,
    "reps": 0.0426740833195311
  }
}