{
  "exercise": {
    "f1_macro": 0.36702420242024203,
    "balanced_accuracy": 0.44856927710843375,
    "n": 374
  },
  "phase": {
    "f1_macro": 0.28646898432174506,
    "balanced_accuracy": 0.33117803007305774,
    "n": 374
  },
  "fatigue": {
    "mae": 0.9425969251336899,
    "pearson_r": 0.15771420204649916,
    "n": 374
  },
  "reps": {
    "mae": 0.2055609288505891,
    "n": 374
  },
  "val_total": -0.21666426709628997,
  "val_total_per_task": {
    "exercise": 1.0397089177911931,
    "phase": 0.3303345435443409,
    "fatigue": 0.9425969423457263,
    "reps": 0.03543490352716675
  }
}