{
  "lr": 0.00040375061884407573,
  "weight_decay": 6.963114377829292e-06,
  "batch_size": 256,
  "dropout": 0.12982025747190834,
  "repr_dim": 64,
  "_patience": 50
}