{
  "exercise": {
    "f1_macro": 0.14746835443037976,
    "balanced_accuracy": 0.25,
    "n": 557
  },
  "phase": {
    "f1_macro": 0.2084534101825168,
    "balanced_accuracy": 0.3333333333333333,
    "n": 477
  },
  "fatigue": {
    "mae": 0.8299624102333932,
    "pearson_r": -0.1879328947533497,
    "n": 557
  },
  "reps": {
    "mae": 0.2171253883274948,
    "n": 474
  },
  "val_total": 1.2440819551957574,
  "val_total_per_task": {
    "exercise": 1.3095405041850448,
    "phase": 0.395137393602991,
    "fatigue": 0.8299624155838999,
    "reps": 0.03998740056205267
  }
}