{
  "exercise": {
    "f1_macro": 0.3654203049944296,
    "balanced_accuracy": 0.3790327146825751,
    "n": 1509
  },
  "phase": {
    "f1_macro": 0.35777229041082625,
    "balanced_accuracy": 0.3619206638332321,
    "n": 1113
  },
  "fatigue": {
    "mae": 0.9960782181908548,
    "pearson_r": 0.3781436036749566,
    "n": 1509
  },
  "reps": {
    "mae": 0.08637209499739414,
    "n": 1107
  },
  "val_total": -0.1255539869772353,
  "val_total_per_task": {
    "exercise": 1.2213984766568942,
    "phase": 0.8237814493847652,
    "fatigue": 0.9960782154258946,
    "reps": 0.00702451891281239
  }
}