{
  "arch": "lstm_raw",
  "summary": {
    "val_total": {
      "mean": 0.024314738223408315,
      "std": 0.36395332437685074,
      "n": 5
    },
    "exercise": {
      "f1_macro": {
        "mean": 0.3232082101894296,
        "std": 0.10991143837713707,
        "n": 5
      },
      "balanced_accuracy": {
        "mean": 0.3589477503244681,
        "std": 0.12933511960547958,
        "n": 5
      }
    },
    "phase": {
      "f1_macro": {
        "mean": 0.301262959963108,
        "std": 0.026902282673196092,
        "n": 5
      },
      "balanced_accuracy": {
        "mean": 0.33347786662259377,
        "std": 0.007595774744588737,
        "n": 5
      }
    },
    "fatigue": {
      "mae": {
        "mean": 1.072064114069231,
        "std": 0.1008415269659129,
        "n": 5
      },
      "pearson_r": {
        "mean": 0.25885809664223924,
        "std": 0.2754139704016174,
        "n": 5
      }
    },
    "reps": {
      "mae": {
        "mean": 0.10777169406375176,
        "std": 0.012102240495461406,
        "n": 5
      }
    }
  },
  "enabled_tasks": [
    "exercise",
    "phase",
    "fatigue",
    "reps"
  ],
  "all_results": [
    {
      "seed": 42,
      "fold": 0,
      "test_subjects": [
        "Tias",
        "sivert"
      ],
      "metrics": {
        "exercise": {
          "f1_macro": 0.377269631114257,
          "balanced_accuracy": 0.434311783522876,
          "n": 1256
        },
        "phase": {
          "f1_macro": 0.3106094763358102,
          "balanced_accuracy": 0.32191024384535494,
          "n": 1069
        },
        "fatigue": {
          "mae": 0.9994681777468153,
          "pearson_r": 0.4317976149010872,
          "n": 1256
        },
        "reps": {
          "mae": 0.1189887086221915,
          "n": 1067
        },
        "val_total": -0.31226415846757827,
        "val_total_per_task": {
          "exercise": 1.384926747364603,
          "phase": 0.4263545694244895,
          "fatigue": 0.9994681786959339,
          "reps": 0.011153913037792134
        }
      }
    },
    {
      "seed": 42,
      "fold": 1,
      "test_subjects": [
        "Raghild",
        "michael"
      ],
      "metrics": {
        "exercise": {
          "f1_macro": 0.40508046154948724,
          "balanced_accuracy": 0.4461166716311775,
          "n": 1361
        },
        "phase": {
          "f1_macro": 0.29397991772417015,
          "balanced_accuracy": 0.33359445124439,
          "n": 969
        },
        "fatigue": {
          "mae": 1.1742916513592947,
          "pearson_r": 0.3758223196488773,
          "n": 1361
        },
        "reps": {
          "mae": 0.10423613374249012,
          "n": 964
        },
        "val_total": 0.25967548105490723,
        "val_total_per_task": {
          "exercise": 1.6569262360230166,
          "phase": 0.7056603543816201,
          "fatigue": 1.1742916548628741,
          "reps": 0.008588321173042169
        }
      }
    },
    {
      "seed": 42,
      "fold": 2,
      "test_subjects": [
        "Juile",
        "lucas 2"
      ],
      "metrics": {
        "exercise": {
          "f1_macro": 0.33938427774634894,
          "balanced_accuracy": 0.3379524236986753,
          "n": 1509
        },
        "phase": {
          "f1_macro": 0.33894210140670283,
          "balanced_accuracy": 0.34272414490993725,
          "n": 1113
        },
        "fatigue": {
          "mae": 0.9461874585818423,
          "pearson_r": 0.4407168776740762,
          "n": 1509
        },
        "reps": {
          "mae": 0.08836759443082716,
          "n": 1107
        },
        "val_total": 0.18293262002008337,
        "val_total_per_task": {
          "exercise": 1.490894992356272,
          "phase": 0.8053798249338224,
          "fatigue": 0.9461874584238446,
          "reps": 0.0070516578331614385
        }
      }
    },
    {
      "seed": 42,
      "fold": 3,
      "test_subjects": [
        "Hytten",
        "lucas"
      ],
      "metrics": {
        "exercise": {
          "f1_macro": 0.10760663300442982,
          "balanced_accuracy": 0.11511470888221689,
          "n": 1106
        },
        "phase": {
          "f1_macro": 0.30657903538698245,
          "balanced_accuracy": 0.3403565488321971,
          "n": 944
        },
        "fatigue": {
          "mae": 1.2057668399638337,
          "pearson_r": -0.286315109165683,
          "n": 1106
        },
        "reps": {
          "mae": 0.12225769740958894,
          "n": 941
        },
        "val_total": 0.4787417115613306,
        "val_total_per_task": {
          "exercise": 1.934128606513439,
          "phase": 0.5042847717217899,
          "fatigue": 1.2057668240117767,
          "reps": 0.014920046793845959
        }
      }
    },
    {
      "seed": 42,
      "fold": 4,
      "test_subjects": [
        "kiyomi"
      ],
      "metrics": {
        "exercise": {
          "f1_macro": 0.38670004753262466,
          "balanced_accuracy": 0.46124316388739467,
          "n": 746
        },
        "phase": {
          "f1_macro": 0.2562042689618745,
          "balanced_accuracy": 0.32880394428108944,
          "n": 746
        },
        "fatigue": {
          "mae": 1.03460644269437,
          "pearson_r": 0.3322687801528385,
          "n": 746
        },
        "reps": {
          "mae": 0.10500833611366096,
          "n": 746
        },
        "val_total": -0.48751196305170136,
        "val_total_per_task": {
          "exercise": 1.16394985073693,
          "phase": 0.48451920313106467,
          "fatigue": 1.0346064522822485,
          "reps": 0.01066322415947275
        }
      }
    }
  ]
}