{
  "exercise": {
    "f1_macro": 0.12170385395537525,
    "balanced_accuracy": 0.25,
    "n": 746
  },
  "phase": {
    "f1_macro": 0.2120658135283364,
    "balanced_accuracy": 0.3333333333333333,
    "n": 746
  },
  "fatigue": {
    "mae": 0.745062206769437,
    "pearson_r": -0.008296586922565586,
    "n": 746
  },
  "reps": {
    "mae": 0.10883676593788667,
    "n": 746
  },
  "val_total": 1.2086592043372966,
  "val_total_per_task": {
    "exercise": 1.3876442771814463,
    "phase": 0.479678852948043,
    "fatigue": 0.7450622179552953,
    "reps": 0.010304315053126288
  }
}