{
  "exercise": {
    "f1_macro": 0.5772488393120477,
    "balanced_accuracy": 0.6044024405362803,
    "n": 218
  },
  "phase": {
    "f1_macro": 0.3726277976035734,
    "balanced_accuracy": 0.38481012658227853,
    "n": 187
  },
  "fatigue": {
    "mae": 1.2222799598623852,
    "pearson_r": -0.3833226668525501,
    "n": 218
  },
  "reps": {
    "mae": 0.42093853166569833,
    "n": 184
  },
  "val_total": 1.3791258291366997,
  "val_total_per_task": {
    "exercise": 1.3148056006212847,
    "phase": 0.3294718003054278,
    "fatigue": 1.222279968611691,
    "reps": 0.1417131511443252
  }
}