{
  "exercise": {
    "f1_macro": 0.3017672363678642,
    "balanced_accuracy": 0.32138480392156865,
    "n": 149
  },
  "phase": {
    "f1_macro": 0.25396825396825395,
    "balanced_accuracy": 0.2710826210826211,
    "n": 149
  },
  "fatigue": {
    "mae": 0.975356543624161,
    "pearson_r": 0.3100381568902856,
    "n": 149
  },
  "reps": {
    "mae": 0.4240193545893335,
    "n": 149
  },
  "val_total": 0.7074240766115637,
  "val_total_per_task": {
    "exercise": 1.211760029696778,
    "phase": 0.30145487499317064,
    "fatigue": 0.9753565500246598,
    "reps": 0.13696266300726256
  }
}