{
  "arch": "lstm_raw",
  "summary": {
    "val_total": {
      "mean": 0.9350710575817089,
      "std": 0.14749813850355736,
      "n": 5
    },
    "exercise": {
      "f1_macro": {
        "mean": 0.3027045512614047,
        "std": 0.03859696017307252,
        "n": 5
      },
      "balanced_accuracy": {
        "mean": 0.37802625551502916,
        "std": 0.057128427558378325,
        "n": 5
      }
    },
    "phase": {
      "f1_macro": {
        "mean": 0.26510387954640574,
        "std": 0.021342936868944666,
        "n": 5
      },
      "balanced_accuracy": {
        "mean": 0.3217881120273587,
        "std": 0.02274920819500666,
        "n": 5
      }
    },
    "fatigue": {
      "mae": {
        "mean": 1.0413449346801749,
        "std": 0.08892659182836554,
        "n": 5
      },
      "pearson_r": {
        "mean": 0.20992786163011123,
        "std": 0.2805943634319965,
        "n": 5
      }
    },
    "reps": {
      "mae": {
        "mean": 0.21381361570641277,
        "std": 0.033695066338387196,
        "n": 5
      }
    }
  },
  "enabled_tasks": [
    "exercise",
    "phase",
    "fatigue",
    "reps"
  ],
  "all_results": [
    {
      "seed": 42,
      "fold": 0,
      "test_subjects": [
        "Tias",
        "sivert"
      ],
      "metrics": {
        "exercise": {
          "f1_macro": 0.28703405608043064,
          "balanced_accuracy": 0.32953601025085955,
          "n": 626
        },
        "phase": {
          "f1_macro": 0.3019602823850646,
          "balanced_accuracy": 0.33231968810916174,
          "n": 533
        },
        "fatigue": {
          "mae": 1.0727273861821087,
          "pearson_r": 0.2976842477987934,
          "n": 626
        },
        "reps": {
          "mae": 0.26938677787265114,
          "n": 531
        },
        "val_total": 0.8325956290522323,
        "val_total_per_task": {
          "exercise": 1.1165689660337406,
          "phase": 0.2837985283650529,
          "fatigue": 1.072727382183075,
          "reps": 0.05125256210636978
        }
      }
    },
    {
      "seed": 42,
      "fold": 1,
      "test_subjects": [
        "Raghild",
        "michael"
      ],
      "metrics": {
        "exercise": {
          "f1_macro": 0.28189162316679095,
          "balanced_accuracy": 0.4001065797940798,
          "n": 682
        },
        "phase": {
          "f1_macro": 0.2493241113930769,
          "balanced_accuracy": 0.33890853718439923,
          "n": 488
        },
        "fatigue": {
          "mae": 1.1894989461143695,
          "pearson_r": 0.4069980656328811,
          "n": 682
        },
        "reps": {
          "mae": 0.18798580819053026,
          "n": 482
        },
        "val_total": 1.1653117686073102,
        "val_total_per_task": {
          "exercise": 1.2720824179411634,
          "phase": 0.5319751518562742,
          "fatigue": 1.1894989471631316,
          "reps": 0.028660452610586397
        }
      }
    },
    {
      "seed": 42,
      "fold": 2,
      "test_subjects": [
        "Juile",
        "lucas 2"
      ],
      "metrics": {
        "exercise": {
          "f1_macro": 0.32591768631813123,
          "balanced_accuracy": 0.40464411719588894,
          "n": 755
        },
        "phase": {
          "f1_macro": 0.2708243291152878,
          "balanced_accuracy": 0.3369529220249173,
          "n": 560
        },
        "fatigue": {
          "mae": 0.9309861341059603,
          "pearson_r": 0.45322683491025884,
          "n": 755
        },
        "reps": {
          "mae": 0.17122052440046592,
          "n": 554
        },
        "val_total": 0.8788091006657935,
        "val_total_per_task": {
          "exercise": 1.1371990300172212,
          "phase": 0.39548763088043165,
          "fatigue": 0.9309861299217932,
          "reps": 0.030222193213389408
        }
      }
    },
    {
      "seed": 42,
      "fold": 3,
      "test_subjects": [
        "Hytten",
        "lucas"
      ],
      "metrics": {
        "exercise": {
          "f1_macro": 0.2539186507936508,
          "balanced_accuracy": 0.2980132450331126,
          "n": 557
        },
        "phase": {
          "f1_macro": 0.23990610328638495,
          "balanced_accuracy": 0.32315028161802356,
          "n": 477
        },
        "fatigue": {
          "mae": 1.0386417190305206,
          "pearson_r": -0.32660091755706694,
          "n": 557
        },
        "reps": {
          "mae": 0.22374689195625375,
          "n": 474
        },
        "val_total": 1.0399336459606725,
        "val_total_per_task": {
          "exercise": 1.438888576557221,
          "phase": 0.3996876773543161,
          "fatigue": 1.0386417318717367,
          "reps": 0.04272420540839915
        }
      }
    },
    {
      "seed": 42,
      "fold": 4,
      "test_subjects": [
        "kiyomi"
      ],
      "metrics": {
        "exercise": {
          "f1_macro": 0.36476073994802016,
          "balanced_accuracy": 0.45783132530120485,
          "n": 374
        },
        "phase": {
          "f1_macro": 0.26350457155221435,
          "balanced_accuracy": 0.27760913120029146,
          "n": 374
        },
        "fatigue": {
          "mae": 0.9748704879679144,
          "pearson_r": 0.21833107736568982,
          "n": 374
        },
        "reps": {
          "mae": 0.21672807611216277,
          "n": 374
        },
        "val_total": 0.758705143622536,
        "val_total_per_task": {
          "exercise": 1.0488297416564616,
          "phase": 0.33289951149792596,
          "fatigue": 0.9748705172921247,
          "reps": 0.0371939343883392
        }
      }
    }
  ]
}