{
  "exercise": {
    "f1_macro": 0.5164550182322329,
    "balanced_accuracy": 0.479751559714795,
    "n": 149
  },
  "phase": {
    "f1_macro": 0.3482759143797691,
    "balanced_accuracy": 0.500997150997151,
    "n": 149
  },
  "fatigue": {
    "mae": 0.9386797399328859,
    "pearson_r": 0.2271843832299746,
    "n": 149
  },
  "reps": {
    "mae": 0.3423704119811722,
    "n": 149
  },
  "val_total": 2.7282475625108553,
  "val_total_per_task": {
    "exercise": 0.975074101614472,
    "phase": 0.2984626694213624,
    "fatigue": 0.9386797367326365,
    "reps": 0.09161923180690548
  }
}