{
  "exercise": {
    "f1_macro": 0.3372055151449354,
    "balanced_accuracy": 0.38082107843137253,
    "n": 149
  },
  "phase": {
    "f1_macro": 0.268361581920904,
    "balanced_accuracy": 0.2987179487179487,
    "n": 149
  },
  "fatigue": {
    "mae": 0.9642407718120806,
    "pearson_r": 0.24354578295098842,
    "n": 149
  },
  "reps": {
    "mae": 0.44376367399306504,
    "n": 149
  },
  "val_total": 0.811533792706944,
  "val_total_per_task": {
    "exercise": 1.1893987351615958,
    "phase": 0.3066886439419433,
    "fatigue": 0.9642407766124547,
    "reps": 0.15296975413224842
  }
}