{
  "exercise": {
    "f1_macro": 0.5886526471436311,
    "balanced_accuracy": 0.5837213191656372,
    "n": 252
  },
  "phase": {
    "f1_macro": 0.3159675522961234,
    "balanced_accuracy": 0.3374143374143374,
    "n": 217
  },
  "fatigue": {
    "mae": 1.0127728174603174,
    "pearson_r": 0.3604233845672384,
    "n": 252
  },
  "reps": {
    "mae": 0.5873456667307938,
    "n": 214
  },
  "val_total": 0.9983056859364585,
  "val_total_per_task": {
    "exercise": 1.1218956727830192,
    "phase": 0.29808388815985787,
    "fatigue": 1.01277280232263,
    "reps": 0.25418721778052195
  }
}