{
  "exercise": {
    "f1_macro": 0.3528061224489796,
    "balanced_accuracy": 0.4113665200156161,
    "n": 252
  },
  "phase": {
    "f1_macro": 0.25835945663531873,
    "balanced_accuracy": 0.27712327712327717,
    "n": 217
  },
  "fatigue": {
    "mae": 1.064391121031746,
    "pearson_r": 0.33237519011359434,
    "n": 252
  },
  "reps": {
    "mae": 0.656039854946816,
    "n": 214
  },
  "val_total": 1.2144204378128052,
  "val_total_per_task": {
    "exercise": 1.1559032201766968,
    "phase": 0.32505616545677185,
    "fatigue": 1.0643911361694336,
    "reps": 0.2851417660713196
  }
}