{
  "exercise": {
    "f1_macro": 0.38711687163416497,
    "balanced_accuracy": 0.4163751778450785,
    "n": 218
  },
  "phase": {
    "f1_macro": 0.3595469850015305,
    "balanced_accuracy": 0.3862197928653625,
    "n": 187
  },
  "fatigue": {
    "mae": 1.20323251146789,
    "pearson_r": -0.36706311437359107,
    "n": 218
  },
  "reps": {
    "mae": 0.46444839725027914,
    "n": 184
  },
  "val_total": 1.5192830562591553,
  "val_total_per_task": {
    "exercise": 1.590221881866455,
    "phase": 0.3149358630180359,
    "fatigue": 1.2032324075698853,
    "reps": 0.176551952958107
  }
}