{
  "lr": 0.004975922443602064,
  "weight_decay": 0.0001025361202249869,
  "batch_size": 128,
  "dropout": 0.49659630092904067,
  "repr_dim": 64,
  "lstm_hidden": 32,
  "lstm_layers": 1,
  "_patience": 50
}