{
  "arch": "lstm_raw",
  "summary": {
    "val_total": {
      "mean": 0.12498390675700996,
      "std": 0.276542190521518,
      "n": 5
    },
    "exercise": {
      "f1_macro": {
        "mean": 0.33876476358971574,
        "std": 0.13049969585078794,
        "n": 5
      },
      "balanced_accuracy": {
        "mean": 0.3822120292376282,
        "std": 0.14170198256465244,
        "n": 5
      }
    },
    "phase": {
      "f1_macro": {
        "mean": 0.30711966908515737,
        "std": 0.015468647622081711,
        "n": 5
      },
      "balanced_accuracy": {
        "mean": 0.3346982709162572,
        "std": 0.02452634722683053,
        "n": 5
      }
    },
    "fatigue": {
      "mae": {
        "mean": 1.0235960553331793,
        "std": 0.09448222859946444,
        "n": 5
      },
      "pearson_r": {
        "mean": 0.24034101163227123,
        "std": 0.25258679247181304,
        "n": 5
      }
    },
    "reps": {
      "mae": {
        "mean": 0.20512493009566174,
        "std": 0.02973224181781583,
        "n": 5
      }
    }
  },
  "enabled_tasks": [
    "exercise",
    "phase",
    "fatigue",
    "reps"
  ],
  "all_results": [
    {
      "seed": 42,
      "fold": 0,
      "test_subjects": [
        "Tias",
        "sivert"
      ],
      "metrics": {
        "exercise": {
          "f1_macro": 0.41174579741549866,
          "balanced_accuracy": 0.449029253180294,
          "n": 626
        },
        "phase": {
          "f1_macro": 0.2884374009894957,
          "balanced_accuracy": 0.3373879142300195,
          "n": 533
        },
        "fatigue": {
          "mae": 1.0535330970447285,
          "pearson_r": 0.3325419373398563,
          "n": 626
        },
        "reps": {
          "mae": 0.24228595283229726,
          "n": 531
        },
        "val_total": 0.09481814075201846,
        "val_total_per_task": {
          "exercise": 1.1890392810011063,
          "phase": 0.2825346177759262,
          "fatigue": 1.0535331006629018,
          "reps": 0.04270360428399552
        }
      }
    },
    {
      "seed": 42,
      "fold": 1,
      "test_subjects": [
        "Raghild",
        "michael"
      ],
      "metrics": {
        "exercise": {
          "f1_macro": 0.45472232635020116,
          "balanced_accuracy": 0.5040407252640293,
          "n": 682
        },
        "phase": {
          "f1_macro": 0.33442134287204706,
          "balanced_accuracy": 0.3781560074663523,
          "n": 488
        },
        "fatigue": {
          "mae": 1.1750652950879765,
          "pearson_r": 0.38722133964356514,
          "n": 682
        },
        "reps": {
          "mae": 0.18245165851508185,
          "n": 482
        },
        "val_total": 0.41288245807994495,
        "val_total_per_task": {
          "exercise": 1.5194793453664024,
          "phase": 0.48266706368790346,
          "fatigue": 1.1750652989334376,
          "reps": 0.027678255461527804
        }
      }
    },
    {
      "seed": 42,
      "fold": 2,
      "test_subjects": [
        "Juile",
        "lucas 2"
      ],
      "metrics": {
        "exercise": {
          "f1_macro": 0.3741065932308561,
          "balanced_accuracy": 0.39230135445125347,
          "n": 755
        },
        "phase": {
          "f1_macro": 0.3054426829966234,
          "balanced_accuracy": 0.3252872115640262,
          "n": 560
        },
        "fatigue": {
          "mae": 0.9348923841059603,
          "pearson_r": 0.48680886054415573,
          "n": 755
        },
        "reps": {
          "mae": 0.1635844797553286,
          "n": 554
        },
        "val_total": -0.10307654055538557,
        "val_total_per_task": {
          "exercise": 1.2413738053366048,
          "phase": 0.39219747090971235,
          "fatigue": 0.9348923809480983,
          "reps": 0.02718084862591415
        }
      }
    },
    {
      "seed": 42,
      "fold": 3,
      "test_subjects": [
        "Hytten",
        "lucas"
      ],
      "metrics": {
        "exercise": {
          "f1_macro": 0.08524109014675052,
          "balanced_accuracy": 0.10785748799135945,
          "n": 557
        },
        "phase": {
          "f1_macro": 0.3097752808988764,
          "balanced_accuracy": 0.329531490015361,
          "n": 477
        },
        "fatigue": {
          "mae": 1.0429336849192101,
          "pearson_r": -0.23727415703659507,
          "n": 557
        },
        "reps": {
          "mae": 0.23337335293701916,
          "n": 474
        },
        "val_total": 0.4609543618008735,
        "val_total_per_task": {
          "exercise": 1.656716366858628,
          "phase": 0.405802825194929,
          "fatigue": 1.0429336915538383,
          "reps": 0.042644181200161016
        }
      }
    },
    {
      "seed": 42,
      "fold": 4,
      "test_subjects": [
        "kiyomi"
      ],
      "metrics": {
        "exercise": {
          "f1_macro": 0.36800801080527223,
          "balanced_accuracy": 0.45783132530120485,
          "n": 374
        },
        "phase": {
          "f1_macro": 0.29752163766874423,
          "balanced_accuracy": 0.3031287313055269,
          "n": 374
        },
        "fatigue": {
          "mae": 0.9115558155080213,
          "pearson_r": 0.23240707767037388,
          "n": 374
        },
        "reps": {
          "mae": 0.20392920643858173,
          "n": 374
        },
        "val_total": -0.24065888629240148,
        "val_total_per_task": {
          "exercise": 1.0648297728064227,
          "phase": 0.3311855361104649,
          "fatigue": 0.9115558237952982,
          "reps": 0.03396799945257564
        }
      }
    }
  ]
}