{
  "exercise": {
    "f1_macro": 0.264536817613649,
    "balanced_accuracy": 0.26026571973386703,
    "n": 218
  },
  "phase": {
    "f1_macro": 0.2810280253131861,
    "balanced_accuracy": 0.3670886075949367,
    "n": 187
  },
  "fatigue": {
    "mae": 1.2314005160550459,
    "pearson_r": -0.340354418752967,
    "n": 218
  },
  "reps": {
    "mae": 0.47299861227688583,
    "n": 184
  },
  "val_total": 1.75055312235421,
  "val_total_per_task": {
    "exercise": 1.6207448911229405,
    "phase": 0.323500491336945,
    "fatigue": 1.231400548864942,
    "reps": 0.17032074716386444
  }
}