{
  "exercise": {
    "f1_macro": 0.17449619892975451,
    "balanced_accuracy": 0.2033460947264082,
    "n": 1106
  },
  "phase": {
    "f1_macro": 0.3236516046696322,
    "balanced_accuracy": 0.3274252114226814,
    "n": 944
  },
  "fatigue": {
    "mae": 1.0130573293399638,
    "pearson_r": -0.2674926593230929,
    "n": 1106
  },
  "reps": {
    "mae": 0.1109619312011612,
    "n": 941
  },
  "val_total": -0.16658712899275327,
  "val_total_per_task": {
    "exercise": 1.644715788782613,
    "phase": 0.5056959885369589,
    "fatigue": 1.013057319854957,
    "reps": 0.012143341453904269
  }
}