{
  "exercise": {
    "f1_macro": 0.3602031940254764,
    "balanced_accuracy": 0.4394438088407727,
    "n": 1256
  },
  "phase": {
    "f1_macro": 0.30472224054734426,
    "balanced_accuracy": 0.32388743423586835,
    "n": 1069
  },
  "fatigue": {
    "mae": 1.1144257563694266,
    "pearson_r": 0.3395817179626783,
    "n": 1256
  },
  "reps": {
    "mae": 0.13379330559910363,
    "n": 1067
  },
  "val_total": 0.20338543812940074,
  "val_total_per_task": {
    "exercise": 1.2339579649032302,
    "phase": 0.4230399114690768,
    "fatigue": 1.1144257578880163,
    "reps": 0.012996731503943728
  }
}