{
  "exercise": {
    "f1_macro": 0.2872195672374884,
    "balanced_accuracy": 0.34552730696798495,
    "n": 218
  },
  "phase": {
    "f1_macro": 0.1979949874686717,
    "balanced_accuracy": 0.3333333333333333,
    "n": 187
  },
  "fatigue": {
    "mae": 1.2329235951834863,
    "pearson_r": -0.5255849721759966,
    "n": 218
  },
  "reps": {
    "mae": 0.49444026888712594,
    "n": 184
  },
  "val_total": 0.8637997513517327,
  "val_total_per_task": {
    "exercise": 1.349224133229037,
    "phase": 0.32214770568620177,
    "fatigue": 1.2329236181504135,
    "reps": 0.18161509726025643
  }
}