{
  "arch": "cnn_lstm_raw",
  "summary": {
    "val_total": {
      "mean": 1.0793794848852787,
      "std": 0.15856878493687135,
      "n": 5
    },
    "exercise": {
      "f1_macro": {
        "mean": 0.3788328639566905,
        "std": 0.02969171550428044,
        "n": 5
      },
      "balanced_accuracy": {
        "mean": 0.42286565228359424,
        "std": 0.031197407675951038,
        "n": 5
      }
    },
    "phase": {
      "f1_macro": {
        "mean": 0.2871267626255208,
        "std": 0.024339960924562788,
        "n": 5
      },
      "balanced_accuracy": {
        "mean": 0.3275943177547185,
        "std": 0.031080023641789817,
        "n": 5
      }
    },
    "fatigue": {
      "mae": {
        "mean": 1.183170098062244,
        "std": 0.2300511531544969,
        "n": 5
      },
      "pearson_r": {
        "mean": 0.17538811838266147,
        "std": 0.2961898536037663,
        "n": 5
      }
    },
    "reps": {
      "mae": {
        "mean": 0.49458455359220155,
        "std": 0.06975618646844113,
        "n": 5
      }
    }
  },
  "enabled_tasks": [
    "exercise",
    "phase",
    "fatigue",
    "reps"
  ],
  "all_results": [
    {
      "seed": 42,
      "fold": 0,
      "test_subjects": [
        "Tias",
        "sivert"
      ],
      "metrics": {
        "exercise": {
          "f1_macro": 0.41327437933438915,
          "balanced_accuracy": 0.4795705201357398,
          "n": 252
        },
        "phase": {
          "f1_macro": 0.2809265010351967,
          "balanced_accuracy": 0.30415030415030414,
          "n": 217
        },
        "fatigue": {
          "mae": 1.0655071924603174,
          "pearson_r": 0.32921770375091974,
          "n": 252
        },
        "reps": {
          "mae": 0.6193753266794102,
          "n": 214
        },
        "val_total": 1.0175080507520646,
        "val_total_per_task": {
          "exercise": 1.0813057536170596,
          "phase": 0.31237353077010505,
          "fatigue": 1.0655071602927313,
          "reps": 0.26487240857548183
        }
      }
    },
    {
      "seed": 42,
      "fold": 1,
      "test_subjects": [
        "Raghild",
        "michael"
      ],
      "metrics": {
        "exercise": {
          "f1_macro": 0.36877689151240045,
          "balanced_accuracy": 0.40713096045894764,
          "n": 266
        },
        "phase": {
          "f1_macro": 0.30274731753330975,
          "balanced_accuracy": 0.3522727272727273,
          "n": 194
        },
        "fatigue": {
          "mae": 1.543497415413534,
          "pearson_r": 0.32560162510990986,
          "n": 266
        },
        "reps": {
          "mae": 0.5082563380538313,
          "n": 189
        },
        "val_total": 1.3165927650336933,
        "val_total_per_task": {
          "exercise": 1.3096875086762851,
          "phase": 0.3825071091042425,
          "fatigue": 1.543497413620913,
          "reps": 0.17005515994882225
        }
      }
    },
    {
      "seed": 42,
      "fold": 2,
      "test_subjects": [
        "Juile",
        "lucas 2"
      ],
      "metrics": {
        "exercise": {
          "f1_macro": 0.4148435242546058,
          "balanced_accuracy": 0.4275963991365777,
          "n": 304
        },
        "phase": {
          "f1_macro": 0.3240667309684564,
          "balanced_accuracy": 0.3456525967710562,
          "n": 229
        },
        "fatigue": {
          "mae": 1.212440892269737,
          "pearson_r": 0.1535843675512818,
          "n": 304
        },
        "reps": {
          "mae": 0.4142086583611476,
          "n": 223
        },
        "val_total": 1.1120417996456748,
        "val_total_per_task": {
          "exercise": 1.23372609364359,
          "phase": 0.3661665045901349,
          "fatigue": 1.21244089854391,
          "reps": 0.1419122062231365
        }
      }
    },
    {
      "seed": 42,
      "fold": 3,
      "test_subjects": [
        "Hytten",
        "lucas"
      ],
      "metrics": {
        "exercise": {
          "f1_macro": 0.3487591551694771,
          "balanced_accuracy": 0.38704018560827447,
          "n": 218
        },
        "phase": {
          "f1_macro": 0.2749130650769995,
          "balanced_accuracy": 0.35769083237437665,
          "n": 187
        },
        "fatigue": {
          "mae": 1.2510482368119267,
          "pearson_r": -0.38532038761225706,
          "n": 218
        },
        "reps": {
          "mae": 0.4510040577986966,
          "n": 184
        },
        "val_total": 1.1218738052823127,
        "val_total_per_task": {
          "exercise": 1.357435337994077,
          "phase": 0.3255867870575791,
          "fatigue": 1.2510482400929162,
          "reps": 0.15574837551204437
        }
      }
    },
    {
      "seed": 42,
      "fold": 4,
      "test_subjects": [
        "kiyomi"
      ],
      "metrics": {
        "exercise": {
          "f1_macro": 0.3485103695125803,
          "balanced_accuracy": 0.41299019607843135,
          "n": 149
        },
        "phase": {
          "f1_macro": 0.25298019851364156,
          "balanced_accuracy": 0.2782051282051282,
          "n": 149
        },
        "fatigue": {
          "mae": 0.8433567533557047,
          "pearson_r": 0.45385728311345297,
          "n": 149
        },
        "reps": {
          "mae": 0.480078387067922,
          "n": 149
        },
        "val_total": 0.8288810037126477,
        "val_total_per_task": {
          "exercise": 1.114207026142402,
          "phase": 0.3103066060767078,
          "fatigue": 0.8433567593561723,
          "reps": 0.17426455760962212
        }
      }
    }
  ]
}