{
  "exercise": {
    "f1_macro": 0.3197997775305895,
    "balanced_accuracy": 0.3587622549019608,
    "n": 149
  },
  "phase": {
    "f1_macro": 0.29708853238265004,
    "balanced_accuracy": 0.3514957264957265,
    "n": 149
  },
  "fatigue": {
    "mae": 0.7938863255033557,
    "pearson_r": 0.421938315531591,
    "n": 149
  },
  "reps": {
    "mae": 0.46010540024496166,
    "n": 149
  },
  "val_total": 1.290135145187378,
  "val_total_per_task": {
    "exercise": 1.6805366277694702,
    "phase": 0.3129490613937378,
    "fatigue": 0.7938863039016724,
    "reps": 0.16734853386878967
  }
}