{
  "exercise": {
    "f1_macro": 0.3579352638157619,
    "balanced_accuracy": 0.4224760367929146,
    "n": 1256
  },
  "phase": {
    "f1_macro": 0.31137371916669876,
    "balanced_accuracy": 0.317102574979643,
    "n": 1069
  },
  "fatigue": {
    "mae": 1.048468911723726,
    "pearson_r": 0.39832766162409106,
    "n": 1256
  },
  "reps": {
    "mae": 0.1254638981989706,
    "n": 1067
  },
  "val_total": -0.2104787006499661,
  "val_total_per_task": {
    "exercise": 1.291024562659537,
    "phase": 0.42720662427555983,
    "fatigue": 1.0484689122931972,
    "reps": 0.011912296478678086
  }
}