{
  "arch": "cnn_lstm_raw",
  "summary": {
    "val_total": {
      "mean": 1.3761036396026611,
      "std": 0.11509105214046776,
      "n": 5
    },
    "exercise": {
      "f1_macro": {
        "mean": 0.2921564531596784,
        "std": 0.06995048662362244,
        "n": 5
      },
      "balanced_accuracy": {
        "mean": 0.36904188370149404,
        "std": 0.06502287061418248,
        "n": 5
      }
    },
    "phase": {
      "f1_macro": {
        "mean": 0.2587631253993453,
        "std": 0.015439614437704882,
        "n": 5
      },
      "balanced_accuracy": {
        "mean": 0.2979831910847493,
        "std": 0.017322523743480648,
        "n": 5
      }
    },
    "fatigue": {
      "mae": {
        "mean": 1.116781370968812,
        "std": 0.1641569342993376,
        "n": 5
      },
      "pearson_r": {
        "mean": 0.18867678477939404,
        "std": 0.21719905869525127,
        "n": 5
      }
    },
    "reps": {
      "mae": {
        "mean": 0.5046588722350978,
        "std": 0.0759237180783255,
        "n": 5
      }
    }
  },
  "enabled_tasks": [
    "exercise",
    "phase",
    "fatigue",
    "reps"
  ],
  "all_results": [
    {
      "seed": 42,
      "fold": 0,
      "test_subjects": [
        "Tias",
        "sivert"
      ],
      "metrics": {
        "exercise": {
          "f1_macro": 0.2981585691387417,
          "balanced_accuracy": 0.3623419622210877,
          "n": 252
        },
        "phase": {
          "f1_macro": 0.25153846153846154,
          "balanced_accuracy": 0.28062678062678065,
          "n": 217
        },
        "fatigue": {
          "mae": 1.0657397073412698,
          "pearson_r": 0.31533064142499667,
          "n": 252
        },
        "reps": {
          "mae": 0.6254577132934165,
          "n": 214
        },
        "val_total": 1.4296586513519287,
        "val_total_per_task": {
          "exercise": 1.3041430711746216,
          "phase": 0.32771870493888855,
          "fatigue": 1.0657397508621216,
          "reps": 0.26155534386634827
        }
      }
    },
    {
      "seed": 42,
      "fold": 1,
      "test_subjects": [
        "Raghild",
        "michael"
      ],
      "metrics": {
        "exercise": {
          "f1_macro": 0.33199532462118014,
          "balanced_accuracy": 0.4286209980877182,
          "n": 266
        },
        "phase": {
          "f1_macro": 0.2467898084011828,
          "balanced_accuracy": 0.28332431457431456,
          "n": 194
        },
        "fatigue": {
          "mae": 1.3826950187969924,
          "pearson_r": 0.27090632148589344,
          "n": 266
        },
        "reps": {
          "mae": 0.44498541410125436,
          "n": 189
        },
        "val_total": 1.4771389961242676,
        "val_total_per_task": {
          "exercise": 1.2061868906021118,
          "phase": 0.3163701593875885,
          "fatigue": 1.3826950788497925,
          "reps": 0.15433429181575775
        }
      }
    },
    {
      "seed": 42,
      "fold": 2,
      "test_subjects": [
        "Juile",
        "lucas 2"
      ],
      "metrics": {
        "exercise": {
          "f1_macro": 0.3246246774571898,
          "balanced_accuracy": 0.37777586996337,
          "n": 304
        },
        "phase": {
          "f1_macro": 0.28525029078060876,
          "balanced_accuracy": 0.3080788432860014,
          "n": 229
        },
        "fatigue": {
          "mae": 1.0863743832236843,
          "pearson_r": 0.24789760773472702,
          "n": 304
        },
        "reps": {
          "mae": 0.4084659320565417,
          "n": 223
        },
        "val_total": 1.3484835624694824,
        "val_total_per_task": {
          "exercise": 1.2181082963943481,
          "phase": 0.35295408964157104,
          "fatigue": 1.0863744020462036,
          "reps": 0.13646358251571655
        }
      }
    },
    {
      "seed": 42,
      "fold": 3,
      "test_subjects": [
        "Hytten",
        "lucas"
      ],
      "metrics": {
        "exercise": {
          "f1_macro": 0.15625,
          "balanced_accuracy": 0.25,
          "n": 218
        },
        "phase": {
          "f1_macro": 0.2666990414744413,
          "balanced_accuracy": 0.3268603759110088,
          "n": 187
        },
        "fatigue": {
          "mae": 1.1720004300458715,
          "pearson_r": -0.24001681579174153,
          "n": 218
        },
        "reps": {
          "mae": 0.5422029569745064,
          "n": 184
        },
        "val_total": 1.46149742603302,
        "val_total_per_task": {
          "exercise": 1.3133376836776733,
          "phase": 0.3322417736053467,
          "fatigue": 1.1720004081726074,
          "reps": 0.20680928230285645
        }
      }
    },
    {
      "seed": 42,
      "fold": 4,
      "test_subjects": [
        "kiyomi"
      ],
      "metrics": {
        "exercise": {
          "f1_macro": 0.3497536945812808,
          "balanced_accuracy": 0.42647058823529416,
          "n": 149
        },
        "phase": {
          "f1_macro": 0.243538024802032,
          "balanced_accuracy": 0.29102564102564105,
          "n": 149
        },
        "fatigue": {
          "mae": 0.8770973154362416,
          "pearson_r": 0.34926616904309443,
          "n": 149
        },
        "reps": {
          "mae": 0.5021823447497699,
          "n": 149
        },
        "val_total": 1.163739562034607,
        "val_total_per_task": {
          "exercise": 1.068793535232544,
          "phase": 0.3106629550457001,
          "fatigue": 0.8770973086357117,
          "reps": 0.18966302275657654
        }
      }
    }
  ]
}