{
  "exercise": {
    "f1_macro": 0.3223839798353625,
    "balanced_accuracy": 0.3996491026231017,
    "n": 1509
  },
  "phase": {
    "f1_macro": 0.32877757564772986,
    "balanced_accuracy": 0.3372394252175673,
    "n": 1113
  },
  "fatigue": {
    "mae": 0.9218879431742876,
    "pearson_r": 0.4703144428188304,
    "n": 1509
  },
  "reps": {
    "mae": 0.0881465310874448,
    "n": 1107
  },
  "val_total": 1.0380546974772409,
  "val_total_per_task": {
    "exercise": 1.1331470701534911,
    "phase": 0.5149294285485095,
    "fatigue": 0.9218879472427293,
    "reps": 0.007586137341635365
  }
}