{
  "exercise": {
    "f1_macro": 0.584023199023199,
    "balanced_accuracy": 0.572886107173147,
    "n": 252
  },
  "phase": {
    "f1_macro": 0.31379495437466454,
    "balanced_accuracy": 0.33960883960883964,
    "n": 217
  },
  "fatigue": {
    "mae": 1.2553168402777777,
    "pearson_r": 0.18190662964524876,
    "n": 252
  },
  "reps": {
    "mae": 0.5256288149437615,
    "n": 214
  },
  "val_total": 1.100350260734558,
  "val_total_per_task": {
    "exercise": 0.8832080364227295,
    "phase": 0.27539512515068054,
    "fatigue": 1.2553168535232544,
    "reps": 0.197483628988266
  }
}