{
  "exercise": {
    "f1_macro": 0.3602189781021898,
    "balanced_accuracy": 0.4416164658634538,
    "n": 374
  },
  "phase": {
    "f1_macro": 0.277038499919019,
    "balanced_accuracy": 0.30532450974439923,
    "n": 374
  },
  "fatigue": {
    "mae": 0.9686559993315508,
    "pearson_r": 0.25067360479509193,
    "n": 374
  },
  "reps": {
    "mae": 0.21026987810793488,
    "n": 374
  },
  "val_total": 0.8775614735914424,
  "val_total_per_task": {
    "exercise": 1.0489764844670015,
    "phase": 0.3360370199948071,
    "fatigue": 0.9686559840319628,
    "reps": 0.03577793001092691
  }
}