{
  "lr": 0.0011454201562599393,
  "weight_decay": 9.833181933644894e-06,
  "batch_size": 256,
  "dropout": 0.39184247133522565,
  "repr_dim": 128,
  "_patience": 50
}