{
  "exercise": {
    "f1_macro": 0.1214574898785425,
    "balanced_accuracy": 0.25,
    "n": 374
  },
  "phase": {
    "f1_macro": 0.2174174174174174,
    "balanced_accuracy": 0.3333333333333333,
    "n": 374
  },
  "fatigue": {
    "mae": 0.8338277072192514,
    "pearson_r": -0.20094681588595698,
    "n": 374
  },
  "reps": {
    "mae": 0.21275511289632973,
    "n": 374
  },
  "val_total": 1.240661859512329,
  "val_total_per_task": {
    "exercise": 1.3919906616210938,
    "phase": 0.3301246464252472,
    "fatigue": 0.8338277339935303,
    "reps": 0.035440437495708466
  }
}