{
  "lr": 0.0015883867895579353,
  "weight_decay": 4.6779840223588256e-05,
  "batch_size": 64,
  "dropout": 0.3845119023812438,
  "repr_dim": 64,
  "lstm_hidden": 32,
  "lstm_layers": 1,
  "_patience": 50
}