{
  "arch": "cnn_lstm_raw",
  "summary": {
    "val_total": {
      "mean": 1.1625773906707764,
      "std": 0.13559532544622302,
      "n": 5
    },
    "exercise": {
      "f1_macro": {
        "mean": 0.2028623285982274,
        "std": 0.10901193834351167,
        "n": 5
      },
      "balanced_accuracy": {
        "mean": 0.29405974183932093,
        "std": 0.09604926438263817,
        "n": 5
      }
    },
    "phase": {
      "f1_macro": {
        "mean": 0.22069972513656752,
        "std": 0.02039222325752957,
        "n": 5
      },
      "balanced_accuracy": {
        "mean": 0.3107515207515207,
        "std": 0.027661097622984483,
        "n": 5
      }
    },
    "fatigue": {
      "mae": {
        "mean": 0.97998613047581,
        "std": 0.15468418468840364,
        "n": 5
      },
      "pearson_r": {
        "mean": 0.27541770595017806,
        "std": 0.25130150067884294,
        "n": 5
      }
    },
    "reps": {
      "mae": {
        "mean": 0.5052538484050133,
        "std": 0.08033501770741397,
        "n": 5
      }
    }
  },
  "enabled_tasks": [
    "exercise",
    "phase",
    "fatigue",
    "reps"
  ],
  "all_results": [
    {
      "seed": 42,
      "fold": 0,
      "test_subjects": [
        "Tias",
        "sivert"
      ],
      "metrics": {
        "exercise": {
          "f1_macro": 0.11766213791335556,
          "balanced_accuracy": 0.1914021442085348,
          "n": 252
        },
        "phase": {
          "f1_macro": 0.24822746172519047,
          "balanced_accuracy": 0.27612227612227613,
          "n": 217
        },
        "fatigue": {
          "mae": 1.1021050347222223,
          "pearson_r": 0.2712960619022076,
          "n": 252
        },
        "reps": {
          "mae": 0.648784553649548,
          "n": 214
        },
        "val_total": 1.3158930540084839,
        "val_total_per_task": {
          "exercise": 1.3610161542892456,
          "phase": 0.3226676285266876,
          "fatigue": 1.1021051406860352,
          "reps": 0.28022074699401855
        }
      }
    },
    {
      "seed": 42,
      "fold": 1,
      "test_subjects": [
        "Raghild",
        "michael"
      ],
      "metrics": {
        "exercise": {
          "f1_macro": 0.30531319910514537,
          "balanced_accuracy": 0.3600281701725166,
          "n": 266
        },
        "phase": {
          "f1_macro": 0.2206896551724138,
          "balanced_accuracy": 0.3333333333333333,
          "n": 194
        },
        "fatigue": {
          "mae": 1.1742686795112782,
          "pearson_r": 0.3820478497034895,
          "n": 266
        },
        "reps": {
          "mae": 0.4490291243961091,
          "n": 189
        },
        "val_total": 1.2354596853256226,
        "val_total_per_task": {
          "exercise": 1.271488904953003,
          "phase": 0.3175782859325409,
          "fatigue": 1.1742687225341797,
          "reps": 0.15602149069309235
        }
      }
    },
    {
      "seed": 42,
      "fold": 2,
      "test_subjects": [
        "Juile",
        "lucas 2"
      ],
      "metrics": {
        "exercise": {
          "f1_macro": 0.12189054726368159,
          "balanced_accuracy": 0.25,
          "n": 304
        },
        "phase": {
          "f1_macro": 0.1983640081799591,
          "balanced_accuracy": 0.3333333333333333,
          "n": 229
        },
        "fatigue": {
          "mae": 0.912841796875,
          "pearson_r": 0.41970914351274546,
          "n": 304
        },
        "reps": {
          "mae": 0.4139925570440199,
          "n": 223
        },
        "val_total": 1.1793545484542847,
        "val_total_per_task": {
          "exercise": 1.3805509805679321,
          "phase": 0.3543156385421753,
          "fatigue": 0.912841796875,
          "reps": 0.15128755569458008
        }
      }
    },
    {
      "seed": 42,
      "fold": 3,
      "test_subjects": [
        "Hytten",
        "lucas"
      ],
      "metrics": {
        "exercise": {
          "f1_macro": 0.10612244897959183,
          "balanced_accuracy": 0.22033898305084745,
          "n": 218
        },
        "phase": {
          "f1_macro": 0.1979949874686717,
          "balanced_accuracy": 0.3333333333333333,
          "n": 187
        },
        "fatigue": {
          "mae": 0.9806658543577982,
          "pearson_r": -0.20372101671479848,
          "n": 218
        },
        "reps": {
          "mae": 0.4980161122005919,
          "n": 184
        },
        "val_total": 1.1701499223709106,
        "val_total_per_task": {
          "exercise": 1.265651822090149,
          "phase": 0.3292492926120758,
          "fatigue": 0.9806658029556274,
          "reps": 0.18757019937038422
        }
      }
    },
    {
      "seed": 42,
      "fold": 4,
      "test_subjects": [
        "kiyomi"
      ],
      "metrics": {
        "exercise": {
          "f1_macro": 0.36332330972936266,
          "balanced_accuracy": 0.44852941176470584,
          "n": 149
        },
        "phase": {
          "f1_macro": 0.23822251313660248,
          "balanced_accuracy": 0.2776353276353276,
          "n": 149
        },
        "fatigue": {
          "mae": 0.7300492869127517,
          "pearson_r": 0.5077564913472462,
          "n": 149
        },
        "reps": {
          "mae": 0.5164468947347979,
          "n": 149
        },
        "val_total": 0.9120297431945801,
        "val_total_per_task": {
          "exercise": 1.0503289699554443,
          "phase": 0.31314370036125183,
          "fatigue": 0.7300493121147156,
          "reps": 0.20137491822242737
        }
      }
    }
  ]
}