{
  "exercise": {
    "f1_macro": 0.3746981517600074,
    "balanced_accuracy": 0.38658731063143564,
    "n": 755
  },
  "phase": {
    "f1_macro": 0.3147891693346239,
    "balanced_accuracy": 0.34361371152437864,
    "n": 560
  },
  "fatigue": {
    "mae": 0.9283888658940397,
    "pearson_r": 0.48234758460198135,
    "n": 755
  },
  "reps": {
    "mae": 0.1750787989016192,
    "n": 554
  },
  "val_total": 0.5915632476869798,
  "val_total_per_task": {
    "exercise": 1.1517999300104103,
    "phase": 0.3693780658655609,
    "fatigue": 0.9283888599730485,
    "reps": 0.02765578498804806
  }
}