{
  "exercise": {
    "f1_macro": 0.3714210701436979,
    "balanced_accuracy": 0.416046484315079,
    "n": 755
  },
  "phase": {
    "f1_macro": 0.3148082140240401,
    "balanced_accuracy": 0.34361371152437864,
    "n": 560
  },
  "fatigue": {
    "mae": 0.9410906456953643,
    "pearson_r": 0.39398959755462365,
    "n": 755
  },
  "reps": {
    "mae": 0.16566374496765274,
    "n": 554
  },
  "val_total": -0.04170288313303562,
  "val_total_per_task": {
    "exercise": 1.1666778048142692,
    "phase": 0.3913206961770721,
    "fatigue": 0.9410906401691058,
    "reps": 0.029741791941669603
  }
}