{
  "exercise": {
    "f1_macro": 0.3543574230920977,
    "balanced_accuracy": 0.421866284166069,
    "n": 1256
  },
  "phase": {
    "f1_macro": 0.3045094619808762,
    "balanced_accuracy": 0.3186409314980326,
    "n": 1069
  },
  "fatigue": {
    "mae": 1.0367237261146496,
    "pearson_r": 0.3592117837311274,
    "n": 1256
  },
  "reps": {
    "mae": 0.14240923509631923,
    "n": 1067
  },
  "val_total": 0.6510688597988931,
  "val_total_per_task": {
    "exercise": 1.1475334326932385,
    "phase": 0.4267916679382324,
    "fatigue": 1.036723726494297,
    "reps": 0.01454193837300038
  }
}