{
  "exercise": {
    "f1_macro": 0.5291250029506107,
    "balanced_accuracy": 0.532582744636316,
    "n": 304
  },
  "phase": {
    "f1_macro": 0.4386259289843106,
    "balanced_accuracy": 0.43658322485398937,
    "n": 229
  },
  "fatigue": {
    "mae": 0.9541786595394737,
    "pearson_r": 0.38511061227691895,
    "n": 304
  },
  "reps": {
    "mae": 0.3352348128450625,
    "n": 223
  },
  "val_total": 1.206017597725517,
  "val_total_per_task": {
    "exercise": 1.2160006071391858,
    "phase": 0.2721541696473172,
    "fatigue": 0.9541786658136469,
    "reps": 0.08946343511343002
  }
}