{
  "exercise": {
    "f1_macro": 0.1257523291285349,
    "balanced_accuracy": 0.1359249974860295,
    "n": 1106
  },
  "phase": {
    "f1_macro": 0.30109548497925137,
    "balanced_accuracy": 0.33235879776044225,
    "n": 944
  },
  "fatigue": {
    "mae": 1.1295243275316456,
    "pearson_r": -0.28151014686375975,
    "n": 1106
  },
  "reps": {
    "mae": 0.11983658223389178,
    "n": 941
  },
  "val_total": -0.134015119097332,
  "val_total_per_task": {
    "exercise": 1.5878641396275912,
    "phase": 0.50505432793719,
    "fatigue": 1.1295243180466388,
    "reps": 0.011929896249221958
  }
}