{
  "best_score": 0.7983473122119904,
  "best_hps": {
    "lr": 0.0029911670450084023,
    "weight_decay": 0.005508560556531181,
    "batch_size": 128,
    "dropout": 0.36455305739362126,
    "repr_dim": 32,
    "hidden_dim": 16
  },
  "phase1_elapsed_s": 2273.484925508499
}