{
  "exercise": {
    "f1_macro": 0.20306553911205075,
    "balanced_accuracy": 0.21195856873822977,
    "n": 218
  },
  "phase": {
    "f1_macro": 0.36465008972058444,
    "balanced_accuracy": 0.39029535864978904,
    "n": 187
  },
  "fatigue": {
    "mae": 1.4604984948394495,
    "pearson_r": -0.44510624645816704,
    "n": 218
  },
  "reps": {
    "mae": 0.49258509764204855,
    "n": 184
  },
  "val_total": 1.6744834184646606,
  "val_total_per_task": {
    "exercise": 1.5453003644943237,
    "phase": 0.3280237913131714,
    "fatigue": 1.4604984521865845,
    "reps": 0.19554263353347778
  }
}