{
  "exercise": {
    "f1_macro": 0.12362030905077263,
    "balanced_accuracy": 0.25,
    "n": 682
  },
  "phase": {
    "f1_macro": 0.21481481481481482,
    "balanced_accuracy": 0.3333333333333333,
    "n": 488
  },
  "fatigue": {
    "mae": 1.2424509714076246,
    "pearson_r": 0.3784350956297636,
    "n": 682
  },
  "reps": {
    "mae": 0.1771394943439738,
    "n": 482
  },
  "val_total": 1.4355784836402736,
  "val_total_per_task": {
    "exercise": 1.3550391686626893,
    "phase": 0.3508257896494656,
    "fatigue": 1.2424509770010224,
    "reps": 0.02838783741237656
  }
}