{
  "arch": "cnn_lstm_raw",
  "summary": {
    "val_total": {
      "mean": 1.2919968906198787,
      "std": 0.1425030607255292,
      "n": 5
    },
    "exercise": {
      "f1_macro": {
        "mean": 0.3321887907855825,
        "std": 0.08726797390170789,
        "n": 5
      },
      "balanced_accuracy": {
        "mean": 0.3983306671650193,
        "std": 0.08281036145225201,
        "n": 5
      }
    },
    "phase": {
      "f1_macro": {
        "mean": 0.27125790868246435,
        "std": 0.042724898025757733,
        "n": 5
      },
      "balanced_accuracy": {
        "mean": 0.3470342040666117,
        "std": 0.016299755108355865,
        "n": 5
      }
    },
    "fatigue": {
      "mae": {
        "mean": 1.0353038871777402,
        "std": 0.19838252663255265,
        "n": 5
      },
      "pearson_r": {
        "mean": 0.23390347637419312,
        "std": 0.2404668455403127,
        "n": 5
      }
    },
    "reps": {
      "mae": {
        "mean": 0.5000650100094284,
        "std": 0.10143896038483961,
        "n": 5
      }
    }
  },
  "enabled_tasks": [
    "exercise",
    "phase",
    "fatigue",
    "reps"
  ],
  "all_results": [
    {
      "seed": 42,
      "fold": 0,
      "test_subjects": [
        "Tias",
        "sivert"
      ],
      "metrics": {
        "exercise": {
          "f1_macro": 0.39488344988344987,
          "balanced_accuracy": 0.4497666971981141,
          "n": 252
        },
        "phase": {
          "f1_macro": 0.3503289473684211,
          "balanced_accuracy": 0.37445137445137444,
          "n": 217
        },
        "fatigue": {
          "mae": 1.2015593998015872,
          "pearson_r": 0.3182276664472283,
          "n": 252
        },
        "reps": {
          "mae": 0.6921345427562701,
          "n": 214
        },
        "val_total": 1.4251598138657828,
        "val_total_per_task": {
          "exercise": 1.2075703806347318,
          "phase": 0.3156324251303597,
          "fatigue": 1.2015594016937983,
          "reps": 0.3139945121984633
        }
      }
    },
    {
      "seed": 42,
      "fold": 1,
      "test_subjects": [
        "Raghild",
        "michael"
      ],
      "metrics": {
        "exercise": {
          "f1_macro": 0.42430555555555555,
          "balanced_accuracy": 0.4896495178171201,
          "n": 266
        },
        "phase": {
          "f1_macro": 0.2206896551724138,
          "balanced_accuracy": 0.3333333333333333,
          "n": 194
        },
        "fatigue": {
          "mae": 1.2280457001879699,
          "pearson_r": 0.2573063662910763,
          "n": 266
        },
        "reps": {
          "mae": 0.420772960370101,
          "n": 189
        },
        "val_total": 1.3868739228499563,
        "val_total_per_task": {
          "exercise": 1.2048762032860203,
          "phase": 0.39517937567001,
          "fatigue": 1.2280457037732118,
          "reps": 0.1435956739841547
        }
      }
    },
    {
      "seed": 42,
      "fold": 2,
      "test_subjects": [
        "Juile",
        "lucas 2"
      ],
      "metrics": {
        "exercise": {
          "f1_macro": 0.31740064816929586,
          "balanced_accuracy": 0.3757665325745683,
          "n": 304
        },
        "phase": {
          "f1_macro": 0.2601092896174863,
          "balanced_accuracy": 0.35417882383453286,
          "n": 229
        },
        "fatigue": {
          "mae": 0.9048494037828947,
          "pearson_r": 0.48822055871672376,
          "n": 304
        },
        "reps": {
          "mae": 0.4126259064669366,
          "n": 223
        },
        "val_total": 1.2230135892566882,
        "val_total_per_task": {
          "exercise": 1.209629265885604,
          "phase": 0.37048415212254776,
          "fatigue": 0.9048494100570679,
          "reps": 0.15015966954984164
        }
      }
    },
    {
      "seed": 42,
      "fold": 3,
      "test_subjects": [
        "Hytten",
        "lucas"
      ],
      "metrics": {
        "exercise": {
          "f1_macro": 0.17374517374517376,
          "balanced_accuracy": 0.25,
          "n": 218
        },
        "phase": {
          "f1_macro": 0.26720856194540404,
          "balanced_accuracy": 0.34436133486766396,
          "n": 187
        },
        "fatigue": {
          "mae": 1.1318090596330275,
          "pearson_r": -0.2221168671700762,
          "n": 218
        },
        "reps": {
          "mae": 0.4997401571144228,
          "n": 184
        },
        "val_total": 1.3818695534259902,
        "val_total_per_task": {
          "exercise": 1.3025238098354515,
          "phase": 0.33342528753324385,
          "fatigue": 1.1318090552583746,
          "reps": 0.1975457449571802
        }
      }
    },
    {
      "seed": 42,
      "fold": 4,
      "test_subjects": [
        "kiyomi"
      ],
      "metrics": {
        "exercise": {
          "f1_macro": 0.3506091265744373,
          "balanced_accuracy": 0.42647058823529416,
          "n": 149
        },
        "phase": {
          "f1_macro": 0.25795308930859656,
          "balanced_accuracy": 0.32884615384615384,
          "n": 149
        },
        "fatigue": {
          "mae": 0.7102558724832215,
          "pearson_r": 0.3278796575860135,
          "n": 149
        },
        "reps": {
          "mae": 0.4750514833394113,
          "n": 149
        },
        "val_total": 1.0430675737009754,
        "val_total_per_task": {
          "exercise": 1.1152048751011792,
          "phase": 0.31062537631732506,
          "fatigue": 0.7102558784836891,
          "reps": 0.18494817964582635
        }
      }
    }
  ]
}