{
  "exercise": {
    "f1_macro": 0.49743620414673045,
    "balanced_accuracy": 0.5066464794945691,
    "n": 252
  },
  "phase": {
    "f1_macro": 0.44264554468981365,
    "balanced_accuracy": 0.4521829521829523,
    "n": 217
  },
  "fatigue": {
    "mae": 1.1324094742063493,
    "pearson_r": 0.22002069286724746,
    "n": 252
  },
  "reps": {
    "mae": 0.49292427221330526,
    "n": 214
  },
  "val_total": 2.8227907211061507,
  "val_total_per_task": {
    "exercise": 1.0965331376545013,
    "phase": 0.26380231787288,
    "fatigue": 1.132409440146552,
    "reps": 0.19740201319966996
  }
}