{
  "exercise": {
    "f1_macro": 0.33199532462118014,
    "balanced_accuracy": 0.4286209980877182,
    "n": 266
  },
  "phase": {
    "f1_macro": 0.2467898084011828,
    "balanced_accuracy": 0.28332431457431456,
    "n": 194
  },
  "fatigue": {
    "mae": 1.3826950187969924,
    "pearson_r": 0.27090632148589344,
    "n": 266
  },
  "reps": {
    "mae": 0.44498541410125436,
    "n": 189
  },
  "val_total": 1.4771389961242676,
  "val_total_per_task": {
    "exercise": 1.2061868906021118,
    "phase": 0.3163701593875885,
    "fatigue": 1.3826950788497925,
    "reps": 0.15433429181575775
  }
}