{
  "exercise": {
    "f1_macro": 0.39303714563573555,
    "balanced_accuracy": 0.5011463409618984,
    "n": 266
  },
  "phase": {
    "f1_macro": 0.23738317757009345,
    "balanced_accuracy": 0.2968073593073593,
    "n": 194
  },
  "fatigue": {
    "mae": 1.5553042763157894,
    "pearson_r": 0.12511312357883503,
    "n": 266
  },
  "reps": {
    "mae": 0.5269597514419171,
    "n": 189
  },
  "val_total": 1.7348935908841012,
  "val_total_per_task": {
    "exercise": 1.5952017683731883,
    "phase": 0.43141131831291024,
    "fatigue": 1.5553042763157894,
    "reps": 0.19527072476265125
  }
}