{
  "lr": 0.003254962635817469,
  "weight_decay": 2.2126521820051597e-05,
  "batch_size": 64,
  "dropout": 0.32802387367491875,
  "repr_dim": 128,
  "lstm_hidden": 32,
  "lstm_layers": 1,
  "_patience": 50
}