{
  "lr": 0.0013353819088790589,
  "weight_decay": 8.61257919259488e-06,
  "batch_size": 128,
  "dropout": 0.48783385110582345,
  "repr_dim": 128,
  "_patience": 50
}